_id,collision_id,accdate,stname1,stname2,stname3,per_inv,acclass,accloc,traffictl,impactype,visible,light,rdsfcond,road_class,failtorem,longitude,latitude,veh_no,vehtype,initdir,per_no,invage,injury,safequip,drivact,drivcond,pedact,pedcond,manoeuvre,pedtype,cyclistype,cycact,cyccond,road_user,fatal_no,wardname,division,neighbourhood,aggressive,distracted,cyclist,motorcyclist,other_micromobility,older_adult,pedestrian,red_light,school_child,heavy_truck,geometry
319,2006:902163,2006-04-19T19:00:00,LAWRENCE AVE W,PIMLICO RD,,2,Non-Fatal Injury,,Traffic Signal,Pedestrian Collision(internal code),Clear,Daylight,Dry,Major Arterial,false,-79.4823909681152,43.70754430330525,1,Automobile or Station Wagon,South,1,33,None,Lap and Shoulder Belt,Failed to yield right-of-way,Normal,,,Turning Left,,,,,driver,,York South-Weston (5),12 Division,Brookhaven-Amesbury,true,true,false,false,false,true,true,false,false,false,"{""coordinates"": [[-79.4823909681152, 43.70754430330525]], ""type"": ""MultiPoint""}"
320,2006:902163,2006-04-19T19:00:00,LAWRENCE AVE W,PIMLICO RD,,2,Non-Fatal Injury,,Traffic Signal,Pedestrian Collision(internal code),Clear,Daylight,Dry,Major Arterial,false,-79.4823909681152,43.70754430330525,2,,North,2,74,Major,Other Safety Equipment Used,,,Other,Inattentive,,Driver turns left into pedestrian crossing with right-of-way (at intersection),,,,pedestrian,,York South-Weston (5),12 Division,Brookhaven-Amesbury,true,true,false,false,false,true,true,false,false,false,"{""coordinates"": [[-79.4823909681152, 43.70754430330525]], ""type"": ""MultiPoint""}"
321,2006:898340,2006-04-20T08:43:00,AVENUE RD,CORTLEIGH BLVD,,3,Fatal Injury,At Intersection,No Control,Cyclist Collision,Clear,Daylight,Dry,Major Arterial,false,-79.41179083214432,43.713044206502516,1,,,1,,,Other Safety Equipment Used,,,,,,,,,,owner,,Eglinton-Lawrence (8),53 Division,Lawrence Park South,false,false,true,false,false,false,false,false,false,true,"{""coordinates"": [[-79.41179083214432, 43.713044206502516]], ""type"": ""MultiPoint""}"
322,2006:898340,2006-04-20T08:43:00,AVENUE RD,CORTLEIGH BLVD,,3,Fatal Injury,At Intersection,No Control,Cyclist Collision,Clear,Daylight,Dry,Major Arterial,false,-79.41179083214432,43.713044206502516,2,Bicycle,South,3,46,Fatal,Helmet,,,,,Going Ahead,,"Driver turns right at non-signalized intersection (e.g. stop, yield, no control, driveway) and hits cyclist",Driving Properly,Normal,cyclist,21,Eglinton-Lawrence (8),53 Division,Lawrence Park South,false,false,true,false,false,false,false,false,false,true,"{""coordinates"": [[-79.41179083214432, 43.713044206502516]], ""type"": ""MultiPoint""}"
323,2006:898340,2006-04-20T08:43:00,AVENUE RD,CORTLEIGH BLVD,,3,Fatal Injury,At Intersection,No Control,Cyclist Collision,Clear,Daylight,Dry,Major Arterial,false,-79.41179083214432,43.713044206502516,1,Truck - Open (Flatbed),South,2,54,None,Lap and Shoulder Belt,Improper turn,Normal,,,Turning Right,,,,,driver,,Eglinton-Lawrence (8),53 Division,Lawrence Park South,false,false,true,false,false,false,false,false,false,true,"{""coordinates"": [[-79.41179083214432, 43.713044206502516]], ""type"": ""MultiPoint""}"
324,2006:898350,2006-04-20T20:53:00,KEELE ST,FINCH AVE W,,4,Fatal Injury,At Intersection,Traffic Signal,Cyclist Collision,Clear,Dark,Dry,Major Arterial,false,-79.49099088963517,43.76344429159962,2,Bicycle,North,4,16,Fatal,Other Safety Equipment Used,,,,,Making U-Turn,,Cyclist makes U-turn in front of driver,Improper Turn,Had Been Drinking,cyclist,22,York Centre (6),31 Division,York University Heights,false,false,true,false,false,false,false,false,true,true,"{""coordinates"": [[-79.49099088963517, 43.76344429159962]], ""type"": ""MultiPoint""}"
325,2006:898350,2006-04-20T20:53:00,KEELE ST,FINCH AVE W,,4,Fatal Injury,At Intersection,Traffic Signal,Cyclist Collision,Clear,Dark,Dry,Major Arterial,false,-79.49099088963517,43.76344429159962,1,,,2,,,Other Safety Equipment Used,,,,,,,,,,owner,,York Centre (6),31 Division,York University Heights,false,false,true,false,false,false,false,false,true,true,"{""coordinates"": [[-79.49099088963517, 43.76344429159962]], ""type"": ""MultiPoint""}"
326,2006:898350,2006-04-20T20:53:00,KEELE ST,FINCH AVE W,,4,Fatal Injury,At Intersection,Traffic Signal,Cyclist Collision,Clear,Dark,Dry,Major Arterial,false,-79.49099088963517,43.76344429159962,3,Truck - Open (Flatbed),West,1,46,None,Lap and Shoulder Belt,Driving properly,Normal,,,Turning Right,,,,,driver,,York Centre (6),31 Division,York University Heights,false,false,true,false,false,false,false,false,true,true,"{""coordinates"": [[-79.49099088963517, 43.76344429159962]], ""type"": ""MultiPoint""}"
327,2006:898555,2006-04-23T09:50:00,MCCOWAN RD,ELLESMERE RD,,3,Non-Fatal Injury,At Intersection,Traffic Signal,Turning Movement,Rain,Daylight,Wet,Major Arterial,false,-79.25149048466187,43.77214399896183,1,Automobile or Station Wagon,South,2,80,Minor,Lap and Shoulder Belt,Improper turn,Normal,,,Turning Left,,,,,driver,,Scarborough-Guildwood (24),43 Division,Woburn North,true,false,false,false,false,true,false,false,false,false,"{""coordinates"": [[-79.25149048466187, 43.77214399896183]], ""type"": ""MultiPoint""}"
328,2006:898555,2006-04-23T09:50:00,MCCOWAN RD,ELLESMERE RD,,3,Non-Fatal Injury,At Intersection,Traffic Signal,Turning Movement,Rain,Daylight,Wet,Major Arterial,false,-79.25149048466187,43.77214399896183,2,Automobile or Station Wagon,North,3,34,Minimal,Lap and Shoulder Belt,Speed too fast for conditions,Normal,,,Going Ahead,,,,,driver,,Scarborough-Guildwood (24),43 Division,Woburn North,true,false,false,false,false,true,false,false,false,false,"{""coordinates"": [[-79.25149048466187, 43.77214399896183]], ""type"": ""MultiPoint""}"
329,2006:898555,2006-04-23T09:50:00,MCCOWAN RD,ELLESMERE RD,,3,Non-Fatal Injury,At Intersection,Traffic Signal,Turning Movement,Rain,Daylight,Wet,Major Arterial,false,-79.25149048466187,43.77214399896183,1,,,1,75,Major,Lap and Shoulder Belt,,,,,Other,,,,,passenger,,Scarborough-Guildwood (24),43 Division,Woburn North,true,false,false,false,false,true,false,false,false,false,"{""coordinates"": [[-79.25149048466187, 43.77214399896183]], ""type"": ""MultiPoint""}"
330,2006:898801,2006-04-25T01:19:00,MILNER AVE,AUTO MALL DR,,4,Non-Fatal Injury,At Intersection,No Control,SMV Other,Clear,Dark,Dry,Minor Arterial,false,-79.19169038323327,43.799543945474575,1,Automobile or Station Wagon,,4,25,Minimal,Other Safety Equipment Used,,,,,Going Ahead,,,,,driver,,Scarborough-Rouge Park (25),42 Division,Morningside Heights,false,false,false,false,false,false,false,false,false,false,"{""coordinates"": [[-79.19169038323327, 43.799543945474575]], ""type"": ""MultiPoint""}"
331,2006:912860,2006-04-25T01:19:00,MILNER AVE,AUTO MALL DR,,4,Non-Fatal Injury,,No Control,SMV Other,Clear,Dark,Dry,Minor Arterial,false,-79.19079038169745,43.80004394472753,1,Automobile or Station Wagon,East,2,25,Minor,Use Unknown,Lost control,Ability Impaired - Alcohol,,,Going Ahead,,,,,driver,,Scarborough-Rouge Park (25),42 Division,Morningside Heights,false,false,false,false,false,false,false,false,false,false,"{""coordinates"": [[-79.19079038169745, 43.80004394472753]], ""type"": ""MultiPoint""}"
332,2006:912860,2006-04-25T01:19:00,MILNER AVE,AUTO MALL DR,,4,Non-Fatal Injury,,No Control,SMV Other,Clear,Dark,Dry,Minor Arterial,false,-79.19079038169745,43.80004394472753,1,,,4,26,Major,Equipment Not Used But Available,,,,,,,,,,passenger,,Scarborough-Rouge Park (25),42 Division,Morningside Heights,false,false,false,false,false,false,false,false,false,false,"{""coordinates"": [[-79.19079038169745, 43.80004394472753]], ""type"": ""MultiPoint""}"
333,2006:912860,2006-04-25T01:19:00,MILNER AVE,AUTO MALL DR,,4,Non-Fatal Injury,,No Control,SMV Other,Clear,Dark,Dry,Minor Arterial,false,-79.19079038169745,43.80004394472753,1,,,1,,,Other Safety Equipment Used,,,,,,,,,,owner,,Scarborough-Rouge Park (25),42 Division,Morningside Heights,false,false,false,false,false,false,false,false,false,false,"{""coordinates"": [[-79.19079038169745, 43.80004394472753]], ""type"": ""MultiPoint""}"
334,2006:898801,2006-04-25T01:19:00,MILNER AVE,AUTO MALL DR,,4,Non-Fatal Injury,At Intersection,No Control,SMV Other,Clear,Dark,Dry,Minor Arterial,false,-79.19169038323327,43.799543945474575,1,,,3,,None,Other Safety Equipment Used,,,,,Going Ahead,,,,,owner,,Scarborough-Rouge Park (25),42 Division,Morningside Heights,false,false,false,false,false,false,false,false,false,false,"{""coordinates"": [[-79.19169038323327, 43.799543945474575]], ""type"": ""MultiPoint""}"
335,2006:912860,2006-04-25T01:19:00,MILNER AVE,AUTO MALL DR,,4,Non-Fatal Injury,,No Control,SMV Other,Clear,Dark,Dry,Minor Arterial,false,-79.19079038169745,43.80004394472753,1,,,3,23,Minor,Use Unknown,,,,,,,,,,passenger,,Scarborough-Rouge Park (25),42 Division,Morningside Heights,false,false,false,false,false,false,false,false,false,false,"{""coordinates"": [[-79.19079038169745, 43.80004394472753]], ""type"": ""MultiPoint""}"
336,2006:898801,2006-04-25T01:19:00,MILNER AVE,AUTO MALL DR,,4,Non-Fatal Injury,At Intersection,No Control,SMV Other,Clear,Dark,Dry,Minor Arterial,false,-79.19169038323327,43.799543945474575,1,,,2,26,Major,Other Safety Equipment Used,,,,,Other,,,,,passenger,,Scarborough-Rouge Park (25),42 Division,Morningside Heights,false,false,false,false,false,false,false,false,false,false,"{""coordinates"": [[-79.19169038323327, 43.799543945474575]], ""type"": ""MultiPoint""}"
337,2006:898801,2006-04-25T01:19:00,MILNER AVE,AUTO MALL DR,,4,Non-Fatal Injury,At Intersection,No Control,SMV Other,Clear,Dark,Dry,Minor Arterial,false,-79.19169038323327,43.799543945474575,1,,,1,23,Minimal,Other Safety Equipment Used,,,,,Other,,,,,passenger,,Scarborough-Rouge Park (25),42 Division,Morningside Heights,false,false,false,false,false,false,false,false,false,false,"{""coordinates"": [[-79.19169038323327, 43.799543945474575]], ""type"": ""MultiPoint""}"
338,2006:902863,2006-04-25T08:00:00,BLOOR ST W,SYMINGTON AVE,,3,Non-Fatal Injury,At Intersection,Traffic Signal,Cyclist Collision,Rain,Daylight,Wet,Major Arterial,false,-79.44778899133276,43.6572432753485,1,Automobile or Station Wagon,South,2,29,None,Lap and Shoulder Belt,Driving properly,Normal,,,Turning Left,,,,,driver,,Davenport (9),11 Division,Dufferin Grove,false,false,true,false,false,false,false,false,false,false,"{""coordinates"": [[-79.44778899133276, 43.6572432753485]], ""type"": ""MultiPoint""}"
339,2006:902863,2006-04-25T08:00:00,BLOOR ST W,SYMINGTON AVE,,3,Non-Fatal Injury,At Intersection,Traffic Signal,Cyclist Collision,Rain,Daylight,Wet,Major Arterial,false,-79.44778899133276,43.6572432753485,1,,,1,,,Other Safety Equipment Used,,,,,,,,,,other,,Davenport (9),11 Division,Dufferin Grove,false,false,true,false,false,false,false,false,false,false,"{""coordinates"": [[-79.44778899133276, 43.6572432753485]], ""type"": ""MultiPoint""}"
340,2006:902863,2006-04-25T08:00:00,BLOOR ST W,SYMINGTON AVE,,3,Non-Fatal Injury,At Intersection,Traffic Signal,Cyclist Collision,Rain,Daylight,Wet,Major Arterial,false,-79.44778899133276,43.6572432753485,2,Bicycle,North,3,49,Major,Other Safety Equipment Used,,,,,Other,,Driver turns left into path of cyclist,,,cyclist,,Davenport (9),11 Division,Dufferin Grove,false,false,true,false,false,false,false,false,false,false,"{""coordinates"": [[-79.44778899133276, 43.6572432753485]], ""type"": ""MultiPoint""}"
341,2006:899004,2006-04-25T16:30:00,40 STORMONT AVE,,,7,Non-Fatal Injury,At Intersection,No Control,Pedestrian Collision(internal code),Clear,Daylight,Dry,Local,false,-79.42529084592668,43.71934422252321,2,,,2,9,Major,Other Safety Equipment Used,,,On sidewalk or shoulder,Normal,,Driver hits pedestrian on sidewalk or shoulder,,,,pedestrian,,Eglinton-Lawrence (8),53 Division,Bedford Park-Nortown,false,false,false,false,false,false,true,false,true,false,"{""coordinates"": [[-79.42529084592668, 43.71934422252321]], ""type"": ""MultiPoint""}"
342,2006:899004,2006-04-25T16:30:00,40 STORMONT AVE,,,7,Non-Fatal Injury,At Intersection,No Control,Pedestrian Collision(internal code),Clear,Daylight,Dry,Local,false,-79.42529084592668,43.71934422252321,1,,,1,,None,Other Safety Equipment Used,,,,,,,,,,owner,,Eglinton-Lawrence (8),53 Division,Bedford Park-Nortown,false,false,false,false,false,false,true,false,true,false,"{""coordinates"": [[-79.42529084592668, 43.71934422252321]], ""type"": ""MultiPoint""}"
343,2006:899004,2006-04-25T16:30:00,40 STORMONT AVE,,,7,Non-Fatal Injury,At Intersection,No Control,Pedestrian Collision(internal code),Clear,Daylight,Dry,Local,false,-79.42529084592668,43.71934422252321,2,Automobile or Station Wagon,East,6,34,None,Lap and Shoulder Belt,Lost control,Fatigue/Fell Asleep,,,Unknown,,,,,driver,,Eglinton-Lawrence (8),53 Division,Bedford Park-Nortown,false,false,false,false,false,false,true,false,true,false,"{""coordinates"": [[-79.42529084592668, 43.71934422252321]], ""type"": ""MultiPoint""}"
344,2006:899004,2006-04-25T16:30:00,40 STORMONT AVE,,,7,Non-Fatal Injury,At Intersection,No Control,Pedestrian Collision(internal code),Clear,Daylight,Dry,Local,false,-79.42529084592668,43.71934422252321,2,,,4,2,None,Child Safety Seat Used Correctly,,,,,,,,,,passenger,,Eglinton-Lawrence (8),53 Division,Bedford Park-Nortown,false,false,false,false,false,false,true,false,true,false,"{""coordinates"": [[-79.42529084592668, 43.71934422252321]], ""type"": ""MultiPoint""}"
345,2006:899004,2006-04-25T16:30:00,40 STORMONT AVE,,,7,Non-Fatal Injury,At Intersection,No Control,Pedestrian Collision(internal code),Clear,Daylight,Dry,Local,false,-79.42529084592668,43.71934422252321,2,,,3,12,None,Lap Belt Only,,,,,,,,,,passenger,,Eglinton-Lawrence (8),53 Division,Bedford Park-Nortown,false,false,false,false,false,false,true,false,true,false,"{""coordinates"": [[-79.42529084592668, 43.71934422252321]], ""type"": ""MultiPoint""}"
346,2006:899004,2006-04-25T16:30:00,40 STORMONT AVE,,,7,Non-Fatal Injury,At Intersection,No Control,Pedestrian Collision(internal code),Clear,Daylight,Dry,Local,false,-79.42529084592668,43.71934422252321,2,,,5,10,None,Child Safety Seat Used Correctly,,,,,,,,,,passenger,,Eglinton-Lawrence (8),53 Division,Bedford Park-Nortown,false,false,false,false,false,false,true,false,true,false,"{""coordinates"": [[-79.42529084592668, 43.71934422252321]], ""type"": ""MultiPoint""}"
347,2006:899004,2006-04-25T16:30:00,40 STORMONT AVE,,,7,Non-Fatal Injury,At Intersection,No Control,Pedestrian Collision(internal code),Clear,Daylight,Dry,Local,false,-79.42529084592668,43.71934422252321,3,,,7,,None,Other Safety Equipment Used,,,,,,,,,,owner,,Eglinton-Lawrence (8),53 Division,Bedford Park-Nortown,false,false,false,false,false,false,true,false,true,false,"{""coordinates"": [[-79.42529084592668, 43.71934422252321]], ""type"": ""MultiPoint""}"
348,2006:903074,2006-04-26T09:20:00,KINGSTON RD,WARDEN AVE,,3,Non-Fatal Injury,At Intersection,Traffic Signal,Pedestrian Collision(internal code),Clear,Daylight,Dry,Major Arterial,false,-79.27089061143718,43.68774401728196,1,Automobile or Station Wagon,South,1,75,None,Lap and Shoulder Belt,Failed to yield right-of-way,Inattentive,,,Turning Left,,,,,driver,,Scarborough Southwest (20),41 Division,Birchcliffe-Cliffside,true,true,false,false,false,true,true,false,false,false,"{""coordinates"": [[-79.27089061143718, 43.68774401728196]], ""type"": ""MultiPoint""}"
349,2006:903074,2006-04-26T09:20:00,KINGSTON RD,WARDEN AVE,,3,Non-Fatal Injury,At Intersection,Traffic Signal,Pedestrian Collision(internal code),Clear,Daylight,Dry,Major Arterial,false,-79.27089061143718,43.68774401728196,2,,North,2,22,Minor,Other Safety Equipment Used,,,Crossing with right-of-way (intersection),Normal,,Driver turns left into pedestrian crossing with right-of-way (at intersection),,,,pedestrian,,Scarborough Southwest (20),41 Division,Birchcliffe-Cliffside,true,true,false,false,false,true,true,false,false,false,"{""coordinates"": [[-79.27089061143718, 43.68774401728196]], ""type"": ""MultiPoint""}"
350,2006:903074,2006-04-26T09:20:00,KINGSTON RD,WARDEN AVE,,3,Non-Fatal Injury,At Intersection,Traffic Signal,Pedestrian Collision(internal code),Clear,Daylight,Dry,Major Arterial,false,-79.27089061143718,43.68774401728196,2,,North,3,21,Major,Other Safety Equipment Used,,,Crossing with right-of-way (intersection),Normal,,Driver turns left into pedestrian crossing with right-of-way (at intersection),,,,pedestrian,,Scarborough Southwest (20),41 Division,Birchcliffe-Cliffside,true,true,false,false,false,true,true,false,false,false,"{""coordinates"": [[-79.27089061143718, 43.68774401728196]], ""type"": ""MultiPoint""}"
351,2006:903114,2006-04-27T20:44:00,THE QUEENSWAY,NORTH QUEEN ST,,4,Non-Fatal Injury,At Intersection,Traffic Signal,Turning Movement,Clear,Dark,Dry,Major Arterial,false,-79.55619124573221,43.6142444441889,1,,,2,,,Other Safety Equipment Used,,,,,,,,,,owner,,Etobicoke-Lakeshore (3),22 Division,Etobicoke City Centre,false,false,false,false,false,false,false,false,true,false,"{""coordinates"": [[-79.55619124573221, 43.6142444441889]], ""type"": ""MultiPoint""}"
352,2006:903114,2006-04-27T20:44:00,THE QUEENSWAY,NORTH QUEEN ST,,4,Non-Fatal Injury,At Intersection,Traffic Signal,Turning Movement,Clear,Dark,Dry,Major Arterial,false,-79.55619124573221,43.6142444441889,1,,,1,16,Major,Lap and Shoulder Belt,,,,,,,,,,passenger,,Etobicoke-Lakeshore (3),22 Division,Etobicoke City Centre,false,false,false,false,false,false,false,false,true,false,"{""coordinates"": [[-79.55619124573221, 43.6142444441889]], ""type"": ""MultiPoint""}"
353,2006:903114,2006-04-27T20:44:00,THE QUEENSWAY,NORTH QUEEN ST,,4,Non-Fatal Injury,At Intersection,Traffic Signal,Turning Movement,Clear,Dark,Dry,Major Arterial,false,-79.55619124573221,43.6142444441889,1,Automobile or Station Wagon,East,3,17,None,Lap and Shoulder Belt,Improper turn,Normal,,,Turning Left,,,,,driver,,Etobicoke-Lakeshore (3),22 Division,Etobicoke City Centre,false,false,false,false,false,false,false,false,true,false,"{""coordinates"": [[-79.55619124573221, 43.6142444441889]], ""type"": ""MultiPoint""}"
354,2006:903114,2006-04-27T20:44:00,THE QUEENSWAY,NORTH QUEEN ST,,4,Non-Fatal Injury,At Intersection,Traffic Signal,Turning Movement,Clear,Dark,Dry,Major Arterial,false,-79.55619124573221,43.6142444441889,2,Automobile or Station Wagon,West,4,26,None,Lap and Shoulder Belt,Driving properly,Normal,,,Going Ahead,,,,,driver,,Etobicoke-Lakeshore (3),22 Division,Etobicoke City Centre,false,false,false,false,false,false,false,false,true,false,"{""coordinates"": [[-79.55619124573221, 43.6142444441889]], ""type"": ""MultiPoint""}"
355,2006:903348,2006-04-28T13:10:00,EGLINTON AVE W,OLD FOREST HILL RD,,2,Non-Fatal Injury,At Intersection,Traffic Signal,Turning Movement,Clear,Daylight,Dry,Major Arterial,false,-79.42309087111897,43.701544225215635,1,Automobile or Station Wagon,East,1,73,None,Lap and Shoulder Belt,Improper turn,Normal,,,Turning Left,,,,,driver,,Eglinton-Lawrence (8),53 Division,Forest Hill North,false,false,false,true,false,true,false,false,false,false,"{""coordinates"": [[-79.42309087111897, 43.701544225215635]], ""type"": ""MultiPoint""}"
356,2006:903348,2006-04-28T13:10:00,EGLINTON AVE W,OLD FOREST HILL RD,,2,Non-Fatal Injury,At Intersection,Traffic Signal,Turning Movement,Clear,Daylight,Dry,Major Arterial,false,-79.42309087111897,43.701544225215635,2,Motorcycle,West,2,35,Major,No Equipment Available,Driving properly,Normal,,,Going Ahead,,,,,motorcyclist,,Eglinton-Lawrence (8),53 Division,Forest Hill North,false,false,false,true,false,true,false,false,false,false,"{""coordinates"": [[-79.42309087111897, 43.701544225215635]], ""type"": ""MultiPoint""}"
357,2006:939781,2006-04-28T23:49:00,BLOOR ST W,DUFFERIN ST,,10,Non-Fatal Injury,,No Control,Cyclist Collision,Clear,Dark,Dry,Major Arterial,true,-79.43499096204965,43.659944255667334,2,Automobile or Station Wagon,West,3,53,None,Lap and Shoulder Belt,Driving properly,Normal,,,Going Ahead,,,,,driver,,Davenport (9),14 Division,Dufferin Grove,true,false,true,false,false,false,false,false,false,false,"{""coordinates"": [[-79.43499096204965, 43.659944255667334]], ""type"": ""MultiPoint""}"
358,2006:939781,2006-04-28T23:49:00,BLOOR ST W,DUFFERIN ST,,10,Non-Fatal Injury,,No Control,Cyclist Collision,Clear,Dark,Dry,Major Arterial,true,-79.43499096204965,43.659944255667334,2,,,2,53,Minimal,Lap and Shoulder Belt,,,,,,,,,,passenger,,Davenport (9),14 Division,Dufferin Grove,true,false,true,false,false,false,false,false,false,false,"{""coordinates"": [[-79.43499096204965, 43.659944255667334]], ""type"": ""MultiPoint""}"
359,2006:939781,2006-04-28T23:49:00,BLOOR ST W,DUFFERIN ST,,10,Non-Fatal Injury,,No Control,Cyclist Collision,Clear,Dark,Dry,Major Arterial,true,-79.43499096204965,43.659944255667334,4,Automobile or Station Wagon,East,7,38,Minor,Lap and Shoulder Belt,Driving properly,Normal,,,Going Ahead,,,,,driver,,Davenport (9),14 Division,Dufferin Grove,true,false,true,false,false,false,false,false,false,false,"{""coordinates"": [[-79.43499096204965, 43.659944255667334]], ""type"": ""MultiPoint""}"
360,2006:939781,2006-04-28T23:49:00,BLOOR ST W,DUFFERIN ST,,10,Non-Fatal Injury,,No Control,Cyclist Collision,Clear,Dark,Dry,Major Arterial,true,-79.43499096204965,43.659944255667334,4,,,6,,,Other Safety Equipment Used,,,,,,,,,,owner,,Davenport (9),14 Division,Dufferin Grove,true,false,true,false,false,false,false,false,false,false,"{""coordinates"": [[-79.43499096204965, 43.659944255667334]], ""type"": ""MultiPoint""}"
361,2006:939781,2006-04-28T23:49:00,BLOOR ST W,DUFFERIN ST,,10,Non-Fatal Injury,,No Control,Cyclist Collision,Clear,Dark,Dry,Major Arterial,true,-79.43499096204965,43.659944255667334,1,Automobile or Station Wagon,West,1,28,None,Lap and Shoulder Belt,Driving properly,Normal,,,Going Ahead,,,,,driver,,Davenport (9),14 Division,Dufferin Grove,true,false,true,false,false,false,false,false,false,false,"{""coordinates"": [[-79.43499096204965, 43.659944255667334]], ""type"": ""MultiPoint""}"
362,2006:939781,2006-04-28T23:49:00,BLOOR ST W,DUFFERIN ST,,10,Non-Fatal Injury,,No Control,Cyclist Collision,Clear,Dark,Dry,Major Arterial,true,-79.43499096204965,43.659944255667334,3,Automobile or Station Wagon,East,4,,None,Other Safety Equipment Used,Speed too fast for conditions,Normal,,,Going Ahead,,,,,driver,,Davenport (9),14 Division,Dufferin Grove,true,false,true,false,false,false,false,false,false,false,"{""coordinates"": [[-79.43499096204965, 43.659944255667334]], ""type"": ""MultiPoint""}"
363,2006:939781,2006-04-28T23:49:00,BLOOR ST W,DUFFERIN ST,,10,Non-Fatal Injury,,No Control,Cyclist Collision,Clear,Dark,Dry,Major Arterial,true,-79.43499096204965,43.659944255667334,5,Automobile or Station Wagon,West,8,40,None,Lap and Shoulder Belt,Driving properly,Normal,,,Going Ahead,,,,,driver,,Davenport (9),14 Division,Dufferin Grove,true,false,true,false,false,false,false,false,false,false,"{""coordinates"": [[-79.43499096204965, 43.659944255667334]], ""type"": ""MultiPoint""}"
364,2006:939781,2006-04-28T23:49:00,BLOOR ST W,DUFFERIN ST,,10,Non-Fatal Injury,,No Control,Cyclist Collision,Clear,Dark,Dry,Major Arterial,true,-79.43499096204965,43.659944255667334,6,,,10,,,Other Safety Equipment Used,,,,,,,,,,owner,,Davenport (9),14 Division,Dufferin Grove,true,false,true,false,false,false,false,false,false,false,"{""coordinates"": [[-79.43499096204965, 43.659944255667334]], ""type"": ""MultiPoint""}"
365,2006:939781,2006-04-28T23:49:00,BLOOR ST W,DUFFERIN ST,,10,Non-Fatal Injury,,No Control,Cyclist Collision,Clear,Dark,Dry,Major Arterial,true,-79.43499096204965,43.659944255667334,6,Bicycle,East,9,27,Major,Helmet,,,,,Going Ahead,,Rear end with cyclist and driver travelling in same direction,Driving Properly,Normal,cyclist,,Davenport (9),14 Division,Dufferin Grove,true,false,true,false,false,false,false,false,false,false,"{""coordinates"": [[-79.43499096204965, 43.659944255667334]], ""type"": ""MultiPoint""}"
366,2006:939781,2006-04-28T23:49:00,BLOOR ST W,DUFFERIN ST,,10,Non-Fatal Injury,,No Control,Cyclist Collision,Clear,Dark,Dry,Major Arterial,true,-79.43499096204965,43.659944255667334,3,,,5,,,Other Safety Equipment Used,,,,,,,,,,owner,,Davenport (9),14 Division,Dufferin Grove,true,false,true,false,false,false,false,false,false,false,"{""coordinates"": [[-79.43499096204965, 43.659944255667334]], ""type"": ""MultiPoint""}"
367,2006:900117,2006-04-29T15:21:00,DOUGLAS BLVD,LAKE SHORE BLVD W,,1,Non-Fatal Injury,Non-Intersection,No Control,SMV Other,Clear,Daylight,Dry,Local,false,-79.48843815490403,43.6103613567923,1,Motorcycle,South,1,23,Major,Other Safety Equipment Used,Lost control,Normal,,,Going Ahead,,,,,motorcyclist,,Etobicoke-Lakeshore (3),22 Division,Mimico-Queensway,false,false,false,true,false,false,false,false,false,false,"{""coordinates"": [[-79.48843815490403, 43.6103613567923]], ""type"": ""MultiPoint""}"
368,2006:900120,2006-04-29T21:36:00,MILLWICK DR,MILVAN DR,,5,Fatal Injury,,No Control,SMV Other,Clear,Dark,Dry,Collector,false,-79.55959098558908,43.75814436927288,1,Automobile or Station Wagon,North,2,44,Minimal,Lap and Shoulder Belt,Speed too fast for conditions,Had Been Drinking,,,Going Ahead,,,,,driver,,Humber River-Black Creek (7),31 Division,Humber Summit,true,false,false,false,false,false,false,false,false,false,"{""coordinates"": [[-79.55959098558908, 43.75814436927288]], ""type"": ""MultiPoint""}"
369,2006:900120,2006-04-29T21:36:00,MILLWICK DR,MILVAN DR,,5,Fatal Injury,,No Control,SMV Other,Clear,Dark,Dry,Collector,false,-79.55959098558908,43.75814436927288,1,,,1,43,Fatal,Equipment Not Used But Available,,,,,,,,,,passenger,23,Humber River-Black Creek (7),31 Division,Humber Summit,true,false,false,false,false,false,false,false,false,false,"{""coordinates"": [[-79.55959098558908, 43.75814436927288]], ""type"": ""MultiPoint""}"
370,2006:900120,2006-04-29T21:36:00,MILLWICK DR,MILVAN DR,,5,Fatal Injury,,No Control,SMV Other,Clear,Dark,Dry,Collector,false,-79.55959098558908,43.75814436927288,1,,,3,,,Other Safety Equipment Used,,,,,,,,,,owner,,Humber River-Black Creek (7),31 Division,Humber Summit,true,false,false,false,false,false,false,false,false,false,"{""coordinates"": [[-79.55959098558908, 43.75814436927288]], ""type"": ""MultiPoint""}"
371,2006:900120,2006-04-29T21:36:00,MILLWICK DR,MILVAN DR,,5,Fatal Injury,,No Control,SMV Other,Clear,Dark,Dry,Collector,false,-79.55959098558908,43.75814436927288,2,,,5,,,Other Safety Equipment Used,,,,,,,,,,owner,,Humber River-Black Creek (7),31 Division,Humber Summit,true,false,false,false,false,false,false,false,false,false,"{""coordinates"": [[-79.55959098558908, 43.75814436927288]], ""type"": ""MultiPoint""}"
372,2006:900120,2006-04-29T21:36:00,MILLWICK DR,MILVAN DR,,5,Fatal Injury,,No Control,SMV Other,Clear,Dark,Dry,Collector,false,-79.55959098558908,43.75814436927288,1,Automobile or Station Wagon,,4,42,Minor,Other Safety Equipment Used,,,,,,,,,,passenger,,Humber River-Black Creek (7),31 Division,Humber Summit,true,false,false,false,false,false,false,false,false,false,"{""coordinates"": [[-79.55959098558908, 43.75814436927288]], ""type"": ""MultiPoint""}"
373,2006:900159,2006-04-30T08:57:00,QUEEN ST E,FALLINGBROOK RD,,2,Fatal Injury,At Intersection,Stop Sign,SMV Other,Clear,Daylight,Dry,Collector,false,-79.27639063699785,43.675344024625055,2,,,2,,,Other Safety Equipment Used,,,,,,,,,,owner,,Scarborough Southwest (20),41 Division,Birchcliffe-Cliffside,true,false,false,false,false,false,false,false,false,false,"{""coordinates"": [[-79.27639063699785, 43.675344024625055]], ""type"": ""MultiPoint""}"