_id,collision_id,accdate,stname1,stname2,stname3,per_inv,acclass,accloc,traffictl,impactype,visible,light,rdsfcond,road_class,failtorem,longitude,latitude,veh_no,vehtype,initdir,per_no,invage,injury,safequip,drivact,drivcond,pedact,pedcond,manoeuvre,pedtype,cyclistype,cycact,cyccond,road_user,fatal_no,wardname,division,neighbourhood,aggressive,distracted,cyclist,motorcyclist,other_micromobility,older_adult,pedestrian,red_light,school_child,heavy_truck,geometry
640,2006:916243,2006-07-04T20:15:00,LAWRENCE AVE E,OVERTURE RD,,3,Non-Fatal Injury,At Intersection,Traffic Signal,Rear End,Clear,Daylight,Dry,Major Arterial,false,-79.19949041779152,43.765443945290464,1,Automobile or Station Wagon,East,1,19,None,Lap and Shoulder Belt,Following too closely,Normal,,,Going Ahead,,,,,driver,,Scarborough-Guildwood (24),43 Division,West Hill,true,false,false,false,false,false,false,false,true,false,"{""coordinates"": [[-79.19949041779152, 43.765443945290464]], ""type"": ""MultiPoint""}"
641,2006:916168,2006-07-05T21:30:00,VICTORIA PARK AVE,TERRAVIEW BLVD,,3,Non-Fatal Injury,At Intersection,Stop Sign,Turning Movement,Clear,Dark,Dry,Major Arterial,false,-79.31819060148231,43.764544079522786,1,Motorcycle,North,3,28,Major,Helmet,Driving properly,Normal,,,Going Ahead,,,,,motorcyclist,,Don Valley East (16),33 Division,Fenside-Parkwoods,true,false,false,true,false,false,false,false,false,false,"{""coordinates"": [[-79.31819060148231, 43.764544079522786]], ""type"": ""MultiPoint""}"
642,2006:916168,2006-07-05T21:30:00,VICTORIA PARK AVE,TERRAVIEW BLVD,,3,Non-Fatal Injury,At Intersection,Stop Sign,Turning Movement,Clear,Dark,Dry,Major Arterial,false,-79.31819060148231,43.764544079522786,2,,,1,,None,Other Safety Equipment Used,,,,,,,,,,owner,,Don Valley East (16),33 Division,Fenside-Parkwoods,true,false,false,true,false,false,false,false,false,false,"{""coordinates"": [[-79.31819060148231, 43.764544079522786]], ""type"": ""MultiPoint""}"
643,2006:916168,2006-07-05T21:30:00,VICTORIA PARK AVE,TERRAVIEW BLVD,,3,Non-Fatal Injury,At Intersection,Stop Sign,Turning Movement,Clear,Dark,Dry,Major Arterial,false,-79.31819060148231,43.764544079522786,2,Automobile or Station Wagon,West,2,48,None,Lap and Shoulder Belt,Failed to yield right-of-way,Normal,,,Turning Left,,,,,driver,,Don Valley East (16),33 Division,Fenside-Parkwoods,true,false,false,true,false,false,false,false,false,false,"{""coordinates"": [[-79.31819060148231, 43.764544079522786]], ""type"": ""MultiPoint""}"
644,2006:912714,2006-07-07T01:27:00,HARBOUR ST,YORK ST,,4,Non-Fatal Injury,At Intersection,Traffic Signal,Angle,Clear,Dark,Dry,Major Arterial,false,-79.38069088616892,43.64094418052991,1,,,1,24,Major,Lap and Shoulder Belt,,,,,,,,,,passenger,,Spadina-Fort York (10),52 Division,Harbourfront-CityPlace,true,false,false,false,false,false,false,true,false,false,"{""coordinates"": [[-79.38069088616892, 43.64094418052991]], ""type"": ""MultiPoint""}"
645,2006:912714,2006-07-07T01:27:00,HARBOUR ST,YORK ST,,4,Non-Fatal Injury,At Intersection,Traffic Signal,Angle,Clear,Dark,Dry,Major Arterial,false,-79.38069088616892,43.64094418052991,1,Automobile or Station Wagon,East,2,25,Major,Lap and Shoulder Belt,Driving properly,Normal,,,Going Ahead,,,,,driver,,Spadina-Fort York (10),52 Division,Harbourfront-CityPlace,true,false,false,false,false,false,false,true,false,false,"{""coordinates"": [[-79.38069088616892, 43.64094418052991]], ""type"": ""MultiPoint""}"
646,2006:912714,2006-07-07T01:27:00,HARBOUR ST,YORK ST,,4,Non-Fatal Injury,At Intersection,Traffic Signal,Angle,Clear,Dark,Dry,Major Arterial,false,-79.38069088616892,43.64094418052991,2,Automobile or Station Wagon,South,4,24,Minimal,Equipment Not Used But Available,Disobeyed traffic control,Had Been Drinking,,,Going Ahead,,,,,driver,,Spadina-Fort York (10),52 Division,Harbourfront-CityPlace,true,false,false,false,false,false,false,true,false,false,"{""coordinates"": [[-79.38069088616892, 43.64094418052991]], ""type"": ""MultiPoint""}"
647,2006:912714,2006-07-07T01:27:00,HARBOUR ST,YORK ST,,4,Non-Fatal Injury,At Intersection,Traffic Signal,Angle,Clear,Dark,Dry,Major Arterial,false,-79.38069088616892,43.64094418052991,2,,,3,25,Minor,Equipment Not Used But Available,,,,,,,,,,passenger,,Spadina-Fort York (10),52 Division,Harbourfront-CityPlace,true,false,false,false,false,false,false,true,false,false,"{""coordinates"": [[-79.38069088616892, 43.64094418052991]], ""type"": ""MultiPoint""}"
648,2006:916566,2006-07-07T14:14:00,YONGE ST,PLEASANT AVE,,3,Non-Fatal Injury,,No Control,Pedestrian Collision(internal code),Clear,Daylight,Dry,Major Arterial,false,-79.39389083967652,43.68764418885575,2,,East,3,75,Major,Other Safety Equipment Used,,,Running onto roadway,Other Condition,,Transit vehicle driver hits pedestrian anywhere along roadway,,,,pedestrian,,Toronto-St. Paul's (12),53 Division,Rosedale-Moore Park,false,false,false,false,false,true,true,false,false,true,"{""coordinates"": [[-79.39389083967652, 43.68764418885575]], ""type"": ""MultiPoint""}"
649,2006:916566,2006-07-07T14:14:00,YONGE ST,PLEASANT AVE,,3,Non-Fatal Injury,,No Control,Pedestrian Collision(internal code),Clear,Daylight,Dry,Major Arterial,false,-79.39389083967652,43.68764418885575,1,Municipal Transit Bus (TTC),North,2,39,None,Use Unknown,Driving properly,Normal,,,Going Ahead,,,,,driver,,Toronto-St. Paul's (12),53 Division,Rosedale-Moore Park,false,false,false,false,false,true,true,false,false,true,"{""coordinates"": [[-79.39389083967652, 43.68764418885575]], ""type"": ""MultiPoint""}"
650,2006:916566,2006-07-07T14:14:00,YONGE ST,PLEASANT AVE,,3,Non-Fatal Injury,,No Control,Pedestrian Collision(internal code),Clear,Daylight,Dry,Major Arterial,false,-79.39389083967652,43.68764418885575,1,,,1,,,Other Safety Equipment Used,,,,,,,,,,owner,,Toronto-St. Paul's (12),53 Division,Rosedale-Moore Park,false,false,false,false,false,true,true,false,false,true,"{""coordinates"": [[-79.39389083967652, 43.68764418885575]], ""type"": ""MultiPoint""}"
651,2006:912782,2006-07-08T16:50:00,REES ST,LAKE SHORE BLVD W,,6,Non-Fatal Injury,At Intersection,Traffic Signal,Angle,Clear,Daylight,Dry,Major Arterial,false,-79.38679090055358,43.63944419004648,2,,,3,31,Minimal,Other Safety Equipment Used,,,,,,,,,,passenger,,Spadina-Fort York (10),52 Division,Harbourfront-CityPlace,true,false,false,false,false,false,false,false,true,false,"{""coordinates"": [[-79.38679090055358, 43.63944419004648]], ""type"": ""MultiPoint""}"
652,2006:912782,2006-07-08T16:50:00,REES ST,LAKE SHORE BLVD W,,6,Non-Fatal Injury,At Intersection,Traffic Signal,Angle,Clear,Daylight,Dry,Major Arterial,false,-79.38679090055358,43.63944419004648,2,,,4,7,Minimal,Other Safety Equipment Used,,,,,,,,,,passenger,,Spadina-Fort York (10),52 Division,Harbourfront-CityPlace,true,false,false,false,false,false,false,false,true,false,"{""coordinates"": [[-79.38679090055358, 43.63944419004648]], ""type"": ""MultiPoint""}"
653,2006:912782,2006-07-08T16:50:00,REES ST,LAKE SHORE BLVD W,,6,Non-Fatal Injury,At Intersection,Traffic Signal,Angle,Clear,Daylight,Dry,Major Arterial,false,-79.38679090055358,43.63944419004648,2,,,5,34,Minimal,Other Safety Equipment Used,,,,,,,,,,passenger,,Spadina-Fort York (10),52 Division,Harbourfront-CityPlace,true,false,false,false,false,false,false,false,true,false,"{""coordinates"": [[-79.38679090055358, 43.63944419004648]], ""type"": ""MultiPoint""}"
654,2006:912782,2006-07-08T16:50:00,REES ST,LAKE SHORE BLVD W,,6,Non-Fatal Injury,At Intersection,Traffic Signal,Angle,Clear,Daylight,Dry,Major Arterial,false,-79.38679090055358,43.63944419004648,2,Automobile or Station Wagon,South,6,34,None,Other Safety Equipment Used,Failed to yield right-of-way,Normal,,,Going Ahead,,,,,driver,,Spadina-Fort York (10),52 Division,Harbourfront-CityPlace,true,false,false,false,false,false,false,false,true,false,"{""coordinates"": [[-79.38679090055358, 43.63944419004648]], ""type"": ""MultiPoint""}"
655,2006:912782,2006-07-08T16:50:00,REES ST,LAKE SHORE BLVD W,,6,Non-Fatal Injury,At Intersection,Traffic Signal,Angle,Clear,Daylight,Dry,Major Arterial,false,-79.38679090055358,43.63944419004648,2,,,2,8,Major,Other Safety Equipment Used,,,,,,,,,,passenger,,Spadina-Fort York (10),52 Division,Harbourfront-CityPlace,true,false,false,false,false,false,false,false,true,false,"{""coordinates"": [[-79.38679090055358, 43.63944419004648]], ""type"": ""MultiPoint""}"
656,2006:912782,2006-07-08T16:50:00,REES ST,LAKE SHORE BLVD W,,6,Non-Fatal Injury,At Intersection,Traffic Signal,Angle,Clear,Daylight,Dry,Major Arterial,false,-79.38679090055358,43.63944419004648,1,Automobile or Station Wagon,East,1,27,None,Other Safety Equipment Used,Driving properly,Normal,,,Going Ahead,,,,,driver,,Spadina-Fort York (10),52 Division,Harbourfront-CityPlace,true,false,false,false,false,false,false,false,true,false,"{""coordinates"": [[-79.38679090055358, 43.63944419004648]], ""type"": ""MultiPoint""}"
657,2006:912859,2006-07-09T18:23:00,LAKE SHORE BLVD W,BATHURST ST,,5,Non-Fatal Injury,At Intersection,Traffic Signal,Turning Movement,Clear,Daylight,Dry,Major Arterial,false,-79.39959093066628,43.63644421011561,2,Automobile or Station Wagon,East,5,23,Minimal,Other Safety Equipment Used,Disobeyed traffic control,Normal,,,Turning Left,,,,,driver,,Spadina-Fort York (10),14 Division,Harbourfront-CityPlace,true,false,false,false,false,false,false,true,false,false,"{""coordinates"": [[-79.39959093066628, 43.63644421011561]], ""type"": ""MultiPoint""}"
658,2006:912859,2006-07-09T18:23:00,LAKE SHORE BLVD W,BATHURST ST,,5,Non-Fatal Injury,At Intersection,Traffic Signal,Turning Movement,Clear,Daylight,Dry,Major Arterial,false,-79.39959093066628,43.63644421011561,1,Automobile or Station Wagon,West,1,35,None,Other Safety Equipment Used,Driving properly,Normal,,,Going Ahead,,,,,driver,,Spadina-Fort York (10),14 Division,Harbourfront-CityPlace,true,false,false,false,false,false,false,true,false,false,"{""coordinates"": [[-79.39959093066628, 43.63644421011561]], ""type"": ""MultiPoint""}"
659,2006:912859,2006-07-09T18:23:00,LAKE SHORE BLVD W,BATHURST ST,,5,Non-Fatal Injury,At Intersection,Traffic Signal,Turning Movement,Clear,Daylight,Dry,Major Arterial,false,-79.39959093066628,43.63644421011561,2,,,3,23,Major,Other Safety Equipment Used,,,,,,,,,,passenger,,Spadina-Fort York (10),14 Division,Harbourfront-CityPlace,true,false,false,false,false,false,false,true,false,false,"{""coordinates"": [[-79.39959093066628, 43.63644421011561]], ""type"": ""MultiPoint""}"
660,2006:912859,2006-07-09T18:23:00,LAKE SHORE BLVD W,BATHURST ST,,5,Non-Fatal Injury,At Intersection,Traffic Signal,Turning Movement,Clear,Daylight,Dry,Major Arterial,false,-79.39959093066628,43.63644421011561,2,,,2,21,Minor,Other Safety Equipment Used,,,,,,,,,,passenger,,Spadina-Fort York (10),14 Division,Harbourfront-CityPlace,true,false,false,false,false,false,false,true,false,false,"{""coordinates"": [[-79.39959093066628, 43.63644421011561]], ""type"": ""MultiPoint""}"
661,2006:912859,2006-07-09T18:23:00,LAKE SHORE BLVD W,BATHURST ST,,5,Non-Fatal Injury,At Intersection,Traffic Signal,Turning Movement,Clear,Daylight,Dry,Major Arterial,false,-79.39959093066628,43.63644421011561,2,,,4,,None,Other Safety Equipment Used,,,,,,,,,,owner,,Spadina-Fort York (10),14 Division,Harbourfront-CityPlace,true,false,false,false,false,false,false,true,false,false,"{""coordinates"": [[-79.39959093066628, 43.63644421011561]], ""type"": ""MultiPoint""}"
662,2006:917569,2006-07-10T13:10:00,2609 LAKE SHORE BLVD W,,,4,Non-Fatal Injury,,No Control,Sideswipe,Rain,Daylight,Wet,Major Arterial,false,-79.49109116931128,43.60544436329354,2,Automobile or Station Wagon,East,4,63,Major,Lap and Shoulder Belt,Failed to yield right-of-way,Normal,,,Pulling Away from Shoulder or Curb,,,,,driver,,Etobicoke-Lakeshore (3),22 Division,Mimico-Queensway,true,false,false,false,false,true,false,false,false,false,"{""coordinates"": [[-79.49109116931128, 43.60544436329354]], ""type"": ""MultiPoint""}"
663,2006:917569,2006-07-10T13:10:00,2609 LAKE SHORE BLVD W,,,4,Non-Fatal Injury,,No Control,Sideswipe,Rain,Daylight,Wet,Major Arterial,false,-79.49109116931128,43.60544436329354,1,,,1,,,Other Safety Equipment Used,,,,,,,,,,owner,,Etobicoke-Lakeshore (3),22 Division,Mimico-Queensway,true,false,false,false,false,true,false,false,false,false,"{""coordinates"": [[-79.49109116931128, 43.60544436329354]], ""type"": ""MultiPoint""}"
664,2006:917569,2006-07-10T13:10:00,2609 LAKE SHORE BLVD W,,,4,Non-Fatal Injury,,No Control,Sideswipe,Rain,Daylight,Wet,Major Arterial,false,-79.49109116931128,43.60544436329354,1,Automobile or Station Wagon,East,2,46,Minimal,Lap and Shoulder Belt,Other,Had Been Drinking,,,Going Ahead,,,,,driver,,Etobicoke-Lakeshore (3),22 Division,Mimico-Queensway,true,false,false,false,false,true,false,false,false,false,"{""coordinates"": [[-79.49109116931128, 43.60544436329354]], ""type"": ""MultiPoint""}"
665,2006:917569,2006-07-10T13:10:00,2609 LAKE SHORE BLVD W,,,4,Non-Fatal Injury,,No Control,Sideswipe,Rain,Daylight,Wet,Major Arterial,false,-79.49109116931128,43.60544436329354,2,,,3,70,Minimal,Lap and Shoulder Belt,,,,,,,,,,passenger,,Etobicoke-Lakeshore (3),22 Division,Mimico-Queensway,true,false,false,false,false,true,false,false,false,false,"{""coordinates"": [[-79.49109116931128, 43.60544436329354]], ""type"": ""MultiPoint""}"
666,2006:917526,2006-07-10T13:13:00,MARTIN GROVE RD,LEXINGTON AVE,,5,Non-Fatal Injury,At Intersection,Traffic Signal,Turning Movement,Clear,Daylight,Dry,Minor Arterial,false,-79.59539105198257,43.744244415055746,1,,,1,,None,Other Safety Equipment Used,,,,,,,,,,owner,,Etobicoke North (1),23 Division,West Humber-Clairville,false,false,false,false,false,false,false,false,true,false,"{""coordinates"": [[-79.59539105198257, 43.744244415055746]], ""type"": ""MultiPoint""}"
667,2006:917526,2006-07-10T13:13:00,MARTIN GROVE RD,LEXINGTON AVE,,5,Non-Fatal Injury,At Intersection,Traffic Signal,Turning Movement,Clear,Daylight,Dry,Minor Arterial,false,-79.59539105198257,43.744244415055746,2,,,4,,None,Other Safety Equipment Used,,,,,,,,,,owner,,Etobicoke North (1),23 Division,West Humber-Clairville,false,false,false,false,false,false,false,false,true,false,"{""coordinates"": [[-79.59539105198257, 43.744244415055746]], ""type"": ""MultiPoint""}"
668,2006:917526,2006-07-10T13:13:00,MARTIN GROVE RD,LEXINGTON AVE,,5,Non-Fatal Injury,At Intersection,Traffic Signal,Turning Movement,Clear,Daylight,Dry,Minor Arterial,false,-79.59539105198257,43.744244415055746,2,,,3,17,Major,Lap and Shoulder Belt,,,,,,,,,,passenger,,Etobicoke North (1),23 Division,West Humber-Clairville,false,false,false,false,false,false,false,false,true,false,"{""coordinates"": [[-79.59539105198257, 43.744244415055746]], ""type"": ""MultiPoint""}"
669,2006:917526,2006-07-10T13:13:00,MARTIN GROVE RD,LEXINGTON AVE,,5,Non-Fatal Injury,At Intersection,Traffic Signal,Turning Movement,Clear,Daylight,Dry,Minor Arterial,false,-79.59539105198257,43.744244415055746,2,Automobile or Station Wagon,North,5,36,Minimal,Lap and Shoulder Belt,Improper turn,Normal,,,Turning Left,,,,,driver,,Etobicoke North (1),23 Division,West Humber-Clairville,false,false,false,false,false,false,false,false,true,false,"{""coordinates"": [[-79.59539105198257, 43.744244415055746]], ""type"": ""MultiPoint""}"
670,2006:917526,2006-07-10T13:13:00,MARTIN GROVE RD,LEXINGTON AVE,,5,Non-Fatal Injury,At Intersection,Traffic Signal,Turning Movement,Clear,Daylight,Dry,Minor Arterial,false,-79.59539105198257,43.744244415055746,1,Automobile or Station Wagon,South,2,26,Minimal,Lap and Shoulder Belt,Driving properly,Normal,,,Going Ahead,,,,,driver,,Etobicoke North (1),23 Division,West Humber-Clairville,false,false,false,false,false,false,false,false,true,false,"{""coordinates"": [[-79.59539105198257, 43.744244415055746]], ""type"": ""MultiPoint""}"
671,2006:913040,2006-07-10T17:58:00,QUEEN ST E,NEVILLE BLVD,,2,Non-Fatal Injury,,Stop Sign,Pedestrian Collision(internal code),Clear,Daylight,Dry,Minor Arterial,false,-79.28189064926092,43.673844032434,2,,North,2,86,Major,Other Safety Equipment Used,,,Crossing without right-of-way (intersection),Inattentive,,Driver going straight hits pedestrian crossing without right-of-way (at intersection),,,,pedestrian,,Beaches-East York (19),55 Division,The Beaches,false,true,false,false,false,true,true,false,false,false,"{""coordinates"": [[-79.28189064926092, 43.673844032434]], ""type"": ""MultiPoint""}"
672,2006:913040,2006-07-10T17:58:00,QUEEN ST E,NEVILLE BLVD,,2,Non-Fatal Injury,,Stop Sign,Pedestrian Collision(internal code),Clear,Daylight,Dry,Minor Arterial,false,-79.28189064926092,43.673844032434,1,Automobile or Station Wagon,East,1,85,None,Lap and Shoulder Belt,Driving properly,Normal,,,Going Ahead,,,,,driver,,Beaches-East York (19),55 Division,The Beaches,false,true,false,false,false,true,true,false,false,false,"{""coordinates"": [[-79.28189064926092, 43.673844032434]], ""type"": ""MultiPoint""}"
673,2006:917567,2006-07-11T08:25:00,MEADOWVALE RD,ROTARY DR,,2,Non-Fatal Injury,,No Control,Pedestrian Collision(internal code),Clear,Daylight,Dry,Minor Arterial,false,-79.17039034991546,43.807443927072505,2,,North,2,35,Major,Other Safety Equipment Used,,,On sidewalk or shoulder,Normal,,Driver hits pedestrian on sidewalk or shoulder,,,,pedestrian,,Scarborough-Rouge Park (25),42 Division,West Rouge,true,true,false,false,false,false,true,false,false,false,"{""coordinates"": [[-79.17039034991546, 43.807443927072505]], ""type"": ""MultiPoint""}"
674,2006:917567,2006-07-11T08:25:00,MEADOWVALE RD,ROTARY DR,,2,Non-Fatal Injury,,No Control,Pedestrian Collision(internal code),Clear,Daylight,Dry,Minor Arterial,false,-79.17039034991546,43.807443927072505,1,,North,1,58,None,Lap and Shoulder Belt,Failed to yield right-of-way,Inattentive,,,Turning Left,,,,,driver,,Scarborough-Rouge Park (25),42 Division,West Rouge,true,true,false,false,false,false,true,false,false,false,"{""coordinates"": [[-79.17039034991546, 43.807443927072505]], ""type"": ""MultiPoint""}"
675,2006:917568,2006-07-11T18:15:00,WINNETT AVE,HURSTING AVE,,2,Non-Fatal Injury,,No Control,Cyclist Collision,Clear,Daylight,Dry,Local,false,-79.43189091247243,43.68624424233251,2,Bicycle,West,2,7,Major,No Equipment Available,,,,,Going Ahead,,"Cyclist without right-of-way rides into path of driver (at intersection, laneway, or driveway)",Failed to Yield Right of Way,Inattentive,cyclist,,Toronto-St. Paul's (12),13 Division,Oakwood Village,false,true,true,false,false,false,false,false,true,false,"{""coordinates"": [[-79.43189091247243, 43.68624424233251]], ""type"": ""MultiPoint""}"
676,2006:917568,2006-07-11T18:15:00,WINNETT AVE,HURSTING AVE,,2,Non-Fatal Injury,,No Control,Cyclist Collision,Clear,Daylight,Dry,Local,false,-79.43189091247243,43.68624424233251,1,Automobile or Station Wagon,South,1,55,None,Lap and Shoulder Belt,Driving properly,Normal,,,Going Ahead,,,,,driver,,Toronto-St. Paul's (12),13 Division,Oakwood Village,false,true,true,false,false,false,false,false,true,false,"{""coordinates"": [[-79.43189091247243, 43.68624424233251]], ""type"": ""MultiPoint""}"
677,2006:917719,2006-07-12T01:50:00,BURNHAMTHORPE RD,TRANQUIL DR,,2,Non-Fatal Injury,,No Control,Other,Clear,Dark,Dry,Major Arterial,false,-79.57379121487764,43.64304444974978,1,,,1,29,Minimal,Helmet,,,,,,,,,,motorcyclist,,Etobicoke Centre (2),22 Division,Eringate-Centennial-West Deane,true,false,false,true,false,false,false,false,false,false,"{""coordinates"": [[-79.57379121487764, 43.64304444974978]], ""type"": ""MultiPoint""}"
678,2006:917719,2006-07-12T01:50:00,BURNHAMTHORPE RD,TRANQUIL DR,,2,Non-Fatal Injury,,No Control,Other,Clear,Dark,Dry,Major Arterial,false,-79.57379121487764,43.64304444974978,1,Motorcycle,West,2,30,Major,Helmet,Exceeding speed limit,Had Been Drinking,,,Going Ahead,,,,,motorcyclist,,Etobicoke Centre (2),22 Division,Eringate-Centennial-West Deane,true,false,false,true,false,false,false,false,false,false,"{""coordinates"": [[-79.57379121487764, 43.64304444974978]], ""type"": ""MultiPoint""}"
679,2006:917731,2006-07-12T16:00:00,BRIMLEY RD,DORCOT AVE,,2,Non-Fatal Injury,At Intersection,Traffic Signal,Pedestrian Collision(internal code),Other,Daylight,Other,Major Arterial,false,-79.25709050465454,43.75894400379912,1,,West,2,51,Major,Other Safety Equipment Used,,,Crossing with right-of-way (intersection),Unknown,,Driver going straight hits pedestrian crossing with right-of-way (at intersection),,,,pedestrian,,Scarborough Centre (21),43 Division,Bendale-Glen Andrew,false,false,false,false,false,false,true,false,false,false,"{""coordinates"": [[-79.25709050465454, 43.75894400379912]], ""type"": ""MultiPoint""}"
680,2006:917731,2006-07-12T16:00:00,BRIMLEY RD,DORCOT AVE,,2,Non-Fatal Injury,At Intersection,Traffic Signal,Pedestrian Collision(internal code),Other,Daylight,Other,Major Arterial,false,-79.25709050465454,43.75894400379912,1,Automobile or Station Wagon,North,1,,None,Other Safety Equipment Used,,,,,Going Ahead,,,,,other,,Scarborough Centre (21),43 Division,Bendale-Glen Andrew,false,false,false,false,false,false,true,false,false,false,"{""coordinates"": [[-79.25709050465454, 43.75894400379912]], ""type"": ""MultiPoint""}"
681,2006:917847,2006-07-13T11:00:00,QUEENS PR S WELLESLEY RAMP E,WELLESLEY ST W,,2,Non-Fatal Injury,,Stop Sign,Cyclist Collision,Clear,Daylight,Dry,Minor Arterial,false,-79.39269087547717,43.663144193157294,2,Bicycle,West,2,21,Major,No Equipment Available,,,,,Going Ahead,,"Cyclist without right-of-way rides into path of driver (at intersection, laneway, or driveway)",Other,Inattentive,cyclist,,University-Rosedale (11),52 Division,Bay-Cloverhill,false,true,true,false,false,false,false,false,false,false,"{""coordinates"": [[-79.39269087547717, 43.663144193157294]], ""type"": ""MultiPoint""}"
682,2006:917847,2006-07-13T11:00:00,QUEENS PR S WELLESLEY RAMP E,WELLESLEY ST W,,2,Non-Fatal Injury,,Stop Sign,Cyclist Collision,Clear,Daylight,Dry,Minor Arterial,false,-79.39269087547717,43.663144193157294,1,Automobile or Station Wagon,South,1,48,None,Lap and Shoulder Belt,Other,Inattentive,,,Going Ahead,,,,,driver,,University-Rosedale (11),52 Division,Bay-Cloverhill,false,true,true,false,false,false,false,false,false,false,"{""coordinates"": [[-79.39269087547717, 43.663144193157294]], ""type"": ""MultiPoint""}"
683,2006:917855,2006-07-13T13:10:00,SPADINA AVE,RICHMOND ST W,,3,Non-Fatal Injury,,Traffic Signal,Pedestrian Collision(internal code),Clear,Daylight,Dry,Major Arterial,false,-79.39599090569808,43.64784420179751,1,,,2,,,Other Safety Equipment Used,,,,,,,,,,owner,,Spadina-Fort York (10),14 Division,Wellington Place,false,true,false,false,false,false,true,false,false,true,"{""coordinates"": [[-79.39599090569808, 43.64784420179751]], ""type"": ""MultiPoint""}"
684,2006:917855,2006-07-13T13:10:00,SPADINA AVE,RICHMOND ST W,,3,Non-Fatal Injury,,Traffic Signal,Pedestrian Collision(internal code),Clear,Daylight,Dry,Major Arterial,false,-79.39599090569808,43.64784420179751,1,Municipal Transit Bus (TTC),South,3,42,None,Lap and Shoulder Belt,Driving properly,Unknown,,,Going Ahead,,,,,driver,,Spadina-Fort York (10),14 Division,Wellington Place,false,true,false,false,false,false,true,false,false,true,"{""coordinates"": [[-79.39599090569808, 43.64784420179751]], ""type"": ""MultiPoint""}"
685,2006:917855,2006-07-13T13:10:00,SPADINA AVE,RICHMOND ST W,,3,Non-Fatal Injury,,Traffic Signal,Pedestrian Collision(internal code),Clear,Daylight,Dry,Major Arterial,false,-79.39599090569808,43.64784420179751,2,,East,1,43,Major,Other Safety Equipment Used,,,Crossing without right-of-way (intersection),Inattentive,,Transit vehicle driver hits pedestrian anywhere along roadway,,,,pedestrian,,Spadina-Fort York (10),14 Division,Wellington Place,false,true,false,false,false,false,true,false,false,true,"{""coordinates"": [[-79.39599090569808, 43.64784420179751]], ""type"": ""MultiPoint""}"
686,2006:918102,2006-07-14T09:20:00,DUFFERIN ST,DUNDAS ST W,,3,Non-Fatal Injury,At Intersection,Traffic Signal,Cyclist Collision,Clear,Daylight,Dry,Minor Arterial,false,-79.43139097216459,43.64964425385244,1,,,1,,,Other Safety Equipment Used,,,,,,,,,,owner,,Davenport (9),14 Division,Little Portugal,true,true,true,false,false,false,false,true,false,false,"{""coordinates"": [[-79.43139097216459, 43.64964425385244]], ""type"": ""MultiPoint""}"
687,2006:918102,2006-07-14T09:20:00,DUFFERIN ST,DUNDAS ST W,,3,Non-Fatal Injury,At Intersection,Traffic Signal,Cyclist Collision,Clear,Daylight,Dry,Minor Arterial,false,-79.43139097216459,43.64964425385244,2,Bicycle,East,3,29,Major,Helmet,,,,,Going Ahead,,"Driver without right-of-way drives into path of cyclist (at intersection, laneway, or driveway)",Driving Properly,Normal,cyclist,,Davenport (9),14 Division,Little Portugal,true,true,true,false,false,false,false,true,false,false,"{""coordinates"": [[-79.43139097216459, 43.64964425385244]], ""type"": ""MultiPoint""}"
688,2006:918102,2006-07-14T09:20:00,DUFFERIN ST,DUNDAS ST W,,3,Non-Fatal Injury,At Intersection,Traffic Signal,Cyclist Collision,Clear,Daylight,Dry,Minor Arterial,false,-79.43139097216459,43.64964425385244,1,Automobile or Station Wagon,South,2,23,None,Other Safety Equipment Used,Disobeyed traffic control,Inattentive,,,Going Ahead,,,,,driver,,Davenport (9),14 Division,Little Portugal,true,true,true,false,false,false,false,true,false,false,"{""coordinates"": [[-79.43139097216459, 43.64964425385244]], ""type"": ""MultiPoint""}"
689,2006:918124,2006-07-14T13:10:00,BURNHAMTHORPE RD,OLD BURNHAMTHORPE RD,,3,Non-Fatal Injury,At Intersection,No Control,Pedestrian Collision(internal code),Clear,Daylight,Dry,Major Arterial,false,-79.57469121642774,43.642844450974415,2,,North,3,60,Major,Other Safety Equipment Used,,,Other,Had Been Drinking,,Transit vehicle driver hits pedestrian anywhere along roadway,,,,pedestrian,,Etobicoke Centre (2),22 Division,Eringate-Centennial-West Deane,false,false,false,false,false,false,true,false,false,true,"{""coordinates"": [[-79.57469121642774, 43.642844450974415]], ""type"": ""MultiPoint""}"
690,2006:918124,2006-07-14T13:10:00,BURNHAMTHORPE RD,OLD BURNHAMTHORPE RD,,3,Non-Fatal Injury,At Intersection,No Control,Pedestrian Collision(internal code),Clear,Daylight,Dry,Major Arterial,false,-79.57469121642774,43.642844450974415,1,Municipal Transit Bus (TTC),East,2,39,None,Lap and Shoulder Belt,Driving properly,Normal,,,Going Ahead,,,,,driver,,Etobicoke Centre (2),22 Division,Eringate-Centennial-West Deane,false,false,false,false,false,false,true,false,false,true,"{""coordinates"": [[-79.57469121642774, 43.642844450974415]], ""type"": ""MultiPoint""}"
691,2006:918124,2006-07-14T13:10:00,BURNHAMTHORPE RD,OLD BURNHAMTHORPE RD,,3,Non-Fatal Injury,At Intersection,No Control,Pedestrian Collision(internal code),Clear,Daylight,Dry,Major Arterial,false,-79.57469121642774,43.642844450974415,1,,,1,,,Other Safety Equipment Used,,,,,,,,,,owner,,Etobicoke Centre (2),22 Division,Eringate-Centennial-West Deane,false,false,false,false,false,false,true,false,false,true,"{""coordinates"": [[-79.57469121642774, 43.642844450974415]], ""type"": ""MultiPoint""}"
692,2006:919596,2006-07-14T16:00:00,CHAPLIN CRES,EGLINTON AVE W,,3,Non-Fatal Injury,At Intersection,Traffic Signal,Turning Movement,Clear,Daylight,Dry,Major Arterial,false,-79.41739085881875,43.70274421708706,1,Automobile or Station Wagon,South,2,39,None,Lap and Shoulder Belt,Driving properly,Normal,,,Going Ahead,,,,,driver,,Eglinton-Lawrence (8),53 Division,Forest Hill North,false,false,false,false,false,false,false,false,false,false,"{""coordinates"": [[-79.41739085881875, 43.70274421708706]], ""type"": ""MultiPoint""}"