_id,collision_id,accdate,stname1,stname2,stname3,per_inv,acclass,accloc,traffictl,impactype,visible,light,rdsfcond,road_class,failtorem,longitude,latitude,veh_no,vehtype,initdir,per_no,invage,injury,safequip,drivact,drivcond,pedact,pedcond,manoeuvre,pedtype,cyclistype,cycact,cyccond,road_user,fatal_no,wardname,division,neighbourhood,aggressive,distracted,cyclist,motorcyclist,other_micromobility,older_adult,pedestrian,red_light,school_child,heavy_truck,geometry
906,2006:936265,2006-08-21T13:15:00,KHEDIVE AVE,SULTANA AVE,,2,Non-Fatal Injury,At Intersection,Stop Sign,Pedestrian Collision(internal code),Clear,Daylight,Dry,Local,false,-79.43379084600006,43.728344230699,1,Automobile or Station Wagon,North,1,51,None,Lap and Shoulder Belt,,,Crossing with right-of-way (intersection),Normal,Stopped,Driver going straight hits pedestrian crossing with right-of-way (at intersection),,,,pedestrian,,Eglinton-Lawrence (8),32 Division,Englemount-Lawrence,true,false,false,false,false,false,true,false,true,false,"{""coordinates"": [[-79.43379084600006, 43.728344230699]], ""type"": ""MultiPoint""}"
907,2006:924979,2006-08-22T10:45:00,QUEEN ST W,JAMESON AVE,,6,Non-Fatal Injury,At Intersection,Stop Sign,Pedestrian Collision(internal code),Clear,Daylight,Dry,Major Arterial,false,-79.43729099909497,43.64044426580135,1,Automobile or Station Wagon,North,4,63,None,Lap and Shoulder Belt,Driving properly,Normal,,,Turning Right,,,,,driver,,Parkdale-High Park (4),14 Division,South Parkdale,false,true,false,false,false,true,true,false,true,false,"{""coordinates"": [[-79.43729099909497, 43.64044426580135]], ""type"": ""MultiPoint""}"
908,2006:924979,2006-08-22T10:45:00,QUEEN ST W,JAMESON AVE,,6,Non-Fatal Injury,At Intersection,Stop Sign,Pedestrian Collision(internal code),Clear,Daylight,Dry,Major Arterial,false,-79.43729099909497,43.64044426580135,3,,West,6,65,Major,Other Safety Equipment Used,,,Crossing - no traffic control,Inattentive,,Driver turns right into pedestrian crossing without right-of-way (at intersection),,,,pedestrian,,Parkdale-High Park (4),14 Division,South Parkdale,false,true,false,false,false,true,true,false,true,false,"{""coordinates"": [[-79.43729099909497, 43.64044426580135]], ""type"": ""MultiPoint""}"
909,2006:924979,2006-08-22T10:45:00,QUEEN ST W,JAMESON AVE,,6,Non-Fatal Injury,At Intersection,Stop Sign,Pedestrian Collision(internal code),Clear,Daylight,Dry,Major Arterial,false,-79.43729099909497,43.64044426580135,1,,,2,10,None,Other Safety Equipment Used,,,,,,,,,,passenger,,Parkdale-High Park (4),14 Division,South Parkdale,false,true,false,false,false,true,true,false,true,false,"{""coordinates"": [[-79.43729099909497, 43.64044426580135]], ""type"": ""MultiPoint""}"
910,2006:924979,2006-08-22T10:45:00,QUEEN ST W,JAMESON AVE,,6,Non-Fatal Injury,At Intersection,Stop Sign,Pedestrian Collision(internal code),Clear,Daylight,Dry,Major Arterial,false,-79.43729099909497,43.64044426580135,1,,,3,6,None,Other Safety Equipment Used,,,,,,,,,,passenger,,Parkdale-High Park (4),14 Division,South Parkdale,false,true,false,false,false,true,true,false,true,false,"{""coordinates"": [[-79.43729099909497, 43.64044426580135]], ""type"": ""MultiPoint""}"
911,2006:924979,2006-08-22T10:45:00,QUEEN ST W,JAMESON AVE,,6,Non-Fatal Injury,At Intersection,Stop Sign,Pedestrian Collision(internal code),Clear,Daylight,Dry,Major Arterial,false,-79.43729099909497,43.64044426580135,2,,,5,9,None,Other Safety Equipment Used,,,,,,,,,,passenger,,Parkdale-High Park (4),14 Division,South Parkdale,false,true,false,false,false,true,true,false,true,false,"{""coordinates"": [[-79.43729099909497, 43.64044426580135]], ""type"": ""MultiPoint""}"
912,2006:924979,2006-08-22T10:45:00,QUEEN ST W,JAMESON AVE,,6,Non-Fatal Injury,At Intersection,Stop Sign,Pedestrian Collision(internal code),Clear,Daylight,Dry,Major Arterial,false,-79.43729099909497,43.64044426580135,1,,,1,13,None,Other Safety Equipment Used,,,,,,,,,,passenger,,Parkdale-High Park (4),14 Division,South Parkdale,false,true,false,false,false,true,true,false,true,false,"{""coordinates"": [[-79.43729099909497, 43.64044426580135]], ""type"": ""MultiPoint""}"
913,2006:923585,2006-08-22T11:04:00,55 SUNNYPOINT CRES,,,2,Non-Fatal Injury,,No Control,SMV Other,Clear,Daylight,Dry,Local,false,-79.23159051338865,43.71454397009255,1,Automobile or Station Wagon,North,1,38,Major,Other Safety Equipment Used,Lost control,Medical or Physical Disability,,,Going Ahead,,,,,driver,,Scarborough Southwest (20),43 Division,Cliffcrest,false,false,false,false,false,false,false,false,false,false,"{""coordinates"": [[-79.23159051338865, 43.71454397009255]], ""type"": ""MultiPoint""}"
914,2006:923585,2006-08-22T11:04:00,55 SUNNYPOINT CRES,,,2,Non-Fatal Injury,,No Control,SMV Other,Clear,Daylight,Dry,Local,false,-79.23159051338865,43.71454397009255,2,,,2,,None,Other Safety Equipment Used,,,,,,,,,,owner,,Scarborough Southwest (20),43 Division,Cliffcrest,false,false,false,false,false,false,false,false,false,false,"{""coordinates"": [[-79.23159051338865, 43.71454397009255]], ""type"": ""MultiPoint""}"
915,2006:919681,2006-08-22T20:04:00,DUFFERIN ST,LIVINGSTONE AVE,,2,Non-Fatal Injury,At Intersection,Stop Sign,Turning Movement,Clear,Daylight,Dry,Major Arterial,false,-79.45079093016835,43.69644426489314,2,Automobile or Station Wagon,South,2,50,None,Lap and Shoulder Belt,Improper turn,Normal,,,Turning Left,,,,,driver,,Eglinton-Lawrence (8),13 Division,Briar Hill-Belgravia,false,false,false,true,false,false,false,false,false,false,"{""coordinates"": [[-79.45079093016835, 43.69644426489314]], ""type"": ""MultiPoint""}"
916,2006:919681,2006-08-22T20:04:00,DUFFERIN ST,LIVINGSTONE AVE,,2,Non-Fatal Injury,At Intersection,Stop Sign,Turning Movement,Clear,Daylight,Dry,Major Arterial,false,-79.45079093016835,43.69644426489314,1,Motorcycle,North,1,25,Major,Helmet,Driving properly,Normal,,,Going Ahead,,,,,motorcyclist,,Eglinton-Lawrence (8),13 Division,Briar Hill-Belgravia,false,false,false,true,false,false,false,false,false,false,"{""coordinates"": [[-79.45079093016835, 43.69644426489314]], ""type"": ""MultiPoint""}"
917,2006:919684,2006-08-22T20:46:00,EGLINTON AVE E,BELLAMY RD N,,9,Non-Fatal Injury,At Intersection,Traffic Signal,Pedestrian Collision(internal code),Clear,Dark,Dry,Major Arterial,false,-79.23209048558803,43.740243973978714,1,,,5,,None,Other Safety Equipment Used,,,,,,,,,,owner,,Scarborough Southwest (20),43 Division,Eglinton East,false,false,false,false,false,true,true,false,false,false,"{""coordinates"": [[-79.23209048558803, 43.740243973978714]], ""type"": ""MultiPoint""}"
918,2006:919684,2006-08-22T20:46:00,EGLINTON AVE E,BELLAMY RD N,,9,Non-Fatal Injury,At Intersection,Traffic Signal,Pedestrian Collision(internal code),Clear,Dark,Dry,Major Arterial,false,-79.23209048558803,43.740243973978714,2,,,2,41,Minimal,Other Safety Equipment Used,,,,,,,,,,passenger,,Scarborough Southwest (20),43 Division,Eglinton East,false,false,false,false,false,true,true,false,false,false,"{""coordinates"": [[-79.23209048558803, 43.740243973978714]], ""type"": ""MultiPoint""}"
919,2006:919684,2006-08-22T20:46:00,EGLINTON AVE E,BELLAMY RD N,,9,Non-Fatal Injury,At Intersection,Traffic Signal,Pedestrian Collision(internal code),Clear,Dark,Dry,Major Arterial,false,-79.23209048558803,43.740243973978714,5,,,9,71,Major,Other Safety Equipment Used,,,On sidewalk or shoulder,Normal,,Driver hits pedestrian on sidewalk or shoulder,,,,pedestrian,,Scarborough Southwest (20),43 Division,Eglinton East,false,false,false,false,false,true,true,false,false,false,"{""coordinates"": [[-79.23209048558803, 43.740243973978714]], ""type"": ""MultiPoint""}"
920,2006:919684,2006-08-22T20:46:00,EGLINTON AVE E,BELLAMY RD N,,9,Non-Fatal Injury,At Intersection,Traffic Signal,Pedestrian Collision(internal code),Clear,Dark,Dry,Major Arterial,false,-79.23209048558803,43.740243973978714,4,,,7,,None,Other Safety Equipment Used,,,,,,,,,,owner,,Scarborough Southwest (20),43 Division,Eglinton East,false,false,false,false,false,true,true,false,false,false,"{""coordinates"": [[-79.23209048558803, 43.740243973978714]], ""type"": ""MultiPoint""}"
921,2006:919684,2006-08-22T20:46:00,EGLINTON AVE E,BELLAMY RD N,,9,Non-Fatal Injury,At Intersection,Traffic Signal,Pedestrian Collision(internal code),Clear,Dark,Dry,Major Arterial,false,-79.23209048558803,43.740243973978714,3,,,4,,None,Other Safety Equipment Used,,,,,,,,,,owner,,Scarborough Southwest (20),43 Division,Eglinton East,false,false,false,false,false,true,true,false,false,false,"{""coordinates"": [[-79.23209048558803, 43.740243973978714]], ""type"": ""MultiPoint""}"
922,2006:919684,2006-08-22T20:46:00,EGLINTON AVE E,BELLAMY RD N,,9,Non-Fatal Injury,At Intersection,Traffic Signal,Pedestrian Collision(internal code),Clear,Dark,Dry,Major Arterial,false,-79.23209048558803,43.740243973978714,4,Automobile or Station Wagon,East,8,36,None,Lap and Shoulder Belt,Driving properly,Normal,,,Going Ahead,,,,,driver,,Scarborough Southwest (20),43 Division,Eglinton East,false,false,false,false,false,true,true,false,false,false,"{""coordinates"": [[-79.23209048558803, 43.740243973978714]], ""type"": ""MultiPoint""}"
923,2006:919684,2006-08-22T20:46:00,EGLINTON AVE E,BELLAMY RD N,,9,Non-Fatal Injury,At Intersection,Traffic Signal,Pedestrian Collision(internal code),Clear,Dark,Dry,Major Arterial,false,-79.23209048558803,43.740243973978714,2,Automobile or Station Wagon,North,3,41,Minimal,Lap and Shoulder Belt,Driving properly,Normal,,,Stopped,,,,,driver,,Scarborough Southwest (20),43 Division,Eglinton East,false,false,false,false,false,true,true,false,false,false,"{""coordinates"": [[-79.23209048558803, 43.740243973978714]], ""type"": ""MultiPoint""}"
924,2006:919684,2006-08-22T20:46:00,EGLINTON AVE E,BELLAMY RD N,,9,Non-Fatal Injury,At Intersection,Traffic Signal,Pedestrian Collision(internal code),Clear,Dark,Dry,Major Arterial,false,-79.23209048558803,43.740243973978714,3,Automobile or Station Wagon,East,6,20,Minor,Lap and Shoulder Belt,Driving properly,Normal,,,Going Ahead,,,,,driver,,Scarborough Southwest (20),43 Division,Eglinton East,false,false,false,false,false,true,true,false,false,false,"{""coordinates"": [[-79.23209048558803, 43.740243973978714]], ""type"": ""MultiPoint""}"
925,2006:919684,2006-08-22T20:46:00,EGLINTON AVE E,BELLAMY RD N,,9,Non-Fatal Injury,At Intersection,Traffic Signal,Pedestrian Collision(internal code),Clear,Dark,Dry,Major Arterial,false,-79.23209048558803,43.740243973978714,1,Automobile or Station Wagon,West,1,49,None,Lap and Shoulder Belt,Improper turn,Normal,,,Turning Left,,,,,driver,,Scarborough Southwest (20),43 Division,Eglinton East,false,false,false,false,false,true,true,false,false,false,"{""coordinates"": [[-79.23209048558803, 43.740243973978714]], ""type"": ""MultiPoint""}"
926,2006:920271,2006-08-23T09:54:00,F G GARDINER XY W W,GARDINER LAKESHORE W RAMP,,4,Non-Fatal Injury,,No Control,SMV Other,Clear,Daylight,Dry,,false,-79.4277909921242,43.63324425385063,2,,,3,,None,Other Safety Equipment Used,,,,,,,,,,owner,,Parkdale-High Park (4),14 Division,Fort York-Liberty Village,true,false,false,false,false,false,false,false,false,false,"{""coordinates"": [[-79.4277909921242, 43.63324425385063]], ""type"": ""MultiPoint""}"
927,2006:920271,2006-08-23T09:54:00,F G GARDINER XY W W,GARDINER LAKESHORE W RAMP,,4,Non-Fatal Injury,,No Control,SMV Other,Clear,Daylight,Dry,,false,-79.4277909921242,43.63324425385063,2,,,2,41,Major,Lap Belt Only of Combined Assembly,,,,,,,,,,passenger,,Parkdale-High Park (4),14 Division,Fort York-Liberty Village,true,false,false,false,false,false,false,false,false,false,"{""coordinates"": [[-79.4277909921242, 43.63324425385063]], ""type"": ""MultiPoint""}"
928,2006:920271,2006-08-23T09:54:00,F G GARDINER XY W W,GARDINER LAKESHORE W RAMP,,4,Non-Fatal Injury,,No Control,SMV Other,Clear,Daylight,Dry,,false,-79.4277909921242,43.63324425385063,2,Automobile or Station Wagon,West,4,53,Minimal,Lap Belt Only of Combined Assembly,Driving properly,Normal,,,Going Ahead,,,,,driver,,Parkdale-High Park (4),14 Division,Fort York-Liberty Village,true,false,false,false,false,false,false,false,false,false,"{""coordinates"": [[-79.4277909921242, 43.63324425385063]], ""type"": ""MultiPoint""}"
929,2006:920271,2006-08-23T09:54:00,F G GARDINER XY W W,GARDINER LAKESHORE W RAMP,,4,Non-Fatal Injury,,No Control,SMV Other,Clear,Daylight,Dry,,false,-79.4277909921242,43.63324425385063,1,Automobile or Station Wagon,West,1,,None,Other Safety Equipment Used,Failed to yield right-of-way,Unknown,,,Changing Lanes,,,,,driver,,Parkdale-High Park (4),14 Division,Fort York-Liberty Village,true,false,false,false,false,false,false,false,false,false,"{""coordinates"": [[-79.4277909921242, 43.63324425385063]], ""type"": ""MultiPoint""}"
930,2006:923640,2006-08-24T06:00:00,JOHN ST,QUEEN ST W,,5,Non-Fatal Injury,,No Control,Pedestrian Collision(internal code),Clear,Dawn,Dry,Major Arterial,false,-79.39119089272093,43.6501441941048,2,,,2,,None,Other Safety Equipment Used,,,,,,,,,,owner,,Spadina-Fort York (10),52 Division,Kensington-Chinatown,false,false,false,false,false,false,true,false,false,false,"{""coordinates"": [[-79.39119089272093, 43.6501441941048]], ""type"": ""MultiPoint""}"
931,2006:923640,2006-08-24T06:00:00,JOHN ST,QUEEN ST W,,5,Non-Fatal Injury,,No Control,Pedestrian Collision(internal code),Clear,Dawn,Dry,Major Arterial,false,-79.39119089272093,43.6501441941048,2,Automobile or Station Wagon,East,3,54,None,Lap and Shoulder Belt,Lost control,Medical or Physical Disability,,,Turning Left,,,,,driver,,Spadina-Fort York (10),52 Division,Kensington-Chinatown,false,false,false,false,false,false,true,false,false,false,"{""coordinates"": [[-79.39119089272093, 43.6501441941048]], ""type"": ""MultiPoint""}"
932,2006:923640,2006-08-24T06:00:00,JOHN ST,QUEEN ST W,,5,Non-Fatal Injury,,No Control,Pedestrian Collision(internal code),Clear,Dawn,Dry,Major Arterial,false,-79.39119089272093,43.6501441941048,1,,,1,,None,Other Safety Equipment Used,,,,,,,,,,owner,,Spadina-Fort York (10),52 Division,Kensington-Chinatown,false,false,false,false,false,false,true,false,false,false,"{""coordinates"": [[-79.39119089272093, 43.6501441941048]], ""type"": ""MultiPoint""}"
933,2006:923640,2006-08-24T06:00:00,JOHN ST,QUEEN ST W,,5,Non-Fatal Injury,,No Control,Pedestrian Collision(internal code),Clear,Dawn,Dry,Major Arterial,false,-79.39119089272093,43.6501441941048,3,,North,4,,None,Other Safety Equipment Used,,,,,Parked,,,,,owner,,Spadina-Fort York (10),52 Division,Kensington-Chinatown,false,false,false,false,false,false,true,false,false,false,"{""coordinates"": [[-79.39119089272093, 43.6501441941048]], ""type"": ""MultiPoint""}"
934,2006:923640,2006-08-24T06:00:00,JOHN ST,QUEEN ST W,,5,Non-Fatal Injury,,No Control,Pedestrian Collision(internal code),Clear,Dawn,Dry,Major Arterial,false,-79.39119089272093,43.6501441941048,4,,,5,30,Major,Other Safety Equipment Used,,,Other,Normal,,Driver hits pedestrian at midblock,,,,pedestrian,,Spadina-Fort York (10),52 Division,Kensington-Chinatown,false,false,false,false,false,false,true,false,false,false,"{""coordinates"": [[-79.39119089272093, 43.6501441941048]], ""type"": ""MultiPoint""}"
935,2006:923655,2006-08-24T21:26:00,ATTWELL DR,READING CRT,,3,Non-Fatal Injury,At Intersection,No Control,Approaching Head On,Clear,Daylight,Dry,Collector,false,-79.58729114261988,43.69074443793941,1,Automobile or Station Wagon,South,1,17,Major,Lap and Shoulder Belt,Driving properly,Normal,,,Going Ahead,,,,,driver,,Etobicoke North (1),23 Division,West Humber-Clairville,true,false,false,false,false,false,false,false,true,false,"{""coordinates"": [[-79.58729114261988, 43.69074443793941]], ""type"": ""MultiPoint""}"
936,2006:923655,2006-08-24T21:26:00,ATTWELL DR,READING CRT,,3,Non-Fatal Injury,At Intersection,No Control,Approaching Head On,Clear,Daylight,Dry,Collector,false,-79.58729114261988,43.69074443793941,2,,,2,,None,Other Safety Equipment Used,,,,,,,,,,owner,,Etobicoke North (1),23 Division,West Humber-Clairville,true,false,false,false,false,false,false,false,true,false,"{""coordinates"": [[-79.58729114261988, 43.69074443793941]], ""type"": ""MultiPoint""}"
937,2006:923655,2006-08-24T21:26:00,ATTWELL DR,READING CRT,,3,Non-Fatal Injury,At Intersection,No Control,Approaching Head On,Clear,Daylight,Dry,Collector,false,-79.58729114261988,43.69074443793941,2,Automobile or Station Wagon,North,3,45,None,Lap and Shoulder Belt,Failed to yield right-of-way,Ability Impaired - Alcohol Over .08,,,Going Ahead,,,,,driver,,Etobicoke North (1),23 Division,West Humber-Clairville,true,false,false,false,false,false,false,false,true,false,"{""coordinates"": [[-79.58729114261988, 43.69074443793941]], ""type"": ""MultiPoint""}"
938,2006:920395,2006-08-24T21:30:00,MCCOWAN RD,STEELES AVE E,,2,Non-Fatal Injury,At Intersection,Traffic Signal,Pedestrian Collision(internal code),Clear,Dark,Dry,Major Arterial,false,-79.27519047357922,43.831044034663286,1,Automobile or Station Wagon,South,1,,None,Other Safety Equipment Used,,,,,Going Ahead,,,,,driver,,Scarborough North (23),42 Division,Milliken,false,false,false,false,false,false,true,false,false,false,"{""coordinates"": [[-79.27519047357922, 43.831044034663286]], ""type"": ""MultiPoint""}"
939,2006:920395,2006-08-24T21:30:00,MCCOWAN RD,STEELES AVE E,,2,Non-Fatal Injury,At Intersection,Traffic Signal,Pedestrian Collision(internal code),Clear,Dark,Dry,Major Arterial,false,-79.27519047357922,43.831044034663286,1,,,2,,Major,Other Safety Equipment Used,,,,,Other,Unknown,,,,pedestrian,,Scarborough North (23),42 Division,Milliken,false,false,false,false,false,false,true,false,false,false,"{""coordinates"": [[-79.27519047357922, 43.831044034663286]], ""type"": ""MultiPoint""}"
940,2006:925640,2006-08-25T17:00:00,2111 LAKE SHORE BLVD W,,,3,Non-Fatal Injury,Non-Intersection,No Control,Rear End,Clear,Daylight,Wet,Major Arterial,false,-79.47858810215581,43.62854533321699,2,Delivery Van,East,3,59,None,Lap and Shoulder Belt,Driving properly,Normal,,,Stopped,,,,,driver,,Etobicoke-Lakeshore (3),22 Division,Humber Bay Shores,true,true,false,true,false,false,false,false,false,true,"{""coordinates"": [[-79.47858810215581, 43.62854533321699]], ""type"": ""MultiPoint""}"
941,2006:925640,2006-08-25T17:00:00,2111 LAKE SHORE BLVD W,,,3,Non-Fatal Injury,Non-Intersection,No Control,Rear End,Clear,Daylight,Wet,Major Arterial,false,-79.47858810215581,43.62854533321699,2,,,2,,,Other Safety Equipment Used,,,,,,,,,,other,,Etobicoke-Lakeshore (3),22 Division,Humber Bay Shores,true,true,false,true,false,false,false,false,false,true,"{""coordinates"": [[-79.47858810215581, 43.62854533321699]], ""type"": ""MultiPoint""}"
942,2006:925640,2006-08-25T17:00:00,2111 LAKE SHORE BLVD W,,,3,Non-Fatal Injury,Non-Intersection,No Control,Rear End,Clear,Daylight,Wet,Major Arterial,false,-79.47858810215581,43.62854533321699,1,Motorcycle,East,1,30,Major,Helmet,Speed too fast for conditions,Inattentive,,,Going Ahead,,,,,motorcyclist,,Etobicoke-Lakeshore (3),22 Division,Humber Bay Shores,true,true,false,true,false,false,false,false,false,true,"{""coordinates"": [[-79.47858810215581, 43.62854533321699]], ""type"": ""MultiPoint""}"
943,2006:920502,2006-08-25T23:30:00,LESLIE ST,COLDWATER RD,,3,Fatal Injury,,No Control,Turning Movement,Rain,Dark,Wet,Major Arterial,false,-79.3604906810671,43.75524413159695,1,Automobile or Station Wagon,West,3,61,Fatal,Lap and Shoulder Belt,Failed to yield right-of-way,Unknown,,,Turning Left,,,,,driver,44,Don Valley East (16),33 Division,St.Andrew-Windfields,true,false,false,false,false,false,false,false,false,false,"{""coordinates"": [[-79.3604906810671, 43.75524413159695]], ""type"": ""MultiPoint""}"
944,2006:920502,2006-08-25T23:30:00,LESLIE ST,COLDWATER RD,,3,Fatal Injury,,No Control,Turning Movement,Rain,Dark,Wet,Major Arterial,false,-79.3604906810671,43.75524413159695,1,,,2,,,Other Safety Equipment Used,,,,,,,,,,owner,,Don Valley East (16),33 Division,St.Andrew-Windfields,true,false,false,false,false,false,false,false,false,false,"{""coordinates"": [[-79.3604906810671, 43.75524413159695]], ""type"": ""MultiPoint""}"
945,2006:924041,2006-08-26T15:36:00,OSLER ST,DAVENPORT RD,,2,Non-Fatal Injury,,No Control,Pedestrian Collision(internal code),Clear,Daylight,Dry,Local,false,-79.45999099103983,43.671044287706835,1,Automobile or Station Wagon,South,1,31,None,Lap and Shoulder Belt,Driving properly,Normal,,,Going Ahead,,,,,driver,,Davenport (9),11 Division,Weston-Pelham Park,false,true,false,false,false,false,true,false,true,false,"{""coordinates"": [[-79.45999099103983, 43.671044287706835]], ""type"": ""MultiPoint""}"
946,2006:924041,2006-08-26T15:36:00,OSLER ST,DAVENPORT RD,,2,Non-Fatal Injury,,No Control,Pedestrian Collision(internal code),Clear,Daylight,Dry,Local,false,-79.45999099103983,43.671044287706835,2,,West,2,4,Major,Other Safety Equipment Used,,,Running onto roadway,Inattentive,,Driver hits pedestrian at midblock,,,,pedestrian,,Davenport (9),11 Division,Weston-Pelham Park,false,true,false,false,false,false,true,false,true,false,"{""coordinates"": [[-79.45999099103983, 43.671044287706835]], ""type"": ""MultiPoint""}"
947,2006:924064,2006-08-26T20:56:00,DUPONT ST,EDWIN AVE,,2,Non-Fatal Injury,,No Control,Pedestrian Collision(internal code),Rain,Dark,Wet,Major Arterial,false,-79.45459099109635,43.66504428229248,1,Automobile or Station Wagon,East,1,55,None,Lap and Shoulder Belt,Driving properly,Normal,,,Slowing or Stopping,,,,,driver,,Davenport (9),11 Division,Junction-Wallace Emerson,false,false,false,false,false,true,true,false,false,false,"{""coordinates"": [[-79.45459099109635, 43.66504428229248]], ""type"": ""MultiPoint""}"
948,2006:924064,2006-08-26T20:56:00,DUPONT ST,EDWIN AVE,,2,Non-Fatal Injury,,No Control,Pedestrian Collision(internal code),Rain,Dark,Wet,Major Arterial,false,-79.45459099109635,43.66504428229248,2,,North,2,85,Major,Other Safety Equipment Used,,,Crossing - no traffic control,Unknown,,Driver hits pedestrian walking or running out from between parked vehicles (at midblock),,,,pedestrian,,Davenport (9),11 Division,Junction-Wallace Emerson,false,false,false,false,false,true,true,false,false,false,"{""coordinates"": [[-79.45459099109635, 43.66504428229248]], ""type"": ""MultiPoint""}"
949,2006:920690,2006-08-27T19:28:00,F G GARDINER XY W,BATHURST ST,,2,Fatal Injury,,No Control,SMV Other,Clear,Daylight,Dry,,false,-79.40389093686069,43.63794421622072,1,Motorcycle,West,2,31,Fatal,Use Unknown,Lost control,Unknown,,,Going Ahead,,,,,motorcyclist,45,Spadina-Fort York (10),14 Division,Fort York-Liberty Village,false,false,false,true,false,false,false,false,false,false,"{""coordinates"": [[-79.40389093686069, 43.63794421622072]], ""type"": ""MultiPoint""}"
950,2006:920690,2006-08-27T19:28:00,F G GARDINER XY W,BATHURST ST,,2,Fatal Injury,,No Control,SMV Other,Clear,Daylight,Dry,,false,-79.40389093686069,43.63794421622072,1,,,1,,None,Other Safety Equipment Used,,,,,Other,,,,,owner,,Spadina-Fort York (10),14 Division,Fort York-Liberty Village,false,false,false,true,false,false,false,false,false,false,"{""coordinates"": [[-79.40389093686069, 43.63794421622072]], ""type"": ""MultiPoint""}"
951,2006:921084,2006-08-29T09:21:00,3680 KEELE ST,,,2,Non-Fatal Injury,,No Control,Pedestrian Collision(internal code),Clear,Daylight,Dry,Major Arterial,false,-79.48849089808036,43.75334429092923,1,Automobile or Station Wagon,South,2,45,None,Lap and Shoulder Belt,Other,Unknown,,,Going Ahead,,,,,driver,,Humber River-Black Creek (7),31 Division,York University Heights,false,true,false,false,false,true,true,false,false,false,"{""coordinates"": [[-79.48849089808036, 43.75334429092923]], ""type"": ""MultiPoint""}"
952,2006:921084,2006-08-29T09:21:00,3680 KEELE ST,,,2,Non-Fatal Injury,,No Control,Pedestrian Collision(internal code),Clear,Daylight,Dry,Major Arterial,false,-79.48849089808036,43.75334429092923,1,,East,1,76,Major,Other Safety Equipment Used,,,Crossing - no traffic control,Inattentive,,Driver hits pedestrian at midblock,,,,pedestrian,,Humber River-Black Creek (7),31 Division,York University Heights,false,true,false,false,false,true,true,false,false,false,"{""coordinates"": [[-79.48849089808036, 43.75334429092923]], ""type"": ""MultiPoint""}"
953,2006:926117,2006-08-29T14:15:00,EASTERN AVE,MARIGOLD AVE,,2,Non-Fatal Injury,,No Control,Turning Movement,Clear,Daylight,Dry,Minor Arterial,false,-79.33029075881525,43.66084410278674,2,Automobile or Station Wagon,East,1,56,None,Use Unknown,Improper turn,Inattentive,,,Turning Left,,,,,driver,,Toronto-Danforth (14),55 Division,South Riverdale,false,true,false,true,false,false,false,false,false,false,"{""coordinates"": [[-79.33029075881525, 43.66084410278674]], ""type"": ""MultiPoint""}"
954,2006:926117,2006-08-29T14:15:00,EASTERN AVE,MARIGOLD AVE,,2,Non-Fatal Injury,,No Control,Turning Movement,Clear,Daylight,Dry,Minor Arterial,false,-79.33029075881525,43.66084410278674,1,Motorcycle,West,2,37,Major,Helmet,Driving properly,Normal,,,Going Ahead,,,,,motorcyclist,,Toronto-Danforth (14),55 Division,South Riverdale,false,true,false,true,false,false,false,false,false,false,"{""coordinates"": [[-79.33029075881525, 43.66084410278674]], ""type"": ""MultiPoint""}"
955,2006:925202,2006-08-29T17:00:00,LESLIE ST,LAWRENCE AVE E,,2,Non-Fatal Injury,At Intersection,Traffic Signal,Pedestrian Collision(internal code),Clear,Daylight,Dry,Major Arterial,false,-79.35599070122967,43.73454412854962,1,Automobile or Station Wagon,South,2,44,None,Lap and Shoulder Belt,Driving properly,Normal,,,Going Ahead,,,,,driver,,Don Valley West (15),33 Division,Banbury-Don Mills,false,false,false,false,false,false,true,false,false,false,"{""coordinates"": [[-79.35599070122967, 43.73454412854962]], ""type"": ""MultiPoint""}"
956,2006:925202,2006-08-29T17:00:00,LESLIE ST,LAWRENCE AVE E,,2,Non-Fatal Injury,At Intersection,Traffic Signal,Pedestrian Collision(internal code),Clear,Daylight,Dry,Major Arterial,false,-79.35599070122967,43.73454412854962,2,,East,1,64,Major,Other Safety Equipment Used,,,Crossing without right-of-way (intersection),Unknown,,Driver going straight hits pedestrian crossing without right-of-way (at intersection),,,,pedestrian,,Don Valley West (15),33 Division,Banbury-Don Mills,false,false,false,false,false,false,true,false,false,false,"{""coordinates"": [[-79.35599070122967, 43.73454412854962]], ""type"": ""MultiPoint""}"
957,2006:926125,2006-08-29T21:14:00,LAWRENCE AVE W,BENTON RD,,2,Non-Fatal Injury,At Intersection,Traffic Signal,Sideswipe,Clear,Dark,Dry,Major Arterial,false,-79.47189094443796,43.71024428798847,1,Motorcycle,West,2,19,Major,Helmet,Driving properly,Unknown,,,Going Ahead,,,,,motorcyclist,,York South-Weston (5),12 Division,Brookhaven-Amesbury,true,false,false,true,false,false,false,false,true,false,"{""coordinates"": [[-79.47189094443796, 43.71024428798847]], ""type"": ""MultiPoint""}"
958,2006:926125,2006-08-29T21:14:00,LAWRENCE AVE W,BENTON RD,,2,Non-Fatal Injury,At Intersection,Traffic Signal,Sideswipe,Clear,Dark,Dry,Major Arterial,false,-79.47189094443796,43.71024428798847,2,Automobile or Station Wagon,West,1,47,None,Lap and Shoulder Belt,Failed to yield right-of-way,Unknown,,,Pulling Away from Shoulder or Curb,,,,,driver,,York South-Weston (5),12 Division,Brookhaven-Amesbury,true,false,false,true,false,false,false,false,true,false,"{""coordinates"": [[-79.47189094443796, 43.71024428798847]], ""type"": ""MultiPoint""}"