_id,collision_id,accdate,stname1,stname2,stname3,per_inv,acclass,accloc,traffictl,impactype,visible,light,rdsfcond,road_class,failtorem,longitude,latitude,veh_no,vehtype,initdir,per_no,invage,injury,safequip,drivact,drivcond,pedact,pedcond,manoeuvre,pedtype,cyclistype,cycact,cyccond,road_user,fatal_no,wardname,division,neighbourhood,aggressive,distracted,cyclist,motorcyclist,other_micromobility,older_adult,pedestrian,red_light,school_child,heavy_truck,geometry
1275,2006:935742,2006-11-11T06:38:00,F G GARDINER XY W,GARDINER W LAKE SHORE W RAMP,,6,Fatal Injury,,No Control,Sideswipe,Clear,Dark,Wet,,false,-79.47859110002352,43.62974433268974,3,Automobile or Station Wagon,West,6,61,Minor,Lap and Shoulder Belt,Driving properly,Normal,,,Going Ahead,,,,,driver,,Etobicoke-Lakeshore (3),22 Division,Humber Bay Shores,false,false,false,false,false,false,false,false,false,false,"{""coordinates"": [[-79.47859110002352, 43.62974433268974]], ""type"": ""MultiPoint""}"
1276,2006:935742,2006-11-11T06:38:00,F G GARDINER XY W,GARDINER W LAKE SHORE W RAMP,,6,Fatal Injury,,No Control,Sideswipe,Clear,Dark,Wet,,false,-79.47859110002352,43.62974433268974,2,,,2,26,None,Lap and Shoulder Belt,,,,,,,,,,passenger,,Etobicoke-Lakeshore (3),22 Division,Humber Bay Shores,false,false,false,false,false,false,false,false,false,false,"{""coordinates"": [[-79.47859110002352, 43.62974433268974]], ""type"": ""MultiPoint""}"
1277,2006:935742,2006-11-11T06:38:00,F G GARDINER XY W,GARDINER W LAKE SHORE W RAMP,,6,Fatal Injury,,No Control,Sideswipe,Clear,Dark,Wet,,false,-79.47859110002352,43.62974433268974,2,Automobile or Station Wagon,West,3,60,Minor,Lap and Shoulder Belt,Driving properly,Normal,,,Going Ahead,,,,,driver,,Etobicoke-Lakeshore (3),22 Division,Humber Bay Shores,false,false,false,false,false,false,false,false,false,false,"{""coordinates"": [[-79.47859110002352, 43.62974433268974]], ""type"": ""MultiPoint""}"
1278,2006:935843,2006-11-12T03:18:00,101 YORK MILLS RD,,,4,Non-Fatal Injury,,No Control,SMV Unattended Vehicle,Clear,Dark,Dry,Major Arterial,false,-79.39829075788113,43.74504418024662,1,,,1,,None,Other Safety Equipment Used,,,,,Parked,,,,,other,,Don Valley West (15),32 Division,Bridle Path-Sunnybrook-York Mills,false,false,false,false,false,false,false,false,true,false,"{""coordinates"": [[-79.39829075788113, 43.74504418024662]], ""type"": ""MultiPoint""}"
1279,2006:935843,2006-11-12T03:18:00,101 YORK MILLS RD,,,4,Non-Fatal Injury,,No Control,SMV Unattended Vehicle,Clear,Dark,Dry,Major Arterial,false,-79.39829075788113,43.74504418024662,2,Automobile or Station Wagon,,2,46,None,Other Safety Equipment Used,,,,,,,,,,passenger,,Don Valley West (15),32 Division,Bridle Path-Sunnybrook-York Mills,false,false,false,false,false,false,false,false,true,false,"{""coordinates"": [[-79.39829075788113, 43.74504418024662]], ""type"": ""MultiPoint""}"
1280,2006:935843,2006-11-12T03:18:00,101 YORK MILLS RD,,,4,Non-Fatal Injury,,No Control,SMV Unattended Vehicle,Clear,Dark,Dry,Major Arterial,false,-79.39829075788113,43.74504418024662,3,,,3,,,Other Safety Equipment Used,,,,,,,,,,owner,,Don Valley West (15),32 Division,Bridle Path-Sunnybrook-York Mills,false,false,false,false,false,false,false,false,true,false,"{""coordinates"": [[-79.39829075788113, 43.74504418024662]], ""type"": ""MultiPoint""}"
1281,2006:935843,2006-11-12T03:18:00,101 YORK MILLS RD,,,4,Non-Fatal Injury,,No Control,SMV Unattended Vehicle,Clear,Dark,Dry,Major Arterial,false,-79.39829075788113,43.74504418024662,3,Automobile or Station Wagon,East,4,19,Major,Other Safety Equipment Used,Lost control,Had Been Drinking,,,Going Ahead,,,,,driver,,Don Valley West (15),32 Division,Bridle Path-Sunnybrook-York Mills,false,false,false,false,false,false,false,false,true,false,"{""coordinates"": [[-79.39829075788113, 43.74504418024662]], ""type"": ""MultiPoint""}"
1282,2006:935844,2006-11-12T20:00:00,LAWRENCE AVE E,WEXFORD BLVD,,2,Non-Fatal Injury,,No Control,Pedestrian Collision(internal code),Clear,Dark,Dry,Major Arterial,false,-79.30179059539867,43.74384405854931,2,,South,2,55,Major,No Equipment Available,,,Crossing - no traffic control,Inattentive,,Driver hits pedestrian at midblock,,,,pedestrian,,Scarborough Centre (21),41 Division,Wexford/Maryvale,false,true,false,false,false,false,true,false,false,false,"{""coordinates"": [[-79.30179059539867, 43.74384405854931]], ""type"": ""MultiPoint""}"
1283,2006:935844,2006-11-12T20:00:00,LAWRENCE AVE E,WEXFORD BLVD,,2,Non-Fatal Injury,,No Control,Pedestrian Collision(internal code),Clear,Dark,Dry,Major Arterial,false,-79.30179059539867,43.74384405854931,1,Automobile or Station Wagon,West,1,54,Minor,Lap and Shoulder Belt,Other,Inattentive,,,Overtaking,,,,,driver,,Scarborough Centre (21),41 Division,Wexford/Maryvale,false,true,false,false,false,false,true,false,false,false,"{""coordinates"": [[-79.30179059539867, 43.74384405854931]], ""type"": ""MultiPoint""}"
1284,2006:941162,2006-11-12T23:30:00,HARBORD ST,MONTROSE AVE,,2,Non-Fatal Injury,,Traffic Signal,Angle,Other,Dark,Dry,Minor Arterial,false,-79.41959093298956,43.659544233316254,1,Automobile or Station Wagon,East,1,30,Major,Lap and Shoulder Belt,Driving properly,Normal,,,Going Ahead,,,,,driver,,University-Rosedale (11),14 Division,Palmerston-Little Italy,true,false,false,false,false,false,false,true,false,false,"{""coordinates"": [[-79.41959093298956, 43.659544233316254]], ""type"": ""MultiPoint""}"
1285,2006:941162,2006-11-12T23:30:00,HARBORD ST,MONTROSE AVE,,2,Non-Fatal Injury,,Traffic Signal,Angle,Other,Dark,Dry,Minor Arterial,false,-79.41959093298956,43.659544233316254,2,Automobile or Station Wagon,North,2,25,None,Use Unknown,Disobeyed traffic control,Unknown,,,Going Ahead,,,,,driver,,University-Rosedale (11),14 Division,Palmerston-Little Italy,true,false,false,false,false,false,false,true,false,false,"{""coordinates"": [[-79.41959093298956, 43.659544233316254]], ""type"": ""MultiPoint""}"
1286,2006:945617,2006-11-14T16:00:00,CARLAW AVE,EASTERN AVE,,5,Non-Fatal Injury,At Intersection,Traffic Signal,Angle,Clear,Daylight,Dry,Major Arterial,false,-79.33899077909699,43.658344115762375,3,Automobile or Station Wagon,East,5,38,Major,Lap and Shoulder Belt,Disobeyed traffic control,Normal,,,Going Ahead,,,,,driver,,Toronto-Danforth (14),55 Division,South Riverdale,true,false,false,false,false,false,false,true,false,true,"{""coordinates"": [[-79.33899077909699, 43.658344115762375]], ""type"": ""MultiPoint""}"
1287,2006:945617,2006-11-14T16:00:00,CARLAW AVE,EASTERN AVE,,5,Non-Fatal Injury,At Intersection,Traffic Signal,Angle,Clear,Daylight,Dry,Major Arterial,false,-79.33899077909699,43.658344115762375,1,Automobile or Station Wagon,North,1,45,None,Other Safety Equipment Used,Driving properly,Normal,,,Going Ahead,,,,,driver,,Toronto-Danforth (14),55 Division,South Riverdale,true,false,false,false,false,false,false,true,false,true,"{""coordinates"": [[-79.33899077909699, 43.658344115762375]], ""type"": ""MultiPoint""}"
1288,2006:945617,2006-11-14T16:00:00,CARLAW AVE,EASTERN AVE,,5,Non-Fatal Injury,At Intersection,Traffic Signal,Angle,Clear,Daylight,Dry,Major Arterial,false,-79.33899077909699,43.658344115762375,2,Truck - Open (Flatbed),North,3,51,Minimal,Lap and Shoulder Belt,Driving properly,Normal,,,Going Ahead,,,,,driver,,Toronto-Danforth (14),55 Division,South Riverdale,true,false,false,false,false,false,false,true,false,true,"{""coordinates"": [[-79.33899077909699, 43.658344115762375]], ""type"": ""MultiPoint""}"
1289,2006:945617,2006-11-14T16:00:00,CARLAW AVE,EASTERN AVE,,5,Non-Fatal Injury,At Intersection,Traffic Signal,Angle,Clear,Daylight,Dry,Major Arterial,false,-79.33899077909699,43.658344115762375,2,,,2,,None,Other Safety Equipment Used,,,,,,,,,,owner,,Toronto-Danforth (14),55 Division,South Riverdale,true,false,false,false,false,false,false,true,false,true,"{""coordinates"": [[-79.33899077909699, 43.658344115762375]], ""type"": ""MultiPoint""}"
1290,2006:945617,2006-11-14T16:00:00,CARLAW AVE,EASTERN AVE,,5,Non-Fatal Injury,At Intersection,Traffic Signal,Angle,Clear,Daylight,Dry,Major Arterial,false,-79.33899077909699,43.658344115762375,3,,,4,,None,Other Safety Equipment Used,,,,,,,,,,owner,,Toronto-Danforth (14),55 Division,South Riverdale,true,false,false,false,false,false,false,true,false,true,"{""coordinates"": [[-79.33899077909699, 43.658344115762375]], ""type"": ""MultiPoint""}"
1291,2006:936726,2006-11-17T02:03:00,KENNEDY RD,EGLINTON AVE E,,2,Non-Fatal Injury,At Intersection,Traffic Signal,Pedestrian Collision(internal code),Rain,Dark,Wet,Major Arterial,false,-79.26789055188546,43.73214401514884,1,Automobile or Station Wagon,South,1,22,None,Lap and Shoulder Belt,Driving properly,Normal,,,Going Ahead,,,,,driver,,Scarborough Southwest (20),41 Division,Kennedy Park,false,false,false,false,false,false,true,false,false,false,"{""coordinates"": [[-79.26789055188546, 43.73214401514884]], ""type"": ""MultiPoint""}"
1292,2006:936726,2006-11-17T02:03:00,KENNEDY RD,EGLINTON AVE E,,2,Non-Fatal Injury,At Intersection,Traffic Signal,Pedestrian Collision(internal code),Rain,Dark,Wet,Major Arterial,false,-79.26789055188546,43.73214401514884,2,,West,2,46,Major,Other Safety Equipment Used,,,Crossing without right-of-way (intersection),Normal,,Driver going straight hits pedestrian crossing without right-of-way (at intersection),,,,pedestrian,,Scarborough Southwest (20),41 Division,Kennedy Park,false,false,false,false,false,false,true,false,false,false,"{""coordinates"": [[-79.26789055188546, 43.73214401514884]], ""type"": ""MultiPoint""}"
1293,2006:938930,2006-11-17T15:00:00,220 GREYABBEY TRL,,,1,Non-Fatal Injury,,No Control,SMV Other,Clear,Daylight,Dry,Local,false,-79.17939039824958,43.75324392201218,1,Automobile or Station Wagon,South,1,60,Major,Lap and Shoulder Belt,Lost control,Unknown,,,Going Ahead,,,,,driver,,Scarborough-Rouge Park (25),43 Division,Guildwood,false,false,false,false,false,false,false,false,false,false,"{""coordinates"": [[-79.17939039824958, 43.75324392201218]], ""type"": ""MultiPoint""}"
1294,2006:941522,2006-11-19T00:03:00,BLOOR ST W,DEVONSHIRE PL,,2,Non-Fatal Injury,,Yield Sign,Pedestrian Collision(internal code),Clear,Dark,Dry,Major Arterial,false,-79.39839087905762,43.66784420022448,1,Automobile or Station Wagon,West,1,34,Minimal,Lap and Shoulder Belt,Driving properly,Normal,,,Going Ahead,,,,,driver,,University-Rosedale (11),53 Division,Annex,false,true,false,false,false,false,true,false,true,false,"{""coordinates"": [[-79.39839087905762, 43.66784420022448]], ""type"": ""MultiPoint""}"
1295,2006:941522,2006-11-19T00:03:00,BLOOR ST W,DEVONSHIRE PL,,2,Non-Fatal Injury,,Yield Sign,Pedestrian Collision(internal code),Clear,Dark,Dry,Major Arterial,false,-79.39839087905762,43.66784420022448,2,,North,2,19,Major,Other Safety Equipment Used,,,Crossing without right-of-way (intersection),Inattentive,,Driver going straight hits pedestrian crossing without right-of-way (at intersection),,,,pedestrian,,University-Rosedale (11),53 Division,Annex,false,true,false,false,false,false,true,false,true,false,"{""coordinates"": [[-79.39839087905762, 43.66784420022448]], ""type"": ""MultiPoint""}"
1296,2006:941510,2006-11-19T17:40:00,155 UNDERHILL Driv,,,3,Non-Fatal Injury,,No Control,Pedestrian Collision(internal code),Clear,Dark,Dry,Collector,false,-79.32599062652105,43.75174408865682,1,,,1,,None,Other Safety Equipment Used,,,,,,,,,,owner,,Don Valley East (16),33 Division,Parkwoods-O'Connor Hills,false,true,false,false,false,false,true,false,false,false,"{""coordinates"": [[-79.32599062652105, 43.75174408865682]], ""type"": ""MultiPoint""}"
1297,2006:941510,2006-11-19T17:40:00,155 UNDERHILL Driv,,,3,Non-Fatal Injury,,No Control,Pedestrian Collision(internal code),Clear,Dark,Dry,Collector,false,-79.32599062652105,43.75174408865682,2,,North,3,29,Major,Other Safety Equipment Used,,,Crossing without right-of-way (intersection),Inattentive,,Driver hits pedestrian at midblock,,,,pedestrian,,Don Valley East (16),33 Division,Parkwoods-O'Connor Hills,false,true,false,false,false,false,true,false,false,false,"{""coordinates"": [[-79.32599062652105, 43.75174408865682]], ""type"": ""MultiPoint""}"
1298,2006:941510,2006-11-19T17:40:00,155 UNDERHILL Driv,,,3,Non-Fatal Injury,,No Control,Pedestrian Collision(internal code),Clear,Dark,Dry,Collector,false,-79.32599062652105,43.75174408865682,1,Automobile or Station Wagon,North,2,21,None,Lap and Shoulder Belt,Driving properly,Normal,,,Going Ahead,,,,,driver,,Don Valley East (16),33 Division,Parkwoods-O'Connor Hills,false,true,false,false,false,false,true,false,false,false,"{""coordinates"": [[-79.32599062652105, 43.75174408865682]], ""type"": ""MultiPoint""}"
1299,2006:941532,2006-11-19T20:46:00,ST CLAIR AVE W,JANE ST,,2,Non-Fatal Injury,,Traffic Signal,SMV Other,Clear,Dark,Dry,Major Arterial,false,-79.49179105853226,43.66714433514255,1,Automobile or Station Wagon,South,2,30,Major,Air Bag Deployed,Lost control,Other Condition,,,Turning Right,,,,,driver,,York South-Weston (5),11 Division,Rockcliffe-Smythe,false,false,false,false,false,false,false,false,false,false,"{""coordinates"": [[-79.49179105853226, 43.66714433514255]], ""type"": ""MultiPoint""}"
1300,2006:941532,2006-11-19T20:46:00,ST CLAIR AVE W,JANE ST,,2,Non-Fatal Injury,,Traffic Signal,SMV Other,Clear,Dark,Dry,Major Arterial,false,-79.49179105853226,43.66714433514255,1,,,1,,None,Other Safety Equipment Used,,,,,,,,,,owner,,York South-Weston (5),11 Division,Rockcliffe-Smythe,false,false,false,false,false,false,false,false,false,false,"{""coordinates"": [[-79.49179105853226, 43.66714433514255]], ""type"": ""MultiPoint""}"
1301,2006:937278,2006-11-21T02:25:00,GARDINER W S KINGSWAY RAMP,F G GARDINER XY Ramp W,,2,Non-Fatal Injury,,No Control,SMV Other,Clear,Dark,Dry,,false,-79.4719910779255,43.63474432045375,1,Automobile or Station Wagon,West,2,35,Major,Lap and Shoulder Belt,Speed too fast for conditions,Unknown,,,Slowing or Stopping,,,,,driver,,Parkdale-High Park (4),11 Division,High Park-Swansea,true,false,false,false,false,false,false,false,false,false,"{""coordinates"": [[-79.4719910779255, 43.63474432045375]], ""type"": ""MultiPoint""}"
1302,2006:937278,2006-11-21T02:25:00,GARDINER W S KINGSWAY RAMP,F G GARDINER XY Ramp W,,2,Non-Fatal Injury,,No Control,SMV Other,Clear,Dark,Dry,,false,-79.4719910779255,43.63474432045375,1,,,1,,Minimal,Lap and Shoulder Belt,,,,,,,,,,passenger,,Parkdale-High Park (4),11 Division,High Park-Swansea,true,false,false,false,false,false,false,false,false,false,"{""coordinates"": [[-79.4719910779255, 43.63474432045375]], ""type"": ""MultiPoint""}"
1303,2006:937379,2006-11-21T13:15:00,TWYN RIVERS Driv,SHEPPARD Aven E,,3,Non-Fatal Injury,,No Control,SMV Other,Clear,Daylight,Dry,Collector,false,-79.15649032910785,43.81164391502993,1,Automobile or Station Wagon,East,3,83,None,Other Safety Equipment Used,Lost control,Inattentive,,,Turning Left,,,,,driver,,Scarborough-Rouge Park (25),42 Division,Morningside Heights,false,true,false,false,false,true,false,false,false,false,"{""coordinates"": [[-79.15649032910785, 43.81164391502993]], ""type"": ""MultiPoint""}"
1304,2006:937379,2006-11-21T13:15:00,TWYN RIVERS Driv,SHEPPARD Aven E,,3,Non-Fatal Injury,,No Control,SMV Other,Clear,Daylight,Dry,Collector,false,-79.15649032910785,43.81164391502993,1,,,1,90,Major,Other Safety Equipment Used,,,,,,,,,,passenger,,Scarborough-Rouge Park (25),42 Division,Morningside Heights,false,true,false,false,false,true,false,false,false,false,"{""coordinates"": [[-79.15649032910785, 43.81164391502993]], ""type"": ""MultiPoint""}"
1305,2006:937379,2006-11-21T13:15:00,TWYN RIVERS Driv,SHEPPARD Aven E,,3,Non-Fatal Injury,,No Control,SMV Other,Clear,Daylight,Dry,Collector,false,-79.15649032910785,43.81164391502993,1,,,2,71,None,Other Safety Equipment Used,,,,,,,,,,passenger,,Scarborough-Rouge Park (25),42 Division,Morningside Heights,false,true,false,false,false,true,false,false,false,false,"{""coordinates"": [[-79.15649032910785, 43.81164391502993]], ""type"": ""MultiPoint""}"
1306,2006:941871,2006-11-22T16:15:00,DUFFERIN ST,MELBOURNE AVE,,3,Non-Fatal Injury,,Pedestrian Crossover,Pedestrian Collision(internal code),Clear,Daylight,Dry,Minor Arterial,false,-79.42799098050014,43.640544251775474,2,,East,3,44,Major,No Equipment Available,,,Crossing - pedestrian crossover,Medical or Physical Disability,,Driver hits pedestrian at PXO/pedestrian midblock signal,,,,pedestrian,,Parkdale-High Park (4),14 Division,South Parkdale,true,false,false,false,false,false,true,false,false,false,"{""coordinates"": [[-79.42799098050014, 43.640544251775474]], ""type"": ""MultiPoint""}"
1307,2006:941871,2006-11-22T16:15:00,DUFFERIN ST,MELBOURNE AVE,,3,Non-Fatal Injury,,Pedestrian Crossover,Pedestrian Collision(internal code),Clear,Daylight,Dry,Minor Arterial,false,-79.42799098050014,43.640544251775474,1,,,1,,,Other Safety Equipment Used,,,,,,,,,,owner,,Parkdale-High Park (4),14 Division,South Parkdale,true,false,false,false,false,false,true,false,false,false,"{""coordinates"": [[-79.42799098050014, 43.640544251775474]], ""type"": ""MultiPoint""}"
1308,2006:941871,2006-11-22T16:15:00,DUFFERIN ST,MELBOURNE AVE,,3,Non-Fatal Injury,,Pedestrian Crossover,Pedestrian Collision(internal code),Clear,Daylight,Dry,Minor Arterial,false,-79.42799098050014,43.640544251775474,1,,South,2,33,None,Lap and Shoulder Belt,Failed to yield right-of-way,Normal,,,Going Ahead,,,,,driver,,Parkdale-High Park (4),14 Division,South Parkdale,true,false,false,false,false,false,true,false,false,false,"{""coordinates"": [[-79.42799098050014, 43.640544251775474]], ""type"": ""MultiPoint""}"
1309,2006:942726,2006-11-22T21:02:00,DUFFERIN St,LINDSEY Ave,,3,Non-Fatal Injury,,No Control,Rear End,Clear,Dark,Dry,Major Arterial,false,-79.43299096881925,43.65354425490914,3,Automobile or Station Wagon,South,3,36,Major,Other Safety Equipment Used,Driving properly,Normal,,,Stopped,,,,,driver,,Davenport (9),11 Division,Dufferin Grove,true,false,false,false,false,false,false,false,false,false,"{""coordinates"": [[-79.43299096881925, 43.65354425490914]], ""type"": ""MultiPoint""}"
1310,2006:942726,2006-11-22T21:02:00,DUFFERIN St,LINDSEY Ave,,3,Non-Fatal Injury,,No Control,Rear End,Clear,Dark,Dry,Major Arterial,false,-79.43299096881925,43.65354425490914,2,Automobile or Station Wagon,South,2,43,None,Other Safety Equipment Used,Following too closely,Normal,,,Going Ahead,,,,,driver,,Davenport (9),11 Division,Dufferin Grove,true,false,false,false,false,false,false,false,false,false,"{""coordinates"": [[-79.43299096881925, 43.65354425490914]], ""type"": ""MultiPoint""}"
1311,2006:942726,2006-11-22T21:02:00,DUFFERIN St,LINDSEY Ave,,3,Non-Fatal Injury,,No Control,Rear End,Clear,Dark,Dry,Major Arterial,false,-79.43299096881925,43.65354425490914,1,Automobile or Station Wagon,South,1,53,Minimal,Lap and Shoulder Belt,Driving properly,Normal,,,Stopped,,,,,driver,,Davenport (9),11 Division,Dufferin Grove,true,false,false,false,false,false,false,false,false,false,"{""coordinates"": [[-79.43299096881925, 43.65354425490914]], ""type"": ""MultiPoint""}"
1312,2006:941748,2006-11-23T13:52:00,FINCH AVE W,ISLINGTON AVE,,7,Non-Fatal Injury,At Intersection,Traffic Signal,Turning Movement,Clear,Daylight,Dry,Major Arterial,false,-79.568591014597,43.746244384096975,2,,,4,35,Minimal,Lap and Shoulder Belt,,,,,,,,,,passenger,,Humber River-Black Creek (7),23 Division,Humbermede,false,false,false,false,false,false,false,false,true,false,"{""coordinates"": [[-79.568591014597, 43.746244384096975]], ""type"": ""MultiPoint""}"
1313,2006:941748,2006-11-23T13:52:00,FINCH AVE W,ISLINGTON AVE,,7,Non-Fatal Injury,At Intersection,Traffic Signal,Turning Movement,Clear,Daylight,Dry,Major Arterial,false,-79.568591014597,43.746244384096975,2,,,2,,None,Other Safety Equipment Used,,,,,,,,,,owner,,Humber River-Black Creek (7),23 Division,Humbermede,false,false,false,false,false,false,false,false,true,false,"{""coordinates"": [[-79.568591014597, 43.746244384096975]], ""type"": ""MultiPoint""}"
1314,2006:941748,2006-11-23T13:52:00,FINCH AVE W,ISLINGTON AVE,,7,Non-Fatal Injury,At Intersection,Traffic Signal,Turning Movement,Clear,Daylight,Dry,Major Arterial,false,-79.568591014597,43.746244384096975,1,Automobile or Station Wagon,East,1,62,Major,Lap and Shoulder Belt,Improper turn,Normal,,,Turning Left,,,,,driver,,Humber River-Black Creek (7),23 Division,Humbermede,false,false,false,false,false,false,false,false,true,false,"{""coordinates"": [[-79.568591014597, 43.746244384096975]], ""type"": ""MultiPoint""}"
1315,2006:941748,2006-11-23T13:52:00,FINCH AVE W,ISLINGTON AVE,,7,Non-Fatal Injury,At Intersection,Traffic Signal,Turning Movement,Clear,Daylight,Dry,Major Arterial,false,-79.568591014597,43.746244384096975,3,Automobile or Station Wagon,South,7,17,None,Lap and Shoulder Belt,Driving properly,Normal,,,Stopped,,,,,driver,,Humber River-Black Creek (7),23 Division,Humbermede,false,false,false,false,false,false,false,false,true,false,"{""coordinates"": [[-79.568591014597, 43.746244384096975]], ""type"": ""MultiPoint""}"
1316,2006:941748,2006-11-23T13:52:00,FINCH AVE W,ISLINGTON AVE,,7,Non-Fatal Injury,At Intersection,Traffic Signal,Turning Movement,Clear,Daylight,Dry,Major Arterial,false,-79.568591014597,43.746244384096975,2,Automobile or Station Wagon,West,5,28,None,Lap and Shoulder Belt,Driving properly,Normal,,,Going Ahead,,,,,driver,,Humber River-Black Creek (7),23 Division,Humbermede,false,false,false,false,false,false,false,false,true,false,"{""coordinates"": [[-79.568591014597, 43.746244384096975]], ""type"": ""MultiPoint""}"
1317,2006:941748,2006-11-23T13:52:00,FINCH AVE W,ISLINGTON AVE,,7,Non-Fatal Injury,At Intersection,Traffic Signal,Turning Movement,Clear,Daylight,Dry,Major Arterial,false,-79.568591014597,43.746244384096975,3,,,6,,None,Other Safety Equipment Used,,,,,,,,,,owner,,Humber River-Black Creek (7),23 Division,Humbermede,false,false,false,false,false,false,false,false,true,false,"{""coordinates"": [[-79.568591014597, 43.746244384096975]], ""type"": ""MultiPoint""}"
1318,2006:941748,2006-11-23T13:52:00,FINCH AVE W,ISLINGTON AVE,,7,Non-Fatal Injury,At Intersection,Traffic Signal,Turning Movement,Clear,Daylight,Dry,Major Arterial,false,-79.568591014597,43.746244384096975,2,,,3,30,Minimal,Lap and Shoulder Belt,,,,,,,,,,passenger,,Humber River-Black Creek (7),23 Division,Humbermede,false,false,false,false,false,false,false,false,true,false,"{""coordinates"": [[-79.568591014597, 43.746244384096975]], ""type"": ""MultiPoint""}"
1319,2006:942131,2006-11-26T21:15:00,ST CLAIR AVE W,JANE ST,,4,Non-Fatal Injury,,Traffic Signal,Angle,Clear,Dark,Dry,Major Arterial,false,-79.49179105853226,43.66714433514255,2,,,3,50,Major,Lap and Shoulder Belt,,,,,,,,,,passenger,,York South-Weston (5),11 Division,Rockcliffe-Smythe,true,false,false,false,false,true,false,true,false,false,"{""coordinates"": [[-79.49179105853226, 43.66714433514255]], ""type"": ""MultiPoint""}"
1320,2006:942131,2006-11-26T21:15:00,ST CLAIR AVE W,JANE ST,,4,Non-Fatal Injury,,Traffic Signal,Angle,Clear,Dark,Dry,Major Arterial,false,-79.49179105853226,43.66714433514255,1,,,1,61,Major,Lap and Shoulder Belt,,,,,,,,,,passenger,,York South-Weston (5),11 Division,Rockcliffe-Smythe,true,false,false,false,false,true,false,true,false,false,"{""coordinates"": [[-79.49179105853226, 43.66714433514255]], ""type"": ""MultiPoint""}"
1321,2006:942131,2006-11-26T21:15:00,ST CLAIR AVE W,JANE ST,,4,Non-Fatal Injury,,Traffic Signal,Angle,Clear,Dark,Dry,Major Arterial,false,-79.49179105853226,43.66714433514255,1,Automobile or Station Wagon,West,2,77,Major,Lap and Shoulder Belt,Driving properly,Normal,,,Going Ahead,,,,,driver,,York South-Weston (5),11 Division,Rockcliffe-Smythe,true,false,false,false,false,true,false,true,false,false,"{""coordinates"": [[-79.49179105853226, 43.66714433514255]], ""type"": ""MultiPoint""}"
1322,2006:942131,2006-11-26T21:15:00,ST CLAIR AVE W,JANE ST,,4,Non-Fatal Injury,,Traffic Signal,Angle,Clear,Dark,Dry,Major Arterial,false,-79.49179105853226,43.66714433514255,2,Automobile or Station Wagon,North,4,25,Major,Lap and Shoulder Belt,Disobeyed traffic control,Normal,,,Going Ahead,,,,,driver,,York South-Weston (5),11 Division,Rockcliffe-Smythe,true,false,false,false,false,true,false,true,false,false,"{""coordinates"": [[-79.49179105853226, 43.66714433514255]], ""type"": ""MultiPoint""}"
1323,2006:942286,2006-11-28T15:10:00,CARLAW AVE,EASTERN AVE,,2,Non-Fatal Injury,,Traffic Signal,Pedestrian Collision(internal code),Clear,Daylight,Dry,Major Arterial,false,-79.33899077909699,43.658344115762375,2,,West,2,68,Major,Other Safety Equipment Used,,,Crossing with right-of-way (intersection),Normal,,Driver turns left into pedestrian crossing with right-of-way (at intersection),,,,pedestrian,,Toronto-Danforth (14),55 Division,South Riverdale,false,false,false,false,false,true,true,false,false,false,"{""coordinates"": [[-79.33899077909699, 43.658344115762375]], ""type"": ""MultiPoint""}"
1324,2006:942286,2006-11-28T15:10:00,CARLAW AVE,EASTERN AVE,,2,Non-Fatal Injury,,Traffic Signal,Pedestrian Collision(internal code),Clear,Daylight,Dry,Major Arterial,false,-79.33899077909699,43.658344115762375,1,Automobile or Station Wagon,South,1,68,None,Lap and Shoulder Belt,Improper turn,Normal,,,Turning Left,,,,,driver,,Toronto-Danforth (14),55 Division,South Riverdale,false,false,false,false,false,true,true,false,false,false,"{""coordinates"": [[-79.33899077909699, 43.658344115762375]], ""type"": ""MultiPoint""}"
1325,2006:942296,2006-11-28T23:00:00,QUEEN ST E,DALHOUSIE ST,,3,Non-Fatal Injury,,No Control,Cyclist Collision,Clear,Daylight,Dry,Major Arterial,false,-79.37519085661532,43.65334416974078,2,Bicycle,East,1,58,Major,No Equipment Available,,,,,Changing Lanes,,Rear end with cyclist and driver travelling in same direction,Improper Lane Change,Inattentive,cyclist,,Toronto Centre (13),51 Division,Downtown Yonge East,false,true,true,false,false,false,false,false,false,false,"{""coordinates"": [[-79.37519085661532, 43.65334416974078]], ""type"": ""MultiPoint""}"
1326,2006:942296,2006-11-28T23:00:00,QUEEN ST E,DALHOUSIE ST,,3,Non-Fatal Injury,,No Control,Cyclist Collision,Clear,Daylight,Dry,Major Arterial,false,-79.37519085661532,43.65334416974078,1,,,2,,,Other Safety Equipment Used,,,,,,,,,,owner,,Toronto Centre (13),51 Division,Downtown Yonge East,false,true,true,false,false,false,false,false,false,false,"{""coordinates"": [[-79.37519085661532, 43.65334416974078]], ""type"": ""MultiPoint""}"
1327,2006:942296,2006-11-28T23:00:00,QUEEN ST E,DALHOUSIE ST,,3,Non-Fatal Injury,,No Control,Cyclist Collision,Clear,Daylight,Dry,Major Arterial,false,-79.37519085661532,43.65334416974078,1,Automobile or Station Wagon,East,3,55,None,Lap and Shoulder Belt,Driving properly,Normal,,,Going Ahead,,,,,driver,,Toronto Centre (13),51 Division,Downtown Yonge East,false,true,true,false,false,false,false,false,false,false,"{""coordinates"": [[-79.37519085661532, 43.65334416974078]], ""type"": ""MultiPoint""}"
1328,2006:939300,2006-11-29T11:11:00,EGLINTON AVE W,ELMSTHORPE AVE,,3,Non-Fatal Injury,,No Control,Pedestrian Collision(internal code),"Airborne Matter (Fog, Mist, Smoke, Dust)",Daylight,Wet,Major Arterial,false,-79.41069084442456,43.70414420757608,2,,South,3,80,Major,Other Safety Equipment Used,,,Crossing without right-of-way (intersection),Normal,,Driver hits pedestrian at midblock,,,,pedestrian,,Eglinton-Lawrence (8),53 Division,Lawrence Park South,false,false,false,false,false,true,true,false,false,false,"{""coordinates"": [[-79.41069084442456, 43.70414420757608]], ""type"": ""MultiPoint""}"