_id,collision_id,accdate,stname1,stname2,stname3,per_inv,acclass,accloc,traffictl,impactype,visible,light,rdsfcond,road_class,failtorem,longitude,latitude,veh_no,vehtype,initdir,per_no,invage,injury,safequip,drivact,drivcond,pedact,pedcond,manoeuvre,pedtype,cyclistype,cycact,cyccond,road_user,fatal_no,wardname,division,neighbourhood,aggressive,distracted,cyclist,motorcyclist,other_micromobility,older_adult,pedestrian,red_light,school_child,heavy_truck,geometry
1329,2006:939300,2006-11-29T11:11:00,EGLINTON AVE W,ELMSTHORPE AVE,,3,Non-Fatal Injury,,No Control,Pedestrian Collision(internal code),"Airborne Matter (Fog, Mist, Smoke, Dust)",Daylight,Wet,Major Arterial,false,-79.41069084442456,43.70414420757608,1,,,1,,None,Other Safety Equipment Used,,,,,,,,,,owner,,Eglinton-Lawrence (8),53 Division,Lawrence Park South,false,false,false,false,false,true,true,false,false,false,"{""coordinates"": [[-79.41069084442456, 43.70414420757608]], ""type"": ""MultiPoint""}"
1330,2006:939300,2006-11-29T11:11:00,EGLINTON AVE W,ELMSTHORPE AVE,,3,Non-Fatal Injury,,No Control,Pedestrian Collision(internal code),"Airborne Matter (Fog, Mist, Smoke, Dust)",Daylight,Wet,Major Arterial,false,-79.41069084442456,43.70414420757608,1,Automobile or Station Wagon,East,2,29,None,Lap and Shoulder Belt,Driving properly,Normal,,,Going Ahead,,,,,driver,,Eglinton-Lawrence (8),53 Division,Lawrence Park South,false,false,false,false,false,true,true,false,false,false,"{""coordinates"": [[-79.41069084442456, 43.70414420757608]], ""type"": ""MultiPoint""}"
1331,2006:939458,2006-11-30T07:20:00,WILSON AVE,BATHURST ST,,4,Fatal Injury,,No Control,Pedestrian Collision(internal code),Rain,Dark,Wet,Major Arterial,false,-79.43409083155122,43.73734422802794,2,Automobile or Station Wagon,West,3,47,None,Lap and Shoulder Belt,Driving properly,Normal,,,Going Ahead,,,,,driver,,York Centre (6),32 Division,Clanton Park,false,false,false,false,false,true,true,false,false,false,"{""coordinates"": [[-79.43409083155122, 43.73734422802794]], ""type"": ""MultiPoint""}"
1332,2006:939458,2006-11-30T07:20:00,WILSON AVE,BATHURST ST,,4,Fatal Injury,,No Control,Pedestrian Collision(internal code),Rain,Dark,Wet,Major Arterial,false,-79.43409083155122,43.73734422802794,1,Automobile or Station Wagon,West,1,57,None,Lap and Shoulder Belt,Driving properly,Normal,,,Going Ahead,,,,,driver,,York Centre (6),32 Division,Clanton Park,false,false,false,false,false,true,true,false,false,false,"{""coordinates"": [[-79.43409083155122, 43.73734422802794]], ""type"": ""MultiPoint""}"
1333,2006:939458,2006-11-30T07:20:00,WILSON AVE,BATHURST ST,,4,Fatal Injury,,No Control,Pedestrian Collision(internal code),Rain,Dark,Wet,Major Arterial,false,-79.43409083155122,43.73734422802794,2,,,2,,,Other Safety Equipment Used,,,,,,,,,,owner,,York Centre (6),32 Division,Clanton Park,false,false,false,false,false,true,true,false,false,false,"{""coordinates"": [[-79.43409083155122, 43.73734422802794]], ""type"": ""MultiPoint""}"
1334,2006:939458,2006-11-30T07:20:00,WILSON AVE,BATHURST ST,,4,Fatal Injury,,No Control,Pedestrian Collision(internal code),Rain,Dark,Wet,Major Arterial,false,-79.43409083155122,43.73734422802794,3,,South,4,65,Fatal,Other Safety Equipment Used,,,Crossing - no traffic control,Medical or Physical Disability,,Driver hits pedestrian at midblock,,,,pedestrian,53,York Centre (6),32 Division,Clanton Park,false,false,false,false,false,true,true,false,false,false,"{""coordinates"": [[-79.43409083155122, 43.73734422802794]], ""type"": ""MultiPoint""}"
1335,2006:942557,2006-11-30T18:05:00,DIXON Rd,CELESTINE Dr,,2,Non-Fatal Injury,At Intersection,Traffic Signal,Pedestrian Collision(internal code),Rain,Dark,Wet,Major Arterial,false,-79.56249110597275,43.69334440731684,1,Automobile or Station Wagon,East,1,48,None,Lap and Shoulder Belt,Failed to yield right-of-way,Normal,,,Turning Right,,,,,driver,,Etobicoke Centre (2),23 Division,Willowridge-Martingrove-Richview,true,false,false,false,false,false,true,false,false,false,"{""coordinates"": [[-79.56249110597275, 43.69334440731684]], ""type"": ""MultiPoint""}"
1336,2006:942557,2006-11-30T18:05:00,DIXON Rd,CELESTINE Dr,,2,Non-Fatal Injury,At Intersection,Traffic Signal,Pedestrian Collision(internal code),Rain,Dark,Wet,Major Arterial,false,-79.56249110597275,43.69334440731684,2,,East,2,26,Major,Other Safety Equipment Used,,,Crossing with right-of-way (intersection),Normal,,Driver turns right into pedestrian crossing with right-of-way (at intersection),,,,pedestrian,,Etobicoke Centre (2),23 Division,Willowridge-Martingrove-Richview,true,false,false,false,false,false,true,false,false,false,"{""coordinates"": [[-79.56249110597275, 43.69334440731684]], ""type"": ""MultiPoint""}"
1337,2006:942640,2006-11-30T18:51:00,SHEPPARD AVE E,BARBERRY PL,,5,Non-Fatal Injury,At Intersection,Traffic Signal,Turning Movement,Rain,Dark,Wet,Major Arterial,false,-79.38499070928363,43.76744416121498,1,,,1,,None,Other Safety Equipment Used,,,,,,,,,,owner,,Don Valley North (17),33 Division,Bayview Village,false,true,false,false,false,true,false,false,false,false,"{""coordinates"": [[-79.38499070928363, 43.76744416121498]], ""type"": ""MultiPoint""}"
1338,2006:942640,2006-11-30T18:51:00,SHEPPARD AVE E,BARBERRY PL,,5,Non-Fatal Injury,At Intersection,Traffic Signal,Turning Movement,Rain,Dark,Wet,Major Arterial,false,-79.38499070928363,43.76744416121498,2,Automobile or Station Wagon,West,5,82,Minimal,Lap and Shoulder Belt,Improper turn,Inattentive,,,Turning Left,,,,,driver,,Don Valley North (17),33 Division,Bayview Village,false,true,false,false,false,true,false,false,false,false,"{""coordinates"": [[-79.38499070928363, 43.76744416121498]], ""type"": ""MultiPoint""}"
1339,2006:942640,2006-11-30T18:51:00,SHEPPARD AVE E,BARBERRY PL,,5,Non-Fatal Injury,At Intersection,Traffic Signal,Turning Movement,Rain,Dark,Wet,Major Arterial,false,-79.38499070928363,43.76744416121498,1,Automobile or Station Wagon,East,2,42,None,Lap and Shoulder Belt,Driving properly,Normal,,,Going Ahead,,,,,driver,,Don Valley North (17),33 Division,Bayview Village,false,true,false,false,false,true,false,false,false,false,"{""coordinates"": [[-79.38499070928363, 43.76744416121498]], ""type"": ""MultiPoint""}"
1340,2006:942640,2006-11-30T18:51:00,SHEPPARD AVE E,BARBERRY PL,,5,Non-Fatal Injury,At Intersection,Traffic Signal,Turning Movement,Rain,Dark,Wet,Major Arterial,false,-79.38499070928363,43.76744416121498,2,,,3,81,Major,Lap and Shoulder Belt,,,,,,,,,,passenger,,Don Valley North (17),33 Division,Bayview Village,false,true,false,false,false,true,false,false,false,false,"{""coordinates"": [[-79.38499070928363, 43.76744416121498]], ""type"": ""MultiPoint""}"
1341,2006:942640,2006-11-30T18:51:00,SHEPPARD AVE E,BARBERRY PL,,5,Non-Fatal Injury,At Intersection,Traffic Signal,Turning Movement,Rain,Dark,Wet,Major Arterial,false,-79.38499070928363,43.76744416121498,2,,,4,89,Major,Lap and Shoulder Belt,,,,,,,,,,passenger,,Don Valley North (17),33 Division,Bayview Village,false,true,false,false,false,true,false,false,false,false,"{""coordinates"": [[-79.38499070928363, 43.76744416121498]], ""type"": ""MultiPoint""}"
1342,2006:942734,2006-12-01T21:20:00,HARBORD ST,MARKHAM ST,,3,Non-Fatal Injury,,No Control,Pedestrian Collision(internal code),Clear,Dark,Wet,Minor Arterial,false,-79.41099091366671,43.6612442202711,1,,,1,,,Other Safety Equipment Used,,,,,,,,,,owner,,University-Rosedale (11),14 Division,Palmerston-Little Italy,true,false,false,false,false,false,true,false,false,false,"{""coordinates"": [[-79.41099091366671, 43.6612442202711]], ""type"": ""MultiPoint""}"
1343,2006:942734,2006-12-01T21:20:00,HARBORD ST,MARKHAM ST,,3,Non-Fatal Injury,,No Control,Pedestrian Collision(internal code),Clear,Dark,Wet,Minor Arterial,false,-79.41099091366671,43.6612442202711,1,Automobile or Station Wagon,West,2,44,None,Lap and Shoulder Belt,Failed to yield right-of-way,Normal,,,Turning Left,,,,,driver,,University-Rosedale (11),14 Division,Palmerston-Little Italy,true,false,false,false,false,false,true,false,false,false,"{""coordinates"": [[-79.41099091366671, 43.6612442202711]], ""type"": ""MultiPoint""}"
1344,2006:942734,2006-12-01T21:20:00,HARBORD ST,MARKHAM ST,,3,Non-Fatal Injury,,No Control,Pedestrian Collision(internal code),Clear,Dark,Wet,Minor Arterial,false,-79.41099091366671,43.6612442202711,2,,West,3,37,Major,Other Safety Equipment Used,,,Crossing with right-of-way (intersection),Normal,,Driver turns left into pedestrian crossing with right-of-way (at intersection),,,,pedestrian,,University-Rosedale (11),14 Division,Palmerston-Little Italy,true,false,false,false,false,false,true,false,false,false,"{""coordinates"": [[-79.41099091366671, 43.6612442202711]], ""type"": ""MultiPoint""}"
1345,2006:947135,2006-12-02T13:00:00,THE EAST MALL,FORMULA CRT,,2,Non-Fatal Injury,,No Control,Pedestrian Collision(internal code),Clear,Daylight,Dry,Minor Arterial,false,-79.55709119850528,43.640144430808974,1,Automobile or Station Wagon,North,1,83,None,Other Safety Equipment Used,Driving properly,Normal,,,Going Ahead,,,,,driver,,Etobicoke Centre (2),22 Division,Islington,false,false,false,false,false,true,true,false,false,false,"{""coordinates"": [[-79.55709119850528, 43.640144430808974]], ""type"": ""MultiPoint""}"
1346,2006:947135,2006-12-02T13:00:00,THE EAST MALL,FORMULA CRT,,2,Non-Fatal Injury,,No Control,Pedestrian Collision(internal code),Clear,Daylight,Dry,Minor Arterial,false,-79.55709119850528,43.640144430808974,2,,West,2,71,Major,Other Safety Equipment Used,,,Crossing - no traffic control,Unknown,,Driver going straight hits pedestrian crossing without right-of-way (at intersection),,,,pedestrian,,Etobicoke Centre (2),22 Division,Islington,false,false,false,false,false,true,true,false,false,false,"{""coordinates"": [[-79.55709119850528, 43.640144430808974]], ""type"": ""MultiPoint""}"
1347,2006:939675,2006-12-02T21:16:00,ST CLAIR AVE W,ALBERTA AVE,,2,Non-Fatal Injury,At Intersection,No Control,Pedestrian Collision(internal code),Clear,Dark,Dry,Major Arterial,false,-79.4335909259376,43.680044246811036,2,,South,2,29,Major,Other Safety Equipment Used,,,Crossing - no traffic control,Had Been Drinking,,Driver going straight hits pedestrian crossing without right-of-way (at intersection),,,,pedestrian,,Davenport (9),13 Division,Wychwood,false,false,false,false,false,true,true,false,false,false,"{""coordinates"": [[-79.4335909259376, 43.680044246811036]], ""type"": ""MultiPoint""}"
1348,2006:939675,2006-12-02T21:16:00,ST CLAIR AVE W,ALBERTA AVE,,2,Non-Fatal Injury,At Intersection,No Control,Pedestrian Collision(internal code),Clear,Dark,Dry,Major Arterial,false,-79.4335909259376,43.680044246811036,1,Automobile or Station Wagon,West,1,69,None,Lap and Shoulder Belt,Driving properly,Normal,,,Going Ahead,,,,,driver,,Davenport (9),13 Division,Wychwood,false,false,false,false,false,true,true,false,false,false,"{""coordinates"": [[-79.4335909259376, 43.680044246811036]], ""type"": ""MultiPoint""}"
1349,2006:940098,2006-12-05T06:28:00,DUFFERIN ST,GLEN BELLE CRES,,2,Non-Fatal Injury,,No Control,Pedestrian Collision(internal code),Clear,Dark,Wet,Major Arterial,true,-79.45649089612729,43.722244262609024,2,,,2,,Major,Other Safety Equipment Used,,,,,Other,Unknown,,,,pedestrian,,Eglinton-Lawrence (8),32 Division,Yorkdale-Glen Park,false,false,false,false,false,false,true,false,false,false,"{""coordinates"": [[-79.45649089612729, 43.722244262609024]], ""type"": ""MultiPoint""}"
1350,2006:940098,2006-12-05T06:28:00,DUFFERIN ST,GLEN BELLE CRES,,2,Non-Fatal Injury,,No Control,Pedestrian Collision(internal code),Clear,Dark,Wet,Major Arterial,true,-79.45649089612729,43.722244262609024,1,Automobile or Station Wagon,,1,,None,Other Safety Equipment Used,,,,,Unknown,,,,,driver,,Eglinton-Lawrence (8),32 Division,Yorkdale-Glen Park,false,false,false,false,false,false,true,false,false,false,"{""coordinates"": [[-79.45649089612729, 43.722244262609024]], ""type"": ""MultiPoint""}"
1351,2006:940479,2006-12-05T12:50:00,VICTORIA PARK Aven,AMSTERDAM Aven,,3,Non-Fatal Injury,At Intersection,No Control,Turning Movement,Clear,Daylight,Other,Major Arterial,false,-79.29868662739169,43.715143055353614,1,,,1,,Minor,Other Safety Equipment Used,,,,,Other,,,,,driver,,Beaches-East York (19),55 Division,O'Connor-Parkview,false,false,false,false,false,false,false,false,true,false,"{""coordinates"": [[-79.29868662739169, 43.715143055353614]], ""type"": ""MultiPoint""}"
1352,2006:940479,2006-12-05T12:50:00,VICTORIA PARK Aven,AMSTERDAM Aven,,3,Non-Fatal Injury,At Intersection,No Control,Turning Movement,Clear,Daylight,Other,Major Arterial,false,-79.29868662739169,43.715143055353614,1,,,2,,None,Other Safety Equipment Used,,,,,Other,,,,,other,,Beaches-East York (19),55 Division,O'Connor-Parkview,false,false,false,false,false,false,false,false,true,false,"{""coordinates"": [[-79.29868662739169, 43.715143055353614]], ""type"": ""MultiPoint""}"
1353,2006:940479,2006-12-05T12:50:00,VICTORIA PARK Aven,AMSTERDAM Aven,,3,Non-Fatal Injury,At Intersection,No Control,Turning Movement,Clear,Daylight,Other,Major Arterial,false,-79.29868662739169,43.715143055353614,1,Automobile or Station Wagon,,3,17,Major,Lap and Shoulder Belt,,,,,Going Ahead,,,,,driver,,Beaches-East York (19),55 Division,O'Connor-Parkview,false,false,false,false,false,false,false,false,true,false,"{""coordinates"": [[-79.29868662739169, 43.715143055353614]], ""type"": ""MultiPoint""}"
1354,2006:940240,2006-12-05T18:21:00,VICTORIA PARK Ave,MCNICOLL Ave,,5,Non-Fatal Injury,,No Control,Pedestrian Collision(internal code),Clear,Dark,Dry,Major Arterial,true,-79.33659059324235,43.8047441027072,2,Automobile or Station Wagon,North,3,,None,Other Safety Equipment Used,Other,Unknown,,,Going Ahead,,,,,driver,,Scarborough-Agincourt (22),42 Division,Steeles,false,false,false,false,false,false,true,false,false,false,"{""coordinates"": [[-79.33659059324235, 43.8047441027072]], ""type"": ""MultiPoint""}"
1355,2006:940240,2006-12-05T18:21:00,VICTORIA PARK Ave,MCNICOLL Ave,,5,Non-Fatal Injury,,No Control,Pedestrian Collision(internal code),Clear,Dark,Dry,Major Arterial,true,-79.33659059324235,43.8047441027072,2,,,4,40,Major,Other Safety Equipment Used,,,Crossing without right-of-way (intersection),Normal,,Driver hits pedestrian at midblock,,,,pedestrian,,Scarborough-Agincourt (22),42 Division,Steeles,false,false,false,false,false,false,true,false,false,false,"{""coordinates"": [[-79.33659059324235, 43.8047441027072]], ""type"": ""MultiPoint""}"
1356,2006:940240,2006-12-05T18:21:00,VICTORIA PARK Ave,MCNICOLL Ave,,5,Non-Fatal Injury,,No Control,Pedestrian Collision(internal code),Clear,Dark,Dry,Major Arterial,true,-79.33659059324235,43.8047441027072,1,,,1,,None,Other Safety Equipment Used,,,,,,,,,,owner,,Scarborough-Agincourt (22),42 Division,Steeles,false,false,false,false,false,false,true,false,false,false,"{""coordinates"": [[-79.33659059324235, 43.8047441027072]], ""type"": ""MultiPoint""}"
1357,2006:940240,2006-12-05T18:21:00,VICTORIA PARK Ave,MCNICOLL Ave,,5,Non-Fatal Injury,,No Control,Pedestrian Collision(internal code),Clear,Dark,Dry,Major Arterial,true,-79.33659059324235,43.8047441027072,2,,,5,47,Major,Other Safety Equipment Used,,,Crossing without right-of-way (intersection),Normal,,Driver hits pedestrian at midblock,,,,pedestrian,,Scarborough-Agincourt (22),42 Division,Steeles,false,false,false,false,false,false,true,false,false,false,"{""coordinates"": [[-79.33659059324235, 43.8047441027072]], ""type"": ""MultiPoint""}"
1358,2006:940240,2006-12-05T18:21:00,VICTORIA PARK Ave,MCNICOLL Ave,,5,Non-Fatal Injury,,No Control,Pedestrian Collision(internal code),Clear,Dark,Dry,Major Arterial,true,-79.33659059324235,43.8047441027072,1,Automobile or Station Wagon,South,2,35,None,Lap and Shoulder Belt,Driving properly,Normal,,,Going Ahead,,,,,driver,,Scarborough-Agincourt (22),42 Division,Steeles,false,false,false,false,false,false,true,false,false,false,"{""coordinates"": [[-79.33659059324235, 43.8047441027072]], ""type"": ""MultiPoint""}"
1359,2006:943180,2006-12-06T13:00:00,MORTIMER Aven,BINSWOOD Aven,,3,Non-Fatal Injury,At Intersection,Stop Sign,Pedestrian Collision(internal code),Rain,Daylight,Wet,Minor Arterial,false,-79.32279070304041,43.69114408939049,3,,,3,57,Major,Other Safety Equipment Used,,,On sidewalk or shoulder,Unknown,,Driver hits pedestrian on sidewalk or shoulder,,,,pedestrian,,Beaches-East York (19),55 Division,Danforth East York,false,true,false,false,false,true,true,false,false,false,"{""coordinates"": [[-79.32279070304041, 43.69114408939049]], ""type"": ""MultiPoint""}"
1360,2006:943180,2006-12-06T13:00:00,MORTIMER Aven,BINSWOOD Aven,,3,Non-Fatal Injury,At Intersection,Stop Sign,Pedestrian Collision(internal code),Rain,Daylight,Wet,Minor Arterial,false,-79.32279070304041,43.69114408939049,1,Automobile or Station Wagon,West,1,50,Minor,Lap and Shoulder Belt,Driving properly,Normal,,,Going Ahead,,,,,driver,,Beaches-East York (19),55 Division,Danforth East York,false,true,false,false,false,true,true,false,false,false,"{""coordinates"": [[-79.32279070304041, 43.69114408939049]], ""type"": ""MultiPoint""}"
1361,2006:943180,2006-12-06T13:00:00,MORTIMER Aven,BINSWOOD Aven,,3,Non-Fatal Injury,At Intersection,Stop Sign,Pedestrian Collision(internal code),Rain,Daylight,Wet,Minor Arterial,false,-79.32279070304041,43.69114408939049,2,Automobile or Station Wagon,South,2,66,None,Lap and Shoulder Belt,Wrong way on one-way road,Inattentive,,,Going Ahead,,,,,driver,,Beaches-East York (19),55 Division,Danforth East York,false,true,false,false,false,true,true,false,false,false,"{""coordinates"": [[-79.32279070304041, 43.69114408939049]], ""type"": ""MultiPoint""}"
1362,2006:940482,2006-12-06T17:00:00,1568 MIDLAND Ave,,,2,Non-Fatal Injury,,Pedestrian Crossover,Pedestrian Collision(internal code),Clear,Dark,Wet,Major Arterial,false,-79.26649052327177,43.75544401494518,1,Automobile or Station Wagon,South,1,24,None,Other Safety Equipment Used,Following too closely,Unknown,,,Going Ahead,,,,,driver,,Scarborough Centre (21),41 Division,Dorset Park,true,false,false,false,false,false,true,false,false,false,"{""coordinates"": [[-79.26649052327177, 43.75544401494518]], ""type"": ""MultiPoint""}"
1363,2006:940482,2006-12-06T17:00:00,1568 MIDLAND Ave,,,2,Non-Fatal Injury,,Pedestrian Crossover,Pedestrian Collision(internal code),Clear,Dark,Wet,Major Arterial,false,-79.26649052327177,43.75544401494518,2,,East,2,59,Major,Other Safety Equipment Used,,,Crossing - pedestrian crossover,Unknown,,Driver hits pedestrian at PXO/pedestrian midblock signal,,,,pedestrian,,Scarborough Centre (21),41 Division,Dorset Park,true,false,false,false,false,false,true,false,false,false,"{""coordinates"": [[-79.26649052327177, 43.75544401494518]], ""type"": ""MultiPoint""}"
1364,2006:947143,2006-12-06T22:48:00,VICTORIA PARK AVE,HUNTINGWOOD DR,,2,Non-Fatal Injury,At Intersection,Traffic Signal,Pedestrian Collision(internal code),Drifting Snow,Dark,Wet,Major Arterial,true,-79.32539059852043,43.78034408889097,1,,East,2,56,Major,Other Safety Equipment Used,,,Crossing with right-of-way (intersection),Unknown,,Driver going straight hits pedestrian crossing with right-of-way (at intersection),,,,pedestrian,,Scarborough-Agincourt (22),42 Division,L'Amoreaux West,true,false,false,false,false,false,true,true,false,false,"{""coordinates"": [[-79.32539059852043, 43.78034408889097]], ""type"": ""MultiPoint""}"
1365,2006:947143,2006-12-06T22:48:00,VICTORIA PARK AVE,HUNTINGWOOD DR,,2,Non-Fatal Injury,At Intersection,Traffic Signal,Pedestrian Collision(internal code),Drifting Snow,Dark,Wet,Major Arterial,true,-79.32539059852043,43.78034408889097,1,Automobile or Station Wagon,South,1,,None,Other Safety Equipment Used,Disobeyed traffic control,Unknown,,,Going Ahead,,,,,driver,,Scarborough-Agincourt (22),42 Division,L'Amoreaux West,true,false,false,false,false,false,true,true,false,false,"{""coordinates"": [[-79.32539059852043, 43.78034408889097]], ""type"": ""MultiPoint""}"
1366,2006:940622,2006-12-07T07:00:00,FENSIDE Dr,YORK MILLS Rd,,2,Non-Fatal Injury,,Traffic Signal,Pedestrian Collision(internal code),Clear,Dawn,Other,Major Arterial,false,-79.32769062094556,43.76064409104847,1,Automobile or Station Wagon,South,1,26,None,Other Safety Equipment Used,Lost control,Normal,,,Going Ahead,,,,,driver,,Don Valley East (16),33 Division,Fenside-Parkwoods,false,false,false,false,false,false,true,false,false,false,"{""coordinates"": [[-79.32769062094556, 43.76064409104847]], ""type"": ""MultiPoint""}"
1367,2006:940622,2006-12-07T07:00:00,FENSIDE Dr,YORK MILLS Rd,,2,Non-Fatal Injury,,Traffic Signal,Pedestrian Collision(internal code),Clear,Dawn,Other,Major Arterial,false,-79.32769062094556,43.76064409104847,2,,East,2,46,Major,Other Safety Equipment Used,,,Other,Normal,,Driver going straight hits pedestrian crossing without right-of-way (at intersection),,,,pedestrian,,Don Valley East (16),33 Division,Fenside-Parkwoods,false,false,false,false,false,false,true,false,false,false,"{""coordinates"": [[-79.32769062094556, 43.76064409104847]], ""type"": ""MultiPoint""}"
1368,2006:940627,2006-12-07T15:17:00,WHITEWOOD RD,DAVISVILLE AVE,,2,Non-Fatal Injury,,No Control,Pedestrian Collision(internal code),Clear,Daylight,Dry,Collector,false,-79.3752907824519,43.70274415983773,2,,East,2,89,Major,Other Safety Equipment Used,,,Crossing with right-of-way (intersection),Normal,,Driver turns right into pedestrian crossing with right-of-way (at intersection),,,,pedestrian,,Don Valley West (15),53 Division,Mount Pleasant East,true,false,false,false,false,true,true,false,false,false,"{""coordinates"": [[-79.3752907824519, 43.70274415983773]], ""type"": ""MultiPoint""}"
1369,2006:940627,2006-12-07T15:17:00,WHITEWOOD RD,DAVISVILLE AVE,,2,Non-Fatal Injury,,No Control,Pedestrian Collision(internal code),Clear,Daylight,Dry,Collector,false,-79.3752907824519,43.70274415983773,1,Automobile or Station Wagon,West,1,90,None,Lap and Shoulder Belt,Failed to yield right-of-way,Normal,,,Turning Right,,,,,driver,,Don Valley West (15),53 Division,Mount Pleasant East,true,false,false,false,false,true,true,false,false,false,"{""coordinates"": [[-79.3752907824519, 43.70274415983773]], ""type"": ""MultiPoint""}"
1370,2006:940637,2006-12-07T15:45:00,BRIMLEY RD,HUNTINGWOOD DR,,2,Fatal Injury,,No Control,Pedestrian Collision(internal code),Clear,Daylight,Dry,Major Arterial,false,-79.27219049870389,43.79584402698832,2,,East,2,84,Fatal,Other Safety Equipment Used,,,Crossing - no traffic control,Unknown,,Driver hits pedestrian at midblock,,,,pedestrian,54,Scarborough North (23),42 Division,Agincourt North,false,false,false,false,false,true,true,false,false,false,"{""coordinates"": [[-79.27219049870389, 43.79584402698832]], ""type"": ""MultiPoint""}"
1371,2006:940637,2006-12-07T15:45:00,BRIMLEY RD,HUNTINGWOOD DR,,2,Fatal Injury,,No Control,Pedestrian Collision(internal code),Clear,Daylight,Dry,Major Arterial,false,-79.27219049870389,43.79584402698832,1,Automobile or Station Wagon,South,1,20,None,Lap and Shoulder Belt,Driving properly,Normal,,,Going Ahead,,,,,driver,,Scarborough North (23),42 Division,Agincourt North,false,false,false,false,false,true,true,false,false,false,"{""coordinates"": [[-79.27219049870389, 43.79584402698832]], ""type"": ""MultiPoint""}"
1372,2006:940647,2006-12-07T16:30:00,PARK RD,ROSEDALE VALLEY RD,,4,Non-Fatal Injury,At Intersection,Stop Sign,Rear End,Clear,Daylight,Dry,Minor Arterial,true,-79.3840908432121,43.673444178364804,1,Automobile or Station Wagon,North,3,32,Minimal,Lap and Shoulder Belt,Driving properly,Normal,,,Stopped,,,,,driver,,University-Rosedale (11),53 Division,Rosedale-Moore Park,true,false,false,false,false,false,false,false,false,false,"{""coordinates"": [[-79.3840908432121, 43.673444178364804]], ""type"": ""MultiPoint""}"
1373,2006:940647,2006-12-07T16:30:00,PARK RD,ROSEDALE VALLEY RD,,4,Non-Fatal Injury,At Intersection,Stop Sign,Rear End,Clear,Daylight,Dry,Minor Arterial,true,-79.3840908432121,43.673444178364804,1,,,1,54,Major,Lap and Shoulder Belt,,,,,,,,,,passenger,,University-Rosedale (11),53 Division,Rosedale-Moore Park,true,false,false,false,false,false,false,false,false,false,"{""coordinates"": [[-79.3840908432121, 43.673444178364804]], ""type"": ""MultiPoint""}"
1374,2006:940647,2006-12-07T16:30:00,PARK RD,ROSEDALE VALLEY RD,,4,Non-Fatal Injury,At Intersection,Stop Sign,Rear End,Clear,Daylight,Dry,Minor Arterial,true,-79.3840908432121,43.673444178364804,1,,,2,3,Major,Lap and Shoulder Belt,,,,,,,,,,passenger,,University-Rosedale (11),53 Division,Rosedale-Moore Park,true,false,false,false,false,false,false,false,false,false,"{""coordinates"": [[-79.3840908432121, 43.673444178364804]], ""type"": ""MultiPoint""}"
1375,2006:940647,2006-12-07T16:30:00,PARK RD,ROSEDALE VALLEY RD,,4,Non-Fatal Injury,At Intersection,Stop Sign,Rear End,Clear,Daylight,Dry,Minor Arterial,true,-79.3840908432121,43.673444178364804,2,Automobile or Station Wagon,North,4,41,Major,Other Safety Equipment Used,Following too closely,Unknown,,,Unknown,,,,,driver,,University-Rosedale (11),53 Division,Rosedale-Moore Park,true,false,false,false,false,false,false,false,false,false,"{""coordinates"": [[-79.3840908432121, 43.673444178364804]], ""type"": ""MultiPoint""}"
1376,2006:943330,2006-12-07T18:00:00,40 KING St W,,,2,Non-Fatal Injury,,No Control,Cyclist Collision,Clear,Dark,Dry,Major Arterial,false,-79.37939087161588,43.64884417689281,1,Automobile or Station Wagon,,1,42,None,Other Safety Equipment Used,Other,Inattentive,,,Stopped,,,,,driver,,Toronto Centre (13),52 Division,Yonge-Bay Corridor,false,true,true,false,false,false,false,false,false,false,"{""coordinates"": [[-79.37939087161588, 43.64884417689281]], ""type"": ""MultiPoint""}"
1377,2006:943330,2006-12-07T18:00:00,40 KING St W,,,2,Non-Fatal Injury,,No Control,Cyclist Collision,Clear,Dark,Dry,Major Arterial,false,-79.37939087161588,43.64884417689281,2,Bicycle,West,2,28,Major,Helmet,,,,,Overtaking,,Dooring,Driving Properly,Normal,cyclist,,Toronto Centre (13),52 Division,Yonge-Bay Corridor,false,true,true,false,false,false,false,false,false,false,"{""coordinates"": [[-79.37939087161588, 43.64884417689281]], ""type"": ""MultiPoint""}"
1378,2006:957584,2006-12-07T20:08:00,SENLAC RD,FINCH AVE W,,3,Non-Fatal Injury,,Traffic Signal,Pedestrian Collision(internal code),Snow,Dark,Wet,Major Arterial,false,-79.43029077396632,43.77644421525853,2,,South,3,13,Major,Other Safety Equipment Used,,,Crossing with right-of-way (intersection),Normal,,Driver turns left into pedestrian crossing with right-of-way (at intersection),,,,pedestrian,,Willowdale (18),32 Division,Willowdale West,true,true,false,false,false,false,true,false,true,false,"{""coordinates"": [[-79.43029077396632, 43.77644421525853]], ""type"": ""MultiPoint""}"
1379,2006:957584,2006-12-07T20:08:00,SENLAC RD,FINCH AVE W,,3,Non-Fatal Injury,,Traffic Signal,Pedestrian Collision(internal code),Snow,Dark,Wet,Major Arterial,false,-79.43029077396632,43.77644421525853,1,Automobile or Station Wagon,North,1,22,None,Lap and Shoulder Belt,Failed to yield right-of-way,Inattentive,,,Turning Left,,,,,driver,,Willowdale (18),32 Division,Willowdale West,true,true,false,false,false,false,true,false,true,false,"{""coordinates"": [[-79.43029077396632, 43.77644421525853]], ""type"": ""MultiPoint""}"