_id,collision_id,accdate,stname1,stname2,stname3,per_inv,acclass,accloc,traffictl,impactype,visible,light,rdsfcond,road_class,failtorem,longitude,latitude,veh_no,vehtype,initdir,per_no,invage,injury,safequip,drivact,drivcond,pedact,pedcond,manoeuvre,pedtype,cyclistype,cycact,cyccond,road_user,fatal_no,wardname,division,neighbourhood,aggressive,distracted,cyclist,motorcyclist,other_micromobility,older_adult,pedestrian,red_light,school_child,heavy_truck,geometry
1433,2006:945654,2006-12-19T20:00:00,39 WESTHAMPTON DR,,,4,Non-Fatal Injury,,No Control,SMV Unattended Vehicle,Clear,Dark,Dry,Local,true,-79.55629108009443,43.70294439467624,2,,,2,19,Major,Equipment Not Used But Available,,,,,,,,,,passenger,,Etobicoke North (1),23 Division,Kingsview Village-The Westway,false,false,false,false,false,false,false,false,true,false,"{""coordinates"": [[-79.55629108009443, 43.70294439467624]], ""type"": ""MultiPoint""}"
1434,2006:945654,2006-12-19T20:00:00,39 WESTHAMPTON DR,,,4,Non-Fatal Injury,,No Control,SMV Unattended Vehicle,Clear,Dark,Dry,Local,true,-79.55629108009443,43.70294439467624,2,,,3,,None,Other Safety Equipment Used,,,,,,,,,,owner,,Etobicoke North (1),23 Division,Kingsview Village-The Westway,false,false,false,false,false,false,false,false,true,false,"{""coordinates"": [[-79.55629108009443, 43.70294439467624]], ""type"": ""MultiPoint""}"
1435,2006:945654,2006-12-19T20:00:00,39 WESTHAMPTON DR,,,4,Non-Fatal Injury,,No Control,SMV Unattended Vehicle,Clear,Dark,Dry,Local,true,-79.55629108009443,43.70294439467624,2,Automobile or Station Wagon,East,4,20,Minor,Lap and Shoulder Belt,Lost control,Normal,,,Slowing or Stopping,,,,,driver,,Etobicoke North (1),23 Division,Kingsview Village-The Westway,false,false,false,false,false,false,false,false,true,false,"{""coordinates"": [[-79.55629108009443, 43.70294439467624]], ""type"": ""MultiPoint""}"
1436,2006:945694,2006-12-20T10:23:00,DUNDAS ST W,PALMERSTON AVE,,2,Non-Fatal Injury,At Intersection,Pedestrian Crossover,Pedestrian Collision(internal code),Clear,Daylight,Dry,Major Arterial,false,-79.40849092400154,43.65174421929625,2,,North,2,47,Major,Other Safety Equipment Used,,,Crossing - pedestrian crossover,Normal,,Driver hits pedestrian at PXO/pedestrian midblock signal,,,,pedestrian,,Spadina-Fort York (10),14 Division,Trinity-Bellwoods,true,false,false,false,false,false,true,false,false,false,"{""coordinates"": [[-79.40849092400154, 43.65174421929625]], ""type"": ""MultiPoint""}"
1437,2006:945694,2006-12-20T10:23:00,DUNDAS ST W,PALMERSTON AVE,,2,Non-Fatal Injury,At Intersection,Pedestrian Crossover,Pedestrian Collision(internal code),Clear,Daylight,Dry,Major Arterial,false,-79.40849092400154,43.65174421929625,1,Automobile or Station Wagon,South,1,51,None,Other Safety Equipment Used,Failed to yield right-of-way,Unknown,,,Turning Left,,,,,driver,,Spadina-Fort York (10),14 Division,Trinity-Bellwoods,true,false,false,false,false,false,true,false,false,false,"{""coordinates"": [[-79.40849092400154, 43.65174421929625]], ""type"": ""MultiPoint""}"
1438,2006:946614,2006-12-20T10:43:00,MCCOWAN RD,SANDHURST CRCL,,4,Non-Fatal Injury,,Traffic Signal,Angle,Clear,Daylight,Dry,Major Arterial,false,-79.2691904806427,43.81164402549021,3,,,3,9,Major,Lap and Shoulder Belt,,,,,,,,,,passenger,,Scarborough North (23),42 Division,Agincourt North,true,false,false,false,false,false,false,true,true,false,"{""coordinates"": [[-79.2691904806427, 43.81164402549021]], ""type"": ""MultiPoint""}"
1439,2006:946614,2006-12-20T10:43:00,MCCOWAN RD,SANDHURST CRCL,,4,Non-Fatal Injury,,Traffic Signal,Angle,Clear,Daylight,Dry,Major Arterial,false,-79.2691904806427,43.81164402549021,1,Automobile or Station Wagon,North,1,36,Major,Lap and Shoulder Belt,Disobeyed traffic control,Normal,,,Going Ahead,,,,,driver,,Scarborough North (23),42 Division,Agincourt North,true,false,false,false,false,false,false,true,true,false,"{""coordinates"": [[-79.2691904806427, 43.81164402549021]], ""type"": ""MultiPoint""}"
1440,2006:946614,2006-12-20T10:43:00,MCCOWAN RD,SANDHURST CRCL,,4,Non-Fatal Injury,,Traffic Signal,Angle,Clear,Daylight,Dry,Major Arterial,false,-79.2691904806427,43.81164402549021,3,Automobile or Station Wagon,South,4,64,Major,Lap and Shoulder Belt,Driving properly,Normal,,,Going Ahead,,,,,driver,,Scarborough North (23),42 Division,Agincourt North,true,false,false,false,false,false,false,true,true,false,"{""coordinates"": [[-79.2691904806427, 43.81164402549021]], ""type"": ""MultiPoint""}"
1441,2006:946614,2006-12-20T10:43:00,MCCOWAN RD,SANDHURST CRCL,,4,Non-Fatal Injury,,Traffic Signal,Angle,Clear,Daylight,Dry,Major Arterial,false,-79.2691904806427,43.81164402549021,2,Automobile or Station Wagon,West,2,42,Major,Lap and Shoulder Belt,Driving properly,Normal,,,Going Ahead,,,,,driver,,Scarborough North (23),42 Division,Agincourt North,true,false,false,false,false,false,false,true,true,false,"{""coordinates"": [[-79.2691904806427, 43.81164402549021]], ""type"": ""MultiPoint""}"
1442,2006:945676,2006-12-20T14:20:00,EMERSON AVE,WALLACE AVE,,3,Non-Fatal Injury,At Intersection,Stop Sign,Cyclist Collision,Clear,Daylight,Dry,Collector,false,-79.44239097160519,43.66274426545998,2,Municipal Transit Bus (TTC),South,3,40,None,Lap and Shoulder Belt,Driving properly,Normal,,,Going Ahead,,,,,driver,,Davenport (9),11 Division,Junction-Wallace Emerson,false,false,true,false,false,false,false,false,false,true,"{""coordinates"": [[-79.44239097160519, 43.66274426545998]], ""type"": ""MultiPoint""}"
1443,2006:945676,2006-12-20T14:20:00,EMERSON AVE,WALLACE AVE,,3,Non-Fatal Injury,At Intersection,Stop Sign,Cyclist Collision,Clear,Daylight,Dry,Collector,false,-79.44239097160519,43.66274426545998,1,Bicycle,West,1,59,Major,No Equipment Available,,,,,Going Ahead,,"Cyclist without right-of-way rides into path of driver (at intersection, laneway, or driveway)",Disobeyed Traffic Control,Normal,cyclist,,Davenport (9),11 Division,Junction-Wallace Emerson,false,false,true,false,false,false,false,false,false,true,"{""coordinates"": [[-79.44239097160519, 43.66274426545998]], ""type"": ""MultiPoint""}"
1444,2006:945676,2006-12-20T14:20:00,EMERSON AVE,WALLACE AVE,,3,Non-Fatal Injury,At Intersection,Stop Sign,Cyclist Collision,Clear,Daylight,Dry,Collector,false,-79.44239097160519,43.66274426545998,2,,,2,,,Other Safety Equipment Used,,,,,,,,,,owner,,Davenport (9),11 Division,Junction-Wallace Emerson,false,false,true,false,false,false,false,false,false,true,"{""coordinates"": [[-79.44239097160519, 43.66274426545998]], ""type"": ""MultiPoint""}"
1445,2006:945854,2006-12-22T16:45:00,VICTORIA ST,RICHMOND ST E,,2,Non-Fatal Injury,,Traffic Signal,Pedestrian Collision(internal code),Rain,Dark,Wet,Major Arterial,false,-79.37779086379423,43.65194417386788,1,Automobile or Station Wagon,North,1,52,None,Lap and Shoulder Belt,Driving properly,Normal,,,Turning Left,,,,,driver,,Toronto Centre (13),51 Division,Downtown Yonge East,false,true,false,false,false,true,true,false,false,false,"{""coordinates"": [[-79.37779086379423, 43.65194417386788]], ""type"": ""MultiPoint""}"
1446,2006:945854,2006-12-22T16:45:00,VICTORIA ST,RICHMOND ST E,,2,Non-Fatal Injury,,Traffic Signal,Pedestrian Collision(internal code),Rain,Dark,Wet,Major Arterial,false,-79.37779086379423,43.65194417386788,2,,East,2,76,Major,Other Safety Equipment Used,,,Crossing without right-of-way (intersection),Inattentive,,Driver turns left into pedestrian crossing without right-of-way (at intersection),,,,pedestrian,,Toronto Centre (13),51 Division,Downtown Yonge East,false,true,false,false,false,true,true,false,false,false,"{""coordinates"": [[-79.37779086379423, 43.65194417386788]], ""type"": ""MultiPoint""}"
1447,2006:946028,2006-12-23T04:25:00,BIRCHMOUNT RD,ELLESMERE RD,,3,Non-Fatal Injury,,Traffic Signal,Rear End,Clear,Dark,Wet,Major Arterial,false,-79.291390557974,43.76344404657234,2,Automobile or Station Wagon,North,3,33,Minor,Lap and Shoulder Belt,Driving properly,Normal,,,Going Ahead,,,,,driver,,Scarborough Centre (21),41 Division,Wexford/Maryvale,true,false,false,false,false,false,false,true,false,false,"{""coordinates"": [[-79.291390557974, 43.76344404657234]], ""type"": ""MultiPoint""}"
1448,2006:946028,2006-12-23T04:25:00,BIRCHMOUNT RD,ELLESMERE RD,,3,Non-Fatal Injury,,Traffic Signal,Rear End,Clear,Dark,Wet,Major Arterial,false,-79.291390557974,43.76344404657234,1,Automobile or Station Wagon,East,1,45,None,Lap and Shoulder Belt,Disobeyed traffic control,Normal,,,Going Ahead,,,,,driver,,Scarborough Centre (21),41 Division,Wexford/Maryvale,true,false,false,false,false,false,false,true,false,false,"{""coordinates"": [[-79.291390557974, 43.76344404657234]], ""type"": ""MultiPoint""}"
1449,2006:946028,2006-12-23T04:25:00,BIRCHMOUNT RD,ELLESMERE RD,,3,Non-Fatal Injury,,Traffic Signal,Rear End,Clear,Dark,Wet,Major Arterial,false,-79.291390557974,43.76344404657234,2,,,2,43,Major,Lap and Shoulder Belt,,,,,,,,,,passenger,,Scarborough Centre (21),41 Division,Wexford/Maryvale,true,false,false,false,false,false,false,true,false,false,"{""coordinates"": [[-79.291390557974, 43.76344404657234]], ""type"": ""MultiPoint""}"
1450,2006:943986,2006-12-23T18:09:00,O CONNOR DR,LEAFY WOODWAY,,3,Fatal Injury,,No Control,Pedestrian Collision(internal code),Rain,Dark,Wet,Major Arterial,false,-79.30359062680616,43.7222440616197,1,Automobile or Station Wagon,East,2,33,None,Lap and Shoulder Belt,Driving properly,Normal,,,Going Ahead,,,,,driver,,Don Valley East (16),55 Division,Victoria Village,false,true,false,false,false,true,true,false,false,false,"{""coordinates"": [[-79.30359062680616, 43.7222440616197]], ""type"": ""MultiPoint""}"
1451,2006:943986,2006-12-23T18:09:00,O CONNOR DR,LEAFY WOODWAY,,3,Fatal Injury,,No Control,Pedestrian Collision(internal code),Rain,Dark,Wet,Major Arterial,false,-79.30359062680616,43.7222440616197,1,,,1,,,Other Safety Equipment Used,,,,,,,,,,owner,,Don Valley East (16),55 Division,Victoria Village,false,true,false,false,false,true,true,false,false,false,"{""coordinates"": [[-79.30359062680616, 43.7222440616197]], ""type"": ""MultiPoint""}"
1452,2006:943986,2006-12-23T18:09:00,O CONNOR DR,LEAFY WOODWAY,,3,Fatal Injury,,No Control,Pedestrian Collision(internal code),Rain,Dark,Wet,Major Arterial,false,-79.30359062680616,43.7222440616197,2,,North,3,66,Fatal,Other Safety Equipment Used,,,Crossing - no traffic control,Inattentive,,Driver hits pedestrian at midblock,,,,pedestrian,56,Don Valley East (16),55 Division,Victoria Village,false,true,false,false,false,true,true,false,false,false,"{""coordinates"": [[-79.30359062680616, 43.7222440616197]], ""type"": ""MultiPoint""}"
1453,2006:946102,2006-12-24T00:30:00,YONGE ST,MC NAIRN AVE,,6,Non-Fatal Injury,,No Control,Approaching Head On,Clear,Dark,Dry,Major Arterial,false,-79.40489078384122,43.73574419110462,3,,,4,14,Minor,Lap and Shoulder Belt,,,,,,,,,,passenger,,Eglinton-Lawrence (8),32 Division,Lawrence Park North,false,false,false,false,false,false,false,false,true,false,"{""coordinates"": [[-79.40489078384122, 43.73574419110462]], ""type"": ""MultiPoint""}"
1454,2006:946102,2006-12-24T00:30:00,YONGE ST,MC NAIRN AVE,,6,Non-Fatal Injury,,No Control,Approaching Head On,Clear,Dark,Dry,Major Arterial,false,-79.40489078384122,43.73574419110462,1,Automobile or Station Wagon,South,1,42,None,Lap and Shoulder Belt,Lost control,Medical or Physical Disability,,,Going Ahead,,,,,driver,,Eglinton-Lawrence (8),32 Division,Lawrence Park North,false,false,false,false,false,false,false,false,true,false,"{""coordinates"": [[-79.40489078384122, 43.73574419110462]], ""type"": ""MultiPoint""}"
1455,2006:946102,2006-12-24T00:30:00,YONGE ST,MC NAIRN AVE,,6,Non-Fatal Injury,,No Control,Approaching Head On,Clear,Dark,Dry,Major Arterial,false,-79.40489078384122,43.73574419110462,3,,,5,18,Minor,Lap and Shoulder Belt,,,,,,,,,,passenger,,Eglinton-Lawrence (8),32 Division,Lawrence Park North,false,false,false,false,false,false,false,false,true,false,"{""coordinates"": [[-79.40489078384122, 43.73574419110462]], ""type"": ""MultiPoint""}"
1456,2006:946102,2006-12-24T00:30:00,YONGE ST,MC NAIRN AVE,,6,Non-Fatal Injury,,No Control,Approaching Head On,Clear,Dark,Dry,Major Arterial,false,-79.40489078384122,43.73574419110462,3,Automobile or Station Wagon,North,6,43,Major,Lap and Shoulder Belt,Driving properly,Normal,,,Going Ahead,,,,,driver,,Eglinton-Lawrence (8),32 Division,Lawrence Park North,false,false,false,false,false,false,false,false,true,false,"{""coordinates"": [[-79.40489078384122, 43.73574419110462]], ""type"": ""MultiPoint""}"
1457,2006:946102,2006-12-24T00:30:00,YONGE ST,MC NAIRN AVE,,6,Non-Fatal Injury,,No Control,Approaching Head On,Clear,Dark,Dry,Major Arterial,false,-79.40489078384122,43.73574419110462,2,Automobile or Station Wagon,North,2,30,None,Lap and Shoulder Belt,Driving properly,Normal,,,Going Ahead,,,,,driver,,Eglinton-Lawrence (8),32 Division,Lawrence Park North,false,false,false,false,false,false,false,false,true,false,"{""coordinates"": [[-79.40489078384122, 43.73574419110462]], ""type"": ""MultiPoint""}"
1458,2006:944033,2006-12-24T08:20:00,35 BRAYWIN DR,,,1,Non-Fatal Injury,,No Control,SMV Other,Clear,Daylight,Dry,Local,false,-79.53629105960505,43.70024437290412,1,Automobile or Station Wagon,West,1,90,Major,Lap and Shoulder Belt,Driving properly,Medical or Physical Disability,,,Unknown,,,,,driver,,Etobicoke North (1),23 Division,Kingsview Village-The Westway,false,false,false,false,false,true,false,false,false,false,"{""coordinates"": [[-79.53629105960505, 43.70024437290412]], ""type"": ""MultiPoint""}"
1459,2006:944038,2006-12-24T08:50:00,MARKHAM RD,PAINTED POST DR,,3,Fatal Injury,At Intersection,Traffic Signal,Angle,Clear,Daylight,Dry,Major Arterial,false,-79.22839045612463,43.76754397474643,1,Automobile or Station Wagon,North,2,29,Minor,Air Bag Deployed,Disobeyed traffic control,Normal,,,Going Ahead,,,,,driver,,Scarborough-Guildwood (24),43 Division,Woburn North,true,false,false,false,false,false,false,true,false,false,"{""coordinates"": [[-79.22839045612463, 43.76754397474643]], ""type"": ""MultiPoint""}"
1460,2006:944038,2006-12-24T08:50:00,MARKHAM RD,PAINTED POST DR,,3,Fatal Injury,At Intersection,Traffic Signal,Angle,Clear,Daylight,Dry,Major Arterial,false,-79.22839045612463,43.76754397474643,1,,,1,,,Other Safety Equipment Used,,,,,,,,,,owner,,Scarborough-Guildwood (24),43 Division,Woburn North,true,false,false,false,false,false,false,true,false,false,"{""coordinates"": [[-79.22839045612463, 43.76754397474643]], ""type"": ""MultiPoint""}"
1461,2006:944038,2006-12-24T08:50:00,MARKHAM RD,PAINTED POST DR,,3,Fatal Injury,At Intersection,Traffic Signal,Angle,Clear,Daylight,Dry,Major Arterial,false,-79.22839045612463,43.76754397474643,2,Automobile or Station Wagon,West,3,43,Fatal,Air Bag Deployed,Driving properly,Unknown,,,Going Ahead,,,,,driver,57,Scarborough-Guildwood (24),43 Division,Woburn North,true,false,false,false,false,false,false,true,false,false,"{""coordinates"": [[-79.22839045612463, 43.76754397474643]], ""type"": ""MultiPoint""}"
1462,2006:946073,2006-12-24T13:50:00,52 RANEE AVE,,,3,Non-Fatal Injury,,No Control,Approaching Head On,Clear,Daylight,Dry,Collector,false,-79.43439085037588,43.72634423216087,2,Automobile or Station Wagon,West,2,41,Major,Equipment Not Used But Available,Driving properly,Normal,,,Going Ahead,,,,,driver,,Eglinton-Lawrence (8),32 Division,Englemount-Lawrence,false,false,false,false,false,false,false,false,false,false,"{""coordinates"": [[-79.43439085037588, 43.72634423216087]], ""type"": ""MultiPoint""}"
1463,2006:946073,2006-12-24T13:50:00,52 RANEE AVE,,,3,Non-Fatal Injury,,No Control,Approaching Head On,Clear,Daylight,Dry,Collector,false,-79.43439085037588,43.72634423216087,3,,,3,,None,Other Safety Equipment Used,,,,,,,,,,owner,,Eglinton-Lawrence (8),32 Division,Englemount-Lawrence,false,false,false,false,false,false,false,false,false,false,"{""coordinates"": [[-79.43439085037588, 43.72634423216087]], ""type"": ""MultiPoint""}"
1464,2006:946073,2006-12-24T13:50:00,52 RANEE AVE,,,3,Non-Fatal Injury,,No Control,Approaching Head On,Clear,Daylight,Dry,Collector,false,-79.43439085037588,43.72634423216087,1,Automobile or Station Wagon,East,1,59,Minor,Lap and Shoulder Belt,Lost control,Fatigue/Fell Asleep,,,Going Ahead,,,,,driver,,Eglinton-Lawrence (8),32 Division,Englemount-Lawrence,false,false,false,false,false,false,false,false,false,false,"{""coordinates"": [[-79.43439085037588, 43.72634423216087]], ""type"": ""MultiPoint""}"
1465,2006:950128,2006-12-24T19:33:00,STEELES AVE E,REDLEA AVE,,2,Non-Fatal Injury,,No Control,Pedestrian Collision(internal code),Clear,Dark,Dry,Major Arterial,false,-79.3050905257488,43.82414406752907,2,,South,1,33,Major,Other Safety Equipment Used,,,Crossing - no traffic control,Inattentive,,Driver hits pedestrian at midblock,,,,pedestrian,,Scarborough-Agincourt (22),42 Division,Milliken,false,true,false,false,false,false,true,false,false,false,"{""coordinates"": [[-79.3050905257488, 43.82414406752907]], ""type"": ""MultiPoint""}"
1466,2006:950128,2006-12-24T19:33:00,STEELES AVE E,REDLEA AVE,,2,Non-Fatal Injury,,No Control,Pedestrian Collision(internal code),Clear,Dark,Dry,Major Arterial,false,-79.3050905257488,43.82414406752907,1,Automobile or Station Wagon,West,2,33,None,Other Safety Equipment Used,Driving properly,Normal,,,Going Ahead,,,,,driver,,Scarborough-Agincourt (22),42 Division,Milliken,false,true,false,false,false,false,true,false,false,false,"{""coordinates"": [[-79.3050905257488, 43.82414406752907]], ""type"": ""MultiPoint""}"
1467,2006:944001,2006-12-24T22:59:00,ROSEDALE VALLEY RD,BAYVIEW AVE,,4,Non-Fatal Injury,,No Control,SMV Other,Rain,Dark,Wet,Minor Arterial,false,-79.3654908108148,43.67154415214825,1,,,1,23,Minor,Lap and Shoulder Belt,,,,,,,,,,passenger,,University-Rosedale (11),51 Division,Cabbagetown-South St.James Town,true,false,false,false,false,false,false,false,false,false,"{""coordinates"": [[-79.3654908108148, 43.67154415214825]], ""type"": ""MultiPoint""}"
1468,2006:944001,2006-12-24T22:59:00,ROSEDALE VALLEY RD,BAYVIEW AVE,,4,Non-Fatal Injury,,No Control,SMV Other,Rain,Dark,Wet,Minor Arterial,false,-79.3654908108148,43.67154415214825,2,,,4,,None,Other Safety Equipment Used,,,,,,,,,,owner,,University-Rosedale (11),51 Division,Cabbagetown-South St.James Town,true,false,false,false,false,false,false,false,false,false,"{""coordinates"": [[-79.3654908108148, 43.67154415214825]], ""type"": ""MultiPoint""}"
1469,2006:944001,2006-12-24T22:59:00,ROSEDALE VALLEY RD,BAYVIEW AVE,,4,Non-Fatal Injury,,No Control,SMV Other,Rain,Dark,Wet,Minor Arterial,false,-79.3654908108148,43.67154415214825,1,Automobile or Station Wagon,West,3,28,Major,Lap and Shoulder Belt,Speed too fast for conditions,Normal,,,Going Ahead,,,,,driver,,University-Rosedale (11),51 Division,Cabbagetown-South St.James Town,true,false,false,false,false,false,false,false,false,false,"{""coordinates"": [[-79.3654908108148, 43.67154415214825]], ""type"": ""MultiPoint""}"
1470,2006:944001,2006-12-24T22:59:00,ROSEDALE VALLEY RD,BAYVIEW AVE,,4,Non-Fatal Injury,,No Control,SMV Other,Rain,Dark,Wet,Minor Arterial,false,-79.3654908108148,43.67154415214825,1,,,2,,None,Other Safety Equipment Used,,,,,,,,,,owner,,University-Rosedale (11),51 Division,Cabbagetown-South St.James Town,true,false,false,false,false,false,false,false,false,false,"{""coordinates"": [[-79.3654908108148, 43.67154415214825]], ""type"": ""MultiPoint""}"
1471,2006:946244,2006-12-25T01:14:00,123 REXDALE BLVD,,,4,Non-Fatal Injury,,Stop Sign,Turning Movement,Clear,Dark,Dry,Major Arterial,false,-79.56509107427193,43.712044399705874,2,,,4,68,Major,Lap and Shoulder Belt,,,,,,,,,,passenger,,Etobicoke North (1),23 Division,West Humber-Clairville,false,false,false,false,false,true,false,false,false,false,"{""coordinates"": [[-79.56509107427193, 43.712044399705874]], ""type"": ""MultiPoint""}"
1472,2006:946244,2006-12-25T01:14:00,123 REXDALE BLVD,,,4,Non-Fatal Injury,,Stop Sign,Turning Movement,Clear,Dark,Dry,Major Arterial,false,-79.56509107427193,43.712044399705874,2,Automobile or Station Wagon,East,1,58,Major,Lap and Shoulder Belt,Driving properly,Normal,,,Going Ahead,,,,,driver,,Etobicoke North (1),23 Division,West Humber-Clairville,false,false,false,false,false,true,false,false,false,false,"{""coordinates"": [[-79.56509107427193, 43.712044399705874]], ""type"": ""MultiPoint""}"
1473,2006:946244,2006-12-25T01:14:00,123 REXDALE BLVD,,,4,Non-Fatal Injury,,Stop Sign,Turning Movement,Clear,Dark,Dry,Major Arterial,false,-79.56509107427193,43.712044399705874,1,,,2,,None,Other Safety Equipment Used,,,,,,,,,,owner,,Etobicoke North (1),23 Division,West Humber-Clairville,false,false,false,false,false,true,false,false,false,false,"{""coordinates"": [[-79.56509107427193, 43.712044399705874]], ""type"": ""MultiPoint""}"
1474,2006:946244,2006-12-25T01:14:00,123 REXDALE BLVD,,,4,Non-Fatal Injury,,Stop Sign,Turning Movement,Clear,Dark,Dry,Major Arterial,false,-79.56509107427193,43.712044399705874,1,Automobile or Station Wagon,North,3,21,None,Lap and Shoulder Belt,Improper turn,Normal,,,Turning Left,,,,,driver,,Etobicoke North (1),23 Division,West Humber-Clairville,false,false,false,false,false,true,false,false,false,false,"{""coordinates"": [[-79.56509107427193, 43.712044399705874]], ""type"": ""MultiPoint""}"
1475,2006:944085,2006-12-25T22:05:00,EGLINTON AVE E,KENNEDY RD,,2,Non-Fatal Injury,At Intersection,Traffic Signal,Pedestrian Collision(internal code),Rain,Dark,Wet,Major Arterial,false,-79.26789055188546,43.73214401514884,2,,North,2,46,Major,Other Safety Equipment Used,,,Crossing without right-of-way (intersection),Unknown,,Driver going straight hits pedestrian crossing without right-of-way (at intersection),,,,pedestrian,,Scarborough Southwest (20),41 Division,Kennedy Park,false,false,false,false,false,false,true,false,false,false,"{""coordinates"": [[-79.26789055188546, 43.73214401514884]], ""type"": ""MultiPoint""}"
1476,2006:944085,2006-12-25T22:05:00,EGLINTON AVE E,KENNEDY RD,,2,Non-Fatal Injury,At Intersection,Traffic Signal,Pedestrian Collision(internal code),Rain,Dark,Wet,Major Arterial,false,-79.26789055188546,43.73214401514884,1,Automobile or Station Wagon,East,1,47,None,Lap and Shoulder Belt,Driving properly,Normal,,,Going Ahead,,,,,driver,,Scarborough Southwest (20),41 Division,Kennedy Park,false,false,false,false,false,false,true,false,false,false,"{""coordinates"": [[-79.26789055188546, 43.73214401514884]], ""type"": ""MultiPoint""}"
1477,2006:961325,2006-12-27T20:22:00,25 THE WEST MALL,,,2,Non-Fatal Injury,,Traffic Signal,Pedestrian Collision(internal code),Rain,Dark,Wet,Minor Arterial,true,-79.56149125927402,43.610744452875906,1,Automobile or Station Wagon,North,1,,None,Lap and Shoulder Belt,,,,,Going Ahead,,,,,driver,,Etobicoke-Lakeshore (3),22 Division,Etobicoke City Centre,false,false,false,false,false,false,true,false,false,false,"{""coordinates"": [[-79.56149125927402, 43.610744452875906]], ""type"": ""MultiPoint""}"
1478,2006:961325,2006-12-27T20:22:00,25 THE WEST MALL,,,2,Non-Fatal Injury,,Traffic Signal,Pedestrian Collision(internal code),Rain,Dark,Wet,Minor Arterial,true,-79.56149125927402,43.610744452875906,1,,,2,,Major,Other Safety Equipment Used,,,,,Other,Unknown,,,,pedestrian,,Etobicoke-Lakeshore (3),22 Division,Etobicoke City Centre,false,false,false,false,false,false,true,false,false,false,"{""coordinates"": [[-79.56149125927402, 43.610744452875906]], ""type"": ""MultiPoint""}"
1479,2006:944492,2006-12-28T06:45:00,LAKE SHORE BLVD W,AQUATIC DR,,2,Non-Fatal Injury,,No Control,SMV Other,Clear,Daylight,Dry,Major Arterial,false,-79.42419099015834,43.63004424938839,1,,,1,20,Major,Other Safety Equipment Used,,,,,,,,,,passenger,,Spadina-Fort York (10),14 Division,Fort York-Liberty Village,false,false,false,false,false,false,false,false,false,false,"{""coordinates"": [[-79.42419099015834, 43.63004424938839]], ""type"": ""MultiPoint""}"
1480,2006:944492,2006-12-28T06:45:00,LAKE SHORE BLVD W,AQUATIC DR,,2,Non-Fatal Injury,,No Control,SMV Other,Clear,Daylight,Dry,Major Arterial,false,-79.42419099015834,43.63004424938839,1,Automobile or Station Wagon,West,2,20,Major,Other Safety Equipment Used,Lost control,Ability Impaired - Alcohol,,,Going Ahead,,,,,driver,,Spadina-Fort York (10),14 Division,Fort York-Liberty Village,false,false,false,false,false,false,false,false,false,false,"{""coordinates"": [[-79.42419099015834, 43.63004424938839]], ""type"": ""MultiPoint""}"
1481,2006:944794,2006-12-31T17:41:00,LAWRENCE AVE W,BLACK CREEK DR,,2,Non-Fatal Injury,,No Control,Pedestrian Collision(internal code),Rain,Dark,Wet,Major Arterial,false,-79.49289099121633,43.70524431856308,1,Automobile or Station Wagon,East,1,67,None,Other Safety Equipment Used,Driving properly,Other Condition,,,Going Ahead,,,,,driver,,York South-Weston (5),12 Division,Rustic,false,false,false,false,false,true,true,false,false,false,"{""coordinates"": [[-79.49289099121633, 43.70524431856308]], ""type"": ""MultiPoint""}"
1482,2006:944794,2006-12-31T17:41:00,LAWRENCE AVE W,BLACK CREEK DR,,2,Non-Fatal Injury,,No Control,Pedestrian Collision(internal code),Rain,Dark,Wet,Major Arterial,false,-79.49289099121633,43.70524431856308,2,,South,2,53,Major,Other Safety Equipment Used,,,Crossing - no traffic control,Ability Impaired - Alcohol Over .08,,Driver hits pedestrian at private driveway,,,,pedestrian,,York South-Weston (5),12 Division,Rustic,false,false,false,false,false,true,true,false,false,false,"{""coordinates"": [[-79.49289099121633, 43.70524431856308]], ""type"": ""MultiPoint""}"
1483,2006:948014,2006-12-31T18:48:00,2540 EGLINTON AVE E,,,3,Non-Fatal Injury,,No Control,Pedestrian Collision(internal code),Rain,Dark,Wet,Major Arterial,false,-79.25609052809963,43.73494400011525,2,,South,3,18,Major,Other Safety Equipment Used,,,Crossing - no traffic control,Normal,,Driver hits pedestrian at midblock,,,,pedestrian,,Scarborough Southwest (20),41 Division,Kennedy Park,true,false,false,false,false,false,true,false,true,false,"{""coordinates"": [[-79.25609052809963, 43.73494400011525]], ""type"": ""MultiPoint""}"
1484,2006:948014,2006-12-31T18:48:00,2540 EGLINTON AVE E,,,3,Non-Fatal Injury,,No Control,Pedestrian Collision(internal code),Rain,Dark,Wet,Major Arterial,false,-79.25609052809963,43.73494400011525,1,,,1,,,Other Safety Equipment Used,,,,,,,,,,owner,,Scarborough Southwest (20),41 Division,Kennedy Park,true,false,false,false,false,false,true,false,true,false,"{""coordinates"": [[-79.25609052809963, 43.73494400011525]], ""type"": ""MultiPoint""}"
1485,2006:948014,2006-12-31T18:48:00,2540 EGLINTON AVE E,,,3,Non-Fatal Injury,,No Control,Pedestrian Collision(internal code),Rain,Dark,Wet,Major Arterial,false,-79.25609052809963,43.73494400011525,1,Automobile or Station Wagon,East,2,30,None,Lap and Shoulder Belt,Speed too fast for conditions,Normal,,,Going Ahead,,,,,driver,,Scarborough Southwest (20),41 Division,Kennedy Park,true,false,false,false,false,false,true,false,true,false,"{""coordinates"": [[-79.25609052809963, 43.73494400011525]], ""type"": ""MultiPoint""}"
1486,2006:944792,2006-12-31T19:58:00,F G GARDINER XY E,GRAND AVE,,4,Non-Fatal Injury,,No Control,SMV Other,Rain,Dark,Wet,,false,-79.48839112696629,43.62574434954448,2,,,3,17,Minor,Other Safety Equipment Used,,,,,,,,,,passenger,,Etobicoke-Lakeshore (3),22 Division,Humber Bay Shores,false,false,false,false,false,false,false,false,true,false,"{""coordinates"": [[-79.48839112696629, 43.62574434954448]], ""type"": ""MultiPoint""}"