_id,collision_id,accdate,stname1,stname2,stname3,per_inv,acclass,accloc,traffictl,impactype,visible,light,rdsfcond,road_class,failtorem,longitude,latitude,veh_no,vehtype,initdir,per_no,invage,injury,safequip,drivact,drivcond,pedact,pedcond,manoeuvre,pedtype,cyclistype,cycact,cyccond,road_user,fatal_no,wardname,division,neighbourhood,aggressive,distracted,cyclist,motorcyclist,other_micromobility,older_adult,pedestrian,red_light,school_child,heavy_truck,geometry
1540,2007:949730,2007-01-15T14:58:00,DON MILLS RD,DON MILLS N DVP S RAMP RD S,,4,Non-Fatal Injury,,No Control,Approaching Head On,Rain,Daylight,Slush,Major Arterial,false,-79.33679071387657,43.70184410758639,1,Automobile or Station Wagon,South,3,52,Minor,Air Bag Deployed,Speed too fast for conditions,Inattentive,,,Going Ahead,,,,,driver,,Toronto-Danforth (14),55 Division,Old East York,true,true,false,false,false,false,false,false,false,false,"{""coordinates"": [[-79.33679071387657, 43.70184410758639]], ""type"": ""MultiPoint""}"
1541,2007:949724,2007-01-15T17:15:00,150 DISCO RD,,,4,Non-Fatal Injury,,No Control,Approaching Head On,Freezing Rain or Hail,Dark,Slush,Collector,false,-79.6076911500086,43.70064445577679,2,Automobile or Station Wagon,West,3,47,None,Lap and Shoulder Belt,Driving properly,Normal,,,Going Ahead,,,,,driver,,Etobicoke North (1),23 Division,West Humber-Clairville,false,false,false,false,false,false,false,false,false,false,"{""coordinates"": [[-79.6076911500086, 43.70064445577679]], ""type"": ""MultiPoint""}"
1542,2007:949724,2007-01-15T17:15:00,150 DISCO RD,,,4,Non-Fatal Injury,,No Control,Approaching Head On,Freezing Rain or Hail,Dark,Slush,Collector,false,-79.6076911500086,43.70064445577679,2,,,2,,None,Other Safety Equipment Used,,,,,,,,,,owner,,Etobicoke North (1),23 Division,West Humber-Clairville,false,false,false,false,false,false,false,false,false,false,"{""coordinates"": [[-79.6076911500086, 43.70064445577679]], ""type"": ""MultiPoint""}"
1543,2007:949724,2007-01-15T17:15:00,150 DISCO RD,,,4,Non-Fatal Injury,,No Control,Approaching Head On,Freezing Rain or Hail,Dark,Slush,Collector,false,-79.6076911500086,43.70064445577679,1,Automobile or Station Wagon,East,1,36,Major,Lap and Shoulder Belt,Lost control,Normal,,,Going Ahead,,,,,driver,,Etobicoke North (1),23 Division,West Humber-Clairville,false,false,false,false,false,false,false,false,false,false,"{""coordinates"": [[-79.6076911500086, 43.70064445577679]], ""type"": ""MultiPoint""}"
1544,2007:949724,2007-01-15T17:15:00,150 DISCO RD,,,4,Non-Fatal Injury,,No Control,Approaching Head On,Freezing Rain or Hail,Dark,Slush,Collector,false,-79.6076911500086,43.70064445577679,3,,,4,,None,Other Safety Equipment Used,,,,,,,,,,owner,,Etobicoke North (1),23 Division,West Humber-Clairville,false,false,false,false,false,false,false,false,false,false,"{""coordinates"": [[-79.6076911500086, 43.70064445577679]], ""type"": ""MultiPoint""}"
1545,2007:950308,2007-01-16T15:13:00,HUMBERWOOD BLVD,HULLRICK DR,,5,Non-Fatal Injury,,No Control,Approaching Head On,Clear,Daylight,Slush,Collector,false,-79.61529111548744,43.72394444996231,2,,,4,,None,Other Safety Equipment Used,,,,,,,,,,owner,,Etobicoke North (1),23 Division,West Humber-Clairville,false,false,false,false,false,false,false,false,false,false,"{""coordinates"": [[-79.61529111548744, 43.72394444996231]], ""type"": ""MultiPoint""}"
1546,2007:950308,2007-01-16T15:13:00,HUMBERWOOD BLVD,HULLRICK DR,,5,Non-Fatal Injury,,No Control,Approaching Head On,Clear,Daylight,Slush,Collector,false,-79.61529111548744,43.72394444996231,1,,,1,,None,Other Safety Equipment Used,,,,,,,,,,owner,,Etobicoke North (1),23 Division,West Humber-Clairville,false,false,false,false,false,false,false,false,false,false,"{""coordinates"": [[-79.61529111548744, 43.72394444996231]], ""type"": ""MultiPoint""}"
1547,2007:950308,2007-01-16T15:13:00,HUMBERWOOD BLVD,HULLRICK DR,,5,Non-Fatal Injury,,No Control,Approaching Head On,Clear,Daylight,Slush,Collector,false,-79.61529111548744,43.72394444996231,1,Automobile or Station Wagon,North,3,42,None,Lap and Shoulder Belt,Driving properly,Normal,,,Slowing or Stopping,,,,,driver,,Etobicoke North (1),23 Division,West Humber-Clairville,false,false,false,false,false,false,false,false,false,false,"{""coordinates"": [[-79.61529111548744, 43.72394444996231]], ""type"": ""MultiPoint""}"
1548,2007:950308,2007-01-16T15:13:00,HUMBERWOOD BLVD,HULLRICK DR,,5,Non-Fatal Injury,,No Control,Approaching Head On,Clear,Daylight,Slush,Collector,false,-79.61529111548744,43.72394444996231,2,Automobile or Station Wagon,South,5,46,None,Lap and Shoulder Belt,Lost control,Normal,,,Going Ahead,,,,,driver,,Etobicoke North (1),23 Division,West Humber-Clairville,false,false,false,false,false,false,false,false,false,false,"{""coordinates"": [[-79.61529111548744, 43.72394444996231]], ""type"": ""MultiPoint""}"
1549,2007:950308,2007-01-16T15:13:00,HUMBERWOOD BLVD,HULLRICK DR,,5,Non-Fatal Injury,,No Control,Approaching Head On,Clear,Daylight,Slush,Collector,false,-79.61529111548744,43.72394444996231,1,,,2,43,Major,Lap and Shoulder Belt,,,,,,,,,,passenger,,Etobicoke North (1),23 Division,West Humber-Clairville,false,false,false,false,false,false,false,false,false,false,"{""coordinates"": [[-79.61529111548744, 43.72394444996231]], ""type"": ""MultiPoint""}"
1550,2007:950302,2007-01-16T17:35:00,DIXON RD,ISLINGTON AVE,,3,Non-Fatal Injury,At Intersection,Traffic Signal,Turning Movement,Clear,Dark,Dry,Major Arterial,false,-79.5466910788487,43.69704438676599,2,Automobile or Station Wagon,West,3,25,Major,Lap and Shoulder Belt,Driving properly,Normal,,,Going Ahead,,,,,driver,,Etobicoke Centre (2),23 Division,Kingsview Village-The Westway,false,false,false,false,false,false,false,false,false,true,"{""coordinates"": [[-79.5466910788487, 43.69704438676599]], ""type"": ""MultiPoint""}"
1551,2007:950302,2007-01-16T17:35:00,DIXON RD,ISLINGTON AVE,,3,Non-Fatal Injury,At Intersection,Traffic Signal,Turning Movement,Clear,Dark,Dry,Major Arterial,false,-79.5466910788487,43.69704438676599,1,Truck - Open (Flatbed),East,2,44,Minimal,Lap and Shoulder Belt,Improper turn,Normal,,,Turning Left,,,,,driver,,Etobicoke Centre (2),23 Division,Kingsview Village-The Westway,false,false,false,false,false,false,false,false,false,true,"{""coordinates"": [[-79.5466910788487, 43.69704438676599]], ""type"": ""MultiPoint""}"
1552,2007:950302,2007-01-16T17:35:00,DIXON RD,ISLINGTON AVE,,3,Non-Fatal Injury,At Intersection,Traffic Signal,Turning Movement,Clear,Dark,Dry,Major Arterial,false,-79.5466910788487,43.69704438676599,1,,,1,,None,Other Safety Equipment Used,,,,,,,,,,owner,,Etobicoke Centre (2),23 Division,Kingsview Village-The Westway,false,false,false,false,false,false,false,false,false,true,"{""coordinates"": [[-79.5466910788487, 43.69704438676599]], ""type"": ""MultiPoint""}"
1553,2007:950150,2007-01-16T17:51:00,648 OLD WESTON RD,,,2,Non-Fatal Injury,,No Control,Pedestrian Collision(internal code),Clear,Dark,Wet,Minor Arterial,false,-79.46539098643903,43.67954429193836,2,,East,2,38,Major,Other Safety Equipment Used,,,Crossing - no traffic control,Had Been Drinking,,Driver hits pedestrian at midblock,,,,pedestrian,,Davenport (9),12 Division,Weston-Pelham Park,false,false,false,false,false,false,true,false,false,false,"{""coordinates"": [[-79.46539098643903, 43.67954429193836]], ""type"": ""MultiPoint""}"
1554,2007:950150,2007-01-16T17:51:00,648 OLD WESTON RD,,,2,Non-Fatal Injury,,No Control,Pedestrian Collision(internal code),Clear,Dark,Wet,Minor Arterial,false,-79.46539098643903,43.67954429193836,1,Automobile or Station Wagon,South,1,64,None,Lap and Shoulder Belt,Driving properly,Normal,,,Going Ahead,,,,,driver,,Davenport (9),12 Division,Weston-Pelham Park,false,false,false,false,false,false,true,false,false,false,"{""coordinates"": [[-79.46539098643903, 43.67954429193836]], ""type"": ""MultiPoint""}"
1555,2007:950372,2007-01-17T15:59:00,EGLINTON AVE E,HOLLY ST,,3,Non-Fatal Injury,,No Control,Pedestrian Collision(internal code),Snow,Daylight,Packed Snow,Major Arterial,false,-79.39619081349257,43.70714418714947,1,Municipal Transit Bus (TTC),West,2,43,None,Lap and Shoulder Belt,Driving properly,Normal,,,Going Ahead,,,,,driver,,Toronto-St. Paul's (12),53 Division,South Eglinton-Davisville,false,false,false,false,false,false,true,false,false,true,"{""coordinates"": [[-79.39619081349257, 43.70714418714947]], ""type"": ""MultiPoint""}"
1556,2007:950372,2007-01-17T15:59:00,EGLINTON AVE E,HOLLY ST,,3,Non-Fatal Injury,,No Control,Pedestrian Collision(internal code),Snow,Daylight,Packed Snow,Major Arterial,false,-79.39619081349257,43.70714418714947,1,,,1,,,Other Safety Equipment Used,,,,,,,,,,owner,,Toronto-St. Paul's (12),53 Division,South Eglinton-Davisville,false,false,false,false,false,false,true,false,false,true,"{""coordinates"": [[-79.39619081349257, 43.70714418714947]], ""type"": ""MultiPoint""}"
1557,2007:950372,2007-01-17T15:59:00,EGLINTON AVE E,HOLLY ST,,3,Non-Fatal Injury,,No Control,Pedestrian Collision(internal code),Snow,Daylight,Packed Snow,Major Arterial,false,-79.39619081349257,43.70714418714947,2,,South,3,57,Major,Other Safety Equipment Used,,,Running onto roadway,Normal,,Transit vehicle driver hits pedestrian anywhere along roadway,,,,pedestrian,,Toronto-St. Paul's (12),53 Division,South Eglinton-Davisville,false,false,false,false,false,false,true,false,false,true,"{""coordinates"": [[-79.39619081349257, 43.70714418714947]], ""type"": ""MultiPoint""}"
1558,2007:950837,2007-01-18T07:05:00,YORK MILLS RD,FENN AVE,,3,Non-Fatal Injury,,Traffic Signal,Angle,Clear,Daylight,Dry,Major Arterial,false,-79.38899073898676,43.74704416804392,2,Automobile or Station Wagon,South,3,52,Major,Lap and Shoulder Belt,Driving properly,Normal,,,Going Ahead,,,,,driver,,Don Valley West (15),32 Division,St.Andrew-Windfields,true,false,false,false,false,false,false,true,false,true,"{""coordinates"": [[-79.38899073898676, 43.74704416804392]], ""type"": ""MultiPoint""}"
1559,2007:950837,2007-01-18T07:05:00,YORK MILLS RD,FENN AVE,,3,Non-Fatal Injury,,Traffic Signal,Angle,Clear,Daylight,Dry,Major Arterial,false,-79.38899073898676,43.74704416804392,1,Truck - Open (Flatbed),West,2,25,None,Lap and Shoulder Belt,Disobeyed traffic control,Normal,,,Going Ahead,,,,,driver,,Don Valley West (15),32 Division,St.Andrew-Windfields,true,false,false,false,false,false,false,true,false,true,"{""coordinates"": [[-79.38899073898676, 43.74704416804392]], ""type"": ""MultiPoint""}"
1560,2007:950837,2007-01-18T07:05:00,YORK MILLS RD,FENN AVE,,3,Non-Fatal Injury,,Traffic Signal,Angle,Clear,Daylight,Dry,Major Arterial,false,-79.38899073898676,43.74704416804392,1,,,1,,,Other Safety Equipment Used,,,,,,,,,,owner,,Don Valley West (15),32 Division,St.Andrew-Windfields,true,false,false,false,false,false,false,true,false,true,"{""coordinates"": [[-79.38899073898676, 43.74704416804392]], ""type"": ""MultiPoint""}"
1561,2007:950835,2007-01-18T08:52:00,BLYTHWOOD RD,MOUNT PLEASANT RD,,3,Non-Fatal Injury,,No Control,SMV Other,Clear,Daylight,Dry,Collector,false,-79.39369079219568,43.717944181116245,1,,,2,,None,Other Safety Equipment Used,,,,,,,,,,owner,,Don Valley West (15),53 Division,Mount Pleasant East,true,false,false,false,false,false,false,false,false,false,"{""coordinates"": [[-79.39369079219568, 43.717944181116245]], ""type"": ""MultiPoint""}"
1562,2007:950835,2007-01-18T08:52:00,BLYTHWOOD RD,MOUNT PLEASANT RD,,3,Non-Fatal Injury,,No Control,SMV Other,Clear,Daylight,Dry,Collector,false,-79.39369079219568,43.717944181116245,1,Automobile or Station Wagon,West,3,26,Minor,Lap and Shoulder Belt,Speed too fast for conditions,Normal,,,Going Ahead,,,,,driver,,Don Valley West (15),53 Division,Mount Pleasant East,true,false,false,false,false,false,false,false,false,false,"{""coordinates"": [[-79.39369079219568, 43.717944181116245]], ""type"": ""MultiPoint""}"
1563,2007:950835,2007-01-18T08:52:00,BLYTHWOOD RD,MOUNT PLEASANT RD,,3,Non-Fatal Injury,,No Control,SMV Other,Clear,Daylight,Dry,Collector,false,-79.39369079219568,43.717944181116245,1,,,1,30,Major,Lap and Shoulder Belt,,,,,,,,,,passenger,,Don Valley West (15),53 Division,Mount Pleasant East,true,false,false,false,false,false,false,false,false,false,"{""coordinates"": [[-79.39369079219568, 43.717944181116245]], ""type"": ""MultiPoint""}"
1564,2007:950847,2007-01-19T07:10:00,WALSH AVE,KELVIN AVE,,2,Non-Fatal Injury,,Stop Sign,Pedestrian Collision(internal code),Clear,Dark,Dry,Major Arterial,false,-79.53159102482545,43.715744359209225,2,,South,2,56,Major,Other Safety Equipment Used,,,Crossing with right-of-way (intersection),Normal,,Driver turns left into pedestrian crossing with right-of-way (at intersection),,,,pedestrian,,Humber River-Black Creek (7),31 Division,Pelmo Park-Humberlea,true,false,false,false,false,false,true,false,false,false,"{""coordinates"": [[-79.53159102482545, 43.715744359209225]], ""type"": ""MultiPoint""}"
1565,2007:950847,2007-01-19T07:10:00,WALSH AVE,KELVIN AVE,,2,Non-Fatal Injury,,Stop Sign,Pedestrian Collision(internal code),Clear,Dark,Dry,Major Arterial,false,-79.53159102482545,43.715744359209225,1,Automobile or Station Wagon,North,1,35,None,Lap and Shoulder Belt,Failed to yield right-of-way,Normal,,,Turning Left,,,,,driver,,Humber River-Black Creek (7),31 Division,Pelmo Park-Humberlea,true,false,false,false,false,false,true,false,false,false,"{""coordinates"": [[-79.53159102482545, 43.715744359209225]], ""type"": ""MultiPoint""}"
1566,2007:949483,2007-01-19T13:31:00,DUFFERIN ST,KING ST W,,3,Non-Fatal Injury,,Traffic Signal,Pedestrian Collision(internal code),Clear,Daylight,Dry,Major Arterial,false,-79.42739098194413,43.638944251392104,1,,,1,,None,Other Safety Equipment Used,,,,,,,,,,owner,,Parkdale-High Park (4),14 Division,South Parkdale,true,true,false,false,false,true,true,false,false,false,"{""coordinates"": [[-79.42739098194413, 43.638944251392104]], ""type"": ""MultiPoint""}"
1567,2007:949483,2007-01-19T13:31:00,DUFFERIN ST,KING ST W,,3,Non-Fatal Injury,,Traffic Signal,Pedestrian Collision(internal code),Clear,Daylight,Dry,Major Arterial,false,-79.42739098194413,43.638944251392104,1,Automobile or Station Wagon,East,2,45,None,Lap and Shoulder Belt,Failed to yield right-of-way,Inattentive,,,Turning Left,,,,,driver,,Parkdale-High Park (4),14 Division,South Parkdale,true,true,false,false,false,true,true,false,false,false,"{""coordinates"": [[-79.42739098194413, 43.638944251392104]], ""type"": ""MultiPoint""}"
1568,2007:949483,2007-01-19T13:31:00,DUFFERIN ST,KING ST W,,3,Non-Fatal Injury,,Traffic Signal,Pedestrian Collision(internal code),Clear,Daylight,Dry,Major Arterial,false,-79.42739098194413,43.638944251392104,2,,West,3,65,Major,Other Safety Equipment Used,,,Crossing with right-of-way (intersection),Normal,,Driver turns left into pedestrian crossing with right-of-way (at intersection),,,,pedestrian,,Parkdale-High Park (4),14 Division,South Parkdale,true,true,false,false,false,true,true,false,false,false,"{""coordinates"": [[-79.42739098194413, 43.638944251392104]], ""type"": ""MultiPoint""}"
1569,2007:957650,2007-01-22T18:05:00,EGLINTON Aven E,MIDLAND Aven,,5,Non-Fatal Injury,At Intersection,Traffic Signal,Turning Movement,Clear,Dark,Wet,Major Arterial,false,-79.2580905320299,43.734544002657636,3,,,2,18,Major,Equipment Not Used But Available,,,,,,,,,,passenger,,Scarborough Centre (21),41 Division,Eglinton East,true,false,false,false,false,false,false,true,true,true,"{""coordinates"": [[-79.2580905320299, 43.734544002657636]], ""type"": ""MultiPoint""}"
1570,2007:957650,2007-01-22T18:05:00,EGLINTON Aven E,MIDLAND Aven,,5,Non-Fatal Injury,At Intersection,Traffic Signal,Turning Movement,Clear,Dark,Wet,Major Arterial,false,-79.2580905320299,43.734544002657636,3,Automobile or Station Wagon,West,1,19,Minor,Lap and Shoulder Belt,Improper turn,Normal,,,Turning Left,,,,,driver,,Scarborough Centre (21),41 Division,Eglinton East,true,false,false,false,false,false,false,true,true,true,"{""coordinates"": [[-79.2580905320299, 43.734544002657636]], ""type"": ""MultiPoint""}"
1571,2007:957650,2007-01-22T18:05:00,EGLINTON Aven E,MIDLAND Aven,,5,Non-Fatal Injury,At Intersection,Traffic Signal,Turning Movement,Clear,Dark,Wet,Major Arterial,false,-79.2580905320299,43.734544002657636,1,,,3,26,Major,Equipment Not Used But Available,,,,,,,,,,passenger,,Scarborough Centre (21),41 Division,Eglinton East,true,false,false,false,false,false,false,true,true,true,"{""coordinates"": [[-79.2580905320299, 43.734544002657636]], ""type"": ""MultiPoint""}"
1572,2007:957650,2007-01-22T18:05:00,EGLINTON Aven E,MIDLAND Aven,,5,Non-Fatal Injury,At Intersection,Traffic Signal,Turning Movement,Clear,Dark,Wet,Major Arterial,false,-79.2580905320299,43.734544002657636,2,Automobile or Station Wagon,North,5,23,None,Use Unknown,Driving properly,Normal,,,Stopped,,,,,driver,,Scarborough Centre (21),41 Division,Eglinton East,true,false,false,false,false,false,false,true,true,true,"{""coordinates"": [[-79.2580905320299, 43.734544002657636]], ""type"": ""MultiPoint""}"
1573,2007:957650,2007-01-22T18:05:00,EGLINTON Aven E,MIDLAND Aven,,5,Non-Fatal Injury,At Intersection,Traffic Signal,Turning Movement,Clear,Dark,Wet,Major Arterial,false,-79.2580905320299,43.734544002657636,1,Truck - Open (Flatbed),East,4,23,Minor,Equipment Not Used But Available,Disobeyed traffic control,Normal,,,Going Ahead,,,,,driver,,Scarborough Centre (21),41 Division,Eglinton East,true,false,false,false,false,false,false,true,true,true,"{""coordinates"": [[-79.2580905320299, 43.734544002657636]], ""type"": ""MultiPoint""}"
1574,2007:952422,2007-01-23T08:32:00,QUEEN ST E,MC GEE ST,,4,Non-Fatal Injury,,No Control,Pedestrian Collision(internal code),Clear,Daylight,Wet,Minor Arterial,false,-79.3444907873135,43.660044123584974,1,Municipal Transit Bus (TTC),East,2,41,None,Equipment Not Used But Available,Driving properly,Normal,,,Stopped,,,,,driver,,Toronto-Danforth (14),55 Division,South Riverdale,true,false,false,false,false,false,true,false,false,true,"{""coordinates"": [[-79.3444907873135, 43.660044123584974]], ""type"": ""MultiPoint""}"
1575,2007:952422,2007-01-23T08:32:00,QUEEN ST E,MC GEE ST,,4,Non-Fatal Injury,,No Control,Pedestrian Collision(internal code),Clear,Daylight,Wet,Minor Arterial,false,-79.3444907873135,43.660044123584974,1,,,1,,,Other Safety Equipment Used,,,,,,,,,,owner,,Toronto-Danforth (14),55 Division,South Riverdale,true,false,false,false,false,false,true,false,false,true,"{""coordinates"": [[-79.3444907873135, 43.660044123584974]], ""type"": ""MultiPoint""}"
1576,2007:952422,2007-01-23T08:32:00,QUEEN ST E,MC GEE ST,,4,Non-Fatal Injury,,No Control,Pedestrian Collision(internal code),Clear,Daylight,Wet,Minor Arterial,false,-79.3444907873135,43.660044123584974,2,Automobile or Station Wagon,East,3,39,None,Lap and Shoulder Belt,Failed to yield right-of-way,Normal,,,Going Ahead,,,,,driver,,Toronto-Danforth (14),55 Division,South Riverdale,true,false,false,false,false,false,true,false,false,true,"{""coordinates"": [[-79.3444907873135, 43.660044123584974]], ""type"": ""MultiPoint""}"
1577,2007:952422,2007-01-23T08:32:00,QUEEN ST E,MC GEE ST,,4,Non-Fatal Injury,,No Control,Pedestrian Collision(internal code),Clear,Daylight,Wet,Minor Arterial,false,-79.3444907873135,43.660044123584974,3,,South,4,35,Major,Other Safety Equipment Used,,,Person getting on/off vehicle,Normal,,Transit vehicle driver hits pedestrian anywhere along roadway,,,,pedestrian,,Toronto-Danforth (14),55 Division,South Riverdale,true,false,false,false,false,false,true,false,false,true,"{""coordinates"": [[-79.3444907873135, 43.660044123584974]], ""type"": ""MultiPoint""}"
1578,2007:952335,2007-01-23T14:02:00,201 WESTON Rd,,,3,Non-Fatal Injury,,No Control,SMV Other,Clear,Daylight,Wet,Major Arterial,false,-79.47129100227218,43.676844301431416,2,,,3,,None,Other Safety Equipment Used,,,,,,,,,,owner,,York South-Weston (5),12 Division,Junction Area,true,false,false,false,false,false,false,false,false,false,"{""coordinates"": [[-79.47129100227218, 43.676844301431416]], ""type"": ""MultiPoint""}"
1579,2007:952335,2007-01-23T14:02:00,201 WESTON Rd,,,3,Non-Fatal Injury,,No Control,SMV Other,Clear,Daylight,Wet,Major Arterial,false,-79.47129100227218,43.676844301431416,1,,,1,,None,Other Safety Equipment Used,,,,,,,,,,owner,,York South-Weston (5),12 Division,Junction Area,true,false,false,false,false,false,false,false,false,false,"{""coordinates"": [[-79.47129100227218, 43.676844301431416]], ""type"": ""MultiPoint""}"
1580,2007:952335,2007-01-23T14:02:00,201 WESTON Rd,,,3,Non-Fatal Injury,,No Control,SMV Other,Clear,Daylight,Wet,Major Arterial,false,-79.47129100227218,43.676844301431416,1,Automobile or Station Wagon,South,2,30,Major,Use Unknown,Speed too fast for conditions,Unknown,,,Going Ahead,,,,,driver,,York South-Weston (5),12 Division,Junction Area,true,false,false,false,false,false,false,false,false,false,"{""coordinates"": [[-79.47129100227218, 43.676844301431416]], ""type"": ""MultiPoint""}"
1581,2007:952478,2007-01-24T22:45:00,ISLINGTON Aven,REXDALE Boul,,3,Non-Fatal Injury,At Intersection,Traffic Signal,Turning Movement,Clear,Daylight,Dry,Major Arterial,false,-79.55499105844619,43.7136443871953,1,Automobile or Station Wagon,South,1,43,Major,Lap and Shoulder Belt,Disobeyed traffic control,Inattentive,,,Turning Left,,,,,driver,,Etobicoke North (1),23 Division,West Humber-Clairville,true,true,false,false,false,false,false,true,true,false,"{""coordinates"": [[-79.55499105844619, 43.7136443871953]], ""type"": ""MultiPoint""}"
1582,2007:952478,2007-01-24T22:45:00,ISLINGTON Aven,REXDALE Boul,,3,Non-Fatal Injury,At Intersection,Traffic Signal,Turning Movement,Clear,Daylight,Dry,Major Arterial,false,-79.55499105844619,43.7136443871953,2,,,2,18,Minimal,Lap and Shoulder Belt,,,,,,,,,,passenger,,Etobicoke North (1),23 Division,West Humber-Clairville,true,true,false,false,false,false,false,true,true,false,"{""coordinates"": [[-79.55499105844619, 43.7136443871953]], ""type"": ""MultiPoint""}"
1583,2007:952478,2007-01-24T22:45:00,ISLINGTON Aven,REXDALE Boul,,3,Non-Fatal Injury,At Intersection,Traffic Signal,Turning Movement,Clear,Daylight,Dry,Major Arterial,false,-79.55499105844619,43.7136443871953,2,Automobile or Station Wagon,West,3,46,Minimal,Lap and Shoulder Belt,Driving properly,Normal,,,Going Ahead,,,,,driver,,Etobicoke North (1),23 Division,West Humber-Clairville,true,true,false,false,false,false,false,true,true,false,"{""coordinates"": [[-79.55499105844619, 43.7136443871953]], ""type"": ""MultiPoint""}"
1584,2007:957981,2007-01-26T11:02:00,DUFFERIN ST,DUPONT ST,,3,Non-Fatal Injury,At Intersection,Traffic Signal,Pedestrian Collision(internal code),Clear,Daylight,Dry,Major Arterial,false,-79.43899095551379,43.66844425851673,2,Automobile or Station Wagon,South,3,73,None,Lap and Shoulder Belt,Failed to yield right-of-way,Inattentive,,,Turning Right,,,,,driver,,Davenport (9),14 Division,Dovercourt Village,true,true,false,false,false,true,true,false,false,false,"{""coordinates"": [[-79.43899095551379, 43.66844425851673]], ""type"": ""MultiPoint""}"
1585,2007:957981,2007-01-26T11:02:00,DUFFERIN ST,DUPONT ST,,3,Non-Fatal Injury,At Intersection,Traffic Signal,Pedestrian Collision(internal code),Clear,Daylight,Dry,Major Arterial,false,-79.43899095551379,43.66844425851673,1,,South,1,55,Minor,Other Safety Equipment Used,,,Crossing with right-of-way (intersection),Normal,,Driver turns right into pedestrian crossing with right-of-way (at intersection),,,,pedestrian,,Davenport (9),14 Division,Dovercourt Village,true,true,false,false,false,true,true,false,false,false,"{""coordinates"": [[-79.43899095551379, 43.66844425851673]], ""type"": ""MultiPoint""}"
1586,2007:957981,2007-01-26T11:02:00,DUFFERIN ST,DUPONT ST,,3,Non-Fatal Injury,At Intersection,Traffic Signal,Pedestrian Collision(internal code),Clear,Daylight,Dry,Major Arterial,false,-79.43899095551379,43.66844425851673,1,,South,2,80,Major,Other Safety Equipment Used,,,Crossing with right-of-way (intersection),Normal,,Driver turns right into pedestrian crossing with right-of-way (at intersection),,,,pedestrian,,Davenport (9),14 Division,Dovercourt Village,true,true,false,false,false,true,true,false,false,false,"{""coordinates"": [[-79.43899095551379, 43.66844425851673]], ""type"": ""MultiPoint""}"
1587,2007:954013,2007-01-29T14:35:00,496 BIRCHMOUNT RD,,,3,Non-Fatal Injury,,No Control,Pedestrian Collision(internal code),Clear,Daylight,Dry,Minor Arterial,false,-79.26859058232812,43.70814401498329,1,,,1,,None,Other Safety Equipment Used,,,,,,,,,,owner,,Scarborough Southwest (20),41 Division,Clairlea-Birchmount,false,false,false,false,false,true,true,false,false,true,"{""coordinates"": [[-79.26859058232812, 43.70814401498329]], ""type"": ""MultiPoint""}"
1588,2007:954013,2007-01-29T14:35:00,496 BIRCHMOUNT RD,,,3,Non-Fatal Injury,,No Control,Pedestrian Collision(internal code),Clear,Daylight,Dry,Minor Arterial,false,-79.26859058232812,43.70814401498329,2,,,3,49,Major,Other Safety Equipment Used,,,Pushing or working on vehicle,Normal,,Driver hits pedestrian at midblock,,,,pedestrian,,Scarborough Southwest (20),41 Division,Clairlea-Birchmount,false,false,false,false,false,true,true,false,false,true,"{""coordinates"": [[-79.26859058232812, 43.70814401498329]], ""type"": ""MultiPoint""}"
1589,2007:954013,2007-01-29T14:35:00,496 BIRCHMOUNT RD,,,3,Non-Fatal Injury,,No Control,Pedestrian Collision(internal code),Clear,Daylight,Dry,Minor Arterial,false,-79.26859058232812,43.70814401498329,1,Truck - Open (Flatbed),North,2,73,None,Lap and Shoulder Belt,Lost control,Normal,,,Stopped,,,,,driver,,Scarborough Southwest (20),41 Division,Clairlea-Birchmount,false,false,false,false,false,true,true,false,false,true,"{""coordinates"": [[-79.26859058232812, 43.70814401498329]], ""type"": ""MultiPoint""}"
1590,2007:954398,2007-01-30T18:02:00,MCLEVIN AVE,NEILSON RD,,2,Non-Fatal Injury,At Intersection,Traffic Signal,Pedestrian Collision(internal code),Snow,Dark,Wet,Minor Arterial,false,-79.22169041561344,43.80914397620639,1,Automobile or Station Wagon,East,1,30,None,Lap and Shoulder Belt,Failed to yield right-of-way,Inattentive,,,Turning Left,,,,,driver,,Scarborough North (23),42 Division,Malvern West,true,true,false,false,false,true,true,false,false,false,"{""coordinates"": [[-79.22169041561344, 43.80914397620639]], ""type"": ""MultiPoint""}"
1591,2007:954398,2007-01-30T18:02:00,MCLEVIN AVE,NEILSON RD,,2,Non-Fatal Injury,At Intersection,Traffic Signal,Pedestrian Collision(internal code),Snow,Dark,Wet,Minor Arterial,false,-79.22169041561344,43.80914397620639,2,,West,2,74,Major,Other Safety Equipment Used,,,Crossing with right-of-way (intersection),Normal,,Driver turns left into pedestrian crossing with right-of-way (at intersection),,,,pedestrian,,Scarborough North (23),42 Division,Malvern West,true,true,false,false,false,true,true,false,false,false,"{""coordinates"": [[-79.22169041561344, 43.80914397620639]], ""type"": ""MultiPoint""}"