_id,collision_id,accdate,stname1,stname2,stname3,per_inv,acclass,accloc,traffictl,impactype,visible,light,rdsfcond,road_class,failtorem,longitude,latitude,veh_no,vehtype,initdir,per_no,invage,injury,safequip,drivact,drivcond,pedact,pedcond,manoeuvre,pedtype,cyclistype,cycact,cyccond,road_user,fatal_no,wardname,division,neighbourhood,aggressive,distracted,cyclist,motorcyclist,other_micromobility,older_adult,pedestrian,red_light,school_child,heavy_truck,geometry
1592,2007:951700,2007-02-06T08:00:00,LAKE SHORE BLVD W,BRITISH COLUMBIA RD,,2,Non-Fatal Injury,,No Control,SMV Other,Clear,Daylight,Loose Snow,Major Arterial,false,-79.42739099560218,43.63064425408591,2,,,2,,None,Other Safety Equipment Used,,,,,,,,,,owner,,Spadina-Fort York (10),14 Division,Fort York-Liberty Village,false,false,false,false,false,false,false,false,false,false,"{""coordinates"": [[-79.42739099560218, 43.63064425408591]], ""type"": ""MultiPoint""}"
1593,2007:954826,2007-02-01T19:15:00,POTTERY RD,TODMORDEN MILLS RD,,1,Non-Fatal Injury,,No Control,SMV Other,Snow,Dark,Ice,Minor Arterial,false,-79.36029077853351,43.686844142120606,1,Automobile or Station Wagon,West,1,22,Major,Lap and Shoulder Belt,Lost control,Normal,,,Going Ahead,,,,,driver,,Toronto-Danforth (14),55 Division,Broadview North,false,false,false,false,false,false,false,false,false,false,"{""coordinates"": [[-79.36029077853351, 43.686844142120606]], ""type"": ""MultiPoint""}"
1594,2007:951783,2007-02-02T10:12:00,DUNDAS ST W,427 C N DUNDAS RAMP S,,3,Non-Fatal Injury,At Intersection,Traffic Signal,Turning Movement,Clear,Daylight,Dry,Major Arterial,false,-79.55489121655488,43.628944434341506,1,,,1,,None,Other Safety Equipment Used,,,,,,,,,,owner,,Etobicoke-Lakeshore (3),22 Division,Etobicoke City Centre,true,false,false,false,false,true,false,true,false,false,"{""coordinates"": [[-79.55489121655488, 43.628944434341506]], ""type"": ""MultiPoint""}"
1595,2007:951783,2007-02-02T10:12:00,DUNDAS ST W,427 C N DUNDAS RAMP S,,3,Non-Fatal Injury,At Intersection,Traffic Signal,Turning Movement,Clear,Daylight,Dry,Major Arterial,false,-79.55489121655488,43.628944434341506,2,Automobile or Station Wagon,East,3,76,Major,Lap and Shoulder Belt,Driving properly,Normal,,,Turning Left,,,,,driver,,Etobicoke-Lakeshore (3),22 Division,Etobicoke City Centre,true,false,false,false,false,true,false,true,false,false,"{""coordinates"": [[-79.55489121655488, 43.628944434341506]], ""type"": ""MultiPoint""}"
1596,2007:951783,2007-02-02T10:12:00,DUNDAS ST W,427 C N DUNDAS RAMP S,,3,Non-Fatal Injury,At Intersection,Traffic Signal,Turning Movement,Clear,Daylight,Dry,Major Arterial,false,-79.55489121655488,43.628944434341506,1,Automobile or Station Wagon,West,2,60,Minor,Lap and Shoulder Belt,Disobeyed traffic control,Normal,,,Going Ahead,,,,,driver,,Etobicoke-Lakeshore (3),22 Division,Etobicoke City Centre,true,false,false,false,false,true,false,true,false,false,"{""coordinates"": [[-79.55489121655488, 43.628944434341506]], ""type"": ""MultiPoint""}"
1597,2007:951120,2007-02-02T13:55:00,4544 DUFFERIN ST,,,3,Non-Fatal Injury,,No Control,Turning Movement,Clear,Daylight,Dry,Major Arterial,false,-79.46649084482318,43.76684426084086,2,Automobile or Station Wagon,East,3,58,Major,Other Safety Equipment Used,Failed to yield right-of-way,Normal,,,Turning Left,,,,,driver,,York Centre (6),32 Division,York University Heights,true,false,false,false,false,false,false,false,false,false,"{""coordinates"": [[-79.46649084482318, 43.76684426084086]], ""type"": ""MultiPoint""}"
1598,2007:951120,2007-02-02T13:55:00,4544 DUFFERIN ST,,,3,Non-Fatal Injury,,No Control,Turning Movement,Clear,Daylight,Dry,Major Arterial,false,-79.46649084482318,43.76684426084086,1,,,1,,None,Other Safety Equipment Used,,,,,,,,,,owner,,York Centre (6),32 Division,York University Heights,true,false,false,false,false,false,false,false,false,false,"{""coordinates"": [[-79.46649084482318, 43.76684426084086]], ""type"": ""MultiPoint""}"
1599,2007:951120,2007-02-02T13:55:00,4544 DUFFERIN ST,,,3,Non-Fatal Injury,,No Control,Turning Movement,Clear,Daylight,Dry,Major Arterial,false,-79.46649084482318,43.76684426084086,1,Automobile or Station Wagon,South,2,38,Minor,Other Safety Equipment Used,Driving properly,Normal,,,Going Ahead,,,,,driver,,York Centre (6),32 Division,York University Heights,true,false,false,false,false,false,false,false,false,false,"{""coordinates"": [[-79.46649084482318, 43.76684426084086]], ""type"": ""MultiPoint""}"
1600,2007:957028,2007-02-03T11:20:00,DANFORTH AVE,WOODBINE AVE,,2,Non-Fatal Injury,At Intersection,Traffic Signal,Pedestrian Collision(internal code),Clear,Daylight,Dry,Major Arterial,false,-79.3127906919415,43.685644075842404,2,Automobile or Station Wagon,South,2,60,None,Lap and Shoulder Belt,Improper turn,Inattentive,,,Turning Left,,,,,driver,,Beaches-East York (19),55 Division,Woodbine Corridor,false,true,false,false,false,false,true,false,false,false,"{""coordinates"": [[-79.3127906919415, 43.685644075842404]], ""type"": ""MultiPoint""}"
1601,2007:957028,2007-02-03T11:20:00,DANFORTH AVE,WOODBINE AVE,,2,Non-Fatal Injury,At Intersection,Traffic Signal,Pedestrian Collision(internal code),Clear,Daylight,Dry,Major Arterial,false,-79.3127906919415,43.685644075842404,1,,North,1,52,Major,Other Safety Equipment Used,,,Crossing with right-of-way (intersection),Normal,,Driver turns left into pedestrian crossing with right-of-way (at intersection),,,,pedestrian,,Beaches-East York (19),55 Division,Woodbine Corridor,false,true,false,false,false,false,true,false,false,false,"{""coordinates"": [[-79.3127906919415, 43.685644075842404]], ""type"": ""MultiPoint""}"
1602,2007:951370,2007-02-05T05:23:00,CALEDONIA RD,CASTLEFIELD AVE,,6,Fatal Injury,At Intersection,Traffic Signal,Angle,Clear,Dark,Dry,Minor Arterial,false,-79.46349094993533,43.69844428153216,2,,,4,23,Minor,Use Unknown,,,,,,,,,,passenger,,Eglinton-Lawrence (8),13 Division,Briar Hill-Belgravia,true,false,false,false,false,false,false,true,false,false,"{""coordinates"": [[-79.46349094993533, 43.69844428153216]], ""type"": ""MultiPoint""}"
1603,2007:951370,2007-02-05T05:23:00,CALEDONIA RD,CASTLEFIELD AVE,,6,Fatal Injury,At Intersection,Traffic Signal,Angle,Clear,Dark,Dry,Minor Arterial,false,-79.46349094993533,43.69844428153216,2,,,3,,,Other Safety Equipment Used,,,,,,,,,,owner,,Eglinton-Lawrence (8),13 Division,Briar Hill-Belgravia,true,false,false,false,false,false,false,true,false,false,"{""coordinates"": [[-79.46349094993533, 43.69844428153216]], ""type"": ""MultiPoint""}"
1604,2007:951370,2007-02-05T05:23:00,CALEDONIA RD,CASTLEFIELD AVE,,6,Fatal Injury,At Intersection,Traffic Signal,Angle,Clear,Dark,Dry,Minor Arterial,false,-79.46349094993533,43.69844428153216,2,Automobile or Station Wagon,North,5,23,Minor,Use Unknown,Disobeyed traffic control,Unknown,,,Going Ahead,,,,,driver,,Eglinton-Lawrence (8),13 Division,Briar Hill-Belgravia,true,false,false,false,false,false,false,true,false,false,"{""coordinates"": [[-79.46349094993533, 43.69844428153216]], ""type"": ""MultiPoint""}"
1605,2007:951370,2007-02-05T05:23:00,CALEDONIA RD,CASTLEFIELD AVE,,6,Fatal Injury,At Intersection,Traffic Signal,Angle,Clear,Dark,Dry,Minor Arterial,false,-79.46349094993533,43.69844428153216,1,,,1,49,Minor,Lap and Shoulder Belt,,,,,,,,,,passenger,,Eglinton-Lawrence (8),13 Division,Briar Hill-Belgravia,true,false,false,false,false,false,false,true,false,false,"{""coordinates"": [[-79.46349094993533, 43.69844428153216]], ""type"": ""MultiPoint""}"
1606,2007:951370,2007-02-05T05:23:00,CALEDONIA RD,CASTLEFIELD AVE,,6,Fatal Injury,At Intersection,Traffic Signal,Angle,Clear,Dark,Dry,Minor Arterial,false,-79.46349094993533,43.69844428153216,1,Automobile or Station Wagon,West,2,49,Fatal,Lap and Shoulder Belt,Driving properly,Normal,,,Going Ahead,,,,,driver,2,Eglinton-Lawrence (8),13 Division,Briar Hill-Belgravia,true,false,false,false,false,false,false,true,false,false,"{""coordinates"": [[-79.46349094993533, 43.69844428153216]], ""type"": ""MultiPoint""}"
1607,2007:951370,2007-02-05T05:23:00,CALEDONIA RD,CASTLEFIELD AVE,,6,Fatal Injury,At Intersection,Traffic Signal,Angle,Clear,Dark,Dry,Minor Arterial,false,-79.46349094993533,43.69844428153216,3,,,6,,,Other Safety Equipment Used,,,,,,,,,,owner,,Eglinton-Lawrence (8),13 Division,Briar Hill-Belgravia,true,false,false,false,false,false,false,true,false,false,"{""coordinates"": [[-79.46349094993533, 43.69844428153216]], ""type"": ""MultiPoint""}"
1608,2007:957730,2007-02-06T06:55:00,SOUTH KINGSWAY,QUEENSWAY S KINGSWAY RAMP,,3,Non-Fatal Injury,At Intersection,Stop Sign,Turning Movement,Clear,Dark,Slush,Minor Arterial,false,-79.47449108043683,43.63614432364085,2,Automobile or Station Wagon,West,1,64,None,Lap and Shoulder Belt,Failed to yield right-of-way,Normal,,,Turning Left,,,,,driver,,Parkdale-High Park (4),11 Division,High Park-Swansea,true,false,false,false,false,false,false,false,false,false,"{""coordinates"": [[-79.47449108043683, 43.63614432364085]], ""type"": ""MultiPoint""}"
1609,2007:957730,2007-02-06T06:55:00,SOUTH KINGSWAY,QUEENSWAY S KINGSWAY RAMP,,3,Non-Fatal Injury,At Intersection,Stop Sign,Turning Movement,Clear,Dark,Slush,Minor Arterial,false,-79.47449108043683,43.63614432364085,1,Automobile or Station Wagon,South,3,58,Major,Lap and Shoulder Belt,Driving properly,Normal,,,Going Ahead,,,,,driver,,Parkdale-High Park (4),11 Division,High Park-Swansea,true,false,false,false,false,false,false,false,false,false,"{""coordinates"": [[-79.47449108043683, 43.63614432364085]], ""type"": ""MultiPoint""}"
1610,2007:957730,2007-02-06T06:55:00,SOUTH KINGSWAY,QUEENSWAY S KINGSWAY RAMP,,3,Non-Fatal Injury,At Intersection,Stop Sign,Turning Movement,Clear,Dark,Slush,Minor Arterial,false,-79.47449108043683,43.63614432364085,3,Automobile or Station Wagon,North,2,38,Minor,Lap and Shoulder Belt,Driving properly,Unknown,,,Going Ahead,,,,,driver,,Parkdale-High Park (4),11 Division,High Park-Swansea,true,false,false,false,false,false,false,false,false,false,"{""coordinates"": [[-79.47449108043683, 43.63614432364085]], ""type"": ""MultiPoint""}"
1611,2007:951700,2007-02-06T08:00:00,LAKE SHORE BLVD W,BRITISH COLUMBIA RD,,2,Non-Fatal Injury,,No Control,SMV Other,Clear,Daylight,Loose Snow,Major Arterial,false,-79.42739099560218,43.63064425408591,1,Automobile or Station Wagon,East,1,54,Major,Lap and Shoulder Belt,Lost control,Normal,,,Going Ahead,,,,,driver,,Spadina-Fort York (10),14 Division,Fort York-Liberty Village,false,false,false,false,false,false,false,false,false,false,"{""coordinates"": [[-79.42739099560218, 43.63064425408591]], ""type"": ""MultiPoint""}"
1612,2007:958325,2007-02-06T15:20:00,VICTORIA PARK AVE,MORECAMBE GT,,3,Non-Fatal Injury,,Traffic Signal,Pedestrian Collision(internal code),Clear,Daylight,Dry,Major Arterial,false,-79.33359059491346,43.79804409909235,2,,West,3,66,Major,Other Safety Equipment Used,,,Crossing with right-of-way (intersection),Normal,,Driver turns left into pedestrian crossing with right-of-way (at intersection),,,,pedestrian,,Scarborough-Agincourt (22),42 Division,L'Amoreaux West,true,false,false,false,false,true,true,false,false,false,"{""coordinates"": [[-79.33359059491346, 43.79804409909235]], ""type"": ""MultiPoint""}"
1613,2007:958325,2007-02-06T15:20:00,VICTORIA PARK AVE,MORECAMBE GT,,3,Non-Fatal Injury,,Traffic Signal,Pedestrian Collision(internal code),Clear,Daylight,Dry,Major Arterial,false,-79.33359059491346,43.79804409909235,1,,,1,,None,Other Safety Equipment Used,,,,,,,,,,owner,,Scarborough-Agincourt (22),42 Division,L'Amoreaux West,true,false,false,false,false,true,true,false,false,false,"{""coordinates"": [[-79.33359059491346, 43.79804409909235]], ""type"": ""MultiPoint""}"
1614,2007:958325,2007-02-06T15:20:00,VICTORIA PARK AVE,MORECAMBE GT,,3,Non-Fatal Injury,,Traffic Signal,Pedestrian Collision(internal code),Clear,Daylight,Dry,Major Arterial,false,-79.33359059491346,43.79804409909235,1,Automobile or Station Wagon,West,2,35,None,Lap and Shoulder Belt,Failed to yield right-of-way,Normal,,,Turning Left,,,,,driver,,Scarborough-Agincourt (22),42 Division,L'Amoreaux West,true,false,false,false,false,true,true,false,false,false,"{""coordinates"": [[-79.33359059491346, 43.79804409909235]], ""type"": ""MultiPoint""}"
1615,2007:957751,2007-02-06T19:39:00,EGLINTON AVE W,BLACK CREEK DR,,2,Non-Fatal Injury,At Intersection,Traffic Signal,Turning Movement,Clear,Dark,Dry,Major Arterial,false,-79.48289100348022,43.688344312687974,1,Automobile or Station Wagon,East,1,72,Minor,Air Bag Deployed,Driving properly,Normal,,,Going Ahead,,,,,driver,,York South-Weston (5),12 Division,Keelesdale-Eglinton West,true,false,false,false,false,true,false,false,false,false,"{""coordinates"": [[-79.48289100348022, 43.688344312687974]], ""type"": ""MultiPoint""}"
1616,2007:957751,2007-02-06T19:39:00,EGLINTON AVE W,BLACK CREEK DR,,2,Non-Fatal Injury,At Intersection,Traffic Signal,Turning Movement,Clear,Dark,Dry,Major Arterial,false,-79.48289100348022,43.688344312687974,2,Automobile or Station Wagon,West,2,42,Major,Air Bag Deployed,Failed to yield right-of-way,Normal,,,Turning Left,,,,,driver,,York South-Weston (5),12 Division,Keelesdale-Eglinton West,true,false,false,false,false,true,false,false,false,false,"{""coordinates"": [[-79.48289100348022, 43.688344312687974]], ""type"": ""MultiPoint""}"
1617,2007:958067,2007-02-07T07:50:00,5714 YONGE ST,,,3,Non-Fatal Injury,Non-Intersection,No Control,Pedestrian Collision(internal code),Clear,Daylight,Dry,Major Arterial,false,-79.41608774445264,43.782068197473826,1,Municipal Transit Bus (TTC),South,3,58,None,Lap and Shoulder Belt,Failed to yield right-of-way,Normal,,,Pulling Away from Shoulder or Curb,,,,,driver,,Willowdale (18),32 Division,Newtonbrook East,true,false,false,false,false,false,true,false,false,true,"{""coordinates"": [[-79.41608774445264, 43.782068197473826]], ""type"": ""MultiPoint""}"
1618,2007:958067,2007-02-07T07:50:00,5714 YONGE ST,,,3,Non-Fatal Injury,Non-Intersection,No Control,Pedestrian Collision(internal code),Clear,Daylight,Dry,Major Arterial,false,-79.41608774445264,43.782068197473826,2,,Unknown,2,47,Major,Other Safety Equipment Used,,,Walking on roadway with traffic,Normal,,Transit vehicle driver hits pedestrian anywhere along roadway,,,,pedestrian,,Willowdale (18),32 Division,Newtonbrook East,true,false,false,false,false,false,true,false,false,true,"{""coordinates"": [[-79.41608774445264, 43.782068197473826]], ""type"": ""MultiPoint""}"
1619,2007:958067,2007-02-07T07:50:00,5714 YONGE ST,,,3,Non-Fatal Injury,Non-Intersection,No Control,Pedestrian Collision(internal code),Clear,Daylight,Dry,Major Arterial,false,-79.41608774445264,43.782068197473826,1,,,1,,,Other Safety Equipment Used,,,,,,,,,,other,,Willowdale (18),32 Division,Newtonbrook East,true,false,false,false,false,false,true,false,false,true,"{""coordinates"": [[-79.41608774445264, 43.782068197473826]], ""type"": ""MultiPoint""}"
1620,2007:951917,2007-02-07T15:21:00,114 LA ROSE AVE,,,2,Non-Fatal Injury,,No Control,Pedestrian Collision(internal code),Clear,Daylight,Dry,Collector,false,-79.52069106671671,43.68564436230174,2,Automobile or Station Wagon,North,2,75,None,Lap and Shoulder Belt,Other,Normal,,,Reversing,,,,,driver,,Etobicoke Centre (2),23 Division,Humber Heights-Westmount,false,false,false,false,false,true,true,false,false,false,"{""coordinates"": [[-79.52069106671671, 43.68564436230174]], ""type"": ""MultiPoint""}"
1621,2007:951917,2007-02-07T15:21:00,114 LA ROSE AVE,,,2,Non-Fatal Injury,,No Control,Pedestrian Collision(internal code),Clear,Daylight,Dry,Collector,false,-79.52069106671671,43.68564436230174,1,,East,1,85,Major,No Equipment Available,,,Crossing - no traffic control,Normal,,Driver reversing hits pedestrian,,,,pedestrian,,Etobicoke Centre (2),23 Division,Humber Heights-Westmount,false,false,false,false,false,true,true,false,false,false,"{""coordinates"": [[-79.52069106671671, 43.68564436230174]], ""type"": ""MultiPoint""}"
1622,2007:958350,2007-02-08T09:20:00,CROCKFORD BLVD,BERTRAND AVE,,4,Non-Fatal Injury,,No Control,Turning Movement,Clear,Daylight,Dry,Collector,false,-79.28599058113453,43.73384403853205,2,Automobile or Station Wagon,South,4,45,Major,Lap and Shoulder Belt,Driving properly,Normal,,,Going Ahead,,,,,driver,,Scarborough Centre (21),41 Division,Wexford/Maryvale,false,false,false,false,false,false,false,false,false,false,"{""coordinates"": [[-79.28599058113453, 43.73384403853205]], ""type"": ""MultiPoint""}"
1623,2007:958350,2007-02-08T09:20:00,CROCKFORD BLVD,BERTRAND AVE,,4,Non-Fatal Injury,,No Control,Turning Movement,Clear,Daylight,Dry,Collector,false,-79.28599058113453,43.73384403853205,2,,,3,,,Other Safety Equipment Used,,,,,,,,,,owner,,Scarborough Centre (21),41 Division,Wexford/Maryvale,false,false,false,false,false,false,false,false,false,false,"{""coordinates"": [[-79.28599058113453, 43.73384403853205]], ""type"": ""MultiPoint""}"
1624,2007:958350,2007-02-08T09:20:00,CROCKFORD BLVD,BERTRAND AVE,,4,Non-Fatal Injury,,No Control,Turning Movement,Clear,Daylight,Dry,Collector,false,-79.28599058113453,43.73384403853205,1,,,1,,,Other Safety Equipment Used,,,,,,,,,,owner,,Scarborough Centre (21),41 Division,Wexford/Maryvale,false,false,false,false,false,false,false,false,false,false,"{""coordinates"": [[-79.28599058113453, 43.73384403853205]], ""type"": ""MultiPoint""}"
1625,2007:958350,2007-02-08T09:20:00,CROCKFORD BLVD,BERTRAND AVE,,4,Non-Fatal Injury,,No Control,Turning Movement,Clear,Daylight,Dry,Collector,false,-79.28599058113453,43.73384403853205,1,Automobile or Station Wagon,West,2,26,None,Lap and Shoulder Belt,Lost control,Normal,,,Turning Right,,,,,driver,,Scarborough Centre (21),41 Division,Wexford/Maryvale,false,false,false,false,false,false,false,false,false,false,"{""coordinates"": [[-79.28599058113453, 43.73384403853205]], ""type"": ""MultiPoint""}"
1626,2007:958123,2007-02-08T10:38:00,DUFFERIN ST,SYLVAN AVE,,2,Non-Fatal Injury,,No Control,Pedestrian Collision(internal code),Clear,Daylight,Dry,Major Arterial,false,-79.43339096776995,43.65464425512647,2,,West,2,22,Major,Other Safety Equipment Used,,,Crossing - no traffic control,Normal,,Driver going straight hits pedestrian crossing without right-of-way (at intersection),,,,pedestrian,,Davenport (9),11 Division,Dufferin Grove,false,false,false,false,false,false,true,false,false,false,"{""coordinates"": [[-79.43339096776995, 43.65464425512647]], ""type"": ""MultiPoint""}"
1627,2007:958123,2007-02-08T10:38:00,DUFFERIN ST,SYLVAN AVE,,2,Non-Fatal Injury,,No Control,Pedestrian Collision(internal code),Clear,Daylight,Dry,Major Arterial,false,-79.43339096776995,43.65464425512647,1,Automobile or Station Wagon,South,1,37,None,Lap and Shoulder Belt,Driving properly,Normal,,,Going Ahead,,,,,driver,,Davenport (9),11 Division,Dufferin Grove,false,false,false,false,false,false,true,false,false,false,"{""coordinates"": [[-79.43339096776995, 43.65464425512647]], ""type"": ""MultiPoint""}"
1628,2007:952125,2007-02-08T20:00:00,621 ROYAL YORK Road,,,2,Non-Fatal Injury,,No Control,SMV Unattended Vehicle,Clear,Dark,Dry,Minor Arterial,false,-79.50329114996427,43.62834437023625,1,,,1,,None,Other Safety Equipment Used,,,,,Parked,,,,,owner,,Etobicoke-Lakeshore (3),22 Division,Stonegate-Queensway,false,false,false,false,false,false,false,false,false,false,"{""coordinates"": [[-79.50329114996427, 43.62834437023625]], ""type"": ""MultiPoint""}"
1629,2007:952125,2007-02-08T20:00:00,621 ROYAL YORK Road,,,2,Non-Fatal Injury,,No Control,SMV Unattended Vehicle,Clear,Dark,Dry,Minor Arterial,false,-79.50329114996427,43.62834437023625,2,Automobile or Station Wagon,North,2,60,Major,Use Unknown,,,,,Going Ahead,,,,,driver,,Etobicoke-Lakeshore (3),22 Division,Stonegate-Queensway,false,false,false,false,false,false,false,false,false,false,"{""coordinates"": [[-79.50329114996427, 43.62834437023625]], ""type"": ""MultiPoint""}"
1630,2007:952260,2007-02-09T09:00:00,ST CLAIR AVE E,BIRCHMOUNT RD,,6,Non-Fatal Injury,,No Control,Rear End,Clear,Daylight,Dry,Major Arterial,false,-79.26729057148847,43.71514401356493,1,Automobile or Station Wagon,West,2,57,None,Lap and Shoulder Belt,Following too closely,Inattentive,,,Going Ahead,,,,,driver,,Scarborough Southwest (20),41 Division,Kennedy Park,true,true,false,false,false,true,false,false,false,false,"{""coordinates"": [[-79.26729057148847, 43.71514401356493]], ""type"": ""MultiPoint""}"
1631,2007:952260,2007-02-09T09:00:00,ST CLAIR AVE E,BIRCHMOUNT RD,,6,Non-Fatal Injury,,No Control,Rear End,Clear,Daylight,Dry,Major Arterial,false,-79.26729057148847,43.71514401356493,3,Automobile or Station Wagon,West,4,34,Major,Air Bag Deployed,Driving properly,Normal,,,Stopped,,,,,driver,,Scarborough Southwest (20),41 Division,Kennedy Park,true,true,false,false,false,true,false,false,false,false,"{""coordinates"": [[-79.26729057148847, 43.71514401356493]], ""type"": ""MultiPoint""}"
1632,2007:952260,2007-02-09T09:00:00,ST CLAIR AVE E,BIRCHMOUNT RD,,6,Non-Fatal Injury,,No Control,Rear End,Clear,Daylight,Dry,Major Arterial,false,-79.26729057148847,43.71514401356493,2,Automobile or Station Wagon,East,3,70,Minor,Air Bag Deployed,Driving properly,Normal,,,Going Ahead,,,,,driver,,Scarborough Southwest (20),41 Division,Kennedy Park,true,true,false,false,false,true,false,false,false,false,"{""coordinates"": [[-79.26729057148847, 43.71514401356493]], ""type"": ""MultiPoint""}"
1633,2007:952260,2007-02-09T09:00:00,ST CLAIR AVE E,BIRCHMOUNT RD,,6,Non-Fatal Injury,,No Control,Rear End,Clear,Daylight,Dry,Major Arterial,false,-79.26729057148847,43.71514401356493,4,Automobile or Station Wagon,West,5,30,None,Air Bag Deployed,Driving properly,Normal,,,Stopped,,,,,driver,,Scarborough Southwest (20),41 Division,Kennedy Park,true,true,false,false,false,true,false,false,false,false,"{""coordinates"": [[-79.26729057148847, 43.71514401356493]], ""type"": ""MultiPoint""}"
1634,2007:952260,2007-02-09T09:00:00,ST CLAIR AVE E,BIRCHMOUNT RD,,6,Non-Fatal Injury,,No Control,Rear End,Clear,Daylight,Dry,Major Arterial,false,-79.26729057148847,43.71514401356493,5,Automobile or Station Wagon,West,6,33,None,Lap and Shoulder Belt,Driving properly,Normal,,,Stopped,,,,,driver,,Scarborough Southwest (20),41 Division,Kennedy Park,true,true,false,false,false,true,false,false,false,false,"{""coordinates"": [[-79.26729057148847, 43.71514401356493]], ""type"": ""MultiPoint""}"
1635,2007:974158,2007-02-10T00:52:00,OSSINGTON AVE,CHURCHILL AVE,,5,Non-Fatal Injury,At Intersection,Traffic Signal,Pedestrian Collision(internal code),Clear,Dark,Dry,Minor Arterial,false,-79.42179094962773,43.65194423889651,1,,,3,26,None,Other Safety Equipment Used,,,,,Other,,,,,passenger,,Davenport (9),14 Division,Trinity-Bellwoods,true,false,false,false,false,false,true,false,true,false,"{""coordinates"": [[-79.42179094962773, 43.65194423889651]], ""type"": ""MultiPoint""}"
1636,2007:974158,2007-02-10T00:52:00,OSSINGTON AVE,CHURCHILL AVE,,5,Non-Fatal Injury,At Intersection,Traffic Signal,Pedestrian Collision(internal code),Clear,Dark,Dry,Minor Arterial,false,-79.42179094962773,43.65194423889651,1,,East,1,14,Major,Other Safety Equipment Used,,,Running onto roadway,Ability Impaired - Alcohol,,Driver going straight hits pedestrian crossing with right-of-way (at intersection),,,,pedestrian,,Davenport (9),14 Division,Trinity-Bellwoods,true,false,false,false,false,false,true,false,true,false,"{""coordinates"": [[-79.42179094962773, 43.65194423889651]], ""type"": ""MultiPoint""}"
1637,2007:974158,2007-02-10T00:52:00,OSSINGTON AVE,CHURCHILL AVE,,5,Non-Fatal Injury,At Intersection,Traffic Signal,Pedestrian Collision(internal code),Clear,Dark,Dry,Minor Arterial,false,-79.42179094962773,43.65194423889651,1,,,4,,None,Other Safety Equipment Used,,,,,Going Ahead,,,,,owner,,Davenport (9),14 Division,Trinity-Bellwoods,true,false,false,false,false,false,true,false,true,false,"{""coordinates"": [[-79.42179094962773, 43.65194423889651]], ""type"": ""MultiPoint""}"
1638,2007:974158,2007-02-10T00:52:00,OSSINGTON AVE,CHURCHILL AVE,,5,Non-Fatal Injury,At Intersection,Traffic Signal,Pedestrian Collision(internal code),Clear,Dark,Dry,Minor Arterial,false,-79.42179094962773,43.65194423889651,1,Automobile or Station Wagon,South,5,29,None,Other Safety Equipment Used,Exceeding speed limit,Normal,,,Going Ahead,,,,,driver,,Davenport (9),14 Division,Trinity-Bellwoods,true,false,false,false,false,false,true,false,true,false,"{""coordinates"": [[-79.42179094962773, 43.65194423889651]], ""type"": ""MultiPoint""}"
1639,2007:974158,2007-02-10T00:52:00,OSSINGTON AVE,CHURCHILL AVE,,5,Non-Fatal Injury,At Intersection,Traffic Signal,Pedestrian Collision(internal code),Clear,Dark,Dry,Minor Arterial,false,-79.42179094962773,43.65194423889651,1,,,2,31,None,Other Safety Equipment Used,,,,,Other,,,,,passenger,,Davenport (9),14 Division,Trinity-Bellwoods,true,false,false,false,false,false,true,false,true,false,"{""coordinates"": [[-79.42179094962773, 43.65194423889651]], ""type"": ""MultiPoint""}"
1640,2007:952529,2007-02-11T02:02:00,KIPLING AVE,ADVANCE RD,,3,Fatal Injury,At Intersection,No Control,Pedestrian Collision(internal code),Clear,Dark,Dry,Major Arterial,false,-79.53159117911684,43.632644403297036,2,,West,3,19,Fatal,Other Safety Equipment Used,,,Walking on roadway with traffic,Unknown,,Driver hits pedestrian at midblock,,,,pedestrian,3,Etobicoke-Lakeshore (3),22 Division,Etobicoke City Centre,true,false,false,false,false,false,true,false,true,false,"{""coordinates"": [[-79.53159117911684, 43.632644403297036]], ""type"": ""MultiPoint""}"
1641,2007:952529,2007-02-11T02:02:00,KIPLING AVE,ADVANCE RD,,3,Fatal Injury,At Intersection,No Control,Pedestrian Collision(internal code),Clear,Dark,Dry,Major Arterial,false,-79.53159117911684,43.632644403297036,1,,,1,,,Other Safety Equipment Used,,,,,,,,,,owner,,Etobicoke-Lakeshore (3),22 Division,Etobicoke City Centre,true,false,false,false,false,false,true,false,true,false,"{""coordinates"": [[-79.53159117911684, 43.632644403297036]], ""type"": ""MultiPoint""}"
1642,2007:952529,2007-02-11T02:02:00,KIPLING AVE,ADVANCE RD,,3,Fatal Injury,At Intersection,No Control,Pedestrian Collision(internal code),Clear,Dark,Dry,Major Arterial,false,-79.53159117911684,43.632644403297036,1,Automobile or Station Wagon,North,2,20,None,Other Safety Equipment Used,Exceeding speed limit,Ability Impaired - Alcohol Over .08,,,Going Ahead,,,,,driver,,Etobicoke-Lakeshore (3),22 Division,Etobicoke City Centre,true,false,false,false,false,false,true,false,true,false,"{""coordinates"": [[-79.53159117911684, 43.632644403297036]], ""type"": ""MultiPoint""}"
1643,2007:959650,2007-02-12T01:12:00,NEILSON RD,FINCH AVE E,,2,Non-Fatal Injury,,No Control,SMV Other,Clear,Dark,Dry,Collector,false,-79.22799041778885,43.81704398367436,1,Automobile or Station Wagon,South,1,50,Major,Lap and Shoulder Belt,Lost control,Unknown,,,Overtaking,,,,,driver,,Scarborough North (23),42 Division,Morningside Heights,false,false,false,false,false,false,false,false,false,false,"{""coordinates"": [[-79.22799041778885, 43.81704398367436]], ""type"": ""MultiPoint""}"
1644,2007:959650,2007-02-12T01:12:00,NEILSON RD,FINCH AVE E,,2,Non-Fatal Injury,,No Control,SMV Other,Clear,Dark,Dry,Collector,false,-79.22799041778885,43.81704398367436,2,,,2,,,Other Safety Equipment Used,,,,,,,,,,owner,,Scarborough North (23),42 Division,Morningside Heights,false,false,false,false,false,false,false,false,false,false,"{""coordinates"": [[-79.22799041778885, 43.81704398367436]], ""type"": ""MultiPoint""}"