_id,collision_id,accdate,stname1,stname2,stname3,per_inv,acclass,accloc,traffictl,impactype,visible,light,rdsfcond,road_class,failtorem,longitude,latitude,veh_no,vehtype,initdir,per_no,invage,injury,safequip,drivact,drivcond,pedact,pedcond,manoeuvre,pedtype,cyclistype,cycact,cyccond,road_user,fatal_no,wardname,division,neighbourhood,aggressive,distracted,cyclist,motorcyclist,other_micromobility,older_adult,pedestrian,red_light,school_child,heavy_truck,geometry
1645,2007:976566,2007-02-12T08:50:00,BRIMLEY RD,PITFIELD RD,,2,Non-Fatal Injury,At Intersection,Traffic Signal,Cyclist Collision,Snow,Daylight,Loose Snow,Major Arterial,false,-79.26639049975617,43.78344401853622,1,Automobile or Station Wagon,South,1,,None,Other Safety Equipment Used,Driving properly,Normal,,,Going Ahead,,,,,driver,,Scarborough North (23),42 Division,Agincourt South-Malvern West,false,false,true,false,false,false,false,false,false,false,"{""coordinates"": [[-79.26639049975617, 43.78344401853622]], ""type"": ""MultiPoint""}"
1646,2007:976566,2007-02-12T08:50:00,BRIMLEY RD,PITFIELD RD,,2,Non-Fatal Injury,At Intersection,Traffic Signal,Cyclist Collision,Snow,Daylight,Loose Snow,Major Arterial,false,-79.26639049975617,43.78344401853622,1,Bicycle,West,2,44,Major,Other Safety Equipment Used,,,,,Going Ahead,,"Driver without right-of-way drives into path of cyclist (at intersection, laneway, or driveway)",Failed to Yield Right of Way,Normal,cyclist,,Scarborough North (23),42 Division,Agincourt South-Malvern West,false,false,true,false,false,false,false,false,false,false,"{""coordinates"": [[-79.26639049975617, 43.78344401853622]], ""type"": ""MultiPoint""}"
1647,2007:958900,2007-02-13T09:15:00,ST CLAIR Aven W,KEELE Stre,,4,Non-Fatal Injury,,No Control,SMV Other,Clear,Daylight,Dry,Major Arterial,false,-79.4659909992866,43.6728442955623,1,Truck - Open (Flatbed),East,2,31,Major,Lap and Shoulder Belt,Driving properly,Normal,,,Going Ahead,,,,,driver,,York South-Weston (5),11 Division,Junction Area,false,false,false,false,false,false,false,false,false,true,"{""coordinates"": [[-79.4659909992866, 43.6728442955623]], ""type"": ""MultiPoint""}"
1648,2007:958900,2007-02-13T09:15:00,ST CLAIR Aven W,KEELE Stre,,4,Non-Fatal Injury,,No Control,SMV Other,Clear,Daylight,Dry,Major Arterial,false,-79.4659909992866,43.6728442955623,1,,,1,,None,Other Safety Equipment Used,,,,,,,,,,owner,,York South-Weston (5),11 Division,Junction Area,false,false,false,false,false,false,false,false,false,true,"{""coordinates"": [[-79.4659909992866, 43.6728442955623]], ""type"": ""MultiPoint""}"
1649,2007:958900,2007-02-13T09:15:00,ST CLAIR Aven W,KEELE Stre,,4,Non-Fatal Injury,,No Control,SMV Other,Clear,Daylight,Dry,Major Arterial,false,-79.4659909992866,43.6728442955623,2,,,3,,None,Other Safety Equipment Used,,,,,,,,,,owner,,York South-Weston (5),11 Division,Junction Area,false,false,false,false,false,false,false,false,false,true,"{""coordinates"": [[-79.4659909992866, 43.6728442955623]], ""type"": ""MultiPoint""}"
1650,2007:958900,2007-02-13T09:15:00,ST CLAIR Aven W,KEELE Stre,,4,Non-Fatal Injury,,No Control,SMV Other,Clear,Daylight,Dry,Major Arterial,false,-79.4659909992866,43.6728442955623,2,,,4,,None,Other Safety Equipment Used,,,,,,,,,,owner,,York South-Weston (5),11 Division,Junction Area,false,false,false,false,false,false,false,false,false,true,"{""coordinates"": [[-79.4659909992866, 43.6728442955623]], ""type"": ""MultiPoint""}"
1651,2007:953178,2007-02-14T07:00:00,MCNICOLL AVE,WARDEN AVE,,2,Fatal Injury,,No Control,Pedestrian Collision(internal code),Snow,Dark,Packed Snow,Minor Arterial,false,-79.32219056920331,43.80604408607267,1,Automobile or Station Wagon,East,2,25,None,Other Safety Equipment Used,Speed too fast for conditions,Normal,,,Going Ahead,,,,,driver,,Scarborough-Agincourt (22),42 Division,Steeles,true,true,false,false,false,false,true,false,false,false,"{""coordinates"": [[-79.32219056920331, 43.80604408607267]], ""type"": ""MultiPoint""}"
1652,2007:953178,2007-02-14T07:00:00,MCNICOLL AVE,WARDEN AVE,,2,Fatal Injury,,No Control,Pedestrian Collision(internal code),Snow,Dark,Packed Snow,Minor Arterial,false,-79.32219056920331,43.80604408607267,2,,North,1,34,Fatal,Other Safety Equipment Used,,,Walking on roadway with traffic,Inattentive,,Driver hits pedestrian at midblock,,,,pedestrian,4,Scarborough-Agincourt (22),42 Division,Steeles,true,true,false,false,false,false,true,false,false,false,"{""coordinates"": [[-79.32219056920331, 43.80604408607267]], ""type"": ""MultiPoint""}"
1653,2007:958999,2007-02-14T13:05:00,THE QUEENSWAY,THE EAST MALL,,4,Non-Fatal Injury,At Intersection,Traffic Signal,Angle,Snow,Daylight,Loose Snow,Major Arterial,false,-79.5462912285715,43.61644443045572,3,,,4,,None,Other Safety Equipment Used,,,,,,,,,,other,,Etobicoke-Lakeshore (3),22 Division,Etobicoke City Centre,true,false,false,false,false,false,false,false,false,true,"{""coordinates"": [[-79.5462912285715, 43.61644443045572]], ""type"": ""MultiPoint""}"
1654,2007:958999,2007-02-14T13:05:00,THE QUEENSWAY,THE EAST MALL,,4,Non-Fatal Injury,At Intersection,Traffic Signal,Angle,Snow,Daylight,Loose Snow,Major Arterial,false,-79.5462912285715,43.61644443045572,2,Truck - Open (Flatbed),South,3,35,Major,Other Safety Equipment Used,Driving properly,Normal,,,Going Ahead,,,,,driver,,Etobicoke-Lakeshore (3),22 Division,Etobicoke City Centre,true,false,false,false,false,false,false,false,false,true,"{""coordinates"": [[-79.5462912285715, 43.61644443045572]], ""type"": ""MultiPoint""}"
1655,2007:958999,2007-02-14T13:05:00,THE QUEENSWAY,THE EAST MALL,,4,Non-Fatal Injury,At Intersection,Traffic Signal,Angle,Snow,Daylight,Loose Snow,Major Arterial,false,-79.5462912285715,43.61644443045572,1,Automobile or Station Wagon,East,1,26,None,Other Safety Equipment Used,Speed too fast for conditions,Normal,,,Going Ahead,,,,,driver,,Etobicoke-Lakeshore (3),22 Division,Etobicoke City Centre,true,false,false,false,false,false,false,false,false,true,"{""coordinates"": [[-79.5462912285715, 43.61644443045572]], ""type"": ""MultiPoint""}"
1656,2007:958999,2007-02-14T13:05:00,THE QUEENSWAY,THE EAST MALL,,4,Non-Fatal Injury,At Intersection,Traffic Signal,Angle,Snow,Daylight,Loose Snow,Major Arterial,false,-79.5462912285715,43.61644443045572,2,,,2,,None,Other Safety Equipment Used,,,,,,,,,,owner,,Etobicoke-Lakeshore (3),22 Division,Etobicoke City Centre,true,false,false,false,false,false,false,false,false,true,"{""coordinates"": [[-79.5462912285715, 43.61644443045572]], ""type"": ""MultiPoint""}"
1657,2007:953726,2007-02-15T14:45:00,EGLINTON AVE W,KIPLING AVE,,3,Non-Fatal Injury,,No Control,Rear End,Clear,Daylight,Other,Major Arterial,true,-79.54989111969417,43.677344401379564,1,,,1,42,Major,Lap and Shoulder Belt,,,,,Other,,,,,passenger,,Etobicoke Centre (2),22 Division,Princess-Rosethorn,true,false,false,false,false,false,false,false,false,false,"{""coordinates"": [[-79.54989111969417, 43.677344401379564]], ""type"": ""MultiPoint""}"
1658,2007:953726,2007-02-15T14:45:00,EGLINTON AVE W,KIPLING AVE,,3,Non-Fatal Injury,,No Control,Rear End,Clear,Daylight,Other,Major Arterial,true,-79.54989111969417,43.677344401379564,1,Automobile or Station Wagon,West,2,44,Minimal,Lap and Shoulder Belt,Driving properly,Normal,,,Slowing or Stopping,,,,,driver,,Etobicoke Centre (2),22 Division,Princess-Rosethorn,true,false,false,false,false,false,false,false,false,false,"{""coordinates"": [[-79.54989111969417, 43.677344401379564]], ""type"": ""MultiPoint""}"
1659,2007:953726,2007-02-15T14:45:00,EGLINTON AVE W,KIPLING AVE,,3,Non-Fatal Injury,,No Control,Rear End,Clear,Daylight,Other,Major Arterial,true,-79.54989111969417,43.677344401379564,2,Automobile or Station Wagon,West,3,23,None,Other Safety Equipment Used,Following too closely,Unknown,,,Going Ahead,,,,,driver,,Etobicoke Centre (2),22 Division,Princess-Rosethorn,true,false,false,false,false,false,false,false,false,false,"{""coordinates"": [[-79.54989111969417, 43.677344401379564]], ""type"": ""MultiPoint""}"
1660,2007:959236,2007-02-15T15:31:00,JANE ST,WOOLNER AVE,,3,Non-Fatal Injury,At Intersection,Traffic Signal,Pedestrian Collision(internal code),Clear,Daylight,Dry,Major Arterial,false,-79.49369105395239,43.67164433572948,2,,,2,,None,Other Safety Equipment Used,,,,,,,,,,owner,,York South-Weston (5),12 Division,Rockcliffe-Smythe,false,false,false,false,false,false,true,false,false,false,"{""coordinates"": [[-79.49369105395239, 43.67164433572948]], ""type"": ""MultiPoint""}"
1661,2007:959236,2007-02-15T15:31:00,JANE ST,WOOLNER AVE,,3,Non-Fatal Injury,At Intersection,Traffic Signal,Pedestrian Collision(internal code),Clear,Daylight,Dry,Major Arterial,false,-79.49369105395239,43.67164433572948,3,,West,3,48,Major,Other Safety Equipment Used,,,Crossing with right-of-way (intersection),Normal,,Driver turns right into pedestrian crossing with right-of-way (at intersection),,,,pedestrian,,York South-Weston (5),12 Division,Rockcliffe-Smythe,false,false,false,false,false,false,true,false,false,false,"{""coordinates"": [[-79.49369105395239, 43.67164433572948]], ""type"": ""MultiPoint""}"
1662,2007:959236,2007-02-15T15:31:00,JANE ST,WOOLNER AVE,,3,Non-Fatal Injury,At Intersection,Traffic Signal,Pedestrian Collision(internal code),Clear,Daylight,Dry,Major Arterial,false,-79.49369105395239,43.67164433572948,1,Automobile or Station Wagon,West,1,22,None,Lap and Shoulder Belt,Improper turn,Normal,,,Turning Right,,,,,driver,,York South-Weston (5),12 Division,Rockcliffe-Smythe,false,false,false,false,false,false,true,false,false,false,"{""coordinates"": [[-79.49369105395239, 43.67164433572948]], ""type"": ""MultiPoint""}"
1663,2007:953931,2007-02-16T20:08:00,LAKE SHORE BLVD W,NEWFOUNDLAND RD,,4,Non-Fatal Injury,At Intersection,Traffic Signal,Turning Movement,Clear,Dark,Dry,Major Arterial,false,-79.41079095938572,43.63244422821576,1,Automobile or Station Wagon,East,3,36,Minor,Other Safety Equipment Used,Driving properly,Normal,,,Turning Left,,,,,driver,,Spadina-Fort York (10),14 Division,Fort York-Liberty Village,true,false,false,false,false,false,false,true,false,false,"{""coordinates"": [[-79.41079095938572, 43.63244422821576]], ""type"": ""MultiPoint""}"
1664,2007:953931,2007-02-16T20:08:00,LAKE SHORE BLVD W,NEWFOUNDLAND RD,,4,Non-Fatal Injury,At Intersection,Traffic Signal,Turning Movement,Clear,Dark,Dry,Major Arterial,false,-79.41079095938572,43.63244422821576,1,Automobile or Station Wagon,,1,35,Minor,Other Safety Equipment Used,,,,,Other,,,,,passenger,,Spadina-Fort York (10),14 Division,Fort York-Liberty Village,true,false,false,false,false,false,false,true,false,false,"{""coordinates"": [[-79.41079095938572, 43.63244422821576]], ""type"": ""MultiPoint""}"
1665,2007:953931,2007-02-16T20:08:00,LAKE SHORE BLVD W,NEWFOUNDLAND RD,,4,Non-Fatal Injury,At Intersection,Traffic Signal,Turning Movement,Clear,Dark,Dry,Major Arterial,false,-79.41079095938572,43.63244422821576,2,Automobile or Station Wagon,West,4,62,Major,Other Safety Equipment Used,Disobeyed traffic control,Unknown,,,Other,,,,,driver,,Spadina-Fort York (10),14 Division,Fort York-Liberty Village,true,false,false,false,false,false,false,true,false,false,"{""coordinates"": [[-79.41079095938572, 43.63244422821576]], ""type"": ""MultiPoint""}"
1666,2007:953931,2007-02-16T20:08:00,LAKE SHORE BLVD W,NEWFOUNDLAND RD,,4,Non-Fatal Injury,At Intersection,Traffic Signal,Turning Movement,Clear,Dark,Dry,Major Arterial,false,-79.41079095938572,43.63244422821576,1,,,2,,None,Other Safety Equipment Used,,,,,Other,,,,,owner,,Spadina-Fort York (10),14 Division,Fort York-Liberty Village,true,false,false,false,false,false,false,true,false,false,"{""coordinates"": [[-79.41079095938572, 43.63244422821576]], ""type"": ""MultiPoint""}"
1667,2007:956470,2007-02-16T23:05:00,4400 DUFFERIN Stre,,,7,Non-Fatal Injury,At Intersection,Traffic Signal,Turning Movement,Clear,Dark,Wet,Major Arterial,true,-79.4661908460149,43.76544426075472,3,,,6,17,Minor,Lap and Shoulder Belt,,,,,Other,,,,,passenger,,York Centre (6),32 Division,York University Heights,true,false,false,false,false,false,false,true,true,false,"{""coordinates"": [[-79.4661908460149, 43.76544426075472]], ""type"": ""MultiPoint""}"
1668,2007:956470,2007-02-16T23:05:00,4400 DUFFERIN Stre,,,7,Non-Fatal Injury,At Intersection,Traffic Signal,Turning Movement,Clear,Dark,Wet,Major Arterial,true,-79.4661908460149,43.76544426075472,2,,,3,41,Major,Lap and Shoulder Belt,,,,,Other,,,,,passenger,,York Centre (6),32 Division,York University Heights,true,false,false,false,false,false,false,true,true,false,"{""coordinates"": [[-79.4661908460149, 43.76544426075472]], ""type"": ""MultiPoint""}"
1669,2007:956470,2007-02-16T23:05:00,4400 DUFFERIN Stre,,,7,Non-Fatal Injury,At Intersection,Traffic Signal,Turning Movement,Clear,Dark,Wet,Major Arterial,true,-79.4661908460149,43.76544426075472,3,Automobile or Station Wagon,East,7,27,Minor,Lap and Shoulder Belt,Driving properly,Normal,,,Turning Left,,,,,driver,,York Centre (6),32 Division,York University Heights,true,false,false,false,false,false,false,true,true,false,"{""coordinates"": [[-79.4661908460149, 43.76544426075472]], ""type"": ""MultiPoint""}"
1670,2007:956470,2007-02-16T23:05:00,4400 DUFFERIN Stre,,,7,Non-Fatal Injury,At Intersection,Traffic Signal,Turning Movement,Clear,Dark,Wet,Major Arterial,true,-79.4661908460149,43.76544426075472,3,,,5,5,Minimal,Other Safety Equipment Used,,,,,Other,,,,,passenger,,York Centre (6),32 Division,York University Heights,true,false,false,false,false,false,false,true,true,false,"{""coordinates"": [[-79.4661908460149, 43.76544426075472]], ""type"": ""MultiPoint""}"
1671,2007:956470,2007-02-16T23:05:00,4400 DUFFERIN Stre,,,7,Non-Fatal Injury,At Intersection,Traffic Signal,Turning Movement,Clear,Dark,Wet,Major Arterial,true,-79.4661908460149,43.76544426075472,3,,,4,14,Minor,Other Safety Equipment Used,,,,,Other,,,,,passenger,,York Centre (6),32 Division,York University Heights,true,false,false,false,false,false,false,true,true,false,"{""coordinates"": [[-79.4661908460149, 43.76544426075472]], ""type"": ""MultiPoint""}"
1672,2007:956470,2007-02-16T23:05:00,4400 DUFFERIN Stre,,,7,Non-Fatal Injury,At Intersection,Traffic Signal,Turning Movement,Clear,Dark,Wet,Major Arterial,true,-79.4661908460149,43.76544426075472,1,Automobile or Station Wagon,South,2,,None,Other Safety Equipment Used,Disobeyed traffic control,Unknown,,,Going Ahead,,,,,driver,,York Centre (6),32 Division,York University Heights,true,false,false,false,false,false,false,true,true,false,"{""coordinates"": [[-79.4661908460149, 43.76544426075472]], ""type"": ""MultiPoint""}"
1673,2007:956470,2007-02-16T23:05:00,4400 DUFFERIN Stre,,,7,Non-Fatal Injury,At Intersection,Traffic Signal,Turning Movement,Clear,Dark,Wet,Major Arterial,true,-79.4661908460149,43.76544426075472,1,,,1,,None,Other Safety Equipment Used,,,,,Unknown,,,,,owner,,York Centre (6),32 Division,York University Heights,true,false,false,false,false,false,false,true,true,false,"{""coordinates"": [[-79.4661908460149, 43.76544426075472]], ""type"": ""MultiPoint""}"
1674,2007:959865,2007-02-18T19:12:00,DIXON RD,427 N DIXON RAMP N,,2,Non-Fatal Injury,At Intersection,Traffic Signal,Turning Movement,Clear,Dark,Dry,Major Arterial,false,-79.59939116606408,43.68654445472473,2,Automobile or Station Wagon,West,2,46,None,Lap and Shoulder Belt,Driving properly,Normal,,,Going Ahead,,,,,driver,,Etobicoke North (1),23 Division,West Humber-Clairville,false,false,false,false,false,false,false,false,false,false,"{""coordinates"": [[-79.59939116606408, 43.68654445472473]], ""type"": ""MultiPoint""}"
1675,2007:959865,2007-02-18T19:12:00,DIXON RD,427 N DIXON RAMP N,,2,Non-Fatal Injury,At Intersection,Traffic Signal,Turning Movement,Clear,Dark,Dry,Major Arterial,false,-79.59939116606408,43.68654445472473,1,Automobile or Station Wagon,West,1,55,Major,Lap and Shoulder Belt,Lost control,Normal,,,Turning Left,,,,,driver,,Etobicoke North (1),23 Division,West Humber-Clairville,false,false,false,false,false,false,false,false,false,false,"{""coordinates"": [[-79.59939116606408, 43.68654445472473]], ""type"": ""MultiPoint""}"
1676,2007:954405,2007-02-19T13:58:00,SPADINA AVE,WILLISON SQ,,3,Fatal Injury,,No Control,Pedestrian Collision(internal code),Clear,Daylight,Wet,Major Arterial,false,-79.39779090218313,43.65234420332405,1,,East,2,59,Fatal,Other Safety Equipment Used,,,Crossing - no traffic control,Normal,,Driver hits pedestrian at midblock,,,,pedestrian,5,Spadina-Fort York (10),52 Division,Kensington-Chinatown,false,false,false,false,false,false,true,false,false,false,"{""coordinates"": [[-79.39779090218313, 43.65234420332405]], ""type"": ""MultiPoint""}"
1677,2007:954405,2007-02-19T13:58:00,SPADINA AVE,WILLISON SQ,,3,Fatal Injury,,No Control,Pedestrian Collision(internal code),Clear,Daylight,Wet,Major Arterial,false,-79.39779090218313,43.65234420332405,2,,,3,,,Other Safety Equipment Used,,,,,,,,,,owner,,Spadina-Fort York (10),52 Division,Kensington-Chinatown,false,false,false,false,false,false,true,false,false,false,"{""coordinates"": [[-79.39779090218313, 43.65234420332405]], ""type"": ""MultiPoint""}"
1678,2007:954405,2007-02-19T13:58:00,SPADINA AVE,WILLISON SQ,,3,Fatal Injury,,No Control,Pedestrian Collision(internal code),Clear,Daylight,Wet,Major Arterial,false,-79.39779090218313,43.65234420332405,2,Automobile or Station Wagon,North,1,35,None,Lap and Shoulder Belt,Driving properly,Normal,,,Going Ahead,,,,,driver,,Spadina-Fort York (10),52 Division,Kensington-Chinatown,false,false,false,false,false,false,true,false,false,false,"{""coordinates"": [[-79.39779090218313, 43.65234420332405]], ""type"": ""MultiPoint""}"
1679,2007:959779,2007-02-19T19:41:00,ISLINGTON AVE,LEMSFORD RD,,2,Non-Fatal Injury,At Intersection,Stop Sign,Turning Movement,Clear,Dark,Dry,Major Arterial,false,-79.55009106938797,43.70444438664969,2,Automobile or Station Wagon,North,2,28,Major,Lap and Shoulder Belt,Driving properly,Normal,,,Going Ahead,,,,,driver,,Etobicoke North (1),23 Division,Kingsview Village-The Westway,false,true,false,false,false,false,false,false,false,false,"{""coordinates"": [[-79.55009106938797, 43.70444438664969]], ""type"": ""MultiPoint""}"
1680,2007:959779,2007-02-19T19:41:00,ISLINGTON AVE,LEMSFORD RD,,2,Non-Fatal Injury,At Intersection,Stop Sign,Turning Movement,Clear,Dark,Dry,Major Arterial,false,-79.55009106938797,43.70444438664969,1,Automobile or Station Wagon,West,1,62,None,Lap and Shoulder Belt,Improper turn,Inattentive,,,Turning Left,,,,,driver,,Etobicoke North (1),23 Division,Kingsview Village-The Westway,false,true,false,false,false,false,false,false,false,false,"{""coordinates"": [[-79.55009106938797, 43.70444438664969]], ""type"": ""MultiPoint""}"
1681,2007:954852,2007-02-21T14:05:00,16 HISCOCK BLVD,,,6,Non-Fatal Injury,,No Control,Approaching Head On,Clear,Daylight,Dry,Collector,false,-79.22209045135607,43.76234396740868,4,,,5,,None,Other Safety Equipment Used,,,,,,,,,,owner,,Scarborough-Guildwood (24),43 Division,Golfdale-Cedarbrae-Woburn,true,false,false,false,false,true,false,false,false,false,"{""coordinates"": [[-79.22209045135607, 43.76234396740868]], ""type"": ""MultiPoint""}"
1682,2007:954852,2007-02-21T14:05:00,16 HISCOCK BLVD,,,6,Non-Fatal Injury,,No Control,Approaching Head On,Clear,Daylight,Dry,Collector,false,-79.22209045135607,43.76234396740868,3,Automobile or Station Wagon,West,4,68,Major,Lap and Shoulder Belt,Speed too fast for conditions,Ability Impaired - Alcohol,,,Going Ahead,,,,,driver,,Scarborough-Guildwood (24),43 Division,Golfdale-Cedarbrae-Woburn,true,false,false,false,false,true,false,false,false,false,"{""coordinates"": [[-79.22209045135607, 43.76234396740868]], ""type"": ""MultiPoint""}"
1683,2007:954852,2007-02-21T14:05:00,16 HISCOCK BLVD,,,6,Non-Fatal Injury,,No Control,Approaching Head On,Clear,Daylight,Dry,Collector,false,-79.22209045135607,43.76234396740868,2,,,2,,None,Other Safety Equipment Used,,,,,,,,,,owner,,Scarborough-Guildwood (24),43 Division,Golfdale-Cedarbrae-Woburn,true,false,false,false,false,true,false,false,false,false,"{""coordinates"": [[-79.22209045135607, 43.76234396740868]], ""type"": ""MultiPoint""}"
1684,2007:954852,2007-02-21T14:05:00,16 HISCOCK BLVD,,,6,Non-Fatal Injury,,No Control,Approaching Head On,Clear,Daylight,Dry,Collector,false,-79.22209045135607,43.76234396740868,3,,,3,49,None,Other Safety Equipment Used,,,,,,,,,,owner,,Scarborough-Guildwood (24),43 Division,Golfdale-Cedarbrae-Woburn,true,false,false,false,false,true,false,false,false,false,"{""coordinates"": [[-79.22209045135607, 43.76234396740868]], ""type"": ""MultiPoint""}"
1685,2007:954852,2007-02-21T14:05:00,16 HISCOCK BLVD,,,6,Non-Fatal Injury,,No Control,Approaching Head On,Clear,Daylight,Dry,Collector,false,-79.22209045135607,43.76234396740868,5,,,6,,None,Other Safety Equipment Used,,,,,,,,,,owner,,Scarborough-Guildwood (24),43 Division,Golfdale-Cedarbrae-Woburn,true,false,false,false,false,true,false,false,false,false,"{""coordinates"": [[-79.22209045135607, 43.76234396740868]], ""type"": ""MultiPoint""}"
1686,2007:954852,2007-02-21T14:05:00,16 HISCOCK BLVD,,,6,Non-Fatal Injury,,No Control,Approaching Head On,Clear,Daylight,Dry,Collector,false,-79.22209045135607,43.76234396740868,1,,,1,,None,Other Safety Equipment Used,,,,,,,,,,owner,,Scarborough-Guildwood (24),43 Division,Golfdale-Cedarbrae-Woburn,true,false,false,false,false,true,false,false,false,false,"{""coordinates"": [[-79.22209045135607, 43.76234396740868]], ""type"": ""MultiPoint""}"
1687,2007:959973,2007-02-23T08:30:00,ST CLAIR AVE E,WARDEN AVE,,2,Non-Fatal Injury,At Intersection,Traffic Signal,Pedestrian Collision(internal code),Clear,Daylight,Dry,Major Arterial,false,-79.28099059976076,43.712044031751084,1,Automobile or Station Wagon,East,1,59,None,Lap and Shoulder Belt,Failed to yield right-of-way,Normal,,,Turning Right,,,,,driver,,Scarborough Southwest (20),41 Division,Clairlea-Birchmount,true,false,false,false,false,false,true,false,false,false,"{""coordinates"": [[-79.28099059976076, 43.712044031751084]], ""type"": ""MultiPoint""}"
1688,2007:956782,2007-03-04T03:00:00,DON VALLEY PARKWAY N,SPANBRIDGE RD,,3,Non-Fatal Injury,,No Control,SMV Other,Clear,Dark,Dry,,false,-79.32519067430783,43.715344090613506,1,,,1,28,Major,Lap and Shoulder Belt,,,,,,,,,,passenger,,Don Valley East (16),55 Division,Flemingdon Park,true,false,false,false,false,false,false,false,false,false,"{""coordinates"": [[-79.32519067430783, 43.715344090613506]], ""type"": ""MultiPoint""}"
1689,2007:959973,2007-02-23T08:30:00,ST CLAIR AVE E,WARDEN AVE,,2,Non-Fatal Injury,At Intersection,Traffic Signal,Pedestrian Collision(internal code),Clear,Daylight,Dry,Major Arterial,false,-79.28099059976076,43.712044031751084,2,,East,2,56,Major,Other Safety Equipment Used,,,Crossing with right-of-way (intersection),Normal,,Driver turns right into pedestrian crossing with right-of-way (at intersection),,,,pedestrian,,Scarborough Southwest (20),41 Division,Clairlea-Birchmount,true,false,false,false,false,false,true,false,false,false,"{""coordinates"": [[-79.28099059976076, 43.712044031751084]], ""type"": ""MultiPoint""}"
1690,2007:960441,2007-02-24T16:10:00,YORK MILLS RD,BIRCHWOOD AVE,,3,Non-Fatal Injury,At Intersection,Pedestrian Crossover,Pedestrian Collision(internal code),Clear,Daylight,Dry,Major Arterial,false,-79.39159074432227,43.74644417145658,1,,,1,10,Minimal,Lap and Shoulder Belt,,,,,,,,,,passenger,,Don Valley West (15),32 Division,Bridle Path-Sunnybrook-York Mills,true,false,false,false,false,false,true,false,true,false,"{""coordinates"": [[-79.39159074432227, 43.74644417145658]], ""type"": ""MultiPoint""}"
1691,2007:960441,2007-02-24T16:10:00,YORK MILLS RD,BIRCHWOOD AVE,,3,Non-Fatal Injury,At Intersection,Pedestrian Crossover,Pedestrian Collision(internal code),Clear,Daylight,Dry,Major Arterial,false,-79.39159074432227,43.74644417145658,1,Automobile or Station Wagon,West,2,32,None,Lap and Shoulder Belt,Disobeyed traffic control,Normal,,,Going Ahead,,,,,driver,,Don Valley West (15),32 Division,Bridle Path-Sunnybrook-York Mills,true,false,false,false,false,false,true,false,true,false,"{""coordinates"": [[-79.39159074432227, 43.74644417145658]], ""type"": ""MultiPoint""}"
1692,2007:960441,2007-02-24T16:10:00,YORK MILLS RD,BIRCHWOOD AVE,,3,Non-Fatal Injury,At Intersection,Pedestrian Crossover,Pedestrian Collision(internal code),Clear,Daylight,Dry,Major Arterial,false,-79.39159074432227,43.74644417145658,2,,,3,15,Major,Other Safety Equipment Used,,,Crossing - pedestrian crossover,Normal,,Driver hits pedestrian at PXO/pedestrian midblock signal,,,,pedestrian,,Don Valley West (15),32 Division,Bridle Path-Sunnybrook-York Mills,true,false,false,false,false,false,true,false,true,false,"{""coordinates"": [[-79.39159074432227, 43.74644417145658]], ""type"": ""MultiPoint""}"
1693,2007:955425,2007-02-25T03:34:00,GARDINER X W 427 X N RAMP E,HIGHWAY 427 X Ramp N,,3,Non-Fatal Injury,,No Control,SMV Other,Clear,Dark,Dry,,false,-79.54639123224491,43.61454443162315,1,,,2,,,Other Safety Equipment Used,,,,,,,,,,owner,,Etobicoke-Lakeshore (3),22 Division,Etobicoke City Centre,false,false,false,false,false,false,false,false,false,false,"{""coordinates"": [[-79.54639123224491, 43.61454443162315]], ""type"": ""MultiPoint""}"
1694,2007:955425,2007-02-25T03:34:00,GARDINER X W 427 X N RAMP E,HIGHWAY 427 X Ramp N,,3,Non-Fatal Injury,,No Control,SMV Other,Clear,Dark,Dry,,false,-79.54639123224491,43.61454443162315,1,,,3,33,Major,Other Safety Equipment Used,,,,,Other,,,,,passenger,,Etobicoke-Lakeshore (3),22 Division,Etobicoke City Centre,false,false,false,false,false,false,false,false,false,false,"{""coordinates"": [[-79.54639123224491, 43.61454443162315]], ""type"": ""MultiPoint""}"
1695,2007:955425,2007-02-25T03:34:00,GARDINER X W 427 X N RAMP E,HIGHWAY 427 X Ramp N,,3,Non-Fatal Injury,,No Control,SMV Other,Clear,Dark,Dry,,false,-79.54639123224491,43.61454443162315,1,Automobile or Station Wagon,West,1,21,Major,Other Safety Equipment Used,Lost control,Had Been Drinking,,,Going Ahead,,,,,driver,,Etobicoke-Lakeshore (3),22 Division,Etobicoke City Centre,false,false,false,false,false,false,false,false,false,false,"{""coordinates"": [[-79.54639123224491, 43.61454443162315]], ""type"": ""MultiPoint""}"
1696,2007:955463,2007-02-25T12:55:00,DUFFERIN ST,CHANDOS AVE,,3,Non-Fatal Injury,At Intersection,No Control,Pedestrian Collision(internal code),Clear,Daylight,Dry,Major Arterial,false,-79.44029095328719,43.67124425939546,2,,South,3,60,Major,Other Safety Equipment Used,,,Crossing with right-of-way (intersection),Normal,,Driver turns left into pedestrian crossing with right-of-way (at intersection),,,,pedestrian,,Davenport (9),13 Division,Junction-Wallace Emerson,true,true,false,false,false,false,true,false,false,false,"{""coordinates"": [[-79.44029095328719, 43.67124425939546]], ""type"": ""MultiPoint""}"
1697,2007:955463,2007-02-25T12:55:00,DUFFERIN ST,CHANDOS AVE,,3,Non-Fatal Injury,At Intersection,No Control,Pedestrian Collision(internal code),Clear,Daylight,Dry,Major Arterial,false,-79.44029095328719,43.67124425939546,1,Automobile or Station Wagon,North,2,36,None,Other Safety Equipment Used,Failed to yield right-of-way,Inattentive,,,Turning Left,,,,,driver,,Davenport (9),13 Division,Junction-Wallace Emerson,true,true,false,false,false,false,true,false,false,false,"{""coordinates"": [[-79.44029095328719, 43.67124425939546]], ""type"": ""MultiPoint""}"