_id,collision_id,accdate,stname1,stname2,stname3,per_inv,acclass,accloc,traffictl,impactype,visible,light,rdsfcond,road_class,failtorem,longitude,latitude,veh_no,vehtype,initdir,per_no,invage,injury,safequip,drivact,drivcond,pedact,pedcond,manoeuvre,pedtype,cyclistype,cycact,cyccond,road_user,fatal_no,wardname,division,neighbourhood,aggressive,distracted,cyclist,motorcyclist,other_micromobility,older_adult,pedestrian,red_light,school_child,heavy_truck,geometry
1753,2007:957573,2007-03-07T19:57:00,EGLINTON AVE W,OAKWOOD AVE,,2,Non-Fatal Injury,At Intersection,Traffic Signal,Pedestrian Collision(internal code),Clear,Dark,Dry,Major Arterial,false,-79.44279091417147,43.697244253608964,2,,North,2,36,Major,Other Safety Equipment Used,,,Crossing without right-of-way (intersection),Normal,,Driver going straight hits pedestrian crossing without right-of-way (at intersection),,,,pedestrian,,Toronto-St. Paul's (12),13 Division,Oakwood Village,false,false,false,false,false,false,true,false,false,false,"{""coordinates"": [[-79.44279091417147, 43.697244253608964]], ""type"": ""MultiPoint""}"
1754,2007:962206,2007-03-09T09:48:00,CHURCH ST,ADELAIDE ST E,,2,Non-Fatal Injury,At Intersection,Traffic Signal,Pedestrian Collision(internal code),Clear,Daylight,Dry,Major Arterial,false,-79.37489085934037,43.65114416974392,1,Automobile or Station Wagon,South,1,47,None,Lap and Shoulder Belt,Driving properly,Normal,,,Turning Left,,,,,driver,,Toronto Centre (13),51 Division,Downtown Yonge East,false,false,false,false,false,false,true,false,false,false,"{""coordinates"": [[-79.37489085934037, 43.65114416974392]], ""type"": ""MultiPoint""}"
1755,2007:962206,2007-03-09T09:48:00,CHURCH ST,ADELAIDE ST E,,2,Non-Fatal Injury,At Intersection,Traffic Signal,Pedestrian Collision(internal code),Clear,Daylight,Dry,Major Arterial,false,-79.37489085934037,43.65114416974392,2,,North,2,34,Major,Other Safety Equipment Used,,,Crossing without right-of-way (intersection),Normal,,Driver turns left into pedestrian crossing without right-of-way (at intersection),,,,pedestrian,,Toronto Centre (13),51 Division,Downtown Yonge East,false,false,false,false,false,false,true,false,false,false,"{""coordinates"": [[-79.37489085934037, 43.65114416974392]], ""type"": ""MultiPoint""}"
1756,2007:957966,2007-03-09T17:24:00,O CONNOR DR,PAPE AVE,,3,Fatal Injury,At Intersection,Traffic Signal,Pedestrian Collision(internal code),Clear,Dusk,Dry,Major Arterial,false,-79.35029075076336,43.69324412722242,1,Automobile or Station Wagon,East,2,51,None,Other Safety Equipment Used,Failed to yield right-of-way,Normal,,,Turning Left,,,,,driver,,Toronto-Danforth (14),55 Division,Old East York,true,false,false,false,false,true,true,false,false,false,"{""coordinates"": [[-79.35029075076336, 43.69324412722242]], ""type"": ""MultiPoint""}"
1757,2007:957966,2007-03-09T17:24:00,O CONNOR DR,PAPE AVE,,3,Fatal Injury,At Intersection,Traffic Signal,Pedestrian Collision(internal code),Clear,Dusk,Dry,Major Arterial,false,-79.35029075076336,43.69324412722242,1,Automobile or Station Wagon,,1,,,Other Safety Equipment Used,,,,,,,,,,owner,,Toronto-Danforth (14),55 Division,Old East York,true,false,false,false,false,true,true,false,false,false,"{""coordinates"": [[-79.35029075076336, 43.69324412722242]], ""type"": ""MultiPoint""}"
1758,2007:957966,2007-03-09T17:24:00,O CONNOR DR,PAPE AVE,,3,Fatal Injury,At Intersection,Traffic Signal,Pedestrian Collision(internal code),Clear,Dusk,Dry,Major Arterial,false,-79.35029075076336,43.69324412722242,2,,West,3,73,Fatal,Other Safety Equipment Used,,,Crossing with right-of-way (intersection),Normal,,Transit vehicle driver hits pedestrian anywhere along roadway,,,,pedestrian,8,Toronto-Danforth (14),55 Division,Old East York,true,false,false,false,false,true,true,false,false,false,"{""coordinates"": [[-79.35029075076336, 43.69324412722242]], ""type"": ""MultiPoint""}"
1759,2007:962645,2007-03-11T13:54:00,DAVENPORT RD,DOVERCOURT RD,,2,Non-Fatal Injury,At Intersection,Stop Sign,Pedestrian Collision(internal code),Clear,Daylight,Dry,Minor Arterial,false,-79.43469093765839,43.67424425034574,2,,East,2,62,Major,Other Safety Equipment Used,,,Crossing with right-of-way (intersection),Normal,,Driver turns left into pedestrian crossing with right-of-way (at intersection),,,,pedestrian,,Davenport (9),13 Division,Junction-Wallace Emerson,true,false,false,false,false,false,true,false,false,false,"{""coordinates"": [[-79.43469093765839, 43.67424425034574]], ""type"": ""MultiPoint""}"
1760,2007:962645,2007-03-11T13:54:00,DAVENPORT RD,DOVERCOURT RD,,2,Non-Fatal Injury,At Intersection,Stop Sign,Pedestrian Collision(internal code),Clear,Daylight,Dry,Minor Arterial,false,-79.43469093765839,43.67424425034574,1,Automobile or Station Wagon,West,1,49,None,Lap and Shoulder Belt,Failed to yield right-of-way,Normal,,,Turning Left,,,,,driver,,Davenport (9),13 Division,Junction-Wallace Emerson,true,false,false,false,false,false,true,false,false,false,"{""coordinates"": [[-79.43469093765839, 43.67424425034574]], ""type"": ""MultiPoint""}"
1761,2007:962572,2007-03-13T15:56:00,KINGSTON RD,LOCHLEVEN DR,,2,Non-Fatal Injury,,No Control,Cyclist Collision,Clear,Daylight,Dry,Major Arterial,false,-79.2194904713998,43.736543960180676,2,Bicycle,West,2,44,Major,Helmet,,,,,Going Ahead,,"Driver turns right at non-signalized intersection (e.g. stop, yield, no control, driveway) and hits cyclist",Driving Properly,Normal,cyclist,,Scarborough Southwest (20),43 Division,Scarborough Village,true,true,true,false,false,false,false,false,false,false,"{""coordinates"": [[-79.2194904713998, 43.736543960180676]], ""type"": ""MultiPoint""}"
1762,2007:962572,2007-03-13T15:56:00,KINGSTON RD,LOCHLEVEN DR,,2,Non-Fatal Injury,,No Control,Cyclist Collision,Clear,Daylight,Dry,Major Arterial,false,-79.2194904713998,43.736543960180676,1,Automobile or Station Wagon,South,1,46,None,Lap and Shoulder Belt,Failed to yield right-of-way,Inattentive,,,Turning Right,,,,,driver,,Scarborough Southwest (20),43 Division,Scarborough Village,true,true,true,false,false,false,false,false,false,false,"{""coordinates"": [[-79.2194904713998, 43.736543960180676]], ""type"": ""MultiPoint""}"
1763,2007:958634,2007-03-14T03:05:00,BATHURST ST,COLLEGE ST,,5,Non-Fatal Injury,,Pedestrian Crossover,Sideswipe,Clear,Dark,Wet,Major Arterial,false,-79.40819091401252,43.657644217201174,1,Automobile or Station Wagon,North,3,48,None,Lap and Shoulder Belt,Driving properly,Normal,,,Going Ahead,,,,,driver,,University-Rosedale (11),14 Division,University,false,false,false,false,false,false,false,false,false,false,"{""coordinates"": [[-79.40819091401252, 43.657644217201174]], ""type"": ""MultiPoint""}"
1764,2007:958634,2007-03-14T03:05:00,BATHURST ST,COLLEGE ST,,5,Non-Fatal Injury,,Pedestrian Crossover,Sideswipe,Clear,Dark,Wet,Major Arterial,false,-79.40819091401252,43.657644217201174,2,,,4,22,Major,Lap and Shoulder Belt,,,,,,,,,,passenger,,University-Rosedale (11),14 Division,University,false,false,false,false,false,false,false,false,false,false,"{""coordinates"": [[-79.40819091401252, 43.657644217201174]], ""type"": ""MultiPoint""}"
1765,2007:958634,2007-03-14T03:05:00,BATHURST ST,COLLEGE ST,,5,Non-Fatal Injury,,Pedestrian Crossover,Sideswipe,Clear,Dark,Wet,Major Arterial,false,-79.40819091401252,43.657644217201174,1,Automobile or Station Wagon,,2,,None,Other Safety Equipment Used,,,,,,,,,,owner,,University-Rosedale (11),14 Division,University,false,false,false,false,false,false,false,false,false,false,"{""coordinates"": [[-79.40819091401252, 43.657644217201174]], ""type"": ""MultiPoint""}"
1766,2007:958634,2007-03-14T03:05:00,BATHURST ST,COLLEGE ST,,5,Non-Fatal Injury,,Pedestrian Crossover,Sideswipe,Clear,Dark,Wet,Major Arterial,false,-79.40819091401252,43.657644217201174,2,Automobile or Station Wagon,North,5,29,Minimal,Lap and Shoulder Belt,Lost control,Ability Impaired - Alcohol,,,Overtaking,,,,,driver,,University-Rosedale (11),14 Division,University,false,false,false,false,false,false,false,false,false,false,"{""coordinates"": [[-79.40819091401252, 43.657644217201174]], ""type"": ""MultiPoint""}"
1767,2007:958634,2007-03-14T03:05:00,BATHURST ST,COLLEGE ST,,5,Non-Fatal Injury,,Pedestrian Crossover,Sideswipe,Clear,Dark,Wet,Major Arterial,false,-79.40819091401252,43.657644217201174,1,,,1,35,None,Lap and Shoulder Belt,,,,,,,,,,passenger,,University-Rosedale (11),14 Division,University,false,false,false,false,false,false,false,false,false,false,"{""coordinates"": [[-79.40819091401252, 43.657644217201174]], ""type"": ""MultiPoint""}"
1768,2007:962717,2007-03-14T14:57:00,SIMCOE Stre,PEARL Stre,,2,Non-Fatal Injury,At Intersection,Stop Sign,Cyclist Collision,Clear,Daylight,Wet,Collector,false,-79.38639088671128,43.647944187495035,2,Bicycle,West,1,22,Major,No Equipment Available,,,,,Going Ahead,,"Cyclist without right-of-way rides into path of driver (at intersection, laneway, or driveway)",Disobeyed Traffic Control,Inattentive,cyclist,,Spadina-Fort York (10),52 Division,Wellington Place,false,true,true,false,false,false,false,false,false,false,"{""coordinates"": [[-79.38639088671128, 43.647944187495035]], ""type"": ""MultiPoint""}"
1769,2007:962717,2007-03-14T14:57:00,SIMCOE Stre,PEARL Stre,,2,Non-Fatal Injury,At Intersection,Stop Sign,Cyclist Collision,Clear,Daylight,Wet,Collector,false,-79.38639088671128,43.647944187495035,1,Automobile or Station Wagon,South,2,24,None,Lap and Shoulder Belt,Speed too slow,Normal,,,Going Ahead,,,,,driver,,Spadina-Fort York (10),52 Division,Wellington Place,false,true,true,false,false,false,false,false,false,false,"{""coordinates"": [[-79.38639088671128, 43.647944187495035]], ""type"": ""MultiPoint""}"
1770,2007:958821,2007-03-14T15:50:00,HIGHWAY 27 N,ROYALCREST RD,,7,Non-Fatal Injury,At Intersection,Traffic Signal,Turning Movement,Clear,Daylight,Dry,Major Arterial,false,-79.61049106050808,43.749744428422915,3,Automobile or Station Wagon,West,4,70,None,Other Safety Equipment Used,Driving properly,Normal,,,Turning Right,,,,,driver,,Etobicoke North (1),23 Division,West Humber-Clairville,false,false,false,false,false,true,false,false,false,true,"{""coordinates"": [[-79.61049106050808, 43.749744428422915]], ""type"": ""MultiPoint""}"
1771,2007:958821,2007-03-14T15:50:00,HIGHWAY 27 N,ROYALCREST RD,,7,Non-Fatal Injury,At Intersection,Traffic Signal,Turning Movement,Clear,Daylight,Dry,Major Arterial,false,-79.61049106050808,43.749744428422915,4,Municipal Transit Bus (TTC),South,7,57,None,Other Safety Equipment Used,Driving properly,Normal,,,Turning Left,,,,,driver,,Etobicoke North (1),23 Division,West Humber-Clairville,false,false,false,false,false,true,false,false,false,true,"{""coordinates"": [[-79.61049106050808, 43.749744428422915]], ""type"": ""MultiPoint""}"
1772,2007:958821,2007-03-14T15:50:00,HIGHWAY 27 N,ROYALCREST RD,,7,Non-Fatal Injury,At Intersection,Traffic Signal,Turning Movement,Clear,Daylight,Dry,Major Arterial,false,-79.61049106050808,43.749744428422915,2,,,2,39,Minimal,Other Safety Equipment Used,,,,,,,,,,passenger,,Etobicoke North (1),23 Division,West Humber-Clairville,false,false,false,false,false,true,false,false,false,true,"{""coordinates"": [[-79.61049106050808, 43.749744428422915]], ""type"": ""MultiPoint""}"
1773,2007:958821,2007-03-14T15:50:00,HIGHWAY 27 N,ROYALCREST RD,,7,Non-Fatal Injury,At Intersection,Traffic Signal,Turning Movement,Clear,Daylight,Dry,Major Arterial,false,-79.61049106050808,43.749744428422915,2,Automobile or Station Wagon,West,3,50,Major,Other Safety Equipment Used,Driving properly,Normal,,,Turning Right,,,,,driver,,Etobicoke North (1),23 Division,West Humber-Clairville,false,false,false,false,false,true,false,false,false,true,"{""coordinates"": [[-79.61049106050808, 43.749744428422915]], ""type"": ""MultiPoint""}"
1774,2007:958821,2007-03-14T15:50:00,HIGHWAY 27 N,ROYALCREST RD,,7,Non-Fatal Injury,At Intersection,Traffic Signal,Turning Movement,Clear,Daylight,Dry,Major Arterial,false,-79.61049106050808,43.749744428422915,4,,,6,,,Other Safety Equipment Used,,,,,,,,,,owner,,Etobicoke North (1),23 Division,West Humber-Clairville,false,false,false,false,false,true,false,false,false,true,"{""coordinates"": [[-79.61049106050808, 43.749744428422915]], ""type"": ""MultiPoint""}"
1775,2007:958821,2007-03-14T15:50:00,HIGHWAY 27 N,ROYALCREST RD,,7,Non-Fatal Injury,At Intersection,Traffic Signal,Turning Movement,Clear,Daylight,Dry,Major Arterial,false,-79.61049106050808,43.749744428422915,1,,,5,,,Other Safety Equipment Used,,,,,,,,,,owner,,Etobicoke North (1),23 Division,West Humber-Clairville,false,false,false,false,false,true,false,false,false,true,"{""coordinates"": [[-79.61049106050808, 43.749744428422915]], ""type"": ""MultiPoint""}"
1776,2007:958821,2007-03-14T15:50:00,HIGHWAY 27 N,ROYALCREST RD,,7,Non-Fatal Injury,At Intersection,Traffic Signal,Turning Movement,Clear,Daylight,Dry,Major Arterial,false,-79.61049106050808,43.749744428422915,1,Automobile or Station Wagon,North,1,38,None,Other Safety Equipment Used,Lost control,Normal,,,Going Ahead,,,,,driver,,Etobicoke North (1),23 Division,West Humber-Clairville,false,false,false,false,false,true,false,false,false,true,"{""coordinates"": [[-79.61049106050808, 43.749744428422915]], ""type"": ""MultiPoint""}"
1777,2007:959250,2007-03-16T06:17:00,72 HINTON RD,,,2,Non-Fatal Injury,,No Control,Pedestrian Collision(internal code),Clear,Dark,Dry,Local,false,-79.5711910551946,43.72634439846878,2,,North,2,83,Major,Other Safety Equipment Used,,,Crossing - no traffic control,Normal,,Driver hits pedestrian at midblock,,,,pedestrian,,Etobicoke North (1),23 Division,Rexdale-Kipling,false,false,false,false,false,true,true,false,false,false,"{""coordinates"": [[-79.5711910551946, 43.72634439846878]], ""type"": ""MultiPoint""}"
1778,2007:959250,2007-03-16T06:17:00,72 HINTON RD,,,2,Non-Fatal Injury,,No Control,Pedestrian Collision(internal code),Clear,Dark,Dry,Local,false,-79.5711910551946,43.72634439846878,1,Automobile or Station Wagon,West,1,69,None,Other Safety Equipment Used,Driving properly,Normal,,,Going Ahead,,,,,driver,,Etobicoke North (1),23 Division,Rexdale-Kipling,false,false,false,false,false,true,true,false,false,false,"{""coordinates"": [[-79.5711910551946, 43.72634439846878]], ""type"": ""MultiPoint""}"
1779,2007:963700,2007-03-17T04:00:00,EASTERN DIVERSION AVE,BROADVIEW AVE,,4,Non-Fatal Injury,,Traffic Signal,SMV Other,Snow,Dark,Loose Snow,Major Arterial,false,-79.34889080067688,43.65664413048809,1,,,1,34,Major,Lap and Shoulder Belt,,,,,,,,,,passenger,,Toronto-Danforth (14),55 Division,South Riverdale,false,false,false,false,false,false,false,false,false,false,"{""coordinates"": [[-79.34889080067688, 43.65664413048809]], ""type"": ""MultiPoint""}"
1780,2007:963700,2007-03-17T04:00:00,EASTERN DIVERSION AVE,BROADVIEW AVE,,4,Non-Fatal Injury,,Traffic Signal,SMV Other,Snow,Dark,Loose Snow,Major Arterial,false,-79.34889080067688,43.65664413048809,1,,,2,,None,Other Safety Equipment Used,,,,,,,,,,owner,,Toronto-Danforth (14),55 Division,South Riverdale,false,false,false,false,false,false,false,false,false,false,"{""coordinates"": [[-79.34889080067688, 43.65664413048809]], ""type"": ""MultiPoint""}"
1781,2007:963700,2007-03-17T04:00:00,EASTERN DIVERSION AVE,BROADVIEW AVE,,4,Non-Fatal Injury,,Traffic Signal,SMV Other,Snow,Dark,Loose Snow,Major Arterial,false,-79.34889080067688,43.65664413048809,1,Automobile or Station Wagon,East,3,27,None,Lap and Shoulder Belt,Lost control,Normal,,,Going Ahead,,,,,driver,,Toronto-Danforth (14),55 Division,South Riverdale,false,false,false,false,false,false,false,false,false,false,"{""coordinates"": [[-79.34889080067688, 43.65664413048809]], ""type"": ""MultiPoint""}"
1782,2007:963700,2007-03-17T04:00:00,EASTERN DIVERSION AVE,BROADVIEW AVE,,4,Non-Fatal Injury,,Traffic Signal,SMV Other,Snow,Dark,Loose Snow,Major Arterial,false,-79.34889080067688,43.65664413048809,2,,,4,,None,Other Safety Equipment Used,,,,,,,,,,owner,,Toronto-Danforth (14),55 Division,South Riverdale,false,false,false,false,false,false,false,false,false,false,"{""coordinates"": [[-79.34889080067688, 43.65664413048809]], ""type"": ""MultiPoint""}"
1783,2007:963932,2007-03-19T12:00:00,DUNDAS ST W,GROVE AVE,,2,Non-Fatal Injury,,No Control,Pedestrian Collision(internal code),Clear,Daylight,Dry,Minor Arterial,false,-79.42329095680361,43.64934424193246,2,,South,2,63,Major,Other Safety Equipment Used,,,Crossing with right-of-way (intersection),Inattentive,,Driver turns left into pedestrian crossing with right-of-way (at intersection),,,,pedestrian,,Spadina-Fort York (10),14 Division,Trinity-Bellwoods,true,true,false,false,false,false,true,false,false,false,"{""coordinates"": [[-79.42329095680361, 43.64934424193246]], ""type"": ""MultiPoint""}"
1784,2007:963932,2007-03-19T12:00:00,DUNDAS ST W,GROVE AVE,,2,Non-Fatal Injury,,No Control,Pedestrian Collision(internal code),Clear,Daylight,Dry,Minor Arterial,false,-79.42329095680361,43.64934424193246,1,Automobile or Station Wagon,North,1,48,None,Lap and Shoulder Belt,Failed to yield right-of-way,Inattentive,,,Turning Left,,,,,driver,,Spadina-Fort York (10),14 Division,Trinity-Bellwoods,true,true,false,false,false,false,true,false,false,false,"{""coordinates"": [[-79.42329095680361, 43.64934424193246]], ""type"": ""MultiPoint""}"
1785,2007:963934,2007-03-19T14:00:00,JARVIS ST,DUNDAS ST E,,2,Non-Fatal Injury,At Intersection,Traffic Signal,Pedestrian Collision(internal code),Clear,Daylight,Wet,Major Arterial,false,-79.37459084988477,43.657044168109216,2,,West,2,59,Major,Other Safety Equipment Used,,,Crossing with right-of-way (intersection),Normal,,Driver going straight hits pedestrian crossing with right-of-way (at intersection),,,,pedestrian,,Toronto Centre (13),51 Division,Downtown Yonge East,true,false,false,false,false,false,true,true,false,false,"{""coordinates"": [[-79.37459084988477, 43.657044168109216]], ""type"": ""MultiPoint""}"
1786,2007:963934,2007-03-19T14:00:00,JARVIS ST,DUNDAS ST E,,2,Non-Fatal Injury,At Intersection,Traffic Signal,Pedestrian Collision(internal code),Clear,Daylight,Wet,Major Arterial,false,-79.37459084988477,43.657044168109216,1,Automobile or Station Wagon,North,1,24,None,Lap and Shoulder Belt,Disobeyed traffic control,Had Been Drinking,,,Slowing or Stopping,,,,,driver,,Toronto Centre (13),51 Division,Downtown Yonge East,true,false,false,false,false,false,true,true,false,false,"{""coordinates"": [[-79.37459084988477, 43.657044168109216]], ""type"": ""MultiPoint""}"
1787,2007:964373,2007-03-22T18:44:00,DUNDAS ST W,SUBWAY CRES,,2,Non-Fatal Injury,At Intersection,Traffic Signal,Pedestrian Collision(internal code),Clear,Daylight,Dry,Major Arterial,false,-79.54009118373973,43.63614441197719,1,Automobile or Station Wagon,North,1,56,None,Lap and Shoulder Belt,Driving properly,Unknown,,,Turning Left,,,,,driver,,Etobicoke-Lakeshore (3),22 Division,Islington,false,true,false,false,false,false,true,false,false,false,"{""coordinates"": [[-79.54009118373973, 43.63614441197719]], ""type"": ""MultiPoint""}"
1788,2007:964373,2007-03-22T18:44:00,DUNDAS ST W,SUBWAY CRES,,2,Non-Fatal Injury,At Intersection,Traffic Signal,Pedestrian Collision(internal code),Clear,Daylight,Dry,Major Arterial,false,-79.54009118373973,43.63614441197719,2,,South,2,37,Major,Other Safety Equipment Used,,,Running onto roadway,Inattentive,,Driver turns left into pedestrian crossing without right-of-way (at intersection),,,,pedestrian,,Etobicoke-Lakeshore (3),22 Division,Islington,false,true,false,false,false,false,true,false,false,false,"{""coordinates"": [[-79.54009118373973, 43.63614441197719]], ""type"": ""MultiPoint""}"
1789,2007:964254,2007-03-22T19:07:00,ALLEN X S LAWRENCE E RAMP W,LAWRENCE AVE W,,3,Non-Fatal Injury,At Intersection,Yield Sign,Pedestrian Collision(internal code),Clear,Dusk with Artificial Lighting,Dry,Major Arterial,false,-79.44499088653654,43.71594424979454,2,,East,3,46,Major,Other Safety Equipment Used,,,Crossing with right-of-way (intersection),Normal,,Driver going straight hits pedestrian crossing with right-of-way (at intersection),,,,pedestrian,,Eglinton-Lawrence (8),13 Division,Yorkdale-Glen Park,true,false,false,false,false,true,true,false,false,false,"{""coordinates"": [[-79.44499088653654, 43.71594424979454]], ""type"": ""MultiPoint""}"
1790,2007:964254,2007-03-22T19:07:00,ALLEN X S LAWRENCE E RAMP W,LAWRENCE AVE W,,3,Non-Fatal Injury,At Intersection,Yield Sign,Pedestrian Collision(internal code),Clear,Dusk with Artificial Lighting,Dry,Major Arterial,false,-79.44499088653654,43.71594424979454,1,,,1,,None,Other Safety Equipment Used,,,,,,,,,,owner,,Eglinton-Lawrence (8),13 Division,Yorkdale-Glen Park,true,false,false,false,false,true,true,false,false,false,"{""coordinates"": [[-79.44499088653654, 43.71594424979454]], ""type"": ""MultiPoint""}"
1791,2007:964254,2007-03-22T19:07:00,ALLEN X S LAWRENCE E RAMP W,LAWRENCE AVE W,,3,Non-Fatal Injury,At Intersection,Yield Sign,Pedestrian Collision(internal code),Clear,Dusk with Artificial Lighting,Dry,Major Arterial,false,-79.44499088653654,43.71594424979454,1,Automobile or Station Wagon,South,2,66,None,Lap and Shoulder Belt,Failed to yield right-of-way,Normal,,,Going Ahead,,,,,driver,,Eglinton-Lawrence (8),13 Division,Yorkdale-Glen Park,true,false,false,false,false,true,true,false,false,false,"{""coordinates"": [[-79.44499088653654, 43.71594424979454]], ""type"": ""MultiPoint""}"
1792,2007:964433,2007-03-23T06:58:00,OLD WESTON RD,TURNBERRY AVE,,3,Non-Fatal Injury,,No Control,SMV Unattended Vehicle,Clear,Daylight,Dry,Minor Arterial,false,-79.46549098662669,43.67954429207974,2,,,2,,None,Other Safety Equipment Used,,,,,Parked,,,,,owner,,Davenport (9),12 Division,Weston-Pelham Park,false,false,false,false,false,false,false,false,false,false,"{""coordinates"": [[-79.46549098662669, 43.67954429207974]], ""type"": ""MultiPoint""}"
1793,2007:964433,2007-03-23T06:58:00,OLD WESTON RD,TURNBERRY AVE,,3,Non-Fatal Injury,,No Control,SMV Unattended Vehicle,Clear,Daylight,Dry,Minor Arterial,false,-79.46549098662669,43.67954429207974,3,,,3,,None,Other Safety Equipment Used,,,,,,,,,,owner,,Davenport (9),12 Division,Weston-Pelham Park,false,false,false,false,false,false,false,false,false,false,"{""coordinates"": [[-79.46549098662669, 43.67954429207974]], ""type"": ""MultiPoint""}"
1794,2007:964433,2007-03-23T06:58:00,OLD WESTON RD,TURNBERRY AVE,,3,Non-Fatal Injury,,No Control,SMV Unattended Vehicle,Clear,Daylight,Dry,Minor Arterial,false,-79.46549098662669,43.67954429207974,1,Automobile or Station Wagon,South,1,47,Major,Use Unknown,Lost control,Medical or Physical Disability,,,Going Ahead,,,,,driver,,Davenport (9),12 Division,Weston-Pelham Park,false,false,false,false,false,false,false,false,false,false,"{""coordinates"": [[-79.46549098662669, 43.67954429207974]], ""type"": ""MultiPoint""}"
1795,2007:964426,2007-03-23T08:17:00,FINCH AVE W,KENDLETON DR,,3,Non-Fatal Injury,,No Control,Rear End,Clear,Daylight,Dry,Major Arterial,false,-79.58939105105044,43.74074441047689,2,,,2,36,Major,Lap and Shoulder Belt,,,,,,,,,,passenger,,Etobicoke North (1),23 Division,Mount Olive-Silverstone-Jamestown,true,false,false,false,false,false,false,false,false,false,"{""coordinates"": [[-79.58939105105044, 43.74074441047689]], ""type"": ""MultiPoint""}"
1796,2007:964426,2007-03-23T08:17:00,FINCH AVE W,KENDLETON DR,,3,Non-Fatal Injury,,No Control,Rear End,Clear,Daylight,Dry,Major Arterial,false,-79.58939105105044,43.74074441047689,2,Automobile or Station Wagon,North,3,41,None,Lap and Shoulder Belt,Driving properly,Normal,,,Going Ahead,,,,,driver,,Etobicoke North (1),23 Division,Mount Olive-Silverstone-Jamestown,true,false,false,false,false,false,false,false,false,false,"{""coordinates"": [[-79.58939105105044, 43.74074441047689]], ""type"": ""MultiPoint""}"
1797,2007:964426,2007-03-23T08:17:00,FINCH AVE W,KENDLETON DR,,3,Non-Fatal Injury,,No Control,Rear End,Clear,Daylight,Dry,Major Arterial,false,-79.58939105105044,43.74074441047689,1,Automobile or Station Wagon,North,1,44,None,Lap and Shoulder Belt,Following too closely,Normal,,,Going Ahead,,,,,driver,,Etobicoke North (1),23 Division,Mount Olive-Silverstone-Jamestown,true,false,false,false,false,false,false,false,false,false,"{""coordinates"": [[-79.58939105105044, 43.74074441047689]], ""type"": ""MultiPoint""}"
1798,2007:964482,2007-03-24T09:58:00,ALBION RD,RIVERDALE DR,,3,Non-Fatal Injury,At Intersection,Traffic Signal,Pedestrian Collision(internal code),Rain,Daylight,Wet,Major Arterial,false,-79.56139102596589,43.735344382270576,1,Automobile or Station Wagon,East,1,82,None,Lap and Shoulder Belt,Driving properly,Normal,,,Going Ahead,,,,,driver,,Etobicoke North (1),23 Division,Thistletown-Beaumond Heights,false,false,false,false,false,true,true,false,false,false,"{""coordinates"": [[-79.56139102596589, 43.735344382270576]], ""type"": ""MultiPoint""}"
1799,2007:964482,2007-03-24T09:58:00,ALBION RD,RIVERDALE DR,,3,Non-Fatal Injury,At Intersection,Traffic Signal,Pedestrian Collision(internal code),Rain,Daylight,Wet,Major Arterial,false,-79.56139102596589,43.735344382270576,2,,South,2,50,Minimal,Other Safety Equipment Used,,,Crossing without right-of-way (intersection),Normal,,Driver going straight hits pedestrian crossing without right-of-way (at intersection),,,,pedestrian,,Etobicoke North (1),23 Division,Thistletown-Beaumond Heights,false,false,false,false,false,true,true,false,false,false,"{""coordinates"": [[-79.56139102596589, 43.735344382270576]], ""type"": ""MultiPoint""}"
1800,2007:964482,2007-03-24T09:58:00,ALBION RD,RIVERDALE DR,,3,Non-Fatal Injury,At Intersection,Traffic Signal,Pedestrian Collision(internal code),Rain,Daylight,Wet,Major Arterial,false,-79.56139102596589,43.735344382270576,2,,South,3,59,Major,Other Safety Equipment Used,,,Crossing without right-of-way (intersection),Normal,,Driver going straight hits pedestrian crossing without right-of-way (at intersection),,,,pedestrian,,Etobicoke North (1),23 Division,Thistletown-Beaumond Heights,false,false,false,false,false,true,true,false,false,false,"{""coordinates"": [[-79.56139102596589, 43.735344382270576]], ""type"": ""MultiPoint""}"
1801,2007:967550,2007-03-27T15:50:00,BAY ST,YORKVILLE AVE,,4,Non-Fatal Injury,,No Control,Turning Movement,Clear,Daylight,Dry,Major Arterial,false,-79.39029085788451,43.67154418767088,2,,,3,,None,Other Safety Equipment Used,,,,,,,,,,owner,,University-Rosedale (11),53 Division,Annex,false,false,false,false,false,false,false,false,false,true,"{""coordinates"": [[-79.39029085788451, 43.67154418767088]], ""type"": ""MultiPoint""}"
1802,2007:967550,2007-03-27T15:50:00,BAY ST,YORKVILLE AVE,,4,Non-Fatal Injury,,No Control,Turning Movement,Clear,Daylight,Dry,Major Arterial,false,-79.39029085788451,43.67154418767088,1,Truck - Open (Flatbed),North,2,34,None,Lap and Shoulder Belt,Driving properly,Normal,,,Going Ahead,,,,,driver,,University-Rosedale (11),53 Division,Annex,false,false,false,false,false,false,false,false,false,true,"{""coordinates"": [[-79.39029085788451, 43.67154418767088]], ""type"": ""MultiPoint""}"