_id,collision_id,accdate,stname1,stname2,stname3,per_inv,acclass,accloc,traffictl,impactype,visible,light,rdsfcond,road_class,failtorem,longitude,latitude,veh_no,vehtype,initdir,per_no,invage,injury,safequip,drivact,drivcond,pedact,pedcond,manoeuvre,pedtype,cyclistype,cycact,cyccond,road_user,fatal_no,wardname,division,neighbourhood,aggressive,distracted,cyclist,motorcyclist,other_micromobility,older_adult,pedestrian,red_light,school_child,heavy_truck,geometry
2022,2007:975541,2007-05-27T16:30:00,DUFFERIN ST,LAPPIN AVE,,3,Non-Fatal Injury,,No Control,Turning Movement,Clear,Daylight,Dry,Major Arterial,false,-79.43879095630588,43.667744258474556,2,,,2,,None,Other Safety Equipment Used,,,,,,,,,,owner,,Davenport (9),11 Division,Junction-Wallace Emerson,false,true,false,false,false,false,false,false,false,false,"{""coordinates"": [[-79.43879095630588, 43.667744258474556]], ""type"": ""MultiPoint""}"
2023,2007:973958,2007-05-28T05:05:00,ELLESMERE RD,MORRISH RD,,3,Non-Fatal Injury,At Intersection,Traffic Signal,Pedestrian Collision(internal code),Clear,Dark,Dry,Minor Arterial,false,-79.17339036532067,43.79014392544416,1,Automobile or Station Wagon,South,1,54,None,Lap and Shoulder Belt,Failed to yield right-of-way,Normal,,,Turning Left,,,,,driver,,Scarborough-Rouge Park (25),43 Division,Highland Creek,true,false,false,false,false,false,true,false,false,false,"{""coordinates"": [[-79.17339036532067, 43.79014392544416]], ""type"": ""MultiPoint""}"
2024,2007:973958,2007-05-28T05:05:00,ELLESMERE RD,MORRISH RD,,3,Non-Fatal Injury,At Intersection,Traffic Signal,Pedestrian Collision(internal code),Clear,Dark,Dry,Minor Arterial,false,-79.17339036532067,43.79014392544416,2,,,2,,None,Other Safety Equipment Used,,,,,,,,,,owner,,Scarborough-Rouge Park (25),43 Division,Highland Creek,true,false,false,false,false,false,true,false,false,false,"{""coordinates"": [[-79.17339036532067, 43.79014392544416]], ""type"": ""MultiPoint""}"
2025,2007:973958,2007-05-28T05:05:00,ELLESMERE RD,MORRISH RD,,3,Non-Fatal Injury,At Intersection,Traffic Signal,Pedestrian Collision(internal code),Clear,Dark,Dry,Minor Arterial,false,-79.17339036532067,43.79014392544416,2,,,3,57,Major,Other Safety Equipment Used,,,Crossing with right-of-way (intersection),Had Been Drinking,,Driver turns left into pedestrian crossing with right-of-way (at intersection),,,,pedestrian,,Scarborough-Rouge Park (25),43 Division,Highland Creek,true,false,false,false,false,false,true,false,false,false,"{""coordinates"": [[-79.17339036532067, 43.79014392544416]], ""type"": ""MultiPoint""}"
2026,2007:972321,2007-05-28T12:45:00,TEDDINGTON PARK Ave,YONGE St,,2,Non-Fatal Injury,,No Control,Pedestrian Collision(internal code),Clear,Daylight,Dry,Major Arterial,false,-79.40419078706624,43.732944190964176,1,Automobile or Station Wagon,West,1,60,None,Other Safety Equipment Used,Failed to yield right-of-way,Inattentive,,,Reversing,,,,,driver,,Don Valley West (15),32 Division,Lawrence Park North,true,true,false,false,false,true,true,false,false,false,"{""coordinates"": [[-79.40419078706624, 43.732944190964176]], ""type"": ""MultiPoint""}"
2027,2007:972321,2007-05-28T12:45:00,TEDDINGTON PARK Ave,YONGE St,,2,Non-Fatal Injury,,No Control,Pedestrian Collision(internal code),Clear,Daylight,Dry,Major Arterial,false,-79.40419078706624,43.732944190964176,2,,,2,89,Major,Other Safety Equipment Used,,,On sidewalk or shoulder,Normal,,Driver reversing hits pedestrian,,,,pedestrian,,Don Valley West (15),32 Division,Lawrence Park North,true,true,false,false,false,true,true,false,false,false,"{""coordinates"": [[-79.40419078706624, 43.732944190964176]], ""type"": ""MultiPoint""}"
2028,2007:972006,2007-05-28T18:00:00,STEELES AVE W,GIHON SPRING DR,,2,Non-Fatal Injury,,No Control,Pedestrian Collision(internal code),Clear,Daylight,Dry,Major Arterial,false,-79.5956910286983,43.75954440827055,1,Automobile or Station Wagon,West,2,34,None,Other Safety Equipment Used,Driving properly,Unknown,,,Going Ahead,,,,,driver,,Etobicoke North (1),23 Division,Mount Olive-Silverstone-Jamestown,false,false,false,false,false,true,true,false,false,false,"{""coordinates"": [[-79.5956910286983, 43.75954440827055]], ""type"": ""MultiPoint""}"
2029,2007:972006,2007-05-28T18:00:00,STEELES AVE W,GIHON SPRING DR,,2,Non-Fatal Injury,,No Control,Pedestrian Collision(internal code),Clear,Daylight,Dry,Major Arterial,false,-79.5956910286983,43.75954440827055,2,,South,1,85,Major,Other Safety Equipment Used,,,Walking on roadway with traffic,Medical or Physical Disability,,Driver hits pedestrian at midblock,,,,pedestrian,,Etobicoke North (1),23 Division,Mount Olive-Silverstone-Jamestown,false,false,false,false,false,true,true,false,false,false,"{""coordinates"": [[-79.5956910286983, 43.75954440827055]], ""type"": ""MultiPoint""}"
2030,2007:972841,2007-06-01T19:10:00,ELLESMERE RD,BRIMLEY RD,,5,Fatal Injury,At Intersection,Traffic Signal,Turning Movement,Clear,Daylight,Dry,Major Arterial,false,-79.26129050251821,43.77004401055365,2,Automobile or Station Wagon,East,5,21,None,Lap and Shoulder Belt,Improper turn,Normal,,,Turning Left,,,,,driver,,Scarborough Centre (21),43 Division,Bendale-Glen Andrew,true,false,false,true,false,false,false,false,true,false,"{""coordinates"": [[-79.26129050251821, 43.77004401055365]], ""type"": ""MultiPoint""}"
2031,2007:972841,2007-06-01T19:10:00,ELLESMERE RD,BRIMLEY RD,,5,Fatal Injury,At Intersection,Traffic Signal,Turning Movement,Clear,Daylight,Dry,Major Arterial,false,-79.26129050251821,43.77004401055365,2,,,4,,,Lap and Shoulder Belt,,,,,,,,,,owner,,Scarborough Centre (21),43 Division,Bendale-Glen Andrew,true,false,false,true,false,false,false,false,true,false,"{""coordinates"": [[-79.26129050251821, 43.77004401055365]], ""type"": ""MultiPoint""}"
2032,2007:972841,2007-06-01T19:10:00,ELLESMERE RD,BRIMLEY RD,,5,Fatal Injury,At Intersection,Traffic Signal,Turning Movement,Clear,Daylight,Dry,Major Arterial,false,-79.26129050251821,43.77004401055365,1,Motorcycle,West,2,39,Fatal,Lap and Shoulder Belt,Exceeding speed limit,Normal,,,Going Ahead,,,,,motorcyclist,16,Scarborough Centre (21),43 Division,Bendale-Glen Andrew,true,false,false,true,false,false,false,false,true,false,"{""coordinates"": [[-79.26129050251821, 43.77004401055365]], ""type"": ""MultiPoint""}"
2033,2007:972841,2007-06-01T19:10:00,ELLESMERE RD,BRIMLEY RD,,5,Fatal Injury,At Intersection,Traffic Signal,Turning Movement,Clear,Daylight,Dry,Major Arterial,false,-79.26129050251821,43.77004401055365,2,,,3,19,None,Lap and Shoulder Belt,,,,,,,,,,passenger,,Scarborough Centre (21),43 Division,Bendale-Glen Andrew,true,false,false,true,false,false,false,false,true,false,"{""coordinates"": [[-79.26129050251821, 43.77004401055365]], ""type"": ""MultiPoint""}"
2034,2007:972841,2007-06-01T19:10:00,ELLESMERE RD,BRIMLEY RD,,5,Fatal Injury,At Intersection,Traffic Signal,Turning Movement,Clear,Daylight,Dry,Major Arterial,false,-79.26129050251821,43.77004401055365,2,,,1,25,None,Lap and Shoulder Belt,,,,,,,,,,passenger,,Scarborough Centre (21),43 Division,Bendale-Glen Andrew,true,false,false,true,false,false,false,false,true,false,"{""coordinates"": [[-79.26129050251821, 43.77004401055365]], ""type"": ""MultiPoint""}"
2035,2007:972843,2007-06-02T00:02:00,BLOOR ST E,DRUMSNAB RD,,2,Fatal Injury,At Intersection,No Control,SMV Other,Clear,Dark,Dry,Major Arterial,false,-79.36748881060255,43.67424215451013,1,Motorcycle,West,1,26,Fatal,No Equipment Available,Lost control,Unknown,,,Slowing or Stopping,,,,,motorcyclist,17,University-Rosedale (11),51 Division,Cabbagetown-South St.James Town,false,false,false,true,false,false,false,false,false,false,"{""coordinates"": [[-79.36748881060255, 43.67424215451013]], ""type"": ""MultiPoint""}"
2036,2007:972843,2007-06-02T00:02:00,BLOOR ST E,DRUMSNAB RD,,2,Fatal Injury,At Intersection,No Control,SMV Other,Clear,Dark,Dry,Major Arterial,false,-79.36748881060255,43.67424215451013,1,,,2,,,Other Safety Equipment Used,,,,,,,,,,owner,,University-Rosedale (11),51 Division,Cabbagetown-South St.James Town,false,false,false,true,false,false,false,false,false,false,"{""coordinates"": [[-79.36748881060255, 43.67424215451013]], ""type"": ""MultiPoint""}"
2037,2007:972932,2007-06-02T02:26:00,ISLINGTON AVE,FINCH AVE W,,9,Fatal Injury,At Intersection,Traffic Signal,Angle,Clear,Dark,Dry,Major Arterial,false,-79.568591014597,43.746244384096975,2,,,4,,,Other Safety Equipment Used,,,,,,,,,,owner,,Humber River-Black Creek (7),23 Division,Humbermede,true,false,false,false,false,false,false,true,true,false,"{""coordinates"": [[-79.568591014597, 43.746244384096975]], ""type"": ""MultiPoint""}"
2038,2007:972932,2007-06-02T02:26:00,ISLINGTON AVE,FINCH AVE W,,9,Fatal Injury,At Intersection,Traffic Signal,Angle,Clear,Dark,Dry,Major Arterial,false,-79.568591014597,43.746244384096975,4,,,1,,,Other Safety Equipment Used,,,,,,,,,,owner,,Humber River-Black Creek (7),23 Division,Humbermede,true,false,false,false,false,false,false,true,true,false,"{""coordinates"": [[-79.568591014597, 43.746244384096975]], ""type"": ""MultiPoint""}"
2039,2007:972932,2007-06-02T02:26:00,ISLINGTON AVE,FINCH AVE W,,9,Fatal Injury,At Intersection,Traffic Signal,Angle,Clear,Dark,Dry,Major Arterial,false,-79.568591014597,43.746244384096975,3,,,7,17,Fatal,Equipment Not Used But Available,,,,,,,,,,passenger,20,Humber River-Black Creek (7),23 Division,Humbermede,true,false,false,false,false,false,false,true,true,false,"{""coordinates"": [[-79.568591014597, 43.746244384096975]], ""type"": ""MultiPoint""}"
2040,2007:972932,2007-06-02T02:26:00,ISLINGTON AVE,FINCH AVE W,,9,Fatal Injury,At Intersection,Traffic Signal,Angle,Clear,Dark,Dry,Major Arterial,false,-79.568591014597,43.746244384096975,3,,,6,16,Fatal,Equipment Not Used But Available,,,,,,,,,,passenger,18,Humber River-Black Creek (7),23 Division,Humbermede,true,false,false,false,false,false,false,true,true,false,"{""coordinates"": [[-79.568591014597, 43.746244384096975]], ""type"": ""MultiPoint""}"
2041,2007:972932,2007-06-02T02:26:00,ISLINGTON AVE,FINCH AVE W,,9,Fatal Injury,At Intersection,Traffic Signal,Angle,Clear,Dark,Dry,Major Arterial,false,-79.568591014597,43.746244384096975,1,Automobile or Station Wagon,East,3,50,Minimal,Lap and Shoulder Belt,Driving properly,Normal,,,Going Ahead,,,,,driver,,Humber River-Black Creek (7),23 Division,Humbermede,true,false,false,false,false,false,false,true,true,false,"{""coordinates"": [[-79.568591014597, 43.746244384096975]], ""type"": ""MultiPoint""}"
2042,2007:972932,2007-06-02T02:26:00,ISLINGTON AVE,FINCH AVE W,,9,Fatal Injury,At Intersection,Traffic Signal,Angle,Clear,Dark,Dry,Major Arterial,false,-79.568591014597,43.746244384096975,2,Automobile or Station Wagon,North,5,15,Fatal,Other Safety Equipment Used,Disobeyed traffic control,Unknown,,,Going Ahead,,,,,driver,19,Humber River-Black Creek (7),23 Division,Humbermede,true,false,false,false,false,false,false,true,true,false,"{""coordinates"": [[-79.568591014597, 43.746244384096975]], ""type"": ""MultiPoint""}"
2043,2007:972932,2007-06-02T02:26:00,ISLINGTON AVE,FINCH AVE W,,9,Fatal Injury,At Intersection,Traffic Signal,Angle,Clear,Dark,Dry,Major Arterial,false,-79.568591014597,43.746244384096975,3,,,8,,,Other Safety Equipment Used,,,,,,,,,,owner,,Humber River-Black Creek (7),23 Division,Humbermede,true,false,false,false,false,false,false,true,true,false,"{""coordinates"": [[-79.568591014597, 43.746244384096975]], ""type"": ""MultiPoint""}"
2044,2007:972932,2007-06-02T02:26:00,ISLINGTON AVE,FINCH AVE W,,9,Fatal Injury,At Intersection,Traffic Signal,Angle,Clear,Dark,Dry,Major Arterial,false,-79.568591014597,43.746244384096975,1,,,2,,,Other Safety Equipment Used,,,,,,,,,,owner,,Humber River-Black Creek (7),23 Division,Humbermede,true,false,false,false,false,false,false,true,true,false,"{""coordinates"": [[-79.568591014597, 43.746244384096975]], ""type"": ""MultiPoint""}"
2045,2007:972932,2007-06-02T02:26:00,ISLINGTON AVE,FINCH AVE W,,9,Fatal Injury,At Intersection,Traffic Signal,Angle,Clear,Dark,Dry,Major Arterial,false,-79.568591014597,43.746244384096975,3,Automobile or Station Wagon,East,9,40,Minimal,Lap and Shoulder Belt,Driving properly,Normal,,,Going Ahead,,,,,driver,,Humber River-Black Creek (7),23 Division,Humbermede,true,false,false,false,false,false,false,true,true,false,"{""coordinates"": [[-79.568591014597, 43.746244384096975]], ""type"": ""MultiPoint""}"
2046,2007:972948,2007-06-02T23:58:00,LAKE SHORE BLVD W,YONGE ST,,3,Non-Fatal Injury,,Traffic Signal,Turning Movement,Clear,Dark,Dry,Major Arterial,false,-79.37579087179465,43.64404417252848,1,Automobile or Station Wagon,West,1,25,Major,Other Safety Equipment Used,Driving properly,Normal,,,Going Ahead,,,,,driver,,Spadina-Fort York (10),52 Division,St Lawrence-East Bayfront-The Islands,false,false,false,false,false,false,false,false,false,false,"{""coordinates"": [[-79.37579087179465, 43.64404417252848]], ""type"": ""MultiPoint""}"
2047,2007:972948,2007-06-02T23:58:00,LAKE SHORE BLVD W,YONGE ST,,3,Non-Fatal Injury,,Traffic Signal,Turning Movement,Clear,Dark,Dry,Major Arterial,false,-79.37579087179465,43.64404417252848,2,Automobile or Station Wagon,West,3,55,None,Other Safety Equipment Used,Improper turn,Normal,,,Turning Left,,,,,driver,,Spadina-Fort York (10),52 Division,St Lawrence-East Bayfront-The Islands,false,false,false,false,false,false,false,false,false,false,"{""coordinates"": [[-79.37579087179465, 43.64404417252848]], ""type"": ""MultiPoint""}"
2048,2007:972948,2007-06-02T23:58:00,LAKE SHORE BLVD W,YONGE ST,,3,Non-Fatal Injury,,Traffic Signal,Turning Movement,Clear,Dark,Dry,Major Arterial,false,-79.37579087179465,43.64404417252848,2,,,2,,,Other Safety Equipment Used,,,,,,,,,,owner,,Spadina-Fort York (10),52 Division,St Lawrence-East Bayfront-The Islands,false,false,false,false,false,false,false,false,false,false,"{""coordinates"": [[-79.37579087179465, 43.64404417252848]], ""type"": ""MultiPoint""}"
2049,2007:977666,2007-06-03T17:58:00,MCNICOLL AVE,MIDLAND AVE,,2,Non-Fatal Injury,,Traffic Signal,Cyclist Collision,Clear,Daylight,Dry,Major Arterial,false,-79.29219051423821,43.81454405213723,1,Automobile or Station Wagon,West,1,44,None,Lap and Shoulder Belt,Disobeyed traffic control,Normal,,,Turning Right,,,,,driver,,Scarborough North (23),42 Division,Milliken,true,false,true,false,false,false,false,true,false,false,"{""coordinates"": [[-79.29219051423821, 43.81454405213723]], ""type"": ""MultiPoint""}"
2050,2007:977666,2007-06-03T17:58:00,MCNICOLL AVE,MIDLAND AVE,,2,Non-Fatal Injury,,Traffic Signal,Cyclist Collision,Clear,Daylight,Dry,Major Arterial,false,-79.29219051423821,43.81454405213723,2,Bicycle,South,2,61,Major,Equipment Not Used But Available,,,,,Going Ahead,,Driver turns right on red at signalized intersection and hits cyclist,,,cyclist,,Scarborough North (23),42 Division,Milliken,true,false,true,false,false,false,false,true,false,false,"{""coordinates"": [[-79.29219051423821, 43.81454405213723]], ""type"": ""MultiPoint""}"
2051,2007:977762,2007-06-03T19:21:00,DANFORTH AVE,MONARCH PARK AVE,,3,Non-Fatal Injury,,Traffic Signal,Pedestrian Collision(internal code),Rain,Dark,Wet,Major Arterial,false,-79.32719072299003,43.682544096280594,1,,,1,,,Other Safety Equipment Used,,,,,,,,,,owner,,Toronto-Danforth (14),55 Division,Greenwood-Coxwell,false,false,false,false,false,false,true,false,false,false,"{""coordinates"": [[-79.32719072299003, 43.682544096280594]], ""type"": ""MultiPoint""}"
2052,2007:977762,2007-06-03T19:21:00,DANFORTH AVE,MONARCH PARK AVE,,3,Non-Fatal Injury,,Traffic Signal,Pedestrian Collision(internal code),Rain,Dark,Wet,Major Arterial,false,-79.32719072299003,43.682544096280594,2,,South,3,37,Major,No Equipment Available,,,Running onto roadway,Normal,,Driver going straight hits pedestrian crossing without right-of-way (at intersection),,,,pedestrian,,Toronto-Danforth (14),55 Division,Greenwood-Coxwell,false,false,false,false,false,false,true,false,false,false,"{""coordinates"": [[-79.32719072299003, 43.682544096280594]], ""type"": ""MultiPoint""}"
2053,2007:977762,2007-06-03T19:21:00,DANFORTH AVE,MONARCH PARK AVE,,3,Non-Fatal Injury,,Traffic Signal,Pedestrian Collision(internal code),Rain,Dark,Wet,Major Arterial,false,-79.32719072299003,43.682544096280594,1,Automobile or Station Wagon,East,2,21,None,Lap and Shoulder Belt,Driving properly,Normal,,,Going Ahead,,,,,driver,,Toronto-Danforth (14),55 Division,Greenwood-Coxwell,false,false,false,false,false,false,true,false,false,false,"{""coordinates"": [[-79.32719072299003, 43.682544096280594]], ""type"": ""MultiPoint""}"
2054,2007:973640,2007-06-06T16:45:00,CHESTNUT ST,EDWARD ST,,3,Non-Fatal Injury,At Intersection,No Control,Pedestrian Collision(internal code),Clear,Daylight,Dry,Collector,false,-79.38639087443032,43.65594418566101,1,,,1,,,Other Safety Equipment Used,,,,,,,,,,owner,,University-Rosedale (11),52 Division,Yonge-Bay Corridor,true,false,false,false,false,false,true,false,false,true,"{""coordinates"": [[-79.38639087443032, 43.65594418566101]], ""type"": ""MultiPoint""}"
2055,2007:973640,2007-06-06T16:45:00,CHESTNUT ST,EDWARD ST,,3,Non-Fatal Injury,At Intersection,No Control,Pedestrian Collision(internal code),Clear,Daylight,Dry,Collector,false,-79.38639087443032,43.65594418566101,1,Municipal Transit Bus (TTC),West,2,37,None,Use Unknown,Failed to yield right-of-way,Normal,,,Turning Left,,,,,driver,,University-Rosedale (11),52 Division,Yonge-Bay Corridor,true,false,false,false,false,false,true,false,false,true,"{""coordinates"": [[-79.38639087443032, 43.65594418566101]], ""type"": ""MultiPoint""}"
2056,2007:973640,2007-06-06T16:45:00,CHESTNUT ST,EDWARD ST,,3,Non-Fatal Injury,At Intersection,No Control,Pedestrian Collision(internal code),Clear,Daylight,Dry,Collector,false,-79.38639087443032,43.65594418566101,2,,East,3,43,Major,Other Safety Equipment Used,,,Crossing with right-of-way (intersection),Unknown,,Transit vehicle driver hits pedestrian anywhere along roadway,,,,pedestrian,,University-Rosedale (11),52 Division,Yonge-Bay Corridor,true,false,false,false,false,false,true,false,false,true,"{""coordinates"": [[-79.38639087443032, 43.65594418566101]], ""type"": ""MultiPoint""}"
2057,2007:973856,2007-06-07T10:29:00,3875 SHEPPARD AVE E,,,1,Non-Fatal Injury,,No Control,SMV Other,Clear,Daylight,Dry,Major Arterial,false,-79.28989053845578,43.78284404654518,1,Automobile or Station Wagon,West,1,70,Major,Other Safety Equipment Used,Lost control,Medical or Physical Disability,,,Going Ahead,,,,,driver,,Scarborough-Agincourt (22),42 Division,Tam O'Shanter-Sullivan,false,false,false,false,false,true,false,false,false,false,"{""coordinates"": [[-79.28989053845578, 43.78284404654518]], ""type"": ""MultiPoint""}"
2058,2007:974080,2007-06-08T08:09:00,BAYVIEW AVE,FIFESHIRE RD,,4,Fatal Injury,At Intersection,No Control,Cyclist Collision,Clear,Daylight,Dry,Major Arterial,false,-79.38659071933415,43.760444163642006,1,Truck - Open (Flatbed),South,3,45,None,Other Safety Equipment Used,Driving properly,Normal,,,Going Ahead,,,,,driver,,Don Valley West (15),33 Division,St.Andrew-Windfields,false,false,true,false,false,false,false,false,false,true,"{""coordinates"": [[-79.38659071933415, 43.760444163642006]], ""type"": ""MultiPoint""}"
2059,2007:974080,2007-06-08T08:09:00,BAYVIEW AVE,FIFESHIRE RD,,4,Fatal Injury,At Intersection,No Control,Cyclist Collision,Clear,Daylight,Dry,Major Arterial,false,-79.38659071933415,43.760444163642006,1,,,1,,,Other Safety Equipment Used,,,,,,,,,,owner,,Don Valley West (15),33 Division,St.Andrew-Windfields,false,false,true,false,false,false,false,false,false,true,"{""coordinates"": [[-79.38659071933415, 43.760444163642006]], ""type"": ""MultiPoint""}"
2060,2007:974080,2007-06-08T08:09:00,BAYVIEW AVE,FIFESHIRE RD,,4,Fatal Injury,At Intersection,No Control,Cyclist Collision,Clear,Daylight,Dry,Major Arterial,false,-79.38659071933415,43.760444163642006,3,Automobile or Station Wagon,South,4,39,None,Other Safety Equipment Used,Driving properly,Normal,,,Going Ahead,,,,,driver,,Don Valley West (15),33 Division,St.Andrew-Windfields,false,false,true,false,false,false,false,false,false,true,"{""coordinates"": [[-79.38659071933415, 43.760444163642006]], ""type"": ""MultiPoint""}"
2061,2007:974080,2007-06-08T08:09:00,BAYVIEW AVE,FIFESHIRE RD,,4,Fatal Injury,At Intersection,No Control,Cyclist Collision,Clear,Daylight,Dry,Major Arterial,false,-79.38659071933415,43.760444163642006,2,Bicycle,South,2,48,Fatal,Other Safety Equipment Used,,,,,Going Ahead,,Sideswipe with cyclist and driver travelling in same direction,Other,Unknown,cyclist,21,Don Valley West (15),33 Division,St.Andrew-Windfields,false,false,true,false,false,false,false,false,false,true,"{""coordinates"": [[-79.38659071933415, 43.760444163642006]], ""type"": ""MultiPoint""}"
2062,2007:974078,2007-06-08T08:40:00,ST CLAIR AVE E,PLAXTON DR,,2,Non-Fatal Injury,At Intersection,Traffic Signal,Pedestrian Collision(internal code),Clear,Daylight,Dry,Major Arterial,false,-79.3025906441623,43.70764406080836,1,Automobile or Station Wagon,East,1,40,None,Other Safety Equipment Used,Disobeyed traffic control,Inattentive,,,Going Ahead,,,,,driver,,Beaches-East York (19),55 Division,O'Connor-Parkview,true,true,false,false,false,false,true,true,true,false,"{""coordinates"": [[-79.3025906441623, 43.70764406080836]], ""type"": ""MultiPoint""}"
2063,2007:974078,2007-06-08T08:40:00,ST CLAIR AVE E,PLAXTON DR,,2,Non-Fatal Injury,At Intersection,Traffic Signal,Pedestrian Collision(internal code),Clear,Daylight,Dry,Major Arterial,false,-79.3025906441623,43.70764406080836,2,,North,2,11,Major,Other Safety Equipment Used,,,Crossing with right-of-way (intersection),Normal,,Driver going straight hits pedestrian crossing with right-of-way (at intersection),,,,pedestrian,,Beaches-East York (19),55 Division,O'Connor-Parkview,true,true,false,false,false,false,true,true,true,false,"{""coordinates"": [[-79.3025906441623, 43.70764406080836]], ""type"": ""MultiPoint""}"
2064,2007:974168,2007-06-09T09:45:00,KING ST W,GWYNNE AVE,,2,Non-Fatal Injury,At Intersection,No Control,Pedestrian Collision(internal code),Clear,Daylight,Dry,Major Arterial,false,-79.42889098541768,43.63864425375273,2,,East,2,72,Major,Other Safety Equipment Used,,,Crossing with right-of-way (intersection),Normal,Unknown,Driver turns left into pedestrian crossing without right-of-way (at intersection),,,,pedestrian,,Parkdale-High Park (4),14 Division,South Parkdale,false,false,false,false,false,true,true,false,false,false,"{""coordinates"": [[-79.42889098541768, 43.63864425375273]], ""type"": ""MultiPoint""}"
2065,2007:974168,2007-06-09T09:45:00,KING ST W,GWYNNE AVE,,2,Non-Fatal Injury,At Intersection,No Control,Pedestrian Collision(internal code),Clear,Daylight,Dry,Major Arterial,false,-79.42889098541768,43.63864425375273,1,Automobile or Station Wagon,East,1,48,None,Other Safety Equipment Used,Wrong way on one-way road,Normal,,,Reversing,,,,,driver,,Parkdale-High Park (4),14 Division,South Parkdale,false,false,false,false,false,true,true,false,false,false,"{""coordinates"": [[-79.42889098541768, 43.63864425375273]], ""type"": ""MultiPoint""}"
2066,2007:974270,2007-06-10T10:38:00,STEELES AVE W,CACTUS AVE,,7,Non-Fatal Injury,At Intersection,Traffic Signal,Pedestrian Collision(internal code),Clear,Daylight,Dry,Major Arterial,false,-79.43659076356758,43.79444422013815,1,,,1,3,None,Other Safety Equipment Used,,,,,,,,,,passenger,,,,,false,false,false,false,false,false,true,false,true,false,"{""coordinates"": [[-79.43659076356758, 43.79444422013815]], ""type"": ""MultiPoint""}"
2067,2007:974270,2007-06-10T10:38:00,STEELES AVE W,CACTUS AVE,,7,Non-Fatal Injury,At Intersection,Traffic Signal,Pedestrian Collision(internal code),Clear,Daylight,Dry,Major Arterial,false,-79.43659076356758,43.79444422013815,1,,,5,,,Other Safety Equipment Used,,,,,,,,,,owner,,,,,false,false,false,false,false,false,true,false,true,false,"{""coordinates"": [[-79.43659076356758, 43.79444422013815]], ""type"": ""MultiPoint""}"
2068,2007:974270,2007-06-10T10:38:00,STEELES AVE W,CACTUS AVE,,7,Non-Fatal Injury,At Intersection,Traffic Signal,Pedestrian Collision(internal code),Clear,Daylight,Dry,Major Arterial,false,-79.43659076356758,43.79444422013815,2,,North,4,10,Major,Other Safety Equipment Used,,,Crossing without right-of-way (intersection),Unknown,,Driver going straight hits pedestrian crossing without right-of-way (at intersection),,,,pedestrian,,,,,false,false,false,false,false,false,true,false,true,false,"{""coordinates"": [[-79.43659076356758, 43.79444422013815]], ""type"": ""MultiPoint""}"
2069,2007:974270,2007-06-10T10:38:00,STEELES AVE W,CACTUS AVE,,7,Non-Fatal Injury,At Intersection,Traffic Signal,Pedestrian Collision(internal code),Clear,Daylight,Dry,Major Arterial,false,-79.43659076356758,43.79444422013815,1,,,3,51,None,Other Safety Equipment Used,,,,,,,,,,passenger,,,,,false,false,false,false,false,false,true,false,true,false,"{""coordinates"": [[-79.43659076356758, 43.79444422013815]], ""type"": ""MultiPoint""}"
2070,2007:974270,2007-06-10T10:38:00,STEELES AVE W,CACTUS AVE,,7,Non-Fatal Injury,At Intersection,Traffic Signal,Pedestrian Collision(internal code),Clear,Daylight,Dry,Major Arterial,false,-79.43659076356758,43.79444422013815,1,,,2,5,None,Other Safety Equipment Used,,,,,,,,,,passenger,,,,,false,false,false,false,false,false,true,false,true,false,"{""coordinates"": [[-79.43659076356758, 43.79444422013815]], ""type"": ""MultiPoint""}"
2071,2007:974270,2007-06-10T10:38:00,STEELES AVE W,CACTUS AVE,,7,Non-Fatal Injury,At Intersection,Traffic Signal,Pedestrian Collision(internal code),Clear,Daylight,Dry,Major Arterial,false,-79.43659076356758,43.79444422013815,1,Automobile or Station Wagon,East,6,28,None,Other Safety Equipment Used,Driving properly,Unknown,,,Going Ahead,,,,,driver,,,,,false,false,false,false,false,false,true,false,true,false,"{""coordinates"": [[-79.43659076356758, 43.79444422013815]], ""type"": ""MultiPoint""}"
2072,2007:974270,2007-06-10T10:38:00,STEELES AVE W,CACTUS AVE,,7,Non-Fatal Injury,At Intersection,Traffic Signal,Pedestrian Collision(internal code),Clear,Daylight,Dry,Major Arterial,false,-79.43659076356758,43.79444422013815,1,,,7,6,None,Other Safety Equipment Used,,,,,,,,,,passenger,,,,,false,false,false,false,false,false,true,false,true,false,"{""coordinates"": [[-79.43659076356758, 43.79444422013815]], ""type"": ""MultiPoint""}"
2073,2007:977112,2007-06-13T14:20:00,CHARLES ST E,YONGE ST,,2,Non-Fatal Injury,At Intersection,Traffic Signal,Pedestrian Collision(internal code),Clear,Daylight,Dry,Major Arterial,false,-79.38609085436252,43.66864418231776,2,,,4,,None,Other Safety Equipment Used,,,,,Making U-Turn,,,,,owner,,University-Rosedale (11),51 Division,Church-Wellesley,false,false,false,false,false,true,true,false,false,false,"{""coordinates"": [[-79.38609085436252, 43.66864418231776]], ""type"": ""MultiPoint""}"
2074,2007:977112,2007-06-13T14:20:00,CHARLES ST E,YONGE ST,,2,Non-Fatal Injury,At Intersection,Traffic Signal,Pedestrian Collision(internal code),Clear,Daylight,Dry,Major Arterial,false,-79.38609085436252,43.66864418231776,1,,North,2,68,Minor,Other Safety Equipment Used,,,On sidewalk or shoulder,Normal,,Driver hits pedestrian on sidewalk or shoulder,,,,pedestrian,,University-Rosedale (11),51 Division,Church-Wellesley,false,false,false,false,false,true,true,false,false,false,"{""coordinates"": [[-79.38609085436252, 43.66864418231776]], ""type"": ""MultiPoint""}"