_id,collision_id,accdate,stname1,stname2,stname3,per_inv,acclass,accloc,traffictl,impactype,visible,light,rdsfcond,road_class,failtorem,longitude,latitude,veh_no,vehtype,initdir,per_no,invage,injury,safequip,drivact,drivcond,pedact,pedcond,manoeuvre,pedtype,cyclistype,cycact,cyccond,road_user,fatal_no,wardname,division,neighbourhood,aggressive,distracted,cyclist,motorcyclist,other_micromobility,older_adult,pedestrian,red_light,school_child,heavy_truck,geometry
2506,2007:987827,2007-09-03T22:12:00,DUNDAS ST E,RIVER ST,,4,Non-Fatal Injury,,No Control,Sideswipe,Clear,Dark,Dry,Major Arterial,false,-79.35759081068785,43.661344142488126,2,,,4,,None,Other Safety Equipment Used,,,,,,,,,,owner,,Toronto Centre (13),51 Division,Regent Park,false,false,false,false,false,false,false,false,false,false,"{""coordinates"": [[-79.35759081068785, 43.661344142488126]], ""type"": ""MultiPoint""}"
2507,2007:987827,2007-09-03T22:12:00,DUNDAS ST E,RIVER ST,,4,Non-Fatal Injury,,No Control,Sideswipe,Clear,Dark,Dry,Major Arterial,false,-79.35759081068785,43.661344142488126,1,,East,1,28,None,Other Safety Equipment Used,Driving properly,Normal,,,Stopped,,,,,driver,,Toronto Centre (13),51 Division,Regent Park,false,false,false,false,false,false,false,false,false,false,"{""coordinates"": [[-79.35759081068785, 43.661344142488126]], ""type"": ""MultiPoint""}"
2508,2007:993029,2007-09-04T08:55:00,BAYVIEW AVE,SUNNYDENE CRES,,1,Non-Fatal Injury,,No Control,Pedestrian Collision(internal code),Clear,Daylight,Dry,Major Arterial,false,-79.37869076287478,43.71974416086817,1,,North,1,92,Major,Lap and Shoulder Belt,,,On sidewalk or shoulder,Medical or Physical Disability,Going Ahead,Other,,,,pedestrian,,Don Valley West (15),53 Division,Bridle Path-Sunnybrook-York Mills,false,false,false,false,false,true,true,false,false,false,"{""coordinates"": [[-79.37869076287478, 43.71974416086817]], ""type"": ""MultiPoint""}"
2509,2007:987941,2007-09-04T10:15:00,EGLINTON AVE W,RAKELY CRT,,3,Non-Fatal Injury,,No Control,Sideswipe,Clear,Daylight,Dry,Major Arterial,false,-79.60369123875863,43.65104448164872,2,,,2,,None,Other Safety Equipment Used,,,,,,,,,,owner,,,22 Division,,false,false,false,false,false,false,false,false,false,false,"{""coordinates"": [[-79.60369123875863, 43.65104448164872]], ""type"": ""MultiPoint""}"
2510,2007:987941,2007-09-04T10:15:00,EGLINTON AVE W,RAKELY CRT,,3,Non-Fatal Injury,,No Control,Sideswipe,Clear,Daylight,Dry,Major Arterial,false,-79.60369123875863,43.65104448164872,2,Automobile or Station Wagon,West,3,51,Major,Use Unknown,Lost control,Medical or Physical Disability,,,Going Ahead,,,,,driver,,,22 Division,,false,false,false,false,false,false,false,false,false,false,"{""coordinates"": [[-79.60369123875863, 43.65104448164872]], ""type"": ""MultiPoint""}"
2511,2007:987941,2007-09-04T10:15:00,EGLINTON AVE W,RAKELY CRT,,3,Non-Fatal Injury,,No Control,Sideswipe,Clear,Daylight,Dry,Major Arterial,false,-79.60369123875863,43.65104448164872,1,Automobile or Station Wagon,East,1,41,None,Lap and Shoulder Belt,Driving properly,Normal,,,Going Ahead,,,,,driver,,,22 Division,,false,false,false,false,false,false,false,false,false,false,"{""coordinates"": [[-79.60369123875863, 43.65104448164872]], ""type"": ""MultiPoint""}"
2512,2007:993458,2007-09-05T05:35:00,QUEENS PARK CRES W,QUEENS PARK,,1,Non-Fatal Injury,,Traffic Signal,SMV Other,Rain,Dark,Wet,Major Arterial,false,-79.39339087278128,43.665744193535254,1,Automobile or Station Wagon,South,1,76,Major,Lap and Shoulder Belt,Speed too fast for conditions,Inattentive,,,Going Ahead,,,,,driver,,University-Rosedale (11),52 Division,Bay-Cloverhill,true,true,false,false,false,true,false,false,false,false,"{""coordinates"": [[-79.39339087278128, 43.665744193535254]], ""type"": ""MultiPoint""}"
2513,2007:993424,2007-09-05T08:30:00,QUEEN ST W,GLADSTONE AVE,,2,Non-Fatal Injury,,Traffic Signal,Cyclist Collision,Clear,Daylight,Dry,Major Arterial,true,-79.42719097562495,43.642544249923745,1,Bicycle,East,2,31,Major,No Equipment Available,,,,,Going Ahead,,Dooring,,,cyclist,,Davenport (9),14 Division,Little Portugal,false,false,true,false,false,false,false,false,false,false,"{""coordinates"": [[-79.42719097562495, 43.642544249923745]], ""type"": ""MultiPoint""}"
2514,2007:993424,2007-09-05T08:30:00,QUEEN ST W,GLADSTONE AVE,,2,Non-Fatal Injury,,Traffic Signal,Cyclist Collision,Clear,Daylight,Dry,Major Arterial,true,-79.42719097562495,43.642544249923745,1,Automobile or Station Wagon,East,1,,None,Other Safety Equipment Used,Other,Unknown,,,Stopped,,,,,driver,,Davenport (9),14 Division,Little Portugal,false,false,true,false,false,false,false,false,false,false,"{""coordinates"": [[-79.42719097562495, 43.642544249923745]], ""type"": ""MultiPoint""}"
2515,2007:993657,2007-09-05T11:10:00,10 MUIRHEAD RD,,,2,Non-Fatal Injury,,No Control,Turning Movement,Clear,Daylight,Dry,Local,false,-79.33799062080134,43.7785441039797,2,Automobile or Station Wagon,North,2,67,Major,Lap and Shoulder Belt,Improper turn,Normal,,,Turning Left,,,,,driver,,Don Valley North (17),33 Division,Pleasant View,false,false,false,false,false,true,false,false,false,false,"{""coordinates"": [[-79.33799062080134, 43.7785441039797]], ""type"": ""MultiPoint""}"
2516,2007:993657,2007-09-05T11:10:00,10 MUIRHEAD RD,,,2,Non-Fatal Injury,,No Control,Turning Movement,Clear,Daylight,Dry,Local,false,-79.33799062080134,43.7785441039797,1,Automobile or Station Wagon,South,1,24,Minimal,Lap and Shoulder Belt,Driving properly,Normal,,,Going Ahead,,,,,driver,,Don Valley North (17),33 Division,Pleasant View,false,false,false,false,false,true,false,false,false,false,"{""coordinates"": [[-79.33799062080134, 43.7785441039797]], ""type"": ""MultiPoint""}"
2517,2007:993425,2007-09-06T08:26:00,ISLINGTON AVE,ST GEORGES BLVD,,2,Non-Fatal Injury,At Intersection,Stop Sign,Turning Movement,Clear,Daylight,Dry,Major Arterial,false,-79.54959107098934,43.70324438673218,2,Automobile or Station Wagon,East,2,42,Major,Lap and Shoulder Belt,Improper turn,Normal,,,Turning Left,,,,,driver,,Etobicoke North (1),23 Division,Kingsview Village-The Westway,false,false,false,false,false,false,false,false,false,false,"{""coordinates"": [[-79.54959107098934, 43.70324438673218]], ""type"": ""MultiPoint""}"
2518,2007:993425,2007-09-06T08:26:00,ISLINGTON AVE,ST GEORGES BLVD,,2,Non-Fatal Injury,At Intersection,Stop Sign,Turning Movement,Clear,Daylight,Dry,Major Arterial,false,-79.54959107098934,43.70324438673218,1,Automobile or Station Wagon,South,1,39,None,Lap and Shoulder Belt,Driving properly,Normal,,,Going Ahead,,,,,driver,,Etobicoke North (1),23 Division,Kingsview Village-The Westway,false,false,false,false,false,false,false,false,false,false,"{""coordinates"": [[-79.54959107098934, 43.70324438673218]], ""type"": ""MultiPoint""}"
2519,2007:988551,2007-09-06T15:30:00,YONGE ST,ALBERTUS AVE,,2,Non-Fatal Injury,At Intersection,No Control,Pedestrian Collision(internal code),Clear,Daylight,Dry,Major Arterial,false,-79.39999080870955,43.7145441903476,1,Automobile or Station Wagon,South,1,58,None,Other Safety Equipment Used,Driving properly,Normal,,,Going Ahead,,,,,driver,,Don Valley West (15),53 Division,Mount Pleasant East,false,true,false,false,false,true,true,false,false,false,"{""coordinates"": [[-79.39999080870955, 43.7145441903476]], ""type"": ""MultiPoint""}"
2520,2007:988551,2007-09-06T15:30:00,YONGE ST,ALBERTUS AVE,,2,Non-Fatal Injury,At Intersection,No Control,Pedestrian Collision(internal code),Clear,Daylight,Dry,Major Arterial,false,-79.39999080870955,43.7145441903476,2,,West,2,81,Major,Other Safety Equipment Used,,,Running onto roadway,Inattentive,,Driver going straight hits pedestrian crossing without right-of-way (at intersection),,,,pedestrian,,Don Valley West (15),53 Division,Mount Pleasant East,false,true,false,false,false,true,true,false,false,false,"{""coordinates"": [[-79.39999080870955, 43.7145441903476]], ""type"": ""MultiPoint""}"
2521,2007:993532,2007-09-07T05:10:00,FINCH AVE E,LONGMORE ST,,2,Non-Fatal Injury,,No Control,SMV Other,Clear,Dark,Dry,Major Arterial,false,-79.40279072230132,43.782544181518226,1,Automobile or Station Wagon,East,2,19,Minor,Lap and Shoulder Belt,Lost control,Unknown,,,Going Ahead,,,,,driver,,Willowdale (18),32 Division,East Willowdale,false,false,false,false,false,false,false,false,true,false,"{""coordinates"": [[-79.40279072230132, 43.782544181518226]], ""type"": ""MultiPoint""}"
2522,2007:993532,2007-09-07T05:10:00,FINCH AVE E,LONGMORE ST,,2,Non-Fatal Injury,,No Control,SMV Other,Clear,Dark,Dry,Major Arterial,false,-79.40279072230132,43.782544181518226,1,,,1,20,Major,Lap and Shoulder Belt,,,,,,,,,,passenger,,Willowdale (18),32 Division,East Willowdale,false,false,false,false,false,false,false,false,true,false,"{""coordinates"": [[-79.40279072230132, 43.782544181518226]], ""type"": ""MultiPoint""}"
2523,2007:992822,2007-09-07T13:30:00,5001 FINCH AVE E,,,5,Non-Fatal Injury,,No Control,Pedestrian Collision(internal code),Clear,Daylight,Dry,Major Arterial,false,-79.2678904818622,43.807744023491054,2,,East,5,49,None,Other Safety Equipment Used,Other,Inattentive,,,Reversing,,,,,driver,,Scarborough North (23),42 Division,Agincourt North,false,true,false,false,false,false,true,false,false,false,"{""coordinates"": [[-79.2678904818622, 43.807744023491054]], ""type"": ""MultiPoint""}"
2524,2007:992822,2007-09-07T13:30:00,5001 FINCH AVE E,,,5,Non-Fatal Injury,,No Control,Pedestrian Collision(internal code),Clear,Daylight,Dry,Major Arterial,false,-79.2678904818622,43.807744023491054,1,,,1,,,Other Safety Equipment Used,,,,,,,,,,owner,,Scarborough North (23),42 Division,Agincourt North,false,true,false,false,false,false,true,false,false,false,"{""coordinates"": [[-79.2678904818622, 43.807744023491054]], ""type"": ""MultiPoint""}"
2525,2007:992822,2007-09-07T13:30:00,5001 FINCH AVE E,,,5,Non-Fatal Injury,,No Control,Pedestrian Collision(internal code),Clear,Daylight,Dry,Major Arterial,false,-79.2678904818622,43.807744023491054,1,Automobile or Station Wagon,West,2,62,None,Other Safety Equipment Used,Driving properly,Inattentive,,,Slowing or Stopping,,,,,driver,,Scarborough North (23),42 Division,Agincourt North,false,true,false,false,false,false,true,false,false,false,"{""coordinates"": [[-79.2678904818622, 43.807744023491054]], ""type"": ""MultiPoint""}"
2526,2007:992822,2007-09-07T13:30:00,5001 FINCH AVE E,,,5,Non-Fatal Injury,,No Control,Pedestrian Collision(internal code),Clear,Daylight,Dry,Major Arterial,false,-79.2678904818622,43.807744023491054,2,,,3,46,Major,Other Safety Equipment Used,,,Playing or working on highway,Inattentive,,Driver reversing hits pedestrian,,,,pedestrian,,Scarborough North (23),42 Division,Agincourt North,false,true,false,false,false,false,true,false,false,false,"{""coordinates"": [[-79.2678904818622, 43.807744023491054]], ""type"": ""MultiPoint""}"
2527,2007:992822,2007-09-07T13:30:00,5001 FINCH AVE E,,,5,Non-Fatal Injury,,No Control,Pedestrian Collision(internal code),Clear,Daylight,Dry,Major Arterial,false,-79.2678904818622,43.807744023491054,2,,,4,,,Other Safety Equipment Used,,,,,,,,,,owner,,Scarborough North (23),42 Division,Agincourt North,false,true,false,false,false,false,true,false,false,false,"{""coordinates"": [[-79.2678904818622, 43.807744023491054]], ""type"": ""MultiPoint""}"
2528,2007:993583,2007-09-08T10:41:00,10155 SHEPPARD AVE E,,,3,Non-Fatal Injury,,No Control,Cyclist Collision,Clear,Daylight,Dry,Minor Arterial,false,-79.15969033722412,43.805443916340415,1,Automobile or Station Wagon,East,3,44,None,Other Safety Equipment Used,Failed to yield right-of-way,Normal,,,Reversing,,,,,driver,,Scarborough-Rouge Park (25),42 Division,West Rouge,true,false,true,false,false,false,false,false,false,false,"{""coordinates"": [[-79.15969033722412, 43.805443916340415]], ""type"": ""MultiPoint""}"
2529,2007:993583,2007-09-08T10:41:00,10155 SHEPPARD AVE E,,,3,Non-Fatal Injury,,No Control,Cyclist Collision,Clear,Daylight,Dry,Minor Arterial,false,-79.15969033722412,43.805443916340415,2,Bicycle,South,2,60,Major,Helmet,,,,,Going Ahead,,Driver reversing hits cyclist,Driving Properly,Normal,cyclist,,Scarborough-Rouge Park (25),42 Division,West Rouge,true,false,true,false,false,false,false,false,false,false,"{""coordinates"": [[-79.15969033722412, 43.805443916340415]], ""type"": ""MultiPoint""}"
2530,2007:993583,2007-09-08T10:41:00,10155 SHEPPARD AVE E,,,3,Non-Fatal Injury,,No Control,Cyclist Collision,Clear,Daylight,Dry,Minor Arterial,false,-79.15969033722412,43.805443916340415,1,,,1,,,Other Safety Equipment Used,,,,,,,,,,owner,,Scarborough-Rouge Park (25),42 Division,West Rouge,true,false,true,false,false,false,false,false,false,false,"{""coordinates"": [[-79.15969033722412, 43.805443916340415]], ""type"": ""MultiPoint""}"
2531,2007:993646,2007-09-09T03:00:00,ADELAIDE ST W,PETER ST,,3,Non-Fatal Injury,At Intersection,Traffic Signal,Pedestrian Collision(internal code),Clear,Dark,Dry,Major Arterial,false,-79.39289090039284,43.647344197308584,2,,North,3,19,Major,Other Safety Equipment Used,,,Crossing without right-of-way (intersection),Had Been Drinking,,Driver going straight hits pedestrian crossing without right-of-way (at intersection),,,,pedestrian,,Spadina-Fort York (10),52 Division,Wellington Place,false,false,false,false,false,false,true,false,true,false,"{""coordinates"": [[-79.39289090039284, 43.647344197308584]], ""type"": ""MultiPoint""}"
2532,2007:993646,2007-09-09T03:00:00,ADELAIDE ST W,PETER ST,,3,Non-Fatal Injury,At Intersection,Traffic Signal,Pedestrian Collision(internal code),Clear,Dark,Dry,Major Arterial,false,-79.39289090039284,43.647344197308584,1,Automobile or Station Wagon,East,2,47,None,Lap and Shoulder Belt,Driving properly,Normal,,,Going Ahead,,,,,driver,,Spadina-Fort York (10),52 Division,Wellington Place,false,false,false,false,false,false,true,false,true,false,"{""coordinates"": [[-79.39289090039284, 43.647344197308584]], ""type"": ""MultiPoint""}"
2533,2007:993646,2007-09-09T03:00:00,ADELAIDE ST W,PETER ST,,3,Non-Fatal Injury,At Intersection,Traffic Signal,Pedestrian Collision(internal code),Clear,Dark,Dry,Major Arterial,false,-79.39289090039284,43.647344197308584,1,,,1,,None,Other Safety Equipment Used,,,,,,,,,,owner,,Spadina-Fort York (10),52 Division,Wellington Place,false,false,false,false,false,false,true,false,true,false,"{""coordinates"": [[-79.39289090039284, 43.647344197308584]], ""type"": ""MultiPoint""}"
2534,2007:991480,2007-09-09T20:30:00,DON MILLS RD,DVP S DON MILLS N RAMP RD S,,4,Non-Fatal Injury,At Intersection,Stop Sign,Angle,Clear,Dark,Dry,Major Arterial,false,-79.33599071200368,43.70214410646321,1,,,1,17,Minor,Other Safety Equipment Used,,,,,Other,,,,,passenger,,Toronto-Danforth (14),55 Division,Old East York,true,false,false,false,false,false,false,false,true,false,"{""coordinates"": [[-79.33599071200368, 43.70214410646321]], ""type"": ""MultiPoint""}"
2535,2007:991480,2007-09-09T20:30:00,DON MILLS RD,DVP S DON MILLS N RAMP RD S,,4,Non-Fatal Injury,At Intersection,Stop Sign,Angle,Clear,Dark,Dry,Major Arterial,false,-79.33599071200368,43.70214410646321,2,Automobile or Station Wagon,North,4,28,Minor,Other Safety Equipment Used,Driving properly,Normal,,,Going Ahead,,,,,driver,,Toronto-Danforth (14),55 Division,Old East York,true,false,false,false,false,false,false,false,true,false,"{""coordinates"": [[-79.33599071200368, 43.70214410646321]], ""type"": ""MultiPoint""}"
2536,2007:991480,2007-09-09T20:30:00,DON MILLS RD,DVP S DON MILLS N RAMP RD S,,4,Non-Fatal Injury,At Intersection,Stop Sign,Angle,Clear,Dark,Dry,Major Arterial,false,-79.33599071200368,43.70214410646321,2,,,3,,,Other Safety Equipment Used,,,,,,,,,,owner,,Toronto-Danforth (14),55 Division,Old East York,true,false,false,false,false,false,false,false,true,false,"{""coordinates"": [[-79.33599071200368, 43.70214410646321]], ""type"": ""MultiPoint""}"
2537,2007:991480,2007-09-09T20:30:00,DON MILLS RD,DVP S DON MILLS N RAMP RD S,,4,Non-Fatal Injury,At Intersection,Stop Sign,Angle,Clear,Dark,Dry,Major Arterial,false,-79.33599071200368,43.70214410646321,1,Automobile or Station Wagon,North,2,45,Major,Other Safety Equipment Used,Failed to yield right-of-way,Normal,,,Going Ahead,,,,,driver,,Toronto-Danforth (14),55 Division,Old East York,true,false,false,false,false,false,false,false,true,false,"{""coordinates"": [[-79.33599071200368, 43.70214410646321]], ""type"": ""MultiPoint""}"
2538,2007:989495,2007-09-10T16:35:00,EGLINTON AVE E,PHARMACY AVE,,3,Non-Fatal Injury,,No Control,Pedestrian Collision(internal code),Clear,Daylight,Dry,Major Arterial,false,-79.29319060296577,43.72654404789451,2,,South,3,58,Major,Other Safety Equipment Used,,,Crossing - no traffic control,Normal,,Driver hits pedestrian at midblock,,,,pedestrian,,Scarborough Southwest (20),41 Division,Clairlea-Birchmount,true,false,false,false,false,false,true,false,false,false,"{""coordinates"": [[-79.29319060296577, 43.72654404789451]], ""type"": ""MultiPoint""}"
2539,2007:989495,2007-09-10T16:35:00,EGLINTON AVE E,PHARMACY AVE,,3,Non-Fatal Injury,,No Control,Pedestrian Collision(internal code),Clear,Daylight,Dry,Major Arterial,false,-79.29319060296577,43.72654404789451,1,Automobile or Station Wagon,West,2,42,None,Other Safety Equipment Used,Failed to yield right-of-way,Normal,,,Going Ahead,,,,,driver,,Scarborough Southwest (20),41 Division,Clairlea-Birchmount,true,false,false,false,false,false,true,false,false,false,"{""coordinates"": [[-79.29319060296577, 43.72654404789451]], ""type"": ""MultiPoint""}"
2540,2007:989495,2007-09-10T16:35:00,EGLINTON AVE E,PHARMACY AVE,,3,Non-Fatal Injury,,No Control,Pedestrian Collision(internal code),Clear,Daylight,Dry,Major Arterial,false,-79.29319060296577,43.72654404789451,1,,,1,,,Other Safety Equipment Used,,,,,,,,,,owner,,Scarborough Southwest (20),41 Division,Clairlea-Birchmount,true,false,false,false,false,false,true,false,false,false,"{""coordinates"": [[-79.29319060296577, 43.72654404789451]], ""type"": ""MultiPoint""}"
2541,2007:994409,2007-09-11T06:10:00,KENNEDY RD,ELLESMERE RD,,2,Non-Fatal Injury,At Intersection,Traffic Signal,Pedestrian Collision(internal code),Rain,Dark,Wet,Major Arterial,false,-79.28109053887839,43.76574403417697,1,Automobile or Station Wagon,East,1,57,None,Lap and Shoulder Belt,Failed to yield right-of-way,Unknown,,,Turning Left,,,,,driver,,Scarborough Centre (21),41 Division,Dorset Park,true,false,false,false,false,false,true,false,false,false,"{""coordinates"": [[-79.28109053887839, 43.76574403417697]], ""type"": ""MultiPoint""}"
2542,2007:994409,2007-09-11T06:10:00,KENNEDY RD,ELLESMERE RD,,2,Non-Fatal Injury,At Intersection,Traffic Signal,Pedestrian Collision(internal code),Rain,Dark,Wet,Major Arterial,false,-79.28109053887839,43.76574403417697,2,,East,2,49,Major,Other Safety Equipment Used,,,Crossing with right-of-way (intersection),Normal,,Driver turns left into pedestrian crossing with right-of-way (at intersection),,,,pedestrian,,Scarborough Centre (21),41 Division,Dorset Park,true,false,false,false,false,false,true,false,false,false,"{""coordinates"": [[-79.28109053887839, 43.76574403417697]], ""type"": ""MultiPoint""}"
2543,2007:993300,2007-09-30T03:10:00,MARKHAM RD,PASSMORE AVE,,6,Non-Fatal Injury,At Intersection,No Control,Rear End,Clear,Dark,Dry,Major Arterial,false,-79.25089043585817,43.83154400764986,3,,,5,,None,Other Safety Equipment Used,,,,,,,,,,owner,,Scarborough North (23),42 Division,Morningside Heights,false,false,false,false,false,false,false,false,false,false,"{""coordinates"": [[-79.25089043585817, 43.83154400764986]], ""type"": ""MultiPoint""}"
2544,2007:996101,2007-09-11T15:10:00,DON MILLS RD,EGLINTON AVE E,,2,Non-Fatal Injury,,Traffic Signal,Turning Movement,Clear,Daylight,Dry,Major Arterial,false,-79.33889069151725,43.72044410823599,1,Automobile or Station Wagon,South,1,31,Major,Lap and Shoulder Belt,Driving properly,Normal,,,Going Ahead,,,,,driver,,Don Valley East (16),55 Division,Flemingdon Park,false,false,false,false,false,true,false,false,false,false,"{""coordinates"": [[-79.33889069151725, 43.72044410823599]], ""type"": ""MultiPoint""}"
2545,2007:996101,2007-09-11T15:10:00,DON MILLS RD,EGLINTON AVE E,,2,Non-Fatal Injury,,Traffic Signal,Turning Movement,Clear,Daylight,Dry,Major Arterial,false,-79.33889069151725,43.72044410823599,2,Automobile or Station Wagon,North,2,83,None,Lap and Shoulder Belt,Improper turn,Normal,,,Turning Left,,,,,driver,,Don Valley East (16),55 Division,Flemingdon Park,false,false,false,false,false,true,false,false,false,false,"{""coordinates"": [[-79.33889069151725, 43.72044410823599]], ""type"": ""MultiPoint""}"
2546,2007:990014,2007-09-13T10:05:00,OAKDALE RD,FINCH AVE W,,3,Fatal Injury,At Intersection,Traffic Signal,Pedestrian Collision(internal code),Clear,Daylight,Dry,Major Arterial,false,-79.52429094443177,43.7559443312524,1,Truck - Open (Flatbed),North,2,24,None,Use Unknown,Driving properly,Normal,,,Turning Left,,,,,driver,,Humber River-Black Creek (7),31 Division,Black Creek,false,false,false,false,false,true,true,false,false,true,"{""coordinates"": [[-79.52429094443177, 43.7559443312524]], ""type"": ""MultiPoint""}"
2547,2007:990014,2007-09-13T10:05:00,OAKDALE RD,FINCH AVE W,,3,Fatal Injury,At Intersection,Traffic Signal,Pedestrian Collision(internal code),Clear,Daylight,Dry,Major Arterial,false,-79.52429094443177,43.7559443312524,1,,,1,,,Other Safety Equipment Used,,,,,,,,,,owner,,Humber River-Black Creek (7),31 Division,Black Creek,false,false,false,false,false,true,true,false,false,true,"{""coordinates"": [[-79.52429094443177, 43.7559443312524]], ""type"": ""MultiPoint""}"
2548,2007:990014,2007-09-13T10:05:00,OAKDALE RD,FINCH AVE W,,3,Fatal Injury,At Intersection,Traffic Signal,Pedestrian Collision(internal code),Clear,Daylight,Dry,Major Arterial,false,-79.52429094443177,43.7559443312524,2,,South,3,68,Fatal,Other Safety Equipment Used,,,Crossing without right-of-way (intersection),Unknown,,Driver turns left into pedestrian crossing without right-of-way (at intersection),,,,pedestrian,35,Humber River-Black Creek (7),31 Division,Black Creek,false,false,false,false,false,true,true,false,false,true,"{""coordinates"": [[-79.52429094443177, 43.7559443312524]], ""type"": ""MultiPoint""}"
2549,2007:994169,2007-09-13T18:51:00,PEARSON AVE,RONCESVALLES AVE,,2,Non-Fatal Injury,At Intersection,No Control,Pedestrian Collision(internal code),Clear,Daylight,Dry,Minor Arterial,false,-79.44729101636362,43.641944280291675,1,Automobile or Station Wagon,South,1,44,None,Other Safety Equipment Used,Failed to yield right-of-way,Inattentive,,,Turning Left,,,,,driver,,Parkdale-High Park (4),11 Division,Roncesvalles,true,true,false,false,false,true,true,false,false,false,"{""coordinates"": [[-79.44729101636362, 43.641944280291675]], ""type"": ""MultiPoint""}"
2550,2007:994169,2007-09-13T18:51:00,PEARSON AVE,RONCESVALLES AVE,,2,Non-Fatal Injury,At Intersection,No Control,Pedestrian Collision(internal code),Clear,Daylight,Dry,Minor Arterial,false,-79.44729101636362,43.641944280291675,2,,South,2,66,Major,Use Unknown,,,Crossing with right-of-way (intersection),Normal,,Driver turns left into pedestrian crossing with right-of-way (at intersection),,,,pedestrian,,Parkdale-High Park (4),11 Division,Roncesvalles,true,true,false,false,false,true,true,false,false,false,"{""coordinates"": [[-79.44729101636362, 43.641944280291675]], ""type"": ""MultiPoint""}"
2551,2007:994300,2007-09-14T08:20:00,AUKLAND RD,SUBWAY CRES W,,2,Non-Fatal Injury,,No Control,Pedestrian Collision(internal code),Clear,Daylight,Dry,Major Arterial,false,-79.53769117650823,43.63834440781904,1,Automobile or Station Wagon,North,1,23,None,Lap and Shoulder Belt,Driving properly,Normal,,,Going Ahead,,,,,driver,,Etobicoke-Lakeshore (3),22 Division,Etobicoke City Centre,false,true,false,false,false,false,true,false,false,false,"{""coordinates"": [[-79.53769117650823, 43.63834440781904]], ""type"": ""MultiPoint""}"
2552,2007:994300,2007-09-14T08:20:00,AUKLAND RD,SUBWAY CRES W,,2,Non-Fatal Injury,,No Control,Pedestrian Collision(internal code),Clear,Daylight,Dry,Major Arterial,false,-79.53769117650823,43.63834440781904,2,,West,2,37,Major,Other Safety Equipment Used,,,Crossing - no traffic control,Inattentive,,Driver hits pedestrian at midblock,,,,pedestrian,,Etobicoke-Lakeshore (3),22 Division,Etobicoke City Centre,false,true,false,false,false,false,true,false,false,false,"{""coordinates"": [[-79.53769117650823, 43.63834440781904]], ""type"": ""MultiPoint""}"
2553,2007:994544,2007-09-14T14:50:00,ALBION RD,FINCH AVE W,,3,Non-Fatal Injury,,Stop Sign,Turning Movement,Clear,Daylight,Dry,Major Arterial,false,-79.58699104803414,43.7407444077974,1,,,1,,None,Other Safety Equipment Used,,,,,,,,,,owner,,Etobicoke North (1),23 Division,Mount Olive-Silverstone-Jamestown,true,false,false,false,false,false,false,false,false,false,"{""coordinates"": [[-79.58699104803414, 43.7407444077974]], ""type"": ""MultiPoint""}"
2554,2007:994544,2007-09-14T14:50:00,ALBION RD,FINCH AVE W,,3,Non-Fatal Injury,,Stop Sign,Turning Movement,Clear,Daylight,Dry,Major Arterial,false,-79.58699104803414,43.7407444077974,1,Automobile or Station Wagon,South,2,48,None,Lap and Shoulder Belt,Failed to yield right-of-way,Normal,,,Turning Right,,,,,driver,,Etobicoke North (1),23 Division,Mount Olive-Silverstone-Jamestown,true,false,false,false,false,false,false,false,false,false,"{""coordinates"": [[-79.58699104803414, 43.7407444077974]], ""type"": ""MultiPoint""}"
2555,2007:994544,2007-09-14T14:50:00,ALBION RD,FINCH AVE W,,3,Non-Fatal Injury,,Stop Sign,Turning Movement,Clear,Daylight,Dry,Major Arterial,false,-79.58699104803414,43.7407444077974,2,Automobile or Station Wagon,West,3,22,Major,Lap and Shoulder Belt,Driving properly,Normal,,,Going Ahead,,,,,driver,,Etobicoke North (1),23 Division,Mount Olive-Silverstone-Jamestown,true,false,false,false,false,false,false,false,false,false,"{""coordinates"": [[-79.58699104803414, 43.7407444077974]], ""type"": ""MultiPoint""}"
2556,2007:993875,2007-09-14T18:14:00,WILSON AVE,INGLESIDE DR,,3,Non-Fatal Injury,,No Control,Cyclist Collision,Rain,Daylight,Wet,Major Arterial,true,-79.47849092471444,43.72794428900135,1,,,1,,,Other Safety Equipment Used,,,,,,,,,,owner,,York Centre (6),31 Division,Downsview,true,false,true,false,false,false,false,false,false,false,"{""coordinates"": [[-79.47849092471444, 43.72794428900135]], ""type"": ""MultiPoint""}"
2557,2007:993875,2007-09-14T18:14:00,WILSON AVE,INGLESIDE DR,,3,Non-Fatal Injury,,No Control,Cyclist Collision,Rain,Daylight,Wet,Major Arterial,true,-79.47849092471444,43.72794428900135,2,Bicycle,West,3,31,Major,Equipment Not Used But Available,,,,,Going Ahead,,"Driver without right-of-way drives into path of cyclist (at intersection, laneway, or driveway)",Driving Properly,Normal,cyclist,,York Centre (6),31 Division,Downsview,true,false,true,false,false,false,false,false,false,false,"{""coordinates"": [[-79.47849092471444, 43.72794428900135]], ""type"": ""MultiPoint""}"
2558,2007:993875,2007-09-14T18:14:00,WILSON AVE,INGLESIDE DR,,3,Non-Fatal Injury,,No Control,Cyclist Collision,Rain,Daylight,Wet,Major Arterial,true,-79.47849092471444,43.72794428900135,1,Automobile or Station Wagon,South,2,46,None,Other Safety Equipment Used,Failed to yield right-of-way,Normal,,,Going Ahead,,,,,driver,,York Centre (6),31 Division,Downsview,true,false,true,false,false,false,false,false,false,false,"{""coordinates"": [[-79.47849092471444, 43.72794428900135]], ""type"": ""MultiPoint""}"