_id,collision_id,accdate,stname1,stname2,stname3,per_inv,acclass,accloc,traffictl,impactype,visible,light,rdsfcond,road_class,failtorem,longitude,latitude,veh_no,vehtype,initdir,per_no,invage,injury,safequip,drivact,drivcond,pedact,pedcond,manoeuvre,pedtype,cyclistype,cycact,cyccond,road_user,fatal_no,wardname,division,neighbourhood,aggressive,distracted,cyclist,motorcyclist,other_micromobility,older_adult,pedestrian,red_light,school_child,heavy_truck,geometry
2614,2007:992577,2007-09-24T17:11:00,HOWLAND AVE,BRUNSWICK AVE,,4,Non-Fatal Injury,,No Control,SMV Unattended Vehicle,Clear,Daylight,Dry,Major Arterial,false,-79.41089089330018,43.67384421651932,1,,,1,,None,Other Safety Equipment Used,,,,,,,,,,owner,,University-Rosedale (11),14 Division,Annex,false,false,false,false,false,true,false,false,false,false,"{""coordinates"": [[-79.41089089330018, 43.67384421651932]], ""type"": ""MultiPoint""}"
2615,2007:992576,2007-09-26T09:50:00,STEELES AVE E,VICTORIA PARK AVE,,3,Non-Fatal Injury,At Intersection,No Control,Pedestrian Collision(internal code),Clear,Daylight,Dry,Major Arterial,false,-79.3369905822923,43.81674410335089,2,,North,3,40,Major,Other Safety Equipment Used,,,Crossing - no traffic control,Inattentive,,Driver hits pedestrian at midblock,,,,pedestrian,,,42 Division,,false,true,false,false,false,false,true,false,false,true,"{""coordinates"": [[-79.3369905822923, 43.81674410335089]], ""type"": ""MultiPoint""}"
2616,2007:992576,2007-09-26T09:50:00,STEELES AVE E,VICTORIA PARK AVE,,3,Non-Fatal Injury,At Intersection,No Control,Pedestrian Collision(internal code),Clear,Daylight,Dry,Major Arterial,false,-79.3369905822923,43.81674410335089,1,Truck - Open (Flatbed),East,2,63,None,Other Safety Equipment Used,Driving properly,Normal,,,Going Ahead,,,,,driver,,,42 Division,,false,true,false,false,false,false,true,false,false,true,"{""coordinates"": [[-79.3369905822923, 43.81674410335089]], ""type"": ""MultiPoint""}"
2617,2007:992576,2007-09-26T09:50:00,STEELES AVE E,VICTORIA PARK AVE,,3,Non-Fatal Injury,At Intersection,No Control,Pedestrian Collision(internal code),Clear,Daylight,Dry,Major Arterial,false,-79.3369905822923,43.81674410335089,1,,North,1,43,None,Other Safety Equipment Used,,,Crossing - no traffic control,Inattentive,,Driver hits pedestrian at midblock,,,,pedestrian,,,42 Division,,false,true,false,false,false,false,true,false,false,true,"{""coordinates"": [[-79.3369905822923, 43.81674410335089]], ""type"": ""MultiPoint""}"
2618,2007:1002607,2007-09-26T14:15:00,DANFORTH RD,BIRCHMOUNT RD,,4,Non-Fatal Injury,At Intersection,Traffic Signal,Pedestrian Collision(internal code),Clear,Daylight,Wet,Minor Arterial,false,-79.2680905828882,43.706944014254766,1,Automobile or Station Wagon,West,1,77,None,Other Safety Equipment Used,Driving properly,Normal,,,Going Ahead,,,,,driver,,Scarborough Southwest (20),41 Division,Clairlea-Birchmount,true,false,false,false,false,true,true,true,false,false,"{""coordinates"": [[-79.2680905828882, 43.706944014254766]], ""type"": ""MultiPoint""}"
2619,2007:1002607,2007-09-26T14:15:00,DANFORTH RD,BIRCHMOUNT RD,,4,Non-Fatal Injury,At Intersection,Traffic Signal,Pedestrian Collision(internal code),Clear,Daylight,Wet,Minor Arterial,false,-79.2680905828882,43.706944014254766,2,Automobile or Station Wagon,North,3,54,None,Lap and Shoulder Belt,Disobeyed traffic control,Normal,,,Going Ahead,,,,,driver,,Scarborough Southwest (20),41 Division,Clairlea-Birchmount,true,false,false,false,false,true,true,true,false,false,"{""coordinates"": [[-79.2680905828882, 43.706944014254766]], ""type"": ""MultiPoint""}"
2620,2007:1002607,2007-09-26T14:15:00,DANFORTH RD,BIRCHMOUNT RD,,4,Non-Fatal Injury,At Intersection,Traffic Signal,Pedestrian Collision(internal code),Clear,Daylight,Wet,Minor Arterial,false,-79.2680905828882,43.706944014254766,3,,,4,33,Major,Other Safety Equipment Used,,,Crossing without right-of-way (intersection),Normal,,Driver going straight hits pedestrian crossing without right-of-way (at intersection),,,,pedestrian,,Scarborough Southwest (20),41 Division,Clairlea-Birchmount,true,false,false,false,false,true,true,true,false,false,"{""coordinates"": [[-79.2680905828882, 43.706944014254766]], ""type"": ""MultiPoint""}"
2621,2007:1002607,2007-09-26T14:15:00,DANFORTH RD,BIRCHMOUNT RD,,4,Non-Fatal Injury,At Intersection,Traffic Signal,Pedestrian Collision(internal code),Clear,Daylight,Wet,Minor Arterial,false,-79.2680905828882,43.706944014254766,2,,,2,,,Other Safety Equipment Used,,,,,,,,,,owner,,Scarborough Southwest (20),41 Division,Clairlea-Birchmount,true,false,false,false,false,true,true,true,false,false,"{""coordinates"": [[-79.2680905828882, 43.706944014254766]], ""type"": ""MultiPoint""}"
2622,2007:994265,2007-09-26T15:55:00,ALBION RD,CALSTOCK DR,,3,Non-Fatal Injury,At Intersection,No Control,Approaching Head On,Clear,Daylight,Dry,Major Arterial,false,-79.55789102417535,43.73394437912683,1,Automobile or Station Wagon,East,2,52,None,Lap and Shoulder Belt,Driving properly,Normal,,,Going Ahead,,,,,driver,,Etobicoke North (1),23 Division,Thistletown-Beaumond Heights,false,false,false,false,false,false,false,false,false,false,"{""coordinates"": [[-79.55789102417535, 43.73394437912683]], ""type"": ""MultiPoint""}"
2623,2007:994265,2007-09-26T15:55:00,ALBION RD,CALSTOCK DR,,3,Non-Fatal Injury,At Intersection,No Control,Approaching Head On,Clear,Daylight,Dry,Major Arterial,false,-79.55789102417535,43.73394437912683,2,Automobile or Station Wagon,West,3,33,Major,Equipment Not Used But Available,Lost control,Normal,,,Going Ahead,,,,,driver,,Etobicoke North (1),23 Division,Thistletown-Beaumond Heights,false,false,false,false,false,false,false,false,false,false,"{""coordinates"": [[-79.55789102417535, 43.73394437912683]], ""type"": ""MultiPoint""}"
2624,2007:994265,2007-09-26T15:55:00,ALBION RD,CALSTOCK DR,,3,Non-Fatal Injury,At Intersection,No Control,Approaching Head On,Clear,Daylight,Dry,Major Arterial,false,-79.55789102417535,43.73394437912683,1,,,1,,,Other Safety Equipment Used,,,,,,,,,,owner,,Etobicoke North (1),23 Division,Thistletown-Beaumond Heights,false,false,false,false,false,false,false,false,false,false,"{""coordinates"": [[-79.55789102417535, 43.73394437912683]], ""type"": ""MultiPoint""}"
2625,2007:992854,2007-09-27T16:40:00,DON MILLS RD,EGLINTON AVE E,,4,Non-Fatal Injury,,No Control,Rear End,Clear,Daylight,Dry,Major Arterial,false,-79.33899069099014,43.72094410830833,2,Automobile or Station Wagon,South,2,61,Major,Use Unknown,Failed to yield right-of-way,Inattentive,,,Going Ahead,,,,,driver,,Don Valley East (16),33 Division,Banbury-Don Mills,true,true,false,false,false,false,false,false,false,false,"{""coordinates"": [[-79.33899069099014, 43.72094410830833]], ""type"": ""MultiPoint""}"
2626,2007:992854,2007-09-27T16:40:00,DON MILLS RD,EGLINTON AVE E,,4,Non-Fatal Injury,,No Control,Rear End,Clear,Daylight,Dry,Major Arterial,false,-79.33899069099014,43.72094410830833,1,Automobile or Station Wagon,South,1,47,None,Use Unknown,Driving properly,Normal,,,Going Ahead,,,,,driver,,Don Valley East (16),33 Division,Banbury-Don Mills,true,true,false,false,false,false,false,false,false,false,"{""coordinates"": [[-79.33899069099014, 43.72094410830833]], ""type"": ""MultiPoint""}"
2627,2007:992854,2007-09-27T16:40:00,DON MILLS RD,EGLINTON AVE E,,4,Non-Fatal Injury,,No Control,Rear End,Clear,Daylight,Dry,Major Arterial,false,-79.33899069099014,43.72094410830833,3,Automobile or Station Wagon,South,4,28,Minimal,Lap and Shoulder Belt,Driving properly,Normal,,,Stopped,,,,,driver,,Don Valley East (16),33 Division,Banbury-Don Mills,true,true,false,false,false,false,false,false,false,false,"{""coordinates"": [[-79.33899069099014, 43.72094410830833]], ""type"": ""MultiPoint""}"
2628,2007:992854,2007-09-27T16:40:00,DON MILLS RD,EGLINTON AVE E,,4,Non-Fatal Injury,,No Control,Rear End,Clear,Daylight,Dry,Major Arterial,false,-79.33899069099014,43.72094410830833,3,,,3,,,Other Safety Equipment Used,,,,,,,,,,owner,,Don Valley East (16),33 Division,Banbury-Don Mills,true,true,false,false,false,false,false,false,false,false,"{""coordinates"": [[-79.33899069099014, 43.72094410830833]], ""type"": ""MultiPoint""}"
2629,2007:997888,2007-09-28T12:25:00,QUEENS QUAY W,ROBERTSON CRES,,2,Non-Fatal Injury,At Intersection,Traffic Signal,Turning Movement,Clear,Daylight,Dry,Minor Arterial,false,-79.3865909010781,43.63884418988292,2,Automobile or Station Wagon,West,2,37,None,Lap and Shoulder Belt,Driving properly,Normal,,,Turning Left,,,,,driver,,Spadina-Fort York (10),52 Division,Harbourfront-CityPlace,true,true,false,true,false,false,false,false,false,false,"{""coordinates"": [[-79.3865909010781, 43.63884418988292]], ""type"": ""MultiPoint""}"
2630,2007:997888,2007-09-28T12:25:00,QUEENS QUAY W,ROBERTSON CRES,,2,Non-Fatal Injury,At Intersection,Traffic Signal,Turning Movement,Clear,Daylight,Dry,Minor Arterial,false,-79.3865909010781,43.63884418988292,1,Motorcycle,East,1,59,Major,Helmet,Following too closely,Inattentive,,,Going Ahead,,,,,motorcyclist,,Spadina-Fort York (10),52 Division,Harbourfront-CityPlace,true,true,false,true,false,false,false,false,false,false,"{""coordinates"": [[-79.3865909010781, 43.63884418988292]], ""type"": ""MultiPoint""}"
2631,2007:993818,2007-09-28T19:32:00,HIGHWAY 27 N,HUMBER COLLEGE BLVD,,3,Fatal Injury,,No Control,Pedestrian Collision(internal code),Clear,Dark,Dry,Major Arterial,false,-79.60189108416094,43.73154443007529,1,Automobile or Station Wagon,North,2,57,None,Other Safety Equipment Used,Driving properly,Normal,,,Going Ahead,,,,,driver,,Etobicoke North (1),23 Division,West Humber-Clairville,false,false,false,false,false,true,true,false,false,false,"{""coordinates"": [[-79.60189108416094, 43.73154443007529]], ""type"": ""MultiPoint""}"
2632,2007:993818,2007-09-28T19:32:00,HIGHWAY 27 N,HUMBER COLLEGE BLVD,,3,Fatal Injury,,No Control,Pedestrian Collision(internal code),Clear,Dark,Dry,Major Arterial,false,-79.60189108416094,43.73154443007529,2,,West,3,83,Fatal,No Equipment Available,,,Crossing - no traffic control,Unknown,,Driver hits pedestrian at midblock,,,,pedestrian,39,Etobicoke North (1),23 Division,West Humber-Clairville,false,false,false,false,false,true,true,false,false,false,"{""coordinates"": [[-79.60189108416094, 43.73154443007529]], ""type"": ""MultiPoint""}"
2633,2007:993818,2007-09-28T19:32:00,HIGHWAY 27 N,HUMBER COLLEGE BLVD,,3,Fatal Injury,,No Control,Pedestrian Collision(internal code),Clear,Dark,Dry,Major Arterial,false,-79.60189108416094,43.73154443007529,1,,,1,,,Other Safety Equipment Used,,,,,,,,,,owner,,Etobicoke North (1),23 Division,West Humber-Clairville,false,false,false,false,false,true,true,false,false,false,"{""coordinates"": [[-79.60189108416094, 43.73154443007529]], ""type"": ""MultiPoint""}"
2634,2007:996853,2007-09-28T20:33:00,FINCH AVE E,MCCOWAN RD,,2,Non-Fatal Injury,,No Control,Pedestrian Collision(internal code),Clear,Dark,Dry,Major Arterial,false,-79.26319047361238,43.80874401820641,1,Automobile or Station Wagon,West,1,26,None,Lap and Shoulder Belt,Driving properly,Normal,,,Going Ahead,,,,,driver,,Scarborough North (23),42 Division,Agincourt North,false,false,false,false,false,false,true,false,false,false,"{""coordinates"": [[-79.26319047361238, 43.80874401820641]], ""type"": ""MultiPoint""}"
2635,2007:996853,2007-09-28T20:33:00,FINCH AVE E,MCCOWAN RD,,2,Non-Fatal Injury,,No Control,Pedestrian Collision(internal code),Clear,Dark,Dry,Major Arterial,false,-79.26319047361238,43.80874401820641,2,,South,2,46,Major,Other Safety Equipment Used,,,Crossing - no traffic control,Normal,,Driver hits pedestrian at midblock,,,,pedestrian,,Scarborough North (23),42 Division,Agincourt North,false,false,false,false,false,false,true,false,false,false,"{""coordinates"": [[-79.26319047361238, 43.80874401820641]], ""type"": ""MultiPoint""}"
2636,2007:995821,2007-09-29T16:00:00,WESTON RD,KNOB HILL DR,,4,Non-Fatal Injury,At Intersection,Stop Sign,Angle,Clear,Daylight,Dry,Major Arterial,false,-79.5351910377574,43.71124436574097,1,Automobile or Station Wagon,North,2,62,Major,Lap and Shoulder Belt,Driving properly,Normal,,,Going Ahead,,,,,driver,,York South-Weston (5),12 Division,Pelmo Park-Humberlea,true,true,false,false,false,false,false,false,false,false,"{""coordinates"": [[-79.5351910377574, 43.71124436574097]], ""type"": ""MultiPoint""}"
2637,2007:995821,2007-09-29T16:00:00,WESTON RD,KNOB HILL DR,,4,Non-Fatal Injury,At Intersection,Stop Sign,Angle,Clear,Daylight,Dry,Major Arterial,false,-79.5351910377574,43.71124436574097,2,Automobile or Station Wagon,West,4,46,Minor,Lap and Shoulder Belt,Failed to yield right-of-way,Inattentive,,,Going Ahead,,,,,driver,,York South-Weston (5),12 Division,Pelmo Park-Humberlea,true,true,false,false,false,false,false,false,false,false,"{""coordinates"": [[-79.5351910377574, 43.71124436574097]], ""type"": ""MultiPoint""}"
2638,2007:995821,2007-09-29T16:00:00,WESTON RD,KNOB HILL DR,,4,Non-Fatal Injury,At Intersection,Stop Sign,Angle,Clear,Daylight,Dry,Major Arterial,false,-79.5351910377574,43.71124436574097,2,,,3,55,Minor,Lap and Shoulder Belt,,,,,,,,,,passenger,,York South-Weston (5),12 Division,Pelmo Park-Humberlea,true,true,false,false,false,false,false,false,false,false,"{""coordinates"": [[-79.5351910377574, 43.71124436574097]], ""type"": ""MultiPoint""}"
2639,2007:995821,2007-09-29T16:00:00,WESTON RD,KNOB HILL DR,,4,Non-Fatal Injury,At Intersection,Stop Sign,Angle,Clear,Daylight,Dry,Major Arterial,false,-79.5351910377574,43.71124436574097,1,,,1,,None,Other Safety Equipment Used,,,,,,,,,,owner,,York South-Weston (5),12 Division,Pelmo Park-Humberlea,true,true,false,false,false,false,false,false,false,false,"{""coordinates"": [[-79.5351910377574, 43.71124436574097]], ""type"": ""MultiPoint""}"
2640,2007:993300,2007-09-30T03:10:00,MARKHAM RD,PASSMORE AVE,,6,Non-Fatal Injury,At Intersection,No Control,Rear End,Clear,Dark,Dry,Major Arterial,false,-79.25089043585817,43.83154400764986,1,,,1,41,Minimal,Other Safety Equipment Used,,,,,,,,,,passenger,,Scarborough North (23),42 Division,Morningside Heights,false,false,false,false,false,false,false,false,false,false,"{""coordinates"": [[-79.25089043585817, 43.83154400764986]], ""type"": ""MultiPoint""}"
2641,2007:993300,2007-09-30T03:10:00,MARKHAM RD,PASSMORE AVE,,6,Non-Fatal Injury,At Intersection,No Control,Rear End,Clear,Dark,Dry,Major Arterial,false,-79.25089043585817,43.83154400764986,3,,North,6,52,Major,Other Safety Equipment Used,Driving properly,Normal,,,Stopped,,,,,driver,,Scarborough North (23),42 Division,Morningside Heights,false,false,false,false,false,false,false,false,false,false,"{""coordinates"": [[-79.25089043585817, 43.83154400764986]], ""type"": ""MultiPoint""}"
2642,2007:993300,2007-09-30T03:10:00,MARKHAM RD,PASSMORE AVE,,6,Non-Fatal Injury,At Intersection,No Control,Rear End,Clear,Dark,Dry,Major Arterial,false,-79.25089043585817,43.83154400764986,2,Automobile or Station Wagon,North,4,39,Minor,Other Safety Equipment Used,Lost control,Had Been Drinking,,,Going Ahead,,,,,driver,,Scarborough North (23),42 Division,Morningside Heights,false,false,false,false,false,false,false,false,false,false,"{""coordinates"": [[-79.25089043585817, 43.83154400764986]], ""type"": ""MultiPoint""}"
2643,2007:993300,2007-09-30T03:10:00,MARKHAM RD,PASSMORE AVE,,6,Non-Fatal Injury,At Intersection,No Control,Rear End,Clear,Dark,Dry,Major Arterial,false,-79.25089043585817,43.83154400764986,1,Automobile or Station Wagon,North,3,42,Minor,Other Safety Equipment Used,Driving properly,Normal,,,Stopped,,,,,driver,,Scarborough North (23),42 Division,Morningside Heights,false,false,false,false,false,false,false,false,false,false,"{""coordinates"": [[-79.25089043585817, 43.83154400764986]], ""type"": ""MultiPoint""}"
2644,2007:993820,2007-10-01T06:05:00,YONGE ST,GLENFOREST RD,,3,Fatal Injury,At Intersection,No Control,Pedestrian Collision(internal code),Clear,Dark,Dry,Major Arterial,false,-79.4035907902966,43.730244190917325,1,,,3,,,Other Safety Equipment Used,,,,,,,,,,owner,,Eglinton-Lawrence (8),32 Division,Lawrence Park North,true,false,false,false,false,true,true,false,false,true,"{""coordinates"": [[-79.4035907902966, 43.730244190917325]], ""type"": ""MultiPoint""}"
2645,2007:993820,2007-10-01T06:05:00,YONGE ST,GLENFOREST RD,,3,Fatal Injury,At Intersection,No Control,Pedestrian Collision(internal code),Clear,Dark,Dry,Major Arterial,false,-79.4035907902966,43.730244190917325,1,Truck - Open (Flatbed),South,1,35,None,Other Safety Equipment Used,Failed to yield right-of-way,Normal,,,Turning Left,,,,,driver,,Eglinton-Lawrence (8),32 Division,Lawrence Park North,true,false,false,false,false,true,true,false,false,true,"{""coordinates"": [[-79.4035907902966, 43.730244190917325]], ""type"": ""MultiPoint""}"
2646,2007:993820,2007-10-01T06:05:00,YONGE ST,GLENFOREST RD,,3,Fatal Injury,At Intersection,No Control,Pedestrian Collision(internal code),Clear,Dark,Dry,Major Arterial,false,-79.4035907902966,43.730244190917325,2,,North,2,74,Fatal,Other Safety Equipment Used,,,Crossing with right-of-way (intersection),Unknown,,Driver turns left into pedestrian crossing with right-of-way (at intersection),,,,pedestrian,40,Eglinton-Lawrence (8),32 Division,Lawrence Park North,true,false,false,false,false,true,true,false,false,true,"{""coordinates"": [[-79.4035907902966, 43.730244190917325]], ""type"": ""MultiPoint""}"
2647,2007:998487,2007-10-02T17:50:00,ADELAIDE ST W,PORTLAND ST,,4,Non-Fatal Injury,,No Control,SMV Other,Clear,Daylight,Dry,Major Arterial,false,-79.3998909164921,43.645844208119854,1,Automobile or Station Wagon,North,3,33,Minor,Lap and Shoulder Belt,Lost control,Unknown,,,Pulling Onto Shoulder or Toward Curb,,,,,driver,,Spadina-Fort York (10),14 Division,Wellington Place,false,false,false,false,false,false,false,false,false,false,"{""coordinates"": [[-79.3998909164921, 43.645844208119854]], ""type"": ""MultiPoint""}"
2648,2007:998487,2007-10-02T17:50:00,ADELAIDE ST W,PORTLAND ST,,4,Non-Fatal Injury,,No Control,SMV Other,Clear,Daylight,Dry,Major Arterial,false,-79.3998909164921,43.645844208119854,2,,,4,,,Other Safety Equipment Used,,,,,,,,,,owner,,Spadina-Fort York (10),14 Division,Wellington Place,false,false,false,false,false,false,false,false,false,false,"{""coordinates"": [[-79.3998909164921, 43.645844208119854]], ""type"": ""MultiPoint""}"
2649,2007:998487,2007-10-02T17:50:00,ADELAIDE ST W,PORTLAND ST,,4,Non-Fatal Injury,,No Control,SMV Other,Clear,Daylight,Dry,Major Arterial,false,-79.3998909164921,43.645844208119854,1,,,1,35,Major,Equipment Not Used But Available,,,,,,,,,,passenger,,Spadina-Fort York (10),14 Division,Wellington Place,false,false,false,false,false,false,false,false,false,false,"{""coordinates"": [[-79.3998909164921, 43.645844208119854]], ""type"": ""MultiPoint""}"
2650,2007:998487,2007-10-02T17:50:00,ADELAIDE ST W,PORTLAND ST,,4,Non-Fatal Injury,,No Control,SMV Other,Clear,Daylight,Dry,Major Arterial,false,-79.3998909164921,43.645844208119854,1,,,2,,,Other Safety Equipment Used,,,,,,,,,,owner,,Spadina-Fort York (10),14 Division,Wellington Place,false,false,false,false,false,false,false,false,false,false,"{""coordinates"": [[-79.3998909164921, 43.645844208119854]], ""type"": ""MultiPoint""}"
2651,2007:998090,2007-10-03T16:20:00,WARDEN Aven,FAIRFAX Cres,,2,Non-Fatal Injury,,No Control,Turning Movement,Clear,Daylight,Dry,Major Arterial,false,-79.2828905973804,43.71664403434581,2,Automobile or Station Wagon,North,2,75,None,Lap and Shoulder Belt,Improper turn,Normal,,,Turning Left,,,,,driver,,Scarborough Southwest (20),41 Division,Clairlea-Birchmount,false,false,false,true,false,true,false,false,false,false,"{""coordinates"": [[-79.2828905973804, 43.71664403434581]], ""type"": ""MultiPoint""}"
2652,2007:998090,2007-10-03T16:20:00,WARDEN Aven,FAIRFAX Cres,,2,Non-Fatal Injury,,No Control,Turning Movement,Clear,Daylight,Dry,Major Arterial,false,-79.2828905973804,43.71664403434581,1,Motorcycle,South,1,50,Major,Helmet,Driving properly,Normal,,,Going Ahead,,,,,motorcyclist,,Scarborough Southwest (20),41 Division,Clairlea-Birchmount,false,false,false,true,false,true,false,false,false,false,"{""coordinates"": [[-79.2828905973804, 43.71664403434581]], ""type"": ""MultiPoint""}"
2653,2007:996573,2007-10-05T18:57:00,DUPONT ST,DOVERCOURT RD,,4,Non-Fatal Injury,At Intersection,Traffic Signal,Turning Movement,Clear,Dusk,Dry,Major Arterial,false,-79.43279094170248,43.669644249186874,3,Automobile or Station Wagon,West,4,52,Minimal,Lap and Shoulder Belt,Improper turn,Inattentive,,,Turning Left,,,,,driver,,Davenport (9),14 Division,Dovercourt Village,false,true,false,false,false,false,false,false,false,false,"{""coordinates"": [[-79.43279094170248, 43.669644249186874]], ""type"": ""MultiPoint""}"
2654,2007:996573,2007-10-05T18:57:00,DUPONT ST,DOVERCOURT RD,,4,Non-Fatal Injury,At Intersection,Traffic Signal,Turning Movement,Clear,Dusk,Dry,Major Arterial,false,-79.43279094170248,43.669644249186874,1,Automobile or Station Wagon,North,1,26,None,Lap and Shoulder Belt,Driving properly,Normal,,,Stopped,,,,,driver,,Davenport (9),14 Division,Dovercourt Village,false,true,false,false,false,false,false,false,false,false,"{""coordinates"": [[-79.43279094170248, 43.669644249186874]], ""type"": ""MultiPoint""}"
2655,2007:996573,2007-10-05T18:57:00,DUPONT ST,DOVERCOURT RD,,4,Non-Fatal Injury,At Intersection,Traffic Signal,Turning Movement,Clear,Dusk,Dry,Major Arterial,false,-79.43279094170248,43.669644249186874,2,Automobile or Station Wagon,East,3,34,Major,Air Bag Deployed,Driving properly,Normal,,,Going Ahead,,,,,driver,,Davenport (9),14 Division,Dovercourt Village,false,true,false,false,false,false,false,false,false,false,"{""coordinates"": [[-79.43279094170248, 43.669644249186874]], ""type"": ""MultiPoint""}"
2656,2007:996573,2007-10-05T18:57:00,DUPONT ST,DOVERCOURT RD,,4,Non-Fatal Injury,At Intersection,Traffic Signal,Turning Movement,Clear,Dusk,Dry,Major Arterial,false,-79.43279094170248,43.669644249186874,2,,,2,31,Minimal,Air Bag Deployed,,,,,,,,,,passenger,,Davenport (9),14 Division,Dovercourt Village,false,true,false,false,false,false,false,false,false,false,"{""coordinates"": [[-79.43279094170248, 43.669644249186874]], ""type"": ""MultiPoint""}"
2657,2007:997905,2007-10-06T16:30:00,695 WILSON Ave,,,3,Non-Fatal Injury,,No Control,Rear End,Rain,Daylight,Wet,Major Arterial,true,-79.45689087923684,43.73244425912495,1,Automobile or Station Wagon,East,1,84,None,Lap and Shoulder Belt,Driving properly,Normal,,,Going Ahead,,,,,driver,,York Centre (6),32 Division,Clanton Park,true,true,false,false,false,true,false,false,false,false,"{""coordinates"": [[-79.45689087923684, 43.73244425912495]], ""type"": ""MultiPoint""}"
2658,2007:997905,2007-10-06T16:30:00,695 WILSON Ave,,,3,Non-Fatal Injury,,No Control,Rear End,Rain,Daylight,Wet,Major Arterial,true,-79.45689087923684,43.73244425912495,2,Automobile or Station Wagon,East,2,45,Major,Lap and Shoulder Belt,Following too closely,Inattentive,,,Stopped,,,,,driver,,York Centre (6),32 Division,Clanton Park,true,true,false,false,false,true,false,false,false,false,"{""coordinates"": [[-79.45689087923684, 43.73244425912495]], ""type"": ""MultiPoint""}"
2659,2007:997905,2007-10-06T16:30:00,695 WILSON Ave,,,3,Non-Fatal Injury,,No Control,Rear End,Rain,Daylight,Wet,Major Arterial,true,-79.45689087923684,43.73244425912495,3,Automobile or Station Wagon,East,3,,None,Other Safety Equipment Used,Driving properly,Unknown,,,Unknown,,,,,driver,,York Centre (6),32 Division,Clanton Park,true,true,false,false,false,true,false,false,false,false,"{""coordinates"": [[-79.45689087923684, 43.73244425912495]], ""type"": ""MultiPoint""}"
2660,2007:1000423,2007-10-10T19:55:00,BATHURST Stre,WOLSELEY Stre,,6,Non-Fatal Injury,,No Control,Approaching Head On,Clear,Dark,Dry,Major Arterial,false,-79.40449092158153,43.64834421430521,4,,,5,,,Other Safety Equipment Used,,,,,,,,,,owner,,Spadina-Fort York (10),14 Division,Trinity-Bellwoods,true,false,false,false,false,false,false,false,false,false,"{""coordinates"": [[-79.40449092158153, 43.64834421430521]], ""type"": ""MultiPoint""}"
2661,2007:997965,2007-10-08T03:00:00,MEADOWVALE RD,WANITA RD,,2,Non-Fatal Injury,At Intersection,Stop Sign,Cyclist Collision,Clear,Dark,Dry,Collector,false,-79.15779035190096,43.77844390698813,1,Automobile or Station Wagon,South,1,21,None,Lap and Shoulder Belt,Disobeyed traffic control,Normal,,,Going Ahead,,,,,driver,,Scarborough-Rouge Park (25),43 Division,Centennial Scarborough,true,false,true,false,false,false,false,false,true,false,"{""coordinates"": [[-79.15779035190096, 43.77844390698813]], ""type"": ""MultiPoint""}"
2662,2007:997965,2007-10-08T03:00:00,MEADOWVALE RD,WANITA RD,,2,Non-Fatal Injury,At Intersection,Stop Sign,Cyclist Collision,Clear,Dark,Dry,Collector,false,-79.15779035190096,43.77844390698813,2,Bicycle,East,2,17,Major,Equipment Not Used But Available,,,,,Going Ahead,,"Cyclist without right-of-way rides into path of driver (at intersection, laneway, or driveway)",Disobeyed Traffic Control,Ability Impaired - Drugs,cyclist,,Scarborough-Rouge Park (25),43 Division,Centennial Scarborough,true,false,true,false,false,false,false,false,true,false,"{""coordinates"": [[-79.15779035190096, 43.77844390698813]], ""type"": ""MultiPoint""}"
2663,2007:996876,2007-10-09T18:01:00,THE WEST MALL,CIVIC CENTRE CRT,,2,Non-Fatal Injury,At Intersection,Traffic Signal,Pedestrian Collision(internal code),Clear,Daylight,Dry,Minor Arterial,false,-79.56599120619768,43.642244440600734,1,Automobile or Station Wagon,West,1,30,None,Lap and Shoulder Belt,Failed to yield right-of-way,Normal,,,Turning Left,,,,,driver,,Etobicoke Centre (2),22 Division,Etobicoke West Mall,true,false,false,false,false,false,true,false,false,false,"{""coordinates"": [[-79.56599120619768, 43.642244440600734]], ""type"": ""MultiPoint""}"
2664,2007:996876,2007-10-09T18:01:00,THE WEST MALL,CIVIC CENTRE CRT,,2,Non-Fatal Injury,At Intersection,Traffic Signal,Pedestrian Collision(internal code),Clear,Daylight,Dry,Minor Arterial,false,-79.56599120619768,43.642244440600734,2,,West,2,51,Major,Other Safety Equipment Used,,,Crossing with right-of-way (intersection),Normal,,Driver turns left into pedestrian crossing with right-of-way (at intersection),,,,pedestrian,,Etobicoke Centre (2),22 Division,Etobicoke West Mall,true,false,false,false,false,false,true,false,false,false,"{""coordinates"": [[-79.56599120619768, 43.642244440600734]], ""type"": ""MultiPoint""}"
2665,2007:996697,2007-10-09T18:36:00,SPADINA AVE,NASSAU ST,,4,Non-Fatal Injury,At Intersection,Traffic Signal,Turning Movement,Clear,Daylight,Dry,Major Arterial,false,-79.39919089941911,43.65584420448532,1,Automobile or Station Wagon,South,2,38,Major,Lap and Shoulder Belt,Disobeyed traffic control,Inattentive,,,Making U-Turn,,,,,driver,,University-Rosedale (11),52 Division,Kensington-Chinatown,true,true,false,false,false,false,false,true,false,true,"{""coordinates"": [[-79.39919089941911, 43.65584420448532]], ""type"": ""MultiPoint""}"