_id,collision_id,accdate,stname1,stname2,stname3,per_inv,acclass,accloc,traffictl,impactype,visible,light,rdsfcond,road_class,failtorem,longitude,latitude,veh_no,vehtype,initdir,per_no,invage,injury,safequip,drivact,drivcond,pedact,pedcond,manoeuvre,pedtype,cyclistype,cycact,cyccond,road_user,fatal_no,wardname,division,neighbourhood,aggressive,distracted,cyclist,motorcyclist,other_micromobility,older_adult,pedestrian,red_light,school_child,heavy_truck,geometry
2666,2007:996697,2007-10-09T18:36:00,SPADINA AVE,NASSAU ST,,4,Non-Fatal Injury,At Intersection,Traffic Signal,Turning Movement,Clear,Daylight,Dry,Major Arterial,false,-79.39919089941911,43.65584420448532,1,,,1,33,Minor,Other Safety Equipment Used,,,,,,,,,,passenger,,University-Rosedale (11),52 Division,Kensington-Chinatown,true,true,false,false,false,false,false,true,false,true,"{""coordinates"": [[-79.39919089941911, 43.65584420448532]], ""type"": ""MultiPoint""}"
2667,2007:996697,2007-10-09T18:36:00,SPADINA AVE,NASSAU ST,,4,Non-Fatal Injury,At Intersection,Traffic Signal,Turning Movement,Clear,Daylight,Dry,Major Arterial,false,-79.39919089941911,43.65584420448532,2,Municipal Transit Bus (TTC),South,4,29,None,Other Safety Equipment Used,Driving properly,Normal,,,Going Ahead,,,,,driver,,University-Rosedale (11),52 Division,Kensington-Chinatown,true,true,false,false,false,false,false,true,false,true,"{""coordinates"": [[-79.39919089941911, 43.65584420448532]], ""type"": ""MultiPoint""}"
2668,2007:996697,2007-10-09T18:36:00,SPADINA AVE,NASSAU ST,,4,Non-Fatal Injury,At Intersection,Traffic Signal,Turning Movement,Clear,Daylight,Dry,Major Arterial,false,-79.39919089941911,43.65584420448532,2,,,3,,,Other Safety Equipment Used,,,,,,,,,,owner,,University-Rosedale (11),52 Division,Kensington-Chinatown,true,true,false,false,false,false,false,true,false,true,"{""coordinates"": [[-79.39919089941911, 43.65584420448532]], ""type"": ""MultiPoint""}"
2669,2007:995772,2007-10-10T11:30:00,LOGAN AVE,EASTERN AVE,,2,Non-Fatal Injury,At Intersection,Traffic Signal,Pedestrian Collision(internal code),Clear,Daylight,Dry,Major Arterial,false,-79.34139078444439,43.65784411933602,2,,North,2,71,Major,Other Safety Equipment Used,,,Crossing with right-of-way (intersection),Normal,,Driver turns left into pedestrian crossing with right-of-way (at intersection),,,,pedestrian,,Toronto-Danforth (14),55 Division,South Riverdale,true,false,false,false,false,true,true,false,false,false,"{""coordinates"": [[-79.34139078444439, 43.65784411933602]], ""type"": ""MultiPoint""}"
2670,2007:995772,2007-10-10T11:30:00,LOGAN AVE,EASTERN AVE,,2,Non-Fatal Injury,At Intersection,Traffic Signal,Pedestrian Collision(internal code),Clear,Daylight,Dry,Major Arterial,false,-79.34139078444439,43.65784411933602,1,Automobile or Station Wagon,South,1,39,None,Lap and Shoulder Belt,Failed to yield right-of-way,Normal,,,Turning Left,Driver turns left into pedestrian crossing with right-of-way (at intersection),,,,driver,,Toronto-Danforth (14),55 Division,South Riverdale,true,false,false,false,false,true,true,false,false,false,"{""coordinates"": [[-79.34139078444439, 43.65784411933602]], ""type"": ""MultiPoint""}"
2671,2007:996892,2007-10-10T14:48:00,ROYAL YORK RD,NEWCASTLE ST,,2,Non-Fatal Injury,At Intersection,Traffic Signal,Pedestrian Collision(internal code),Clear,Daylight,Dry,Minor Arterial,false,-79.49889116344663,43.61744436977539,1,Automobile or Station Wagon,West,1,82,None,Lap and Shoulder Belt,Failed to yield right-of-way,Normal,,,Turning Left,,,,,driver,,Etobicoke-Lakeshore (3),22 Division,Mimico-Queensway,true,false,false,false,false,true,true,false,false,false,"{""coordinates"": [[-79.49889116344663, 43.61744436977539]], ""type"": ""MultiPoint""}"
2672,2007:996892,2007-10-10T14:48:00,ROYAL YORK RD,NEWCASTLE ST,,2,Non-Fatal Injury,At Intersection,Traffic Signal,Pedestrian Collision(internal code),Clear,Daylight,Dry,Minor Arterial,false,-79.49889116344663,43.61744436977539,2,,East,2,40,Major,Other Safety Equipment Used,,,Crossing with right-of-way (intersection),Normal,,Driver turns left into pedestrian crossing with right-of-way (at intersection),,,,pedestrian,,Etobicoke-Lakeshore (3),22 Division,Mimico-Queensway,true,false,false,false,false,true,true,false,false,false,"{""coordinates"": [[-79.49889116344663, 43.61744436977539]], ""type"": ""MultiPoint""}"
2673,2007:995785,2007-10-10T15:03:00,LA ROSE AVE,WATLING ST,,2,Fatal Injury,,No Control,SMV Other,Clear,Daylight,Wet,Local,false,-79.53259108682464,43.68304437774227,1,Automobile or Station Wagon,East,2,56,Fatal,Use Unknown,Exceeding speed limit,Unknown,,,Going Ahead,,,,,driver,41,Etobicoke Centre (2),23 Division,Willowridge-Martingrove-Richview,true,false,false,false,false,false,false,false,false,false,"{""coordinates"": [[-79.53259108682464, 43.68304437774227]], ""type"": ""MultiPoint""}"
2674,2007:995785,2007-10-10T15:03:00,LA ROSE AVE,WATLING ST,,2,Fatal Injury,,No Control,SMV Other,Clear,Daylight,Wet,Local,false,-79.53259108682464,43.68304437774227,1,,,1,,,Other Safety Equipment Used,,,,,,,,,,owner,,Etobicoke Centre (2),23 Division,Willowridge-Martingrove-Richview,true,false,false,false,false,false,false,false,false,false,"{""coordinates"": [[-79.53259108682464, 43.68304437774227]], ""type"": ""MultiPoint""}"
2675,2007:996032,2007-10-10T19:46:00,FINCH AVE E,BRIDLETOWNE CRCL,,2,Fatal Injury,,No Control,Pedestrian Collision(internal code),Rain,Dark,Wet,Major Arterial,false,-79.31849057265757,43.796044081334784,1,Automobile or Station Wagon,West,1,84,None,Other Safety Equipment Used,Driving properly,Normal,,,Changing Lanes,,,,,driver,,Scarborough-Agincourt (22),42 Division,L'Amoreaux West,false,true,false,false,false,true,true,false,false,false,"{""coordinates"": [[-79.31849057265757, 43.796044081334784]], ""type"": ""MultiPoint""}"
2676,2007:996032,2007-10-10T19:46:00,FINCH AVE E,BRIDLETOWNE CRCL,,2,Fatal Injury,,No Control,Pedestrian Collision(internal code),Rain,Dark,Wet,Major Arterial,false,-79.31849057265757,43.796044081334784,2,,South,2,53,Fatal,Other Safety Equipment Used,,,Crossing - no traffic control,Inattentive,,Driver hits pedestrian at midblock,,,,pedestrian,42,Scarborough-Agincourt (22),42 Division,L'Amoreaux West,false,true,false,false,false,true,true,false,false,false,"{""coordinates"": [[-79.31849057265757, 43.796044081334784]], ""type"": ""MultiPoint""}"
2677,2007:1000423,2007-10-10T19:55:00,BATHURST Stre,WOLSELEY Stre,,6,Non-Fatal Injury,,No Control,Approaching Head On,Clear,Dark,Dry,Major Arterial,false,-79.40449092158153,43.64834421430521,1,Automobile or Station Wagon,South,2,29,None,Lap and Shoulder Belt,Exceeding speed limit,Unknown,,,Changing Lanes,,,,,driver,,Spadina-Fort York (10),14 Division,Trinity-Bellwoods,true,false,false,false,false,false,false,false,false,false,"{""coordinates"": [[-79.40449092158153, 43.64834421430521]], ""type"": ""MultiPoint""}"
2678,2007:1000423,2007-10-10T19:55:00,BATHURST Stre,WOLSELEY Stre,,6,Non-Fatal Injury,,No Control,Approaching Head On,Clear,Dark,Dry,Major Arterial,false,-79.40449092158153,43.64834421430521,1,,,1,,,Other Safety Equipment Used,,,,,,,,,,owner,,Spadina-Fort York (10),14 Division,Trinity-Bellwoods,true,false,false,false,false,false,false,false,false,false,"{""coordinates"": [[-79.40449092158153, 43.64834421430521]], ""type"": ""MultiPoint""}"
2679,2007:1000423,2007-10-10T19:55:00,BATHURST Stre,WOLSELEY Stre,,6,Non-Fatal Injury,,No Control,Approaching Head On,Clear,Dark,Dry,Major Arterial,false,-79.40449092158153,43.64834421430521,3,,,4,52,Major,Lap and Shoulder Belt,,,,,,,,,,passenger,,Spadina-Fort York (10),14 Division,Trinity-Bellwoods,true,false,false,false,false,false,false,false,false,false,"{""coordinates"": [[-79.40449092158153, 43.64834421430521]], ""type"": ""MultiPoint""}"
2680,2007:1000423,2007-10-10T19:55:00,BATHURST Stre,WOLSELEY Stre,,6,Non-Fatal Injury,,No Control,Approaching Head On,Clear,Dark,Dry,Major Arterial,false,-79.40449092158153,43.64834421430521,2,Automobile or Station Wagon,North,3,54,Major,Lap and Shoulder Belt,Driving properly,Normal,,,Going Ahead,,,,,driver,,Spadina-Fort York (10),14 Division,Trinity-Bellwoods,true,false,false,false,false,false,false,false,false,false,"{""coordinates"": [[-79.40449092158153, 43.64834421430521]], ""type"": ""MultiPoint""}"
2681,2007:1000423,2007-10-10T19:55:00,BATHURST Stre,WOLSELEY Stre,,6,Non-Fatal Injury,,No Control,Approaching Head On,Clear,Dark,Dry,Major Arterial,false,-79.40449092158153,43.64834421430521,4,,,6,,,Other Safety Equipment Used,,,,,,,,,,owner,,Spadina-Fort York (10),14 Division,Trinity-Bellwoods,true,false,false,false,false,false,false,false,false,false,"{""coordinates"": [[-79.40449092158153, 43.64834421430521]], ""type"": ""MultiPoint""}"
2682,2007:996081,2007-10-11T19:10:00,100 STEELES Aven W,,,2,Non-Fatal Injury,,Traffic Signal,Pedestrian Collision(internal code),Clear,Daylight,Dry,Major Arterial,false,-79.42479074181948,43.796944205933954,1,Automobile or Station Wagon,North,1,67,None,Other Safety Equipment Used,Failed to yield right-of-way,Normal,,,Turning Right,,,,,driver,,Willowdale (18),32 Division,Newtonbrook West,true,false,false,false,false,true,true,false,false,false,"{""coordinates"": [[-79.42479074181948, 43.796944205933954]], ""type"": ""MultiPoint""}"
2683,2007:996081,2007-10-11T19:10:00,100 STEELES Aven W,,,2,Non-Fatal Injury,,Traffic Signal,Pedestrian Collision(internal code),Clear,Daylight,Dry,Major Arterial,false,-79.42479074181948,43.796944205933954,2,,North,2,57,Major,Other Safety Equipment Used,,,Crossing with right-of-way (intersection),Normal,Going Ahead,Driver hits pedestrian at midblock,,,,pedestrian,,Willowdale (18),32 Division,Newtonbrook West,true,false,false,false,false,true,true,false,false,false,"{""coordinates"": [[-79.42479074181948, 43.796944205933954]], ""type"": ""MultiPoint""}"
2684,2007:999780,2007-10-13T19:30:00,3950 LAWRENCE AVE E,,,3,Non-Fatal Injury,,No Control,Pedestrian Collision(internal code),Rain,Dark,Wet,Major Arterial,false,-79.20449042556587,43.76424395005574,2,,North,3,63,Major,No Equipment Available,,,Running onto roadway,Inattentive,,Driver hits pedestrian at midblock,,,,pedestrian,,Scarborough-Guildwood (24),43 Division,Golfdale-Cedarbrae-Woburn,false,true,false,false,false,false,true,false,false,false,"{""coordinates"": [[-79.20449042556587, 43.76424395005574]], ""type"": ""MultiPoint""}"
2685,2007:999780,2007-10-13T19:30:00,3950 LAWRENCE AVE E,,,3,Non-Fatal Injury,,No Control,Pedestrian Collision(internal code),Rain,Dark,Wet,Major Arterial,false,-79.20449042556587,43.76424395005574,1,Automobile or Station Wagon,West,2,56,None,Lap and Shoulder Belt,Driving properly,Normal,,,Going Ahead,,,,,driver,,Scarborough-Guildwood (24),43 Division,Golfdale-Cedarbrae-Woburn,false,true,false,false,false,false,true,false,false,false,"{""coordinates"": [[-79.20449042556587, 43.76424395005574]], ""type"": ""MultiPoint""}"
2686,2007:999780,2007-10-13T19:30:00,3950 LAWRENCE AVE E,,,3,Non-Fatal Injury,,No Control,Pedestrian Collision(internal code),Rain,Dark,Wet,Major Arterial,false,-79.20449042556587,43.76424395005574,1,,,1,,None,Other Safety Equipment Used,,,,,,,,,,owner,,Scarborough-Guildwood (24),43 Division,Golfdale-Cedarbrae-Woburn,false,true,false,false,false,false,true,false,false,false,"{""coordinates"": [[-79.20449042556587, 43.76424395005574]], ""type"": ""MultiPoint""}"
2687,2007:996538,2007-10-14T19:00:00,LESLIE ST,LAWRENCE AVE E,,2,Non-Fatal Injury,At Intersection,Traffic Signal,Turning Movement,Clear,Dark,Dry,Major Arterial,false,-79.35599070122967,43.73454412854962,1,Automobile or Station Wagon,South,1,87,Major,Other Safety Equipment Used,Improper turn,Normal,,,Turning Left,,,,,driver,,Don Valley West (15),33 Division,Banbury-Don Mills,false,false,false,false,false,true,false,false,false,false,"{""coordinates"": [[-79.35599070122967, 43.73454412854962]], ""type"": ""MultiPoint""}"
2688,2007:996538,2007-10-14T19:00:00,LESLIE ST,LAWRENCE AVE E,,2,Non-Fatal Injury,At Intersection,Traffic Signal,Turning Movement,Clear,Dark,Dry,Major Arterial,false,-79.35599070122967,43.73454412854962,2,Automobile or Station Wagon,North,2,44,None,Other Safety Equipment Used,Driving properly,Normal,,,Going Ahead,,,,,driver,,Don Valley West (15),33 Division,Banbury-Don Mills,false,false,false,false,false,true,false,false,false,false,"{""coordinates"": [[-79.35599070122967, 43.73454412854962]], ""type"": ""MultiPoint""}"
2689,2007:1000080,2007-10-15T01:25:00,BATHURST Stre,CARPENTER Road,,3,Non-Fatal Injury,At Intersection,No Control,SMV Other,Clear,Dark,Dry,Major Arterial,false,-79.44649078576009,43.78904423268422,1,,,2,,None,Other Safety Equipment Used,,,,,Other,,,,,owner,,Willowdale (18),32 Division,Newtonbrook West,false,false,false,false,false,false,false,false,false,false,"{""coordinates"": [[-79.44649078576009, 43.78904423268422]], ""type"": ""MultiPoint""}"
2690,2007:1000080,2007-10-15T01:25:00,BATHURST Stre,CARPENTER Road,,3,Non-Fatal Injury,At Intersection,No Control,SMV Other,Clear,Dark,Dry,Major Arterial,false,-79.44649078576009,43.78904423268422,1,,,1,,Minor,Other Safety Equipment Used,,,,,Other,,,,,passenger,,Willowdale (18),32 Division,Newtonbrook West,false,false,false,false,false,false,false,false,false,false,"{""coordinates"": [[-79.44649078576009, 43.78904423268422]], ""type"": ""MultiPoint""}"
2691,2007:1000080,2007-10-15T01:25:00,BATHURST Stre,CARPENTER Road,,3,Non-Fatal Injury,At Intersection,No Control,SMV Other,Clear,Dark,Dry,Major Arterial,false,-79.44649078576009,43.78904423268422,1,Automobile or Station Wagon,North,3,27,Major,Other Safety Equipment Used,,,,,Going Ahead,,,,,driver,,Willowdale (18),32 Division,Newtonbrook West,false,false,false,false,false,false,false,false,false,false,"{""coordinates"": [[-79.44649078576009, 43.78904423268422]], ""type"": ""MultiPoint""}"
2692,2007:999249,2007-10-18T18:10:00,WILMINGTON Aven,COMBE Aven,,4,Non-Fatal Injury,At Intersection,No Control,Rear End,Rain,Daylight,Wet,Minor Arterial,false,-79.45559083532099,43.759644248836956,1,Automobile or Station Wagon,South,3,43,Minor,Lap and Shoulder Belt,Driving properly,Normal,,,Stopped,,,,,driver,,York Centre (6),32 Division,Bathurst Manor,true,false,false,false,false,false,false,false,true,false,"{""coordinates"": [[-79.45559083532099, 43.759644248836956]], ""type"": ""MultiPoint""}"
2693,2007:999249,2007-10-18T18:10:00,WILMINGTON Aven,COMBE Aven,,4,Non-Fatal Injury,At Intersection,No Control,Rear End,Rain,Daylight,Wet,Minor Arterial,false,-79.45559083532099,43.759644248836956,1,,,2,43,Major,Lap and Shoulder Belt,,,,,,,,,,passenger,,York Centre (6),32 Division,Bathurst Manor,true,false,false,false,false,false,false,false,true,false,"{""coordinates"": [[-79.45559083532099, 43.759644248836956]], ""type"": ""MultiPoint""}"
2694,2007:999249,2007-10-18T18:10:00,WILMINGTON Aven,COMBE Aven,,4,Non-Fatal Injury,At Intersection,No Control,Rear End,Rain,Daylight,Wet,Minor Arterial,false,-79.45559083532099,43.759644248836956,2,Automobile or Station Wagon,South,4,25,None,Lap and Shoulder Belt,Following too closely,Normal,,,Going Ahead,,,,,driver,,York Centre (6),32 Division,Bathurst Manor,true,false,false,false,false,false,false,false,true,false,"{""coordinates"": [[-79.45559083532099, 43.759644248836956]], ""type"": ""MultiPoint""}"
2695,2007:999249,2007-10-18T18:10:00,WILMINGTON Aven,COMBE Aven,,4,Non-Fatal Injury,At Intersection,No Control,Rear End,Rain,Daylight,Wet,Minor Arterial,false,-79.45559083532099,43.759644248836956,1,,,1,12,Minimal,Lap and Shoulder Belt,,,,,,,,,,passenger,,York Centre (6),32 Division,Bathurst Manor,true,false,false,false,false,false,false,false,true,false,"{""coordinates"": [[-79.45559083532099, 43.759644248836956]], ""type"": ""MultiPoint""}"
2696,2007:997564,2007-10-19T10:10:00,BERGAMOT AVE,ISLINGTON AVE,,6,Fatal Injury,,No Control,Approaching Head On,Rain,Daylight,Wet,Collector,false,-79.5586910582836,43.716244389981895,1,,,1,82,Fatal,Lap and Shoulder Belt,,,,,,,,,,passenger,44,Etobicoke North (1),23 Division,Rexdale-Kipling,false,false,false,false,false,true,false,false,false,true,"{""coordinates"": [[-79.5586910582836, 43.716244389981895]], ""type"": ""MultiPoint""}"
2697,2007:997564,2007-10-19T10:10:00,BERGAMOT AVE,ISLINGTON AVE,,6,Fatal Injury,,No Control,Approaching Head On,Rain,Daylight,Wet,Collector,false,-79.5586910582836,43.716244389981895,1,Automobile or Station Wagon,North,6,70,Major,Equipment Not Used But Available,Lost control,Ability Impaired - Alcohol Over .08,,,Going Ahead,,,,,driver,,Etobicoke North (1),23 Division,Rexdale-Kipling,false,false,false,false,false,true,false,false,false,true,"{""coordinates"": [[-79.5586910582836, 43.716244389981895]], ""type"": ""MultiPoint""}"
2698,2007:997564,2007-10-19T10:10:00,BERGAMOT AVE,ISLINGTON AVE,,6,Fatal Injury,,No Control,Approaching Head On,Rain,Daylight,Wet,Collector,false,-79.5586910582836,43.716244389981895,2,,,4,,,Other Safety Equipment Used,,,,,,,,,,owner,,Etobicoke North (1),23 Division,Rexdale-Kipling,false,false,false,false,false,true,false,false,false,true,"{""coordinates"": [[-79.5586910582836, 43.716244389981895]], ""type"": ""MultiPoint""}"
2699,2007:997564,2007-10-19T10:10:00,BERGAMOT AVE,ISLINGTON AVE,,6,Fatal Injury,,No Control,Approaching Head On,Rain,Daylight,Wet,Collector,false,-79.5586910582836,43.716244389981895,1,,,2,80,Fatal,Lap and Shoulder Belt,,,,,,,,,,passenger,43,Etobicoke North (1),23 Division,Rexdale-Kipling,false,false,false,false,false,true,false,false,false,true,"{""coordinates"": [[-79.5586910582836, 43.716244389981895]], ""type"": ""MultiPoint""}"
2700,2007:997564,2007-10-19T10:10:00,BERGAMOT AVE,ISLINGTON AVE,,6,Fatal Injury,,No Control,Approaching Head On,Rain,Daylight,Wet,Collector,false,-79.5586910582836,43.716244389981895,2,Municipal Transit Bus (TTC),South,5,58,None,Use Unknown,Driving properly,Normal,,,Going Ahead,,,,,driver,,Etobicoke North (1),23 Division,Rexdale-Kipling,false,false,false,false,false,true,false,false,false,true,"{""coordinates"": [[-79.5586910582836, 43.716244389981895]], ""type"": ""MultiPoint""}"
2701,2007:997564,2007-10-19T10:10:00,BERGAMOT AVE,ISLINGTON AVE,,6,Fatal Injury,,No Control,Approaching Head On,Rain,Daylight,Wet,Collector,false,-79.5586910582836,43.716244389981895,1,,,3,,,Other Safety Equipment Used,,,,,,,,,,owner,,Etobicoke North (1),23 Division,Rexdale-Kipling,false,false,false,false,false,true,false,false,false,true,"{""coordinates"": [[-79.5586910582836, 43.716244389981895]], ""type"": ""MultiPoint""}"
2702,2007:997688,2007-10-21T01:20:00,YONGE ST,GREENFIELD AVE,,3,Non-Fatal Injury,At Intersection,Traffic Signal,Pedestrian Collision(internal code),Clear,Dark,Dry,Major Arterial,false,-79.41139075759025,43.76324419390513,1,,,1,,,Other Safety Equipment Used,,,,,,,,,,owner,,Willowdale (18),32 Division,Lansing-Westgate,false,false,false,false,false,false,true,false,false,false,"{""coordinates"": [[-79.41139075759025, 43.76324419390513]], ""type"": ""MultiPoint""}"
2703,2007:997688,2007-10-21T01:20:00,YONGE ST,GREENFIELD AVE,,3,Non-Fatal Injury,At Intersection,Traffic Signal,Pedestrian Collision(internal code),Clear,Dark,Dry,Major Arterial,false,-79.41139075759025,43.76324419390513,1,Automobile or Station Wagon,North,2,49,None,Lap and Shoulder Belt,Driving properly,Normal,,,Going Ahead,,,,,driver,,Willowdale (18),32 Division,Lansing-Westgate,false,false,false,false,false,false,true,false,false,false,"{""coordinates"": [[-79.41139075759025, 43.76324419390513]], ""type"": ""MultiPoint""}"
2704,2007:997688,2007-10-21T01:20:00,YONGE ST,GREENFIELD AVE,,3,Non-Fatal Injury,At Intersection,Traffic Signal,Pedestrian Collision(internal code),Clear,Dark,Dry,Major Arterial,false,-79.41139075759025,43.76324419390513,2,,West,3,25,Major,Other Safety Equipment Used,,,Running onto roadway,Normal,,Driver going straight hits pedestrian crossing without right-of-way (at intersection),,,,pedestrian,,Willowdale (18),32 Division,Lansing-Westgate,false,false,false,false,false,false,true,false,false,false,"{""coordinates"": [[-79.41139075759025, 43.76324419390513]], ""type"": ""MultiPoint""}"
2705,2007:997765,2007-10-21T02:35:00,215 CARLINGVIEW Driv,,,5,Non-Fatal Injury,,No Control,Pedestrian Collision(internal code),Clear,Dark,Dry,Major Arterial,false,-79.59529116155687,43.68614445012776,3,,,5,,Major,Other Safety Equipment Used,,,,,Other,,,,,pedestrian,,Etobicoke North (1),23 Division,West Humber-Clairville,false,false,false,false,false,false,true,false,false,false,"{""coordinates"": [[-79.59529116155687, 43.68614445012776]], ""type"": ""MultiPoint""}"
2706,2007:997765,2007-10-21T02:35:00,215 CARLINGVIEW Driv,,,5,Non-Fatal Injury,,No Control,Pedestrian Collision(internal code),Clear,Dark,Dry,Major Arterial,false,-79.59529116155687,43.68614445012776,2,,,2,,None,Other Safety Equipment Used,,,,,Other,,,,,passenger,,Etobicoke North (1),23 Division,West Humber-Clairville,false,false,false,false,false,false,true,false,false,false,"{""coordinates"": [[-79.59529116155687, 43.68614445012776]], ""type"": ""MultiPoint""}"
2707,2007:997765,2007-10-21T02:35:00,215 CARLINGVIEW Driv,,,5,Non-Fatal Injury,,No Control,Pedestrian Collision(internal code),Clear,Dark,Dry,Major Arterial,false,-79.59529116155687,43.68614445012776,2,,,4,,None,Other Safety Equipment Used,,,,,Other,,,,,passenger,,Etobicoke North (1),23 Division,West Humber-Clairville,false,false,false,false,false,false,true,false,false,false,"{""coordinates"": [[-79.59529116155687, 43.68614445012776]], ""type"": ""MultiPoint""}"
2708,2007:997765,2007-10-21T02:35:00,215 CARLINGVIEW Driv,,,5,Non-Fatal Injury,,No Control,Pedestrian Collision(internal code),Clear,Dark,Dry,Major Arterial,false,-79.59529116155687,43.68614445012776,2,,,3,,None,Other Safety Equipment Used,,,,,Other,,,,,passenger,,Etobicoke North (1),23 Division,West Humber-Clairville,false,false,false,false,false,false,true,false,false,false,"{""coordinates"": [[-79.59529116155687, 43.68614445012776]], ""type"": ""MultiPoint""}"
2709,2007:997765,2007-10-21T02:35:00,215 CARLINGVIEW Driv,,,5,Non-Fatal Injury,,No Control,Pedestrian Collision(internal code),Clear,Dark,Dry,Major Arterial,false,-79.59529116155687,43.68614445012776,1,Automobile or Station Wagon,West,1,25,None,Other Safety Equipment Used,,Ability Impaired - Alcohol,,,Other,,,,,driver,,Etobicoke North (1),23 Division,West Humber-Clairville,false,false,false,false,false,false,true,false,false,false,"{""coordinates"": [[-79.59529116155687, 43.68614445012776]], ""type"": ""MultiPoint""}"
2710,2007:1000440,2007-10-21T14:49:00,STEELES Aven E,BEARE Road,,2,Non-Fatal Injury,,Stop Sign,Angle,Clear,Daylight,Dry,Minor Arterial,false,-79.17999033155259,43.85314394765456,2,Automobile or Station Wagon,North,2,56,None,Lap and Shoulder Belt,Failed to yield right-of-way,Inattentive,,,Going Ahead,,,,,driver,,Scarborough-Rouge Park (25),42 Division,Morningside Heights,true,true,false,true,false,false,false,false,false,false,"{""coordinates"": [[-79.17999033155259, 43.85314394765456]], ""type"": ""MultiPoint""}"
2711,2007:1000440,2007-10-21T14:49:00,STEELES Aven E,BEARE Road,,2,Non-Fatal Injury,,Stop Sign,Angle,Clear,Daylight,Dry,Minor Arterial,false,-79.17999033155259,43.85314394765456,1,Motorcycle,East,1,46,Major,Helmet,Driving properly,Normal,,,Going Ahead,,,,,motorcyclist,,Scarborough-Rouge Park (25),42 Division,Morningside Heights,true,true,false,true,false,false,false,false,false,false,"{""coordinates"": [[-79.17999033155259, 43.85314394765456]], ""type"": ""MultiPoint""}"
2712,2007:999776,2007-10-22T09:45:00,TECUMSETH ST,RICHMOND ST W,,3,Non-Fatal Injury,At Intersection,Stop Sign,Pedestrian Collision(internal code),Clear,Daylight,Dry,Local,false,-79.40629092892324,43.64594421764175,1,Automobile or Station Wagon,South,3,43,None,Lap and Shoulder Belt,Failed to yield right-of-way,Inattentive,,,Turning Left,,,,,driver,,Spadina-Fort York (10),14 Division,West Queen West,true,true,false,false,false,false,true,false,false,false,"{""coordinates"": [[-79.40629092892324, 43.64594421764175]], ""type"": ""MultiPoint""}"
2713,2007:999776,2007-10-22T09:45:00,TECUMSETH ST,RICHMOND ST W,,3,Non-Fatal Injury,At Intersection,Stop Sign,Pedestrian Collision(internal code),Clear,Daylight,Dry,Local,false,-79.40629092892324,43.64594421764175,1,,,1,,,Other Safety Equipment Used,,,,,,,,,,owner,,Spadina-Fort York (10),14 Division,West Queen West,true,true,false,false,false,false,true,false,false,false,"{""coordinates"": [[-79.40629092892324, 43.64594421764175]], ""type"": ""MultiPoint""}"
2714,2007:999776,2007-10-22T09:45:00,TECUMSETH ST,RICHMOND ST W,,3,Non-Fatal Injury,At Intersection,Stop Sign,Pedestrian Collision(internal code),Clear,Daylight,Dry,Local,false,-79.40629092892324,43.64594421764175,2,,North,2,27,Major,Other Safety Equipment Used,,,Crossing with right-of-way (intersection),Normal,,Driver turns left into pedestrian crossing with right-of-way (at intersection),,,,pedestrian,,Spadina-Fort York (10),14 Division,West Queen West,true,true,false,false,false,false,true,false,false,false,"{""coordinates"": [[-79.40629092892324, 43.64594421764175]], ""type"": ""MultiPoint""}"
2715,2007:999758,2007-10-22T10:20:00,STEELES Aven W,PETROLIA Road,,2,Non-Fatal Injury,At Intersection,Traffic Signal,Angle,Clear,Daylight,Dry,Major Arterial,false,-79.4900908642564,43.782544285907925,2,Automobile or Station Wagon,East,2,71,None,Lap and Shoulder Belt,Driving properly,Normal,,,Going Ahead,,,,,driver,,York Centre (6),31 Division,York University Heights,true,false,false,false,false,true,false,true,false,false,"{""coordinates"": [[-79.4900908642564, 43.782544285907925]], ""type"": ""MultiPoint""}"
2716,2007:999758,2007-10-22T10:20:00,STEELES Aven W,PETROLIA Road,,2,Non-Fatal Injury,At Intersection,Traffic Signal,Angle,Clear,Daylight,Dry,Major Arterial,false,-79.4900908642564,43.782544285907925,1,Automobile or Station Wagon,North,1,49,Major,Lap and Shoulder Belt,Disobeyed traffic control,Unknown,,,Going Ahead,,,,,driver,,York Centre (6),31 Division,York University Heights,true,false,false,false,false,true,false,true,false,false,"{""coordinates"": [[-79.4900908642564, 43.782544285907925]], ""type"": ""MultiPoint""}"
2717,2007:998025,2007-10-22T13:50:00,SIGNET Driv,FINCH Aven W,,2,Non-Fatal Injury,At Intersection,Traffic Signal,Approaching Head On,Clear,Daylight,Dry,Major Arterial,false,-79.53629096290433,43.75324434524653,2,Automobile or Station Wagon,North,2,48,Major,Other Safety Equipment Used,Lost control,Medical or Physical Disability,,,Going Ahead,,,,,driver,,Humber River-Black Creek (7),31 Division,Humbermede,false,false,false,false,false,false,false,false,false,false,"{""coordinates"": [[-79.53629096290433, 43.75324434524653]], ""type"": ""MultiPoint""}"
2718,2007:998025,2007-10-22T13:50:00,SIGNET Driv,FINCH Aven W,,2,Non-Fatal Injury,At Intersection,Traffic Signal,Approaching Head On,Clear,Daylight,Dry,Major Arterial,false,-79.53629096290433,43.75324434524653,1,Automobile or Station Wagon,South,1,64,None,Other Safety Equipment Used,Driving properly,Normal,,,Turning Left,,,,,driver,,Humber River-Black Creek (7),31 Division,Humbermede,false,false,false,false,false,false,false,false,false,false,"{""coordinates"": [[-79.53629096290433, 43.75324434524653]], ""type"": ""MultiPoint""}"