_id,collision_id,accdate,stname1,stname2,stname3,per_inv,acclass,accloc,traffictl,impactype,visible,light,rdsfcond,road_class,failtorem,longitude,latitude,veh_no,vehtype,initdir,per_no,invage,injury,safequip,drivact,drivcond,pedact,pedcond,manoeuvre,pedtype,cyclistype,cycact,cyccond,road_user,fatal_no,wardname,division,neighbourhood,aggressive,distracted,cyclist,motorcyclist,other_micromobility,older_adult,pedestrian,red_light,school_child,heavy_truck,geometry
3137,2008:1024196,2008-02-28T06:00:00,STEVENSON RD,PAMELA CRT,,2,Non-Fatal Injury,,No Control,Pedestrian Collision(internal code),Clear,Dark,Dry,Local,true,-79.5929910506687,43.74334441292871,1,Automobile or Station Wagon,South,1,,None,Other Safety Equipment Used,Failed to yield right-of-way,Unknown,,,Going Ahead,,,,,driver,,Etobicoke North (1),23 Division,Mount Olive-Silverstone-Jamestown,true,false,false,false,false,false,true,false,false,false,"{""coordinates"": [[-79.5929910506687, 43.74334441292871]], ""type"": ""MultiPoint""}"
3138,2008:1027306,2008-02-28T10:25:00,BIRCHMOUNT RD,STEELES AVE E,,3,Fatal Injury,At Intersection,Traffic Signal,Angle,Clear,Daylight,Dry,Major Arterial,false,-79.3168905466203,43.821344080685044,2,,,2,,,Other Safety Equipment Used,,,,,,,,,,other,,Scarborough-Agincourt (22),42 Division,Steeles,true,true,false,false,false,false,false,true,false,false,"{""coordinates"": [[-79.3168905466203, 43.821344080685044]], ""type"": ""MultiPoint""}"
3139,2008:1027306,2008-02-28T10:25:00,BIRCHMOUNT RD,STEELES AVE E,,3,Fatal Injury,At Intersection,Traffic Signal,Angle,Clear,Daylight,Dry,Major Arterial,false,-79.3168905466203,43.821344080685044,2,Automobile or Station Wagon,South,3,61,Minor,Other Safety Equipment Used,Disobeyed traffic control,Inattentive,,,Going Ahead,,,,,driver,,Scarborough-Agincourt (22),42 Division,Steeles,true,true,false,false,false,false,false,true,false,false,"{""coordinates"": [[-79.3168905466203, 43.821344080685044]], ""type"": ""MultiPoint""}"
3140,2008:1027306,2008-02-28T10:25:00,BIRCHMOUNT RD,STEELES AVE E,,3,Fatal Injury,At Intersection,Traffic Signal,Angle,Clear,Daylight,Dry,Major Arterial,false,-79.3168905466203,43.821344080685044,1,Automobile or Station Wagon,East,1,63,Fatal,Other Safety Equipment Used,Driving properly,Normal,,,Going Ahead,,,,,driver,12,Scarborough-Agincourt (22),42 Division,Steeles,true,true,false,false,false,false,false,true,false,false,"{""coordinates"": [[-79.3168905466203, 43.821344080685044]], ""type"": ""MultiPoint""}"
3141,2008:1027279,2008-02-28T19:13:00,UNIVERSITY AVE,COLLEGE ST,,2,Non-Fatal Injury,At Intersection,Traffic Signal,Pedestrian Collision(internal code),Clear,Dusk,Dry,Major Arterial,false,-79.3904908763542,43.65984419075112,2,,West,2,37,Major,Other Safety Equipment Used,,,Crossing without right-of-way (intersection),Inattentive,,Driver going straight hits pedestrian crossing without right-of-way (at intersection),,,,pedestrian,,University-Rosedale (11),52 Division,Kensington-Chinatown,false,true,false,false,false,false,true,false,false,false,"{""coordinates"": [[-79.3904908763542, 43.65984419075112]], ""type"": ""MultiPoint""}"
3142,2008:1027279,2008-02-28T19:13:00,UNIVERSITY AVE,COLLEGE ST,,2,Non-Fatal Injury,At Intersection,Traffic Signal,Pedestrian Collision(internal code),Clear,Dusk,Dry,Major Arterial,false,-79.3904908763542,43.65984419075112,1,Automobile or Station Wagon,South,1,29,None,Lap and Shoulder Belt,Driving properly,Normal,,,Going Ahead,,,,,driver,,University-Rosedale (11),52 Division,Kensington-Chinatown,false,true,false,false,false,false,true,false,false,false,"{""coordinates"": [[-79.3904908763542, 43.65984419075112]], ""type"": ""MultiPoint""}"
3143,2008:1024623,2008-02-29T15:30:00,WESTON RD,STARVIEW LANE,,3,Fatal Injury,,No Control,Approaching Head On,Snow,Daylight,Slush,Major Arterial,false,-79.53559101001417,43.72644435806565,1,Truck - Open (Flatbed),South,1,50,None,Other Safety Equipment Used,Driving properly,Normal,,,Going Ahead,,,,,driver,,Humber River-Black Creek (7),31 Division,Pelmo Park-Humberlea,true,false,false,false,false,false,false,false,false,true,"{""coordinates"": [[-79.53559101001417, 43.72644435806565]], ""type"": ""MultiPoint""}"
3144,2008:1024623,2008-02-29T15:30:00,WESTON RD,STARVIEW LANE,,3,Fatal Injury,,No Control,Approaching Head On,Snow,Daylight,Slush,Major Arterial,false,-79.53559101001417,43.72644435806565,2,Automobile or Station Wagon,North,3,56,Fatal,Other Safety Equipment Used,Speed too fast for conditions,Normal,,,Going Ahead,,,,,driver,9,Humber River-Black Creek (7),31 Division,Pelmo Park-Humberlea,true,false,false,false,false,false,false,false,false,true,"{""coordinates"": [[-79.53559101001417, 43.72644435806565]], ""type"": ""MultiPoint""}"
3145,2008:1024623,2008-02-29T15:30:00,WESTON RD,STARVIEW LANE,,3,Fatal Injury,,No Control,Approaching Head On,Snow,Daylight,Slush,Major Arterial,false,-79.53559101001417,43.72644435806565,2,,,2,33,Fatal,Other Safety Equipment Used,,,,,,,,,,passenger,10,Humber River-Black Creek (7),31 Division,Pelmo Park-Humberlea,true,false,false,false,false,false,false,false,false,true,"{""coordinates"": [[-79.53559101001417, 43.72644435806565]], ""type"": ""MultiPoint""}"
3146,2008:1027349,2008-03-01T13:41:00,55 AVENUE RD,,,2,Non-Fatal Injury,At Intersection,No Control,Pedestrian Collision(internal code),Clear,Daylight,Dry,Major Arterial,false,-79.3950908676182,43.671144194646025,1,Automobile or Station Wagon,West,1,29,None,Lap and Shoulder Belt,Failed to yield right-of-way,Normal,,,Turning Left,,,,,driver,,University-Rosedale (11),53 Division,Annex,true,false,false,false,false,false,true,false,true,false,"{""coordinates"": [[-79.3950908676182, 43.671144194646025]], ""type"": ""MultiPoint""}"
3147,2008:1027349,2008-03-01T13:41:00,55 AVENUE RD,,,2,Non-Fatal Injury,At Intersection,No Control,Pedestrian Collision(internal code),Clear,Daylight,Dry,Major Arterial,false,-79.3950908676182,43.671144194646025,2,,West,2,19,Major,Other Safety Equipment Used,,,Crossing - no traffic control,Normal,,Driver hits pedestrian at midblock,,,,pedestrian,,University-Rosedale (11),53 Division,Annex,true,false,false,false,false,false,true,false,true,false,"{""coordinates"": [[-79.3950908676182, 43.671144194646025]], ""type"": ""MultiPoint""}"
3148,2008:1028580,2008-03-04T12:30:00,2701 LAWRENCE AVE E,,,4,Non-Fatal Injury,,No Control,Pedestrian Collision(internal code),Clear,Daylight,Dry,Major Arterial,false,-79.26119051694111,43.75234400793009,1,,,1,,,Other Safety Equipment Used,,,,,,,,,,owner,,Scarborough Centre (21),41 Division,Bendale-Glen Andrew,true,false,false,false,false,false,true,false,false,false,"{""coordinates"": [[-79.26119051694111, 43.75234400793009]], ""type"": ""MultiPoint""}"
3149,2008:1028580,2008-03-04T12:30:00,2701 LAWRENCE AVE E,,,4,Non-Fatal Injury,,No Control,Pedestrian Collision(internal code),Clear,Daylight,Dry,Major Arterial,false,-79.26119051694111,43.75234400793009,1,Automobile or Station Wagon,West,2,37,Minor,Lap and Shoulder Belt,Driving properly,Normal,,,Turning Left,,,,,driver,,Scarborough Centre (21),41 Division,Bendale-Glen Andrew,true,false,false,false,false,false,true,false,false,false,"{""coordinates"": [[-79.26119051694111, 43.75234400793009]], ""type"": ""MultiPoint""}"
3150,2008:1028580,2008-03-04T12:30:00,2701 LAWRENCE AVE E,,,4,Non-Fatal Injury,,No Control,Pedestrian Collision(internal code),Clear,Daylight,Dry,Major Arterial,false,-79.26119051694111,43.75234400793009,2,,,3,20,Major,Other Safety Equipment Used,,,On sidewalk or shoulder,Normal,,Driver hits pedestrian on sidewalk or shoulder,,,,pedestrian,,Scarborough Centre (21),41 Division,Bendale-Glen Andrew,true,false,false,false,false,false,true,false,false,false,"{""coordinates"": [[-79.26119051694111, 43.75234400793009]], ""type"": ""MultiPoint""}"
3151,2008:1028580,2008-03-04T12:30:00,2701 LAWRENCE AVE E,,,4,Non-Fatal Injury,,No Control,Pedestrian Collision(internal code),Clear,Daylight,Dry,Major Arterial,false,-79.26119051694111,43.75234400793009,2,Automobile or Station Wagon,East,4,23,Minor,Other Safety Equipment Used,Exceeding speed limit,Fatigue/Fell Asleep,,,Going Ahead,,,,,driver,,Scarborough Centre (21),41 Division,Bendale-Glen Andrew,true,false,false,false,false,false,true,false,false,false,"{""coordinates"": [[-79.26119051694111, 43.75234400793009]], ""type"": ""MultiPoint""}"
3152,2008:1025610,2008-03-04T13:31:00,EGLINTON AVE W,SCARLETT RD,,1,Non-Fatal Injury,At Intersection,No Control,SMV Other,Clear,Daylight,Dry,Major Arterial,false,-79.50809105256829,43.68454434796985,1,Automobile or Station Wagon,East,1,72,Major,Other Safety Equipment Used,Lost control,Medical or Physical Disability,,,Going Ahead,,,,,driver,,York South-Weston (5),12 Division,Mount Dennis,false,false,false,false,false,true,false,false,false,false,"{""coordinates"": [[-79.50809105256829, 43.68454434796985]], ""type"": ""MultiPoint""}"
3153,2008:1031031,2008-03-06T15:30:00,DUNDAS ST W,JANE ST,,2,Non-Fatal Injury,At Intersection,Traffic Signal,Pedestrian Collision(internal code),Clear,Daylight,Dry,Major Arterial,false,-79.49119105993069,43.66574433493899,1,Automobile or Station Wagon,North,1,51,None,Lap and Shoulder Belt,Driving properly,Normal,,,Turning Right,,,,,driver,,Parkdale-High Park (4),11 Division,Runnymede-Bloor West Village,false,true,false,false,false,false,true,false,true,false,"{""coordinates"": [[-79.49119105993069, 43.66574433493899]], ""type"": ""MultiPoint""}"
3154,2008:1031031,2008-03-06T15:30:00,DUNDAS ST W,JANE ST,,2,Non-Fatal Injury,At Intersection,Traffic Signal,Pedestrian Collision(internal code),Clear,Daylight,Dry,Major Arterial,false,-79.49119105993069,43.66574433493899,2,,North,2,16,Major,Other Safety Equipment Used,,,Crossing without right-of-way (intersection),Inattentive,,Driver turns right into pedestrian crossing without right-of-way (at intersection),,,,pedestrian,,Parkdale-High Park (4),11 Division,Runnymede-Bloor West Village,false,true,false,false,false,false,true,false,true,false,"{""coordinates"": [[-79.49119105993069, 43.66574433493899]], ""type"": ""MultiPoint""}"
3155,2008:1026562,2008-03-07T17:00:00,CONSUMERS RD,YORKLAND BLVD,,1,Non-Fatal Injury,,No Control,Approaching Head On,Snow,Daylight,Loose Snow,Minor Arterial,false,-79.32479060640284,43.77094408783902,1,Automobile or Station Wagon,West,1,29,None,Lap and Shoulder Belt,Speed too fast for conditions,Normal,,,Going Ahead,,,,,driver,,Don Valley North (17),33 Division,Henry Farm,true,false,false,false,false,false,false,false,false,false,"{""coordinates"": [[-79.32479060640284, 43.77094408783902]], ""type"": ""MultiPoint""}"
3156,2008:1026562,2008-03-07T17:00:00,CONSUMERS RD,YORKLAND BLVD,,1,Non-Fatal Injury,,No Control,Approaching Head On,Snow,Daylight,Loose Snow,Minor Arterial,false,-79.32479060640284,43.77094408783902,2,Automobile or Station Wagon,East,2,51,Major,Lap and Shoulder Belt,Driving properly,Normal,,,Going Ahead,,,,,driver,,Don Valley North (17),33 Division,Henry Farm,true,false,false,false,false,false,false,false,false,false,"{""coordinates"": [[-79.32479060640284, 43.77094408783902]], ""type"": ""MultiPoint""}"
3157,2008:1026843,2008-03-09T09:20:00,SCARLETT RD,RICHVIEW RD,,3,Fatal Injury,,Stop Sign,Turning Movement,Clear,Daylight,Packed Snow,Major Arterial,false,-79.51249105637285,43.68554435266545,1,,,1,64,Minor,Lap and Shoulder Belt,,,,,,,,,,passenger,,Etobicoke Centre (2),23 Division,Humber Heights-Westmount,true,false,false,false,false,true,false,false,false,false,"{""coordinates"": [[-79.51249105637285, 43.68554435266545]], ""type"": ""MultiPoint""}"
3158,2008:1026843,2008-03-09T09:20:00,SCARLETT RD,RICHVIEW RD,,3,Fatal Injury,,Stop Sign,Turning Movement,Clear,Daylight,Packed Snow,Major Arterial,false,-79.51249105637285,43.68554435266545,2,Automobile or Station Wagon,South,3,74,Minor,Lap and Shoulder Belt,Driving properly,Normal,,,Going Ahead,,,,,driver,,Etobicoke Centre (2),23 Division,Humber Heights-Westmount,true,false,false,false,false,true,false,false,false,false,"{""coordinates"": [[-79.51249105637285, 43.68554435266545]], ""type"": ""MultiPoint""}"
3159,2008:1026843,2008-03-09T09:20:00,SCARLETT RD,RICHVIEW RD,,3,Fatal Injury,,Stop Sign,Turning Movement,Clear,Daylight,Packed Snow,Major Arterial,false,-79.51249105637285,43.68554435266545,1,Automobile or Station Wagon,East,2,86,Fatal,Lap and Shoulder Belt,Failed to yield right-of-way,Unknown,,,Turning Left,,,,,driver,11,Etobicoke Centre (2),23 Division,Humber Heights-Westmount,true,false,false,false,false,true,false,false,false,false,"{""coordinates"": [[-79.51249105637285, 43.68554435266545]], ""type"": ""MultiPoint""}"
3160,2008:1026958,2008-03-09T22:53:00,SHEPPARD AVE W,JOHN DRURY DR,,1,Non-Fatal Injury,,No Control,Approaching Head On,Clear,Dark,Dry,Major Arterial,false,-79.4827908943531,43.74904428503154,1,Automobile or Station Wagon,West,1,43,Minor,Lap and Shoulder Belt,,Ability Impaired - Alcohol,,,Going Ahead,,,,,driver,,York Centre (6),31 Division,Downsview,false,false,false,false,false,false,false,false,false,false,"{""coordinates"": [[-79.4827908943531, 43.74904428503154]], ""type"": ""MultiPoint""}"
3161,2008:1026958,2008-03-09T22:53:00,SHEPPARD AVE W,JOHN DRURY DR,,1,Non-Fatal Injury,,No Control,Approaching Head On,Clear,Dark,Dry,Major Arterial,false,-79.4827908943531,43.74904428503154,2,Automobile or Station Wagon,East,2,60,Major,Lap and Shoulder Belt,,,,,Going Ahead,,,,,driver,,York Centre (6),31 Division,Downsview,false,false,false,false,false,false,false,false,false,false,"{""coordinates"": [[-79.4827908943531, 43.74904428503154]], ""type"": ""MultiPoint""}"
3162,2008:1026920,2008-03-10T03:00:00,F G GARDINER XY Expr E,DOWLING AVE,,2,Non-Fatal Injury,,No Control,SMV Other,Clear,Dark,Wet,Major Arterial,false,-79.43739101016429,43.6339442682125,1,,,1,,,Other Safety Equipment Used,,,,,,,,,,owner,,Parkdale-High Park (4),14 Division,South Parkdale,false,true,false,false,false,false,false,false,false,false,"{""coordinates"": [[-79.43739101016429, 43.6339442682125]], ""type"": ""MultiPoint""}"
3163,2008:1026920,2008-03-10T03:00:00,F G GARDINER XY Expr E,DOWLING AVE,,2,Non-Fatal Injury,,No Control,SMV Other,Clear,Dark,Wet,Major Arterial,false,-79.43739101016429,43.6339442682125,1,Automobile or Station Wagon,East,2,29,Major,Other Safety Equipment Used,Lost control,Inattentive,,,Going Ahead,,,,,driver,,Parkdale-High Park (4),14 Division,South Parkdale,false,true,false,false,false,false,false,false,false,false,"{""coordinates"": [[-79.43739101016429, 43.6339442682125]], ""type"": ""MultiPoint""}"
3164,2026:6000965171,2026-05-10T18:08:00,ORTON PARK RD,BOTANY HILL PARK RD,,3,Fatal Injury,Intersection-Related,,Same Direction,,,,,false,-79.21392042829319,43.77823896244525,1,Motorcycle,North,1,45,Fatal,,Speed too fast for conditions,Inattentive - Other,,,,,,,,motorcyclist,16,Scarborough-Guildwood (24),43 Division,Morningside,true,true,false,true,false,false,false,false,false,false,"{""coordinates"": [[-79.21392042829319, 43.77823896244525]], ""type"": ""MultiPoint""}"
3165,2008:1027159,2008-03-10T15:22:00,GUILDWOOD PKWY,PRINCE PHILIP BLVD,,2,Non-Fatal Injury,,No Control,Approaching Head On,Clear,Daylight,Dry,Minor Arterial,false,-79.20449043916521,43.74674394630606,1,Automobile or Station Wagon,South,1,72,Major,Lap and Shoulder Belt,Lost control,Unknown,,,Going Ahead,,,,,driver,,Scarborough-Guildwood (24),43 Division,Guildwood,false,false,false,false,false,true,false,false,false,false,"{""coordinates"": [[-79.20449043916521, 43.74674394630606]], ""type"": ""MultiPoint""}"
3166,2008:1027159,2008-03-10T15:22:00,GUILDWOOD PKWY,PRINCE PHILIP BLVD,,2,Non-Fatal Injury,,No Control,Approaching Head On,Clear,Daylight,Dry,Minor Arterial,false,-79.20449043916521,43.74674394630606,2,Automobile or Station Wagon,North,2,44,None,Lap and Shoulder Belt,Driving properly,Normal,,,Going Ahead,,,,,driver,,Scarborough-Guildwood (24),43 Division,Guildwood,false,false,false,false,false,true,false,false,false,false,"{""coordinates"": [[-79.20449043916521, 43.74674394630606]], ""type"": ""MultiPoint""}"
3167,2008:1030609,2008-03-10T17:20:00,55 QUEENS QUAY W,,,3,Non-Fatal Injury,,No Control,Turning Movement,Clear,Daylight,Dry,Minor Arterial,false,-79.3784908824176,43.64054417730658,2,Municipal Transit Bus (TTC),West,3,60,None,Use Unknown,Driving properly,Normal,,,Going Ahead,,,,,driver,,Spadina-Fort York (10),52 Division,St Lawrence-East Bayfront-The Islands,false,true,false,false,false,false,false,false,false,true,"{""coordinates"": [[-79.3784908824176, 43.64054417730658]], ""type"": ""MultiPoint""}"
3168,2008:1030609,2008-03-10T17:20:00,55 QUEENS QUAY W,,,3,Non-Fatal Injury,,No Control,Turning Movement,Clear,Daylight,Dry,Minor Arterial,false,-79.3784908824176,43.64054417730658,2,,,2,,,Other Safety Equipment Used,,,,,,,,,,owner,,Spadina-Fort York (10),52 Division,St Lawrence-East Bayfront-The Islands,false,true,false,false,false,false,false,false,false,true,"{""coordinates"": [[-79.3784908824176, 43.64054417730658]], ""type"": ""MultiPoint""}"
3169,2008:1030609,2008-03-10T17:20:00,55 QUEENS QUAY W,,,3,Non-Fatal Injury,,No Control,Turning Movement,Clear,Daylight,Dry,Minor Arterial,false,-79.3784908824176,43.64054417730658,1,Automobile or Station Wagon,West,1,52,Major,Lap and Shoulder Belt,Improper turn,Inattentive,,,Turning Left,,,,,driver,,Spadina-Fort York (10),52 Division,St Lawrence-East Bayfront-The Islands,false,true,false,false,false,false,false,false,false,true,"{""coordinates"": [[-79.3784908824176, 43.64054417730658]], ""type"": ""MultiPoint""}"
3170,2008:1027162,2008-03-10T21:55:00,EGLINTON AVE W,ISLINGTON AVE,,4,Non-Fatal Injury,,Traffic Signal,Turning Movement,Clear,Dark,Dry,Major Arterial,false,-79.53899110100336,43.67984438704814,1,Automobile or Station Wagon,West,2,84,Minor,Other Safety Equipment Used,Failed to yield right-of-way,Normal,,,Turning Left,,,,,driver,,Etobicoke Centre (2),22 Division,Willowridge-Martingrove-Richview,true,false,false,false,false,true,false,false,true,false,"{""coordinates"": [[-79.53899110100336, 43.67984438704814]], ""type"": ""MultiPoint""}"
3171,2008:1027162,2008-03-10T21:55:00,EGLINTON AVE W,ISLINGTON AVE,,4,Non-Fatal Injury,,Traffic Signal,Turning Movement,Clear,Dark,Dry,Major Arterial,false,-79.53899110100336,43.67984438704814,2,,,3,,,Other Safety Equipment Used,,,,,,,,,,owner,,Etobicoke Centre (2),22 Division,Willowridge-Martingrove-Richview,true,false,false,false,false,true,false,false,true,false,"{""coordinates"": [[-79.53899110100336, 43.67984438704814]], ""type"": ""MultiPoint""}"
3172,2008:1027162,2008-03-10T21:55:00,EGLINTON AVE W,ISLINGTON AVE,,4,Non-Fatal Injury,,Traffic Signal,Turning Movement,Clear,Dark,Dry,Major Arterial,false,-79.53899110100336,43.67984438704814,2,Automobile or Station Wagon,East,4,18,Minimal,Other Safety Equipment Used,Driving properly,Normal,,,Slowing or Stopping,,,,,driver,,Etobicoke Centre (2),22 Division,Willowridge-Martingrove-Richview,true,false,false,false,false,true,false,false,true,false,"{""coordinates"": [[-79.53899110100336, 43.67984438704814]], ""type"": ""MultiPoint""}"
3173,2008:1027162,2008-03-10T21:55:00,EGLINTON AVE W,ISLINGTON AVE,,4,Non-Fatal Injury,,Traffic Signal,Turning Movement,Clear,Dark,Dry,Major Arterial,false,-79.53899110100336,43.67984438704814,1,Automobile or Station Wagon,,1,86,Major,Other Safety Equipment Used,,,,,,,,,,passenger,,Etobicoke Centre (2),22 Division,Willowridge-Martingrove-Richview,true,false,false,false,false,true,false,false,true,false,"{""coordinates"": [[-79.53899110100336, 43.67984438704814]], ""type"": ""MultiPoint""}"
3174,2008:1031555,2008-03-11T10:55:00,BLACK CREEK DR,WESTON RD,,2,Non-Fatal Injury,At Intersection,No Control,Rear End,Clear,Daylight,Dry,Major Arterial,false,-79.48029100760328,43.68334431130295,2,Automobile or Station Wagon,North,2,27,None,Lap and Shoulder Belt,Driving properly,Normal,,,Stopped,,,,,driver,,York South-Weston (5),12 Division,Rockcliffe-Smythe,true,true,false,false,false,false,false,false,false,false,"{""coordinates"": [[-79.48029100760328, 43.68334431130295]], ""type"": ""MultiPoint""}"
3175,2008:1031555,2008-03-11T10:55:00,BLACK CREEK DR,WESTON RD,,2,Non-Fatal Injury,At Intersection,No Control,Rear End,Clear,Daylight,Dry,Major Arterial,false,-79.48029100760328,43.68334431130295,1,Automobile or Station Wagon,North,1,23,Major,Lap and Shoulder Belt,Following too closely,Inattentive,,,Going Ahead,,,,,driver,,York South-Weston (5),12 Division,Rockcliffe-Smythe,true,true,false,false,false,false,false,false,false,false,"{""coordinates"": [[-79.48029100760328, 43.68334431130295]], ""type"": ""MultiPoint""}"
3176,2008:1029708,2008-03-11T14:50:00,DANFORTH RD,WOLFE AVE,,3,Non-Fatal Injury,At Intersection,Traffic Signal,Turning Movement,Clear,Daylight,Dry,Major Arterial,false,-79.25259053098249,43.7273439949964,1,Automobile or Station Wagon,East,1,32,Major,Lap and Shoulder Belt,Driving properly,Normal,,,Going Ahead,,,,,driver,,Scarborough Southwest (20),41 Division,Kennedy Park,true,false,false,false,false,false,false,true,true,false,"{""coordinates"": [[-79.25259053098249, 43.7273439949964]], ""type"": ""MultiPoint""}"
3177,2008:1029708,2008-03-11T14:50:00,DANFORTH RD,WOLFE AVE,,3,Non-Fatal Injury,At Intersection,Traffic Signal,Turning Movement,Clear,Daylight,Dry,Major Arterial,false,-79.25259053098249,43.7273439949964,3,,,3,,,Other Safety Equipment Used,,,,,,,,,,owner,,Scarborough Southwest (20),41 Division,Kennedy Park,true,false,false,false,false,false,false,true,true,false,"{""coordinates"": [[-79.25259053098249, 43.7273439949964]], ""type"": ""MultiPoint""}"
3178,2008:1029708,2008-03-11T14:50:00,DANFORTH RD,WOLFE AVE,,3,Non-Fatal Injury,At Intersection,Traffic Signal,Turning Movement,Clear,Daylight,Dry,Major Arterial,false,-79.25259053098249,43.7273439949964,2,Automobile or Station Wagon,South,2,19,Minimal,Lap and Shoulder Belt,Disobeyed traffic control,Normal,,,Going Ahead,,,,,driver,,Scarborough Southwest (20),41 Division,Kennedy Park,true,false,false,false,false,false,false,true,true,false,"{""coordinates"": [[-79.25259053098249, 43.7273439949964]], ""type"": ""MultiPoint""}"
3179,2008:1031943,2008-03-13T00:10:00,CARLAW AVE,EASTERN AVE,,5,Non-Fatal Injury,At Intersection,Traffic Signal,Angle,Clear,Dark,Dry,Major Arterial,false,-79.33899077909699,43.658344115762375,1,,,1,,,Other Safety Equipment Used,,,,,,,,,,owner,,Toronto-Danforth (14),55 Division,South Riverdale,true,false,false,false,false,false,false,true,false,false,"{""coordinates"": [[-79.33899077909699, 43.658344115762375]], ""type"": ""MultiPoint""}"
3180,2008:1031943,2008-03-13T00:10:00,CARLAW AVE,EASTERN AVE,,5,Non-Fatal Injury,At Intersection,Traffic Signal,Angle,Clear,Dark,Dry,Major Arterial,false,-79.33899077909699,43.658344115762375,2,Automobile or Station Wagon,North,4,44,Minimal,Lap and Shoulder Belt,Driving properly,Normal,,,Going Ahead,,,,,driver,,Toronto-Danforth (14),55 Division,South Riverdale,true,false,false,false,false,false,false,true,false,false,"{""coordinates"": [[-79.33899077909699, 43.658344115762375]], ""type"": ""MultiPoint""}"
3181,2008:1031943,2008-03-13T00:10:00,CARLAW AVE,EASTERN AVE,,5,Non-Fatal Injury,At Intersection,Traffic Signal,Angle,Clear,Dark,Dry,Major Arterial,false,-79.33899077909699,43.658344115762375,3,,,5,,,Other Safety Equipment Used,,,,,,,,,,owner,,Toronto-Danforth (14),55 Division,South Riverdale,true,false,false,false,false,false,false,true,false,false,"{""coordinates"": [[-79.33899077909699, 43.658344115762375]], ""type"": ""MultiPoint""}"
3182,2008:1031943,2008-03-13T00:10:00,CARLAW AVE,EASTERN AVE,,5,Non-Fatal Injury,At Intersection,Traffic Signal,Angle,Clear,Dark,Dry,Major Arterial,false,-79.33899077909699,43.658344115762375,1,Automobile or Station Wagon,West,2,37,Major,Lap and Shoulder Belt,Disobeyed traffic control,Normal,,,Going Ahead,,,,,driver,,Toronto-Danforth (14),55 Division,South Riverdale,true,false,false,false,false,false,false,true,false,false,"{""coordinates"": [[-79.33899077909699, 43.658344115762375]], ""type"": ""MultiPoint""}"
3183,2008:1031943,2008-03-13T00:10:00,CARLAW AVE,EASTERN AVE,,5,Non-Fatal Injury,At Intersection,Traffic Signal,Angle,Clear,Dark,Dry,Major Arterial,false,-79.33899077909699,43.658344115762375,2,,,3,,Minimal,Lap and Shoulder Belt,,,,,,,,,,passenger,,Toronto-Danforth (14),55 Division,South Riverdale,true,false,false,false,false,false,false,true,false,false,"{""coordinates"": [[-79.33899077909699, 43.658344115762375]], ""type"": ""MultiPoint""}"
3184,2008:1029779,2008-03-13T22:19:00,KING ST W,UNIVERSITY AVE,,2,Non-Fatal Injury,,Traffic Signal,Rear End,Clear,Dark,Dry,Major Arterial,true,-79.38479088403207,43.64764418518314,1,Automobile or Station Wagon,East,1,37,Major,Lap and Shoulder Belt,Driving properly,Normal,,,Stopped,,,,,driver,,Spadina-Fort York (10),52 Division,Yonge-Bay Corridor,true,true,false,false,false,false,false,false,false,false,"{""coordinates"": [[-79.38479088403207, 43.64764418518314]], ""type"": ""MultiPoint""}"
3185,2008:1029779,2008-03-13T22:19:00,KING ST W,UNIVERSITY AVE,,2,Non-Fatal Injury,,Traffic Signal,Rear End,Clear,Dark,Dry,Major Arterial,true,-79.38479088403207,43.64764418518314,2,Automobile or Station Wagon,East,2,30,None,Other Safety Equipment Used,Failed to yield right-of-way,Inattentive,,,Going Ahead,,,,,driver,,Spadina-Fort York (10),52 Division,Yonge-Bay Corridor,true,true,false,false,false,false,false,false,false,false,"{""coordinates"": [[-79.38479088403207, 43.64764418518314]], ""type"": ""MultiPoint""}"
3186,2008:1028235,2008-03-15T14:04:00,MOUNT PLEASANT RD,MOUNT PLEASANT BLOOR RAMP,,3,Fatal Injury,At Intersection,No Control,Pedestrian Collision(internal code),Clear,Daylight,Dry,Major Arterial,false,-79.37959083636277,43.67234417217383,2,,,3,25,Fatal,No Equipment Available,,,Crossing - no traffic control,Medical or Physical Disability,,Driver hits pedestrian at midblock,,,,pedestrian,13,University-Rosedale (11),53 Division,Rosedale-Moore Park,false,false,false,false,false,false,true,false,false,false,"{""coordinates"": [[-79.37959083636277, 43.67234417217383]], ""type"": ""MultiPoint""}"
3187,2008:1028235,2008-03-15T14:04:00,MOUNT PLEASANT RD,MOUNT PLEASANT BLOOR RAMP,,3,Fatal Injury,At Intersection,No Control,Pedestrian Collision(internal code),Clear,Daylight,Dry,Major Arterial,false,-79.37959083636277,43.67234417217383,1,Automobile or Station Wagon,South,2,23,None,Lap and Shoulder Belt,Driving properly,Normal,,,Going Ahead,,,,,driver,,University-Rosedale (11),53 Division,Rosedale-Moore Park,false,false,false,false,false,false,true,false,false,false,"{""coordinates"": [[-79.37959083636277, 43.67234417217383]], ""type"": ""MultiPoint""}"
3188,2008:1028235,2008-03-15T14:04:00,MOUNT PLEASANT RD,MOUNT PLEASANT BLOOR RAMP,,3,Fatal Injury,At Intersection,No Control,Pedestrian Collision(internal code),Clear,Daylight,Dry,Major Arterial,false,-79.37959083636277,43.67234417217383,1,,,1,,,Other Safety Equipment Used,,,,,,,,,,owner,,University-Rosedale (11),53 Division,Rosedale-Moore Park,false,false,false,false,false,false,true,false,false,false,"{""coordinates"": [[-79.37959083636277, 43.67234417217383]], ""type"": ""MultiPoint""}"