_id,collision_id,accdate,stname1,stname2,stname3,per_inv,acclass,accloc,traffictl,impactype,visible,light,rdsfcond,road_class,failtorem,longitude,latitude,veh_no,vehtype,initdir,per_no,invage,injury,safequip,drivact,drivcond,pedact,pedcond,manoeuvre,pedtype,cyclistype,cycact,cyccond,road_user,fatal_no,wardname,division,neighbourhood,aggressive,distracted,cyclist,motorcyclist,other_micromobility,older_adult,pedestrian,red_light,school_child,heavy_truck,geometry
3189,2008:1030716,2008-03-17T22:30:00,DAVENPORT RD,SOMERSET AVE,,2,Non-Fatal Injury,,No Control,Pedestrian Collision(internal code),Clear,Dark,Dry,Minor Arterial,true,-79.43179093151241,43.67464424607618,1,Automobile or Station Wagon,East,1,,None,Other Safety Equipment Used,Exceeding speed limit,Unknown,,,Going Ahead,,,,,driver,,Davenport (9),13 Division,Wychwood,true,false,false,false,false,true,true,false,false,false,"{""coordinates"": [[-79.43179093151241, 43.67464424607618]], ""type"": ""MultiPoint""}"
3190,2008:1030716,2008-03-17T22:30:00,DAVENPORT RD,SOMERSET AVE,,2,Non-Fatal Injury,,No Control,Pedestrian Collision(internal code),Clear,Dark,Dry,Minor Arterial,true,-79.43179093151241,43.67464424607618,1,,,2,67,Major,No Equipment Available,,,Person getting on/off vehicle,Normal,,Driver hits pedestrian at midblock,,,,pedestrian,,Davenport (9),13 Division,Wychwood,true,false,false,false,false,true,true,false,false,false,"{""coordinates"": [[-79.43179093151241, 43.67464424607618]], ""type"": ""MultiPoint""}"
3191,2008:1029220,2008-03-19T13:32:00,QUEEN ST W,NIAGARA ST,,1,Non-Fatal Injury,At Intersection,Traffic Signal,Cyclist Collision,Clear,Daylight,Dry,Major Arterial,false,-79.40989093600417,43.645944223012485,1,Automobile or Station Wagon,East,1,51,None,Other Safety Equipment Used,Improper turn,Normal,,,Turning Right,,,,,driver,,Spadina-Fort York (10),14 Division,West Queen West,false,false,true,false,false,false,false,false,false,false,"{""coordinates"": [[-79.40989093600417, 43.645944223012485]], ""type"": ""MultiPoint""}"
3192,2008:1029220,2008-03-19T13:32:00,QUEEN ST W,NIAGARA ST,,1,Non-Fatal Injury,At Intersection,Traffic Signal,Cyclist Collision,Clear,Daylight,Dry,Major Arterial,false,-79.40989093600417,43.645944223012485,2,Bicycle,East,2,37,Major,Other Safety Equipment Used,,,,,Turning Right,,Driver turns right on green or amber at signalized intersection and hits cyclist,Driving Properly,Normal,cyclist,,Spadina-Fort York (10),14 Division,West Queen West,false,false,true,false,false,false,false,false,false,false,"{""coordinates"": [[-79.40989093600417, 43.645944223012485]], ""type"": ""MultiPoint""}"
3193,2008:1029413,2008-03-20T13:05:00,GLENCAIRN AVE,DALEMOUNT AVE,,2,Non-Fatal Injury,At Intersection,Stop Sign,Turning Movement,Clear,Daylight,Dry,Minor Arterial,false,-79.43269087229756,43.711344234995515,1,Automobile or Station Wagon,North,1,85,Major,Lap and Shoulder Belt,Improper turn,Normal,,,Turning Left,,,,,driver,,Eglinton-Lawrence (8),13 Division,Englemount-Lawrence,false,false,false,false,false,true,false,false,false,false,"{""coordinates"": [[-79.43269087229756, 43.711344234995515]], ""type"": ""MultiPoint""}"
3194,2008:1029413,2008-03-20T13:05:00,GLENCAIRN AVE,DALEMOUNT AVE,,2,Non-Fatal Injury,At Intersection,Stop Sign,Turning Movement,Clear,Daylight,Dry,Minor Arterial,false,-79.43269087229756,43.711344234995515,2,Automobile or Station Wagon,East,2,58,Minor,Equipment Not Used But Available,Driving properly,Normal,,,Going Ahead,,,,,driver,,Eglinton-Lawrence (8),13 Division,Englemount-Lawrence,false,false,false,false,false,true,false,false,false,false,"{""coordinates"": [[-79.43269087229756, 43.711344234995515]], ""type"": ""MultiPoint""}"
3195,2008:1032504,2008-03-24T00:01:00,TAPSCOTT RD,FINCH AVE E,,6,Non-Fatal Injury,At Intersection,Traffic Signal,Angle,Clear,Daylight,Dry,Minor Arterial,false,-79.23709043169444,43.814243991723096,1,Automobile or Station Wagon,South,1,46,Major,Lap and Shoulder Belt,Driving properly,Normal,,,Stopped,,,,,driver,,Scarborough North (23),42 Division,Morningside Heights,false,true,false,false,false,false,false,false,true,false,"{""coordinates"": [[-79.23709043169444, 43.814243991723096]], ""type"": ""MultiPoint""}"
3196,2008:1032504,2008-03-24T00:01:00,TAPSCOTT RD,FINCH AVE E,,6,Non-Fatal Injury,At Intersection,Traffic Signal,Angle,Clear,Daylight,Dry,Minor Arterial,false,-79.23709043169444,43.814243991723096,3,,,4,,,Other Safety Equipment Used,,,,,,,,,,owner,,Scarborough North (23),42 Division,Morningside Heights,false,true,false,false,false,false,false,false,true,false,"{""coordinates"": [[-79.23709043169444, 43.814243991723096]], ""type"": ""MultiPoint""}"
3197,2008:1032504,2008-03-24T00:01:00,TAPSCOTT RD,FINCH AVE E,,6,Non-Fatal Injury,At Intersection,Traffic Signal,Angle,Clear,Daylight,Dry,Minor Arterial,false,-79.23709043169444,43.814243991723096,2,,,2,,,Other Safety Equipment Used,,,,,,,,,,owner,,Scarborough North (23),42 Division,Morningside Heights,false,true,false,false,false,false,false,false,true,false,"{""coordinates"": [[-79.23709043169444, 43.814243991723096]], ""type"": ""MultiPoint""}"
3198,2008:1032504,2008-03-24T00:01:00,TAPSCOTT RD,FINCH AVE E,,6,Non-Fatal Injury,At Intersection,Traffic Signal,Angle,Clear,Daylight,Dry,Minor Arterial,false,-79.23709043169444,43.814243991723096,4,Automobile or Station Wagon,North,6,15,None,Lap and Shoulder Belt,Lost control,Inattentive,,,Going Ahead,,,,,driver,,Scarborough North (23),42 Division,Morningside Heights,false,true,false,false,false,false,false,false,true,false,"{""coordinates"": [[-79.23709043169444, 43.814243991723096]], ""type"": ""MultiPoint""}"
3199,2008:1032504,2008-03-24T00:01:00,TAPSCOTT RD,FINCH AVE E,,6,Non-Fatal Injury,At Intersection,Traffic Signal,Angle,Clear,Daylight,Dry,Minor Arterial,false,-79.23709043169444,43.814243991723096,2,Automobile or Station Wagon,South,3,47,None,Lap and Shoulder Belt,Driving properly,Normal,,,Stopped,,,,,driver,,Scarborough North (23),42 Division,Morningside Heights,false,true,false,false,false,false,false,false,true,false,"{""coordinates"": [[-79.23709043169444, 43.814243991723096]], ""type"": ""MultiPoint""}"
3200,2008:1032504,2008-03-24T00:01:00,TAPSCOTT RD,FINCH AVE E,,6,Non-Fatal Injury,At Intersection,Traffic Signal,Angle,Clear,Daylight,Dry,Minor Arterial,false,-79.23709043169444,43.814243991723096,3,Automobile or Station Wagon,East,5,55,None,Lap and Shoulder Belt,Driving properly,Normal,,,Going Ahead,,,,,driver,,Scarborough North (23),42 Division,Morningside Heights,false,true,false,false,false,false,false,false,true,false,"{""coordinates"": [[-79.23709043169444, 43.814243991723096]], ""type"": ""MultiPoint""}"
3201,2008:1035278,2008-03-26T21:52:00,YORK MILLS RD,DON MILLS RD,,3,Non-Fatal Injury,At Intersection,Traffic Signal,Pedestrian Collision(internal code),Clear,Dark,Dry,Major Arterial,false,-79.3469906578386,43.75584411483898,1,,,1,,,Other Safety Equipment Used,,,,,,,,,,owner,,Don Valley East (16),33 Division,St.Andrew-Windfields,false,true,false,false,false,false,true,false,false,false,"{""coordinates"": [[-79.3469906578386, 43.75584411483898]], ""type"": ""MultiPoint""}"
3202,2008:1035278,2008-03-26T21:52:00,YORK MILLS RD,DON MILLS RD,,3,Non-Fatal Injury,At Intersection,Traffic Signal,Pedestrian Collision(internal code),Clear,Dark,Dry,Major Arterial,false,-79.3469906578386,43.75584411483898,1,Automobile or Station Wagon,West,2,21,None,Lap and Shoulder Belt,Driving properly,Normal,,,Going Ahead,,,,,driver,,Don Valley East (16),33 Division,St.Andrew-Windfields,false,true,false,false,false,false,true,false,false,false,"{""coordinates"": [[-79.3469906578386, 43.75584411483898]], ""type"": ""MultiPoint""}"
3203,2008:1035278,2008-03-26T21:52:00,YORK MILLS RD,DON MILLS RD,,3,Non-Fatal Injury,At Intersection,Traffic Signal,Pedestrian Collision(internal code),Clear,Dark,Dry,Major Arterial,false,-79.3469906578386,43.75584411483898,2,,North,3,42,Major,Other Safety Equipment Used,,,Crossing without right-of-way (intersection),Inattentive,,Driver going straight hits pedestrian crossing without right-of-way (at intersection),,,,pedestrian,,Don Valley East (16),33 Division,St.Andrew-Windfields,false,true,false,false,false,false,true,false,false,false,"{""coordinates"": [[-79.3469906578386, 43.75584411483898]], ""type"": ""MultiPoint""}"
3204,2008:1030828,2008-03-28T13:50:00,LAWRENCE AVE E,HOWDEN RD,,3,Non-Fatal Injury,At Intersection,Traffic Signal,Pedestrian Collision(internal code),Clear,Daylight,Dry,Major Arterial,false,-79.28799056808361,43.74684404110029,2,,South,3,77,Major,Other Safety Equipment Used,,,Crossing with right-of-way (intersection),Medical or Physical Disability,,Driver going straight hits pedestrian crossing with right-of-way (at intersection),,,,pedestrian,,Scarborough Centre (21),41 Division,Wexford/Maryvale,true,true,false,false,false,true,true,false,false,false,"{""coordinates"": [[-79.28799056808361, 43.74684404110029]], ""type"": ""MultiPoint""}"
3205,2008:1030828,2008-03-28T13:50:00,LAWRENCE AVE E,HOWDEN RD,,3,Non-Fatal Injury,At Intersection,Traffic Signal,Pedestrian Collision(internal code),Clear,Daylight,Dry,Major Arterial,false,-79.28799056808361,43.74684404110029,1,Automobile or Station Wagon,East,2,44,None,Lap and Shoulder Belt,Failed to yield right-of-way,Inattentive,,,Going Ahead,,,,,driver,,Scarborough Centre (21),41 Division,Wexford/Maryvale,true,true,false,false,false,true,true,false,false,false,"{""coordinates"": [[-79.28799056808361, 43.74684404110029]], ""type"": ""MultiPoint""}"
3206,2008:1032314,2008-03-28T18:00:00,160 MARKHAM RD,,,2,Non-Fatal Injury,,No Control,Pedestrian Collision(internal code),Clear,Daylight,Dry,Major Arterial,false,-79.21819046428072,43.741443959601064,1,Automobile or Station Wagon,South,1,64,None,Lap and Shoulder Belt,Driving properly,Normal,,,Going Ahead,,,,,driver,,Scarborough Southwest (20),43 Division,Scarborough Village,false,false,false,false,false,false,true,false,true,false,"{""coordinates"": [[-79.21819046428072, 43.741443959601064]], ""type"": ""MultiPoint""}"
3207,2008:1032314,2008-03-28T18:00:00,160 MARKHAM RD,,,2,Non-Fatal Injury,,No Control,Pedestrian Collision(internal code),Clear,Daylight,Dry,Major Arterial,false,-79.21819046428072,43.741443959601064,2,,West,2,13,Major,No Equipment Available,,,Running onto roadway,Normal,,Driver hits pedestrian at midblock,,,,pedestrian,,Scarborough Southwest (20),43 Division,Scarborough Village,false,false,false,false,false,false,true,false,true,false,"{""coordinates"": [[-79.21819046428072, 43.741443959601064]], ""type"": ""MultiPoint""}"
3208,2008:1033955,2008-03-29T14:22:00,EGLINTON AVE W,PEVERIL HILL N,,2,Non-Fatal Injury,,No Control,Pedestrian Collision(internal code),Clear,Daylight,Dry,Major Arterial,false,-79.42639087826564,43.70084422993787,2,,South,2,41,Major,No Equipment Available,,,Running onto roadway,Unknown,,Driver hits pedestrian at midblock,,,,pedestrian,,Eglinton-Lawrence (8),13 Division,Forest Hill North,false,false,false,false,false,true,true,false,false,false,"{""coordinates"": [[-79.42639087826564, 43.70084422993787]], ""type"": ""MultiPoint""}"
3209,2008:1033955,2008-03-29T14:22:00,EGLINTON AVE W,PEVERIL HILL N,,2,Non-Fatal Injury,,No Control,Pedestrian Collision(internal code),Clear,Daylight,Dry,Major Arterial,false,-79.42639087826564,43.70084422993787,1,Automobile or Station Wagon,East,1,67,None,Lap and Shoulder Belt,Driving properly,Normal,,,Going Ahead,,,,,driver,,Eglinton-Lawrence (8),13 Division,Forest Hill North,false,false,false,false,false,true,true,false,false,false,"{""coordinates"": [[-79.42639087826564, 43.70084422993787]], ""type"": ""MultiPoint""}"
3210,2008:1031488,2008-04-01T19:15:00,LAKE SHORE BLVD W,BAY ST,,4,Non-Fatal Injury,,Traffic Signal,Pedestrian Collision(internal code),Clear,Dark,Dry,Major Arterial,false,-79.37779087725067,43.643044175730324,1,,,3,,,Other Safety Equipment Used,,,,,,,,,,owner,,Spadina-Fort York (10),52 Division,St Lawrence-East Bayfront-The Islands,true,false,false,false,false,false,true,true,false,false,"{""coordinates"": [[-79.37779087725067, 43.643044175730324]], ""type"": ""MultiPoint""}"
3211,2008:1031488,2008-04-01T19:15:00,LAKE SHORE BLVD W,BAY ST,,4,Non-Fatal Injury,,Traffic Signal,Pedestrian Collision(internal code),Clear,Dark,Dry,Major Arterial,false,-79.37779087725067,43.643044175730324,1,Automobile or Station Wagon,West,4,54,Major,Other Safety Equipment Used,Disobeyed traffic control,Normal,,,Going Ahead,,,,,driver,,Spadina-Fort York (10),52 Division,St Lawrence-East Bayfront-The Islands,true,false,false,false,false,false,true,true,false,false,"{""coordinates"": [[-79.37779087725067, 43.643044175730324]], ""type"": ""MultiPoint""}"
3212,2008:1031488,2008-04-01T19:15:00,LAKE SHORE BLVD W,BAY ST,,4,Non-Fatal Injury,,Traffic Signal,Pedestrian Collision(internal code),Clear,Dark,Dry,Major Arterial,false,-79.37779087725067,43.643044175730324,1,,,2,47,Major,Other Safety Equipment Used,,,On sidewalk or shoulder,Normal,,Driver hits pedestrian on sidewalk or shoulder,,,,pedestrian,,Spadina-Fort York (10),52 Division,St Lawrence-East Bayfront-The Islands,true,false,false,false,false,false,true,true,false,false,"{""coordinates"": [[-79.37779087725067, 43.643044175730324]], ""type"": ""MultiPoint""}"
3213,2008:1031488,2008-04-01T19:15:00,LAKE SHORE BLVD W,BAY ST,,4,Non-Fatal Injury,,Traffic Signal,Pedestrian Collision(internal code),Clear,Dark,Dry,Major Arterial,false,-79.37779087725067,43.643044175730324,1,,,1,37,Minimal,Other Safety Equipment Used,,,On sidewalk or shoulder,Normal,,Driver hits pedestrian on sidewalk or shoulder,,,,pedestrian,,Spadina-Fort York (10),52 Division,St Lawrence-East Bayfront-The Islands,true,false,false,false,false,false,true,true,false,false,"{""coordinates"": [[-79.37779087725067, 43.643044175730324]], ""type"": ""MultiPoint""}"
3214,2008:1032022,2008-04-03T17:43:00,43 MILNER AVE,,,5,Non-Fatal Injury,,No Control,Turning Movement,Clear,Daylight,Dry,Minor Arterial,false,-79.25389047791126,43.78534400389967,2,Automobile or Station Wagon,South,5,44,None,Other Safety Equipment Used,Improper turn,Normal,,,Turning Left,,,,,driver,,Scarborough North (23),42 Division,Agincourt South-Malvern West,false,false,false,true,false,false,false,false,false,false,"{""coordinates"": [[-79.25389047791126, 43.78534400389967]], ""type"": ""MultiPoint""}"
3215,2008:1032022,2008-04-03T17:43:00,43 MILNER AVE,,,5,Non-Fatal Injury,,No Control,Turning Movement,Clear,Daylight,Dry,Minor Arterial,false,-79.25389047791126,43.78534400389967,2,,,4,,,Other Safety Equipment Used,,,,,,,,,,owner,,Scarborough North (23),42 Division,Agincourt South-Malvern West,false,false,false,true,false,false,false,false,false,false,"{""coordinates"": [[-79.25389047791126, 43.78534400389967]], ""type"": ""MultiPoint""}"
3216,2008:1032022,2008-04-03T17:43:00,43 MILNER AVE,,,5,Non-Fatal Injury,,No Control,Turning Movement,Clear,Daylight,Dry,Minor Arterial,false,-79.25389047791126,43.78534400389967,1,Motorcycle,West,1,30,Major,Other Safety Equipment Used,Driving properly,Normal,,,Turning Right,,,,,motorcyclist,,Scarborough North (23),42 Division,Agincourt South-Malvern West,false,false,false,true,false,false,false,false,false,false,"{""coordinates"": [[-79.25389047791126, 43.78534400389967]], ""type"": ""MultiPoint""}"
3217,2008:1032022,2008-04-03T17:43:00,43 MILNER AVE,,,5,Non-Fatal Injury,,No Control,Turning Movement,Clear,Daylight,Dry,Minor Arterial,false,-79.25389047791126,43.78534400389967,2,,,2,53,None,Other Safety Equipment Used,,,,,,,,,,passenger,,Scarborough North (23),42 Division,Agincourt South-Malvern West,false,false,false,true,false,false,false,false,false,false,"{""coordinates"": [[-79.25389047791126, 43.78534400389967]], ""type"": ""MultiPoint""}"
3218,2008:1032022,2008-04-03T17:43:00,43 MILNER AVE,,,5,Non-Fatal Injury,,No Control,Turning Movement,Clear,Daylight,Dry,Minor Arterial,false,-79.25389047791126,43.78534400389967,2,,,3,38,None,Other Safety Equipment Used,,,,,,,,,,passenger,,Scarborough North (23),42 Division,Agincourt South-Malvern West,false,false,false,true,false,false,false,false,false,false,"{""coordinates"": [[-79.25389047791126, 43.78534400389967]], ""type"": ""MultiPoint""}"
3219,2008:1032200,2008-04-06T16:45:00,MARKHAM Rd,SHEPPARD Ave E,,1,Non-Fatal Injury,At Intersection,Traffic Signal,Pedestrian Collision(internal code),Clear,Daylight,Dry,Major Arterial,false,-79.23879044986519,43.79384398976552,2,,East,2,70,Major,Other Safety Equipment Used,,,Crossing without right-of-way (intersection),Unknown,,Driver turns left into pedestrian crossing without right-of-way (at intersection),,,,pedestrian,,Scarborough North (23),42 Division,Agincourt South-Malvern West,false,false,false,false,false,true,true,false,false,false,"{""coordinates"": [[-79.23879044986519, 43.79384398976552]], ""type"": ""MultiPoint""}"
3220,2008:1032200,2008-04-06T16:45:00,MARKHAM Rd,SHEPPARD Ave E,,1,Non-Fatal Injury,At Intersection,Traffic Signal,Pedestrian Collision(internal code),Clear,Daylight,Dry,Major Arterial,false,-79.23879044986519,43.79384398976552,1,Automobile or Station Wagon,West,1,73,None,Other Safety Equipment Used,Driving properly,Normal,,,Turning Left,,,,,driver,,Scarborough North (23),42 Division,Agincourt South-Malvern West,false,false,false,false,false,true,true,false,false,false,"{""coordinates"": [[-79.23879044986519, 43.79384398976552]], ""type"": ""MultiPoint""}"
3221,2008:1032373,2008-04-07T12:00:00,CARLTON St,JARVIS St,,5,Non-Fatal Injury,At Intersection,Traffic Signal,Pedestrian Collision(internal code),Clear,Daylight,Dry,Major Arterial,false,-79.37669084580395,43.66244417007175,1,,,1,,,Other Safety Equipment Used,,,,,,,,,,owner,,Toronto Centre (13),51 Division,Cabbagetown-South St.James Town,false,false,false,false,false,false,true,false,false,false,"{""coordinates"": [[-79.37669084580395, 43.66244417007175]], ""type"": ""MultiPoint""}"
3222,2008:1032373,2008-04-07T12:00:00,CARLTON St,JARVIS St,,5,Non-Fatal Injury,At Intersection,Traffic Signal,Pedestrian Collision(internal code),Clear,Daylight,Dry,Major Arterial,false,-79.37669084580395,43.66244417007175,1,,South,2,34,None,Other Safety Equipment Used,Driving properly,Normal,,,Stopped,,,,,driver,,Toronto Centre (13),51 Division,Cabbagetown-South St.James Town,false,false,false,false,false,false,true,false,false,false,"{""coordinates"": [[-79.37669084580395, 43.66244417007175]], ""type"": ""MultiPoint""}"
3223,2008:1032373,2008-04-07T12:00:00,CARLTON St,JARVIS St,,5,Non-Fatal Injury,At Intersection,Traffic Signal,Pedestrian Collision(internal code),Clear,Daylight,Dry,Major Arterial,false,-79.37669084580395,43.66244417007175,2,,,3,,,Other Safety Equipment Used,,,,,,,,,,owner,,Toronto Centre (13),51 Division,Cabbagetown-South St.James Town,false,false,false,false,false,false,true,false,false,false,"{""coordinates"": [[-79.37669084580395, 43.66244417007175]], ""type"": ""MultiPoint""}"
3224,2008:1034552,2008-04-14T23:21:00,FINCH AVE W,WESTMORE DR,,8,Non-Fatal Injury,,Traffic Signal,Rear End,Clear,Dark,Dry,Major Arterial,false,-79.60099107716387,43.73464442716268,1,,,2,27,Major,Lap and Shoulder Belt,,,,,,,,,,passenger,,Etobicoke North (1),23 Division,West Humber-Clairville,true,false,false,false,false,false,false,false,false,false,"{""coordinates"": [[-79.60099107716387, 43.73464442716268]], ""type"": ""MultiPoint""}"
3225,2008:1032373,2008-04-07T12:00:00,CARLTON St,JARVIS St,,5,Non-Fatal Injury,At Intersection,Traffic Signal,Pedestrian Collision(internal code),Clear,Daylight,Dry,Major Arterial,false,-79.37669084580395,43.66244417007175,4,,North,5,53,Major,Other Safety Equipment Used,,,On sidewalk or shoulder,Normal,,Driver hits pedestrian on sidewalk or shoulder,,,,pedestrian,,Toronto Centre (13),51 Division,Cabbagetown-South St.James Town,false,false,false,false,false,false,true,false,false,false,"{""coordinates"": [[-79.37669084580395, 43.66244417007175]], ""type"": ""MultiPoint""}"
3226,2008:1032373,2008-04-07T12:00:00,CARLTON St,JARVIS St,,5,Non-Fatal Injury,At Intersection,Traffic Signal,Pedestrian Collision(internal code),Clear,Daylight,Dry,Major Arterial,false,-79.37669084580395,43.66244417007175,3,Automobile or Station Wagon,West,4,23,Minimal,Other Safety Equipment Used,Lost control,Normal,,,Going Ahead,,,,,driver,,Toronto Centre (13),51 Division,Cabbagetown-South St.James Town,false,false,false,false,false,false,true,false,false,false,"{""coordinates"": [[-79.37669084580395, 43.66244417007175]], ""type"": ""MultiPoint""}"
3227,2008:1032559,2008-04-08T06:24:00,HOPE St,DUFFERIN St,,2,Non-Fatal Injury,At Intersection,Traffic Signal,Pedestrian Collision(internal code),Clear,Dark,Dry,Major Arterial,false,-79.44479094304592,43.68234426179273,1,Automobile or Station Wagon,East,1,42,None,Other Safety Equipment Used,Failed to yield right-of-way,Inattentive,,,Turning Left,,,,,driver,,Davenport (9),13 Division,Corso Italia-Davenport,true,true,false,false,false,true,true,false,false,false,"{""coordinates"": [[-79.44479094304592, 43.68234426179273]], ""type"": ""MultiPoint""}"
3228,2008:1032559,2008-04-08T06:24:00,HOPE St,DUFFERIN St,,2,Non-Fatal Injury,At Intersection,Traffic Signal,Pedestrian Collision(internal code),Clear,Dark,Dry,Major Arterial,false,-79.44479094304592,43.68234426179273,2,,West,2,65,Major,Other Safety Equipment Used,,,Crossing with right-of-way (intersection),Normal,,Driver turns left into pedestrian crossing with right-of-way (at intersection),,,,pedestrian,,Davenport (9),13 Division,Corso Italia-Davenport,true,true,false,false,false,true,true,false,false,false,"{""coordinates"": [[-79.44479094304592, 43.68234426179273]], ""type"": ""MultiPoint""}"
3229,2008:1036453,2008-04-10T16:46:00,437 DANFORTH Ave,,,2,Non-Fatal Injury,,No Control,Pedestrian Collision(internal code),Clear,Daylight,Dry,Major Arterial,false,-79.35039077323881,43.677744129617,2,,South,2,49,Major,No Equipment Available,,,Running onto roadway,Had Been Drinking,,Driver hits pedestrian at midblock,,,,pedestrian,,Toronto-Danforth (14),55 Division,North Riverdale,false,false,false,false,false,false,true,false,false,false,"{""coordinates"": [[-79.35039077323881, 43.677744129617]], ""type"": ""MultiPoint""}"
3230,2008:1036453,2008-04-10T16:46:00,437 DANFORTH Ave,,,2,Non-Fatal Injury,,No Control,Pedestrian Collision(internal code),Clear,Daylight,Dry,Major Arterial,false,-79.35039077323881,43.677744129617,1,Automobile or Station Wagon,East,1,62,None,Other Safety Equipment Used,Driving properly,Unknown,,,Going Ahead,,,,,driver,,Toronto-Danforth (14),55 Division,North Riverdale,false,false,false,false,false,false,true,false,false,false,"{""coordinates"": [[-79.35039077323881, 43.677744129617]], ""type"": ""MultiPoint""}"
3231,2008:1032843,2008-04-10T22:10:00,3111 DANFORTH Ave,,,2,Non-Fatal Injury,,No Control,Pedestrian Collision(internal code),Clear,Dark,Dry,Major Arterial,false,-79.28589063419452,43.69174403822,1,Automobile or Station Wagon,East,1,34,None,Lap and Shoulder Belt,Driving properly,Normal,,,Going Ahead,,,,,driver,,Scarborough Southwest (20),41 Division,Oakridge,false,false,false,false,false,false,true,false,false,false,"{""coordinates"": [[-79.28589063419452, 43.69174403822]], ""type"": ""MultiPoint""}"
3232,2008:1032843,2008-04-10T22:10:00,3111 DANFORTH Ave,,,2,Non-Fatal Injury,,No Control,Pedestrian Collision(internal code),Clear,Dark,Dry,Major Arterial,false,-79.28589063419452,43.69174403822,2,Automobile or Station Wagon,North,2,43,Major,Other Safety Equipment Used,,,Running onto roadway,Ability Impaired - Alcohol,,Driver hits pedestrian at midblock,,,,pedestrian,,Scarborough Southwest (20),41 Division,Oakridge,false,false,false,false,false,false,true,false,false,false,"{""coordinates"": [[-79.28589063419452, 43.69174403822]], ""type"": ""MultiPoint""}"
3233,2008:1034287,2008-04-11T18:49:00,EGLINTON AVE W,SCARLETT RD,,4,Non-Fatal Injury,At Intersection,Traffic Signal,Rear End,Clear,Daylight,Dry,Major Arterial,false,-79.51149105804369,43.68394435229497,1,Automobile or Station Wagon,West,3,43,Major,Lap and Shoulder Belt,Driving properly,Normal,,,Slowing or Stopping,,,,,driver,,Etobicoke Centre (2),22 Division,Edenbridge-Humber Valley,true,false,false,false,false,false,false,false,false,false,"{""coordinates"": [[-79.51149105804369, 43.68394435229497]], ""type"": ""MultiPoint""}"
3234,2008:1034287,2008-04-11T18:49:00,EGLINTON AVE W,SCARLETT RD,,4,Non-Fatal Injury,At Intersection,Traffic Signal,Rear End,Clear,Daylight,Dry,Major Arterial,false,-79.51149105804369,43.68394435229497,1,,,2,,,Other Safety Equipment Used,,,,,,,,,,owner,,Etobicoke Centre (2),22 Division,Edenbridge-Humber Valley,true,false,false,false,false,false,false,false,false,false,"{""coordinates"": [[-79.51149105804369, 43.68394435229497]], ""type"": ""MultiPoint""}"
3235,2008:1034287,2008-04-11T18:49:00,EGLINTON AVE W,SCARLETT RD,,4,Non-Fatal Injury,At Intersection,Traffic Signal,Rear End,Clear,Daylight,Dry,Major Arterial,false,-79.51149105804369,43.68394435229497,2,Automobile or Station Wagon,West,4,46,Minimal,Lap and Shoulder Belt,Following too closely,Normal,,,Going Ahead,,,,,driver,,Etobicoke Centre (2),22 Division,Edenbridge-Humber Valley,true,false,false,false,false,false,false,false,false,false,"{""coordinates"": [[-79.51149105804369, 43.68394435229497]], ""type"": ""MultiPoint""}"
3236,2008:1034287,2008-04-11T18:49:00,EGLINTON AVE W,SCARLETT RD,,4,Non-Fatal Injury,At Intersection,Traffic Signal,Rear End,Clear,Daylight,Dry,Major Arterial,false,-79.51149105804369,43.68394435229497,1,,,1,37,None,Other Safety Equipment Used,,,,,,,,,,passenger,,Etobicoke Centre (2),22 Division,Edenbridge-Humber Valley,true,false,false,false,false,false,false,false,false,false,"{""coordinates"": [[-79.51149105804369, 43.68394435229497]], ""type"": ""MultiPoint""}"
3237,2008:1033099,2008-04-12T22:09:00,KINGSTON RD,GRADWELL DR,,4,Non-Fatal Injury,,No Control,Rear End,Rain,Dark,Wet,Major Arterial,false,-79.23809051695045,43.7201439779449,1,Automobile or Station Wagon,West,2,45,None,Lap and Shoulder Belt,Other,Unknown,,,Parked,,,,,driver,,Scarborough Southwest (20),43 Division,Cliffcrest,false,false,false,false,false,true,false,false,false,false,"{""coordinates"": [[-79.23809051695045, 43.7201439779449]], ""type"": ""MultiPoint""}"
3238,2008:1033099,2008-04-12T22:09:00,KINGSTON RD,GRADWELL DR,,4,Non-Fatal Injury,,No Control,Rear End,Rain,Dark,Wet,Major Arterial,false,-79.23809051695045,43.7201439779449,2,Automobile or Station Wagon,West,4,72,Minimal,Lap and Shoulder Belt,Other,Unknown,,,Going Ahead,,,,,driver,,Scarborough Southwest (20),43 Division,Cliffcrest,false,false,false,false,false,true,false,false,false,false,"{""coordinates"": [[-79.23809051695045, 43.7201439779449]], ""type"": ""MultiPoint""}"
3239,2008:1033099,2008-04-12T22:09:00,KINGSTON RD,GRADWELL DR,,4,Non-Fatal Injury,,No Control,Rear End,Rain,Dark,Wet,Major Arterial,false,-79.23809051695045,43.7201439779449,1,,,1,,,Other Safety Equipment Used,,,,,,,,,,owner,,Scarborough Southwest (20),43 Division,Cliffcrest,false,false,false,false,false,true,false,false,false,false,"{""coordinates"": [[-79.23809051695045, 43.7201439779449]], ""type"": ""MultiPoint""}"
3240,2008:1033099,2008-04-12T22:09:00,KINGSTON RD,GRADWELL DR,,4,Non-Fatal Injury,,No Control,Rear End,Rain,Dark,Wet,Major Arterial,false,-79.23809051695045,43.7201439779449,2,,,3,73,Major,Lap and Shoulder Belt,,,,,,,,,,passenger,,Scarborough Southwest (20),43 Division,Cliffcrest,false,false,false,false,false,true,false,false,false,false,"{""coordinates"": [[-79.23809051695045, 43.7201439779449]], ""type"": ""MultiPoint""}"