_id,collision_id,accdate,stname1,stname2,stname3,per_inv,acclass,accloc,traffictl,impactype,visible,light,rdsfcond,road_class,failtorem,longitude,latitude,veh_no,vehtype,initdir,per_no,invage,injury,safequip,drivact,drivcond,pedact,pedcond,manoeuvre,pedtype,cyclistype,cycact,cyccond,road_user,fatal_no,wardname,division,neighbourhood,aggressive,distracted,cyclist,motorcyclist,other_micromobility,older_adult,pedestrian,red_light,school_child,heavy_truck,geometry
3557,2008:1045157,2008-06-26T08:15:00,VICTORIA PARK AVE,PEARD RD,,3,Non-Fatal Injury,At Intersection,No Control,Pedestrian Collision(internal code),Clear,Daylight,Dry,Major Arterial,true,-79.2967906298366,43.7106440529244,1,Automobile or Station Wagon,North,1,19,None,Other Safety Equipment Used,Failed to yield right-of-way,Normal,,,Going Ahead,,,,,driver,,Beaches-East York (19),55 Division,O'Connor-Parkview,true,false,false,false,false,true,true,false,true,false,"{""coordinates"": [[-79.2967906298366, 43.7106440529244]], ""type"": ""MultiPoint""}"
3558,2008:1045157,2008-06-26T08:15:00,VICTORIA PARK AVE,PEARD RD,,3,Non-Fatal Injury,At Intersection,No Control,Pedestrian Collision(internal code),Clear,Daylight,Dry,Major Arterial,true,-79.2967906298366,43.7106440529244,2,,,3,85,Major,Other Safety Equipment Used,,,On sidewalk or shoulder,Normal,Unknown,Driver hits pedestrian on sidewalk or shoulder,,,,pedestrian,,Beaches-East York (19),55 Division,O'Connor-Parkview,true,false,false,false,false,true,true,false,true,false,"{""coordinates"": [[-79.2967906298366, 43.7106440529244]], ""type"": ""MultiPoint""}"
3559,2008:1045157,2008-06-26T08:15:00,VICTORIA PARK AVE,PEARD RD,,3,Non-Fatal Injury,At Intersection,No Control,Pedestrian Collision(internal code),Clear,Daylight,Dry,Major Arterial,true,-79.2967906298366,43.7106440529244,2,,,2,22,Minor,Other Safety Equipment Used,,,On sidewalk or shoulder,Normal,Unknown,Driver hits pedestrian on sidewalk or shoulder,,,,pedestrian,,Beaches-East York (19),55 Division,O'Connor-Parkview,true,false,false,false,false,true,true,false,true,false,"{""coordinates"": [[-79.2967906298366, 43.7106440529244]], ""type"": ""MultiPoint""}"
3560,2008:1045221,2008-06-27T00:53:00,FLEET ST,STADIUM RD,,4,Fatal Injury,,No Control,Approaching Head On,Clear,Dark,Dry,Major Arterial,false,-79.4018909358798,43.636044213703826,2,,,3,23,Major,Other Safety Equipment Used,,,,,,,,,,passenger,,Spadina-Fort York (10),14 Division,Fort York-Liberty Village,false,false,false,false,false,false,false,false,false,true,"{""coordinates"": [[-79.4018909358798, 43.636044213703826]], ""type"": ""MultiPoint""}"
3561,2008:1045221,2008-06-27T00:53:00,FLEET ST,STADIUM RD,,4,Fatal Injury,,No Control,Approaching Head On,Clear,Dark,Dry,Major Arterial,false,-79.4018909358798,43.636044213703826,2,Automobile or Station Wagon,West,4,21,Fatal,Other Safety Equipment Used,Wrong way on one-way road,Ability Impaired - Alcohol,,,Going Ahead,,,,,driver,28,Spadina-Fort York (10),14 Division,Fort York-Liberty Village,false,false,false,false,false,false,false,false,false,true,"{""coordinates"": [[-79.4018909358798, 43.636044213703826]], ""type"": ""MultiPoint""}"
3562,2008:1045221,2008-06-27T00:53:00,FLEET ST,STADIUM RD,,4,Fatal Injury,,No Control,Approaching Head On,Clear,Dark,Dry,Major Arterial,false,-79.4018909358798,43.636044213703826,1,Municipal Transit Bus (TTC),East,2,33,None,Other Safety Equipment Used,Driving properly,Normal,,,Going Ahead,,,,,driver,,Spadina-Fort York (10),14 Division,Fort York-Liberty Village,false,false,false,false,false,false,false,false,false,true,"{""coordinates"": [[-79.4018909358798, 43.636044213703826]], ""type"": ""MultiPoint""}"
3563,2008:1045221,2008-06-27T00:53:00,FLEET ST,STADIUM RD,,4,Fatal Injury,,No Control,Approaching Head On,Clear,Dark,Dry,Major Arterial,false,-79.4018909358798,43.636044213703826,1,,,1,,,Other Safety Equipment Used,,,,,,,,,,owner,,Spadina-Fort York (10),14 Division,Fort York-Liberty Village,false,false,false,false,false,false,false,false,false,true,"{""coordinates"": [[-79.4018909358798, 43.636044213703826]], ""type"": ""MultiPoint""}"
3564,2008:1048845,2008-06-28T16:01:00,COLLEGE ST,SPADINA AVE,,3,Non-Fatal Injury,,No Control,Pedestrian Collision(internal code),Clear,Daylight,Dry,Major Arterial,false,-79.3994908965463,43.65804420435463,1,Automobile or Station Wagon,West,2,36,None,Lap and Shoulder Belt,Driving properly,Normal,,,Going Ahead,,,,,driver,,University-Rosedale (11),52 Division,University,false,false,false,false,false,false,true,false,false,false,"{""coordinates"": [[-79.3994908965463, 43.65804420435463]], ""type"": ""MultiPoint""}"
3565,2008:1048845,2008-06-28T16:01:00,COLLEGE ST,SPADINA AVE,,3,Non-Fatal Injury,,No Control,Pedestrian Collision(internal code),Clear,Daylight,Dry,Major Arterial,false,-79.3994908965463,43.65804420435463,1,,,1,,,Other Safety Equipment Used,,,,,,,,,,owner,,University-Rosedale (11),52 Division,University,false,false,false,false,false,false,true,false,false,false,"{""coordinates"": [[-79.3994908965463, 43.65804420435463]], ""type"": ""MultiPoint""}"
3566,2008:1048845,2008-06-28T16:01:00,COLLEGE ST,SPADINA AVE,,3,Non-Fatal Injury,,No Control,Pedestrian Collision(internal code),Clear,Daylight,Dry,Major Arterial,false,-79.3994908965463,43.65804420435463,2,,Unknown,3,28,Major,Other Safety Equipment Used,,,Other,Medical or Physical Disability,,Other,,,,pedestrian,,University-Rosedale (11),52 Division,University,false,false,false,false,false,false,true,false,false,false,"{""coordinates"": [[-79.3994908965463, 43.65804420435463]], ""type"": ""MultiPoint""}"
3567,2008:1045558,2008-06-30T01:20:00,F G GARDINER XY W,ISLINGTON AVE,,1,Non-Fatal Injury,,No Control,SMV Other,Clear,Dark,Dry,,false,-79.5097911717846,43.62114438198871,1,Automobile or Station Wagon,West,5,30,Major,Lap and Shoulder Belt,Lost control,Ability Impaired - Alcohol,,,Going Ahead,,,,,driver,,Etobicoke-Lakeshore (3),22 Division,Mimico-Queensway,false,false,false,false,false,false,false,false,false,false,"{""coordinates"": [[-79.5097911717846, 43.62114438198871]], ""type"": ""MultiPoint""}"
3568,2008:1045558,2008-06-30T01:20:00,F G GARDINER XY W,ISLINGTON AVE,,1,Non-Fatal Injury,,No Control,SMV Other,Clear,Dark,Dry,,false,-79.5097911717846,43.62114438198871,1,,,1,21,Minor,Lap Belt Only of Combined Assembly,,,,,,,,,,passenger,,Etobicoke-Lakeshore (3),22 Division,Mimico-Queensway,false,false,false,false,false,false,false,false,false,false,"{""coordinates"": [[-79.5097911717846, 43.62114438198871]], ""type"": ""MultiPoint""}"
3569,2008:1045558,2008-06-30T01:20:00,F G GARDINER XY W,ISLINGTON AVE,,1,Non-Fatal Injury,,No Control,SMV Other,Clear,Dark,Dry,,false,-79.5097911717846,43.62114438198871,1,,,4,25,Major,Lap and Shoulder Belt,,,,,,,,,,passenger,,Etobicoke-Lakeshore (3),22 Division,Mimico-Queensway,false,false,false,false,false,false,false,false,false,false,"{""coordinates"": [[-79.5097911717846, 43.62114438198871]], ""type"": ""MultiPoint""}"
3570,2008:1045558,2008-06-30T01:20:00,F G GARDINER XY W,ISLINGTON AVE,,1,Non-Fatal Injury,,No Control,SMV Other,Clear,Dark,Dry,,false,-79.5097911717846,43.62114438198871,1,,,2,29,Minor,Other Safety Equipment Used,,,,,,,,,,passenger,,Etobicoke-Lakeshore (3),22 Division,Mimico-Queensway,false,false,false,false,false,false,false,false,false,false,"{""coordinates"": [[-79.5097911717846, 43.62114438198871]], ""type"": ""MultiPoint""}"
3571,2008:1049419,2008-06-30T10:40:00,DUNDAS ST W,LANSDOWNE AVE,,2,Non-Fatal Injury,,No Control,Cyclist Collision,Clear,Daylight,Dry,Minor Arterial,false,-79.43929098678574,43.65014426539416,2,Bicycle,East,2,22,Major,Use Unknown,,,,,Going Ahead,,Dooring,Driving Properly,Normal,cyclist,,Davenport (9),11 Division,Dufferin Grove,false,false,true,false,false,false,false,false,false,false,"{""coordinates"": [[-79.43929098678574, 43.65014426539416]], ""type"": ""MultiPoint""}"
3572,2008:1049419,2008-06-30T10:40:00,DUNDAS ST W,LANSDOWNE AVE,,2,Non-Fatal Injury,,No Control,Cyclist Collision,Clear,Daylight,Dry,Minor Arterial,false,-79.43929098678574,43.65014426539416,1,Automobile or Station Wagon,East,1,48,None,Equipment Not Used But Available,Other,Normal,,,Parked,,,,,driver,,Davenport (9),11 Division,Dufferin Grove,false,false,true,false,false,false,false,false,false,false,"{""coordinates"": [[-79.43929098678574, 43.65014426539416]], ""type"": ""MultiPoint""}"
3573,2008:1045692,2008-06-30T17:33:00,YORK MILLS RD,FENN AVE,,6,Non-Fatal Injury,At Intersection,Traffic Signal,Pedestrian Collision(internal code),Clear,Daylight,Dry,Major Arterial,false,-79.38899073898676,43.74704416804392,1,,,1,,,Other Safety Equipment Used,,,,,,,,,,owner,,Don Valley West (15),32 Division,St.Andrew-Windfields,true,false,false,false,false,false,true,true,true,false,"{""coordinates"": [[-79.38899073898676, 43.74704416804392]], ""type"": ""MultiPoint""}"
3574,2008:1045692,2008-06-30T17:33:00,YORK MILLS RD,FENN AVE,,6,Non-Fatal Injury,At Intersection,Traffic Signal,Pedestrian Collision(internal code),Clear,Daylight,Dry,Major Arterial,false,-79.38899073898676,43.74704416804392,2,,,3,9,None,Other Safety Equipment Used,,,Crossing with right-of-way (intersection),Normal,,Driver going straight hits pedestrian crossing with right-of-way (at intersection),,,,pedestrian,,Don Valley West (15),32 Division,St.Andrew-Windfields,true,false,false,false,false,false,true,true,true,false,"{""coordinates"": [[-79.38899073898676, 43.74704416804392]], ""type"": ""MultiPoint""}"
3575,2008:1045692,2008-06-30T17:33:00,YORK MILLS RD,FENN AVE,,6,Non-Fatal Injury,At Intersection,Traffic Signal,Pedestrian Collision(internal code),Clear,Daylight,Dry,Major Arterial,false,-79.38899073898676,43.74704416804392,2,,,4,5,None,Other Safety Equipment Used,,,Crossing with right-of-way (intersection),Normal,Unknown,Driver going straight hits pedestrian crossing with right-of-way (at intersection),,,,pedestrian,,Don Valley West (15),32 Division,St.Andrew-Windfields,true,false,false,false,false,false,true,true,true,false,"{""coordinates"": [[-79.38899073898676, 43.74704416804392]], ""type"": ""MultiPoint""}"
3576,2008:1045692,2008-06-30T17:33:00,YORK MILLS RD,FENN AVE,,6,Non-Fatal Injury,At Intersection,Traffic Signal,Pedestrian Collision(internal code),Clear,Daylight,Dry,Major Arterial,false,-79.38899073898676,43.74704416804392,2,,,6,16,Major,Other Safety Equipment Used,,,Crossing with right-of-way (intersection),Normal,Unknown,Driver going straight hits pedestrian crossing with right-of-way (at intersection),,,,pedestrian,,Don Valley West (15),32 Division,St.Andrew-Windfields,true,false,false,false,false,false,true,true,true,false,"{""coordinates"": [[-79.38899073898676, 43.74704416804392]], ""type"": ""MultiPoint""}"
3577,2008:1045692,2008-06-30T17:33:00,YORK MILLS RD,FENN AVE,,6,Non-Fatal Injury,At Intersection,Traffic Signal,Pedestrian Collision(internal code),Clear,Daylight,Dry,Major Arterial,false,-79.38899073898676,43.74704416804392,1,Automobile or Station Wagon,East,2,29,None,Other Safety Equipment Used,Disobeyed traffic control,Normal,,,Going Ahead,,,,,driver,,Don Valley West (15),32 Division,St.Andrew-Windfields,true,false,false,false,false,false,true,true,true,false,"{""coordinates"": [[-79.38899073898676, 43.74704416804392]], ""type"": ""MultiPoint""}"
3578,2008:1045692,2008-06-30T17:33:00,YORK MILLS RD,FENN AVE,,6,Non-Fatal Injury,At Intersection,Traffic Signal,Pedestrian Collision(internal code),Clear,Daylight,Dry,Major Arterial,false,-79.38899073898676,43.74704416804392,2,,,5,26,Minor,Other Safety Equipment Used,,,Crossing with right-of-way (intersection),Normal,,Driver going straight hits pedestrian crossing with right-of-way (at intersection),,,,pedestrian,,Don Valley West (15),32 Division,St.Andrew-Windfields,true,false,false,false,false,false,true,true,true,false,"{""coordinates"": [[-79.38899073898676, 43.74704416804392]], ""type"": ""MultiPoint""}"
3579,2008:1052609,2008-07-03T11:55:00,KEELE St,ST REGIS Cres,,3,Non-Fatal Injury,At Intersection,Traffic Signal,Rear End,Clear,Daylight,Dry,Major Arterial,false,-79.4887908970869,43.75454429101697,2,,,2,1,Major,Child Safety Seat Used Correctly,,,,,,,,,,passenger,,Humber River-Black Creek (7),31 Division,York University Heights,true,false,false,false,false,false,false,false,false,false,"{""coordinates"": [[-79.4887908970869, 43.75454429101697]], ""type"": ""MultiPoint""}"
3580,2008:1052609,2008-07-03T11:55:00,KEELE St,ST REGIS Cres,,3,Non-Fatal Injury,At Intersection,Traffic Signal,Rear End,Clear,Daylight,Dry,Major Arterial,false,-79.4887908970869,43.75454429101697,2,Automobile or Station Wagon,South,3,30,Minor,Lap and Shoulder Belt,Driving properly,Normal,,,Slowing or Stopping,,,,,driver,,Humber River-Black Creek (7),31 Division,York University Heights,true,false,false,false,false,false,false,false,false,false,"{""coordinates"": [[-79.4887908970869, 43.75454429101697]], ""type"": ""MultiPoint""}"
3581,2008:1052609,2008-07-03T11:55:00,KEELE St,ST REGIS Cres,,3,Non-Fatal Injury,At Intersection,Traffic Signal,Rear End,Clear,Daylight,Dry,Major Arterial,false,-79.4887908970869,43.75454429101697,1,Automobile or Station Wagon,South,1,32,None,Lap and Shoulder Belt,Following too closely,Normal,,,Going Ahead,,,,,driver,,Humber River-Black Creek (7),31 Division,York University Heights,true,false,false,false,false,false,false,false,false,false,"{""coordinates"": [[-79.4887908970869, 43.75454429101697]], ""type"": ""MultiPoint""}"
3582,2008:1049787,2008-07-04T13:02:00,BRIMLEY RD,DEERFIELD RD,,4,Non-Fatal Injury,,Traffic Signal,Turning Movement,Clear,Daylight,Dry,Major Arterial,false,-79.25199050870012,43.74544399571987,3,Automobile or Station Wagon,South,4,29,Major,Lap Belt Only,Driving properly,Normal,,,Going Ahead,,,,,driver,,Scarborough Centre (21),43 Division,Bendale South,false,false,false,false,false,false,false,false,false,false,"{""coordinates"": [[-79.25199050870012, 43.74544399571987]], ""type"": ""MultiPoint""}"
3583,2008:1049787,2008-07-04T13:02:00,BRIMLEY RD,DEERFIELD RD,,4,Non-Fatal Injury,,Traffic Signal,Turning Movement,Clear,Daylight,Dry,Major Arterial,false,-79.25199050870012,43.74544399571987,1,Automobile or Station Wagon,North,1,49,Minor,Lap and Shoulder Belt,Lost control,Normal,,,Turning Left,,,,,driver,,Scarborough Centre (21),43 Division,Bendale South,false,false,false,false,false,false,false,false,false,false,"{""coordinates"": [[-79.25199050870012, 43.74544399571987]], ""type"": ""MultiPoint""}"
3584,2008:1049787,2008-07-04T13:02:00,BRIMLEY RD,DEERFIELD RD,,4,Non-Fatal Injury,,Traffic Signal,Turning Movement,Clear,Daylight,Dry,Major Arterial,false,-79.25199050870012,43.74544399571987,2,,,2,,,Other Safety Equipment Used,,,,,,,,,,owner,,Scarborough Centre (21),43 Division,Bendale South,false,false,false,false,false,false,false,false,false,false,"{""coordinates"": [[-79.25199050870012, 43.74544399571987]], ""type"": ""MultiPoint""}"
3585,2008:1049787,2008-07-04T13:02:00,BRIMLEY RD,DEERFIELD RD,,4,Non-Fatal Injury,,Traffic Signal,Turning Movement,Clear,Daylight,Dry,Major Arterial,false,-79.25199050870012,43.74544399571987,2,Automobile or Station Wagon,North,3,29,Major,Lap and Shoulder Belt,Driving properly,Normal,,,Going Ahead,,,,,driver,,Scarborough Centre (21),43 Division,Bendale South,false,false,false,false,false,false,false,false,false,false,"{""coordinates"": [[-79.25199050870012, 43.74544399571987]], ""type"": ""MultiPoint""}"
3586,2008:1046412,2008-07-04T13:45:00,EGLINTON AVE E,BARBADOS BLVD,,2,Fatal Injury,,No Control,Approaching Head On,Clear,Daylight,Dry,Major Arterial,false,-79.24239050305837,43.73794398453403,1,Automobile or Station Wagon,West,1,29,Minor,Lap and Shoulder Belt,Driving properly,Normal,,,Going Ahead,,,,,driver,,Scarborough Centre (21),43 Division,Eglinton East,false,false,false,false,false,true,false,false,false,false,"{""coordinates"": [[-79.24239050305837, 43.73794398453403]], ""type"": ""MultiPoint""}"
3587,2008:1047657,2008-07-12T00:38:00,688 SCARLETT RD,,,4,Fatal Injury,,No Control,SMV Other,Clear,Dark,Dry,Major Arterial,false,-79.51949104833433,43.694744356185886,2,Automobile or Station Wagon,West,2,,None,Other Safety Equipment Used,,,,,Parked,,,,,other,,Etobicoke Centre (2),23 Division,Humber Heights-Westmount,true,false,false,false,false,false,false,false,false,false,"{""coordinates"": [[-79.51949104833433, 43.694744356185886]], ""type"": ""MultiPoint""}"
3588,2008:1046412,2008-07-04T13:45:00,EGLINTON AVE E,BARBADOS BLVD,,2,Fatal Injury,,No Control,Approaching Head On,Clear,Daylight,Dry,Major Arterial,false,-79.24239050305837,43.73794398453403,2,Automobile or Station Wagon,East,2,81,Fatal,Lap and Shoulder Belt,Lost control,Unknown,,,Going Ahead,,,,,driver,29,Scarborough Centre (21),43 Division,Eglinton East,false,false,false,false,false,true,false,false,false,false,"{""coordinates"": [[-79.24239050305837, 43.73794398453403]], ""type"": ""MultiPoint""}"
3589,2008:1046411,2008-07-04T17:50:00,EGLINTON AVE W,GABIAN WAY,,2,Non-Fatal Injury,,No Control,Pedestrian Collision(internal code),Clear,Daylight,Dry,Major Arterial,false,-79.46579096567724,43.691844287413964,1,Automobile or Station Wagon,East,1,52,None,Other Safety Equipment Used,Lost control,Inattentive,,,Changing Lanes,,,,,driver,,York South-Weston (5),12 Division,Keelesdale-Eglinton West,false,true,false,false,false,false,true,false,false,false,"{""coordinates"": [[-79.46579096567724, 43.691844287413964]], ""type"": ""MultiPoint""}"
3590,2008:1046411,2008-07-04T17:50:00,EGLINTON AVE W,GABIAN WAY,,2,Non-Fatal Injury,,No Control,Pedestrian Collision(internal code),Clear,Daylight,Dry,Major Arterial,false,-79.46579096567724,43.691844287413964,2,,,2,25,Major,Other Safety Equipment Used,,,On sidewalk or shoulder,Normal,,Driver hits pedestrian on sidewalk or shoulder,,,,pedestrian,,York South-Weston (5),12 Division,Keelesdale-Eglinton West,false,true,false,false,false,false,true,false,false,false,"{""coordinates"": [[-79.46579096567724, 43.691844287413964]], ""type"": ""MultiPoint""}"
3591,2008:1046554,2008-07-06T05:52:00,633 SILVER STAR BLVD,,,1,Non-Fatal Injury,,No Control,Pedestrian Collision(internal code),Clear,Daylight,Dry,Collector,false,-79.29879051858583,43.82124406020441,1,,,1,16,Major,Other Safety Equipment Used,,,Other,Had Been Drinking,,Driver hits pedestrian at midblock,,,,pedestrian,,Scarborough-Agincourt (22),42 Division,Milliken,false,false,false,false,false,false,true,false,true,false,"{""coordinates"": [[-79.29879051858583, 43.82124406020441]], ""type"": ""MultiPoint""}"
3592,2008:1050384,2008-07-07T04:37:00,DIXON Rd,ROYAL YORK Rd,,3,Non-Fatal Injury,At Intersection,Traffic Signal,SMV Other,Clear,Dark,Dry,Major Arterial,false,-79.5342910577947,43.6998443707893,2,,,3,,,Other Safety Equipment Used,,,,,,,,,,owner,,Etobicoke North (1),23 Division,Kingsview Village-The Westway,false,false,false,false,false,false,false,false,false,false,"{""coordinates"": [[-79.5342910577947, 43.6998443707893]], ""type"": ""MultiPoint""}"
3593,2008:1050384,2008-07-07T04:37:00,DIXON Rd,ROYAL YORK Rd,,3,Non-Fatal Injury,At Intersection,Traffic Signal,SMV Other,Clear,Dark,Dry,Major Arterial,false,-79.5342910577947,43.6998443707893,2,,,2,,,Other Safety Equipment Used,,,,,,,,,,owner,,Etobicoke North (1),23 Division,Kingsview Village-The Westway,false,false,false,false,false,false,false,false,false,false,"{""coordinates"": [[-79.5342910577947, 43.6998443707893]], ""type"": ""MultiPoint""}"
3594,2008:1050384,2008-07-07T04:37:00,DIXON Rd,ROYAL YORK Rd,,3,Non-Fatal Injury,At Intersection,Traffic Signal,SMV Other,Clear,Dark,Dry,Major Arterial,false,-79.5342910577947,43.6998443707893,1,Automobile or Station Wagon,West,1,23,Major,Lap and Shoulder Belt,Lost control,Fatigue/Fell Asleep,,,Pulling Onto Shoulder or Toward Curb,,,,,driver,,Etobicoke North (1),23 Division,Kingsview Village-The Westway,false,false,false,false,false,false,false,false,false,false,"{""coordinates"": [[-79.5342910577947, 43.6998443707893]], ""type"": ""MultiPoint""}"
3595,2008:1047410,2008-07-10T13:48:00,DON VALLEY PARKWAY N,GERRARD ST E,,3,Non-Fatal Injury,,No Control,Pedestrian Collision(internal code),Clear,Daylight,Dry,,false,-79.35709079836671,43.66914414050314,1,Automobile or Station Wagon,North,2,25,None,Other Safety Equipment Used,Driving properly,Normal,,,Going Ahead,,,,,driver,,Toronto-Danforth (14),55 Division,North Riverdale,false,false,false,false,false,false,true,false,false,false,"{""coordinates"": [[-79.35709079836671, 43.66914414050314]], ""type"": ""MultiPoint""}"
3596,2026:6000965171,2026-05-10T18:08:00,ORTON PARK RD,BOTANY HILL PARK RD,,3,Fatal Injury,Intersection-Related,,Same Direction,,,,,false,-79.21392042829319,43.77823896244525,2,Automobile or Station Wagon,North,2,47,None,,Driving properly,Normal,,,,,,,,driver,,Scarborough-Guildwood (24),43 Division,Morningside,true,true,false,true,false,false,false,false,false,false,"{""coordinates"": [[-79.21392042829319, 43.77823896244525]], ""type"": ""MultiPoint""}"
3597,2008:1047410,2008-07-10T13:48:00,DON VALLEY PARKWAY N,GERRARD ST E,,3,Non-Fatal Injury,,No Control,Pedestrian Collision(internal code),Clear,Daylight,Dry,,false,-79.35709079836671,43.66914414050314,2,,West,3,42,Major,Other Safety Equipment Used,,,Running onto roadway,Ability Impaired - Drugs,,Driver hits pedestrian at midblock,,,,pedestrian,,Toronto-Danforth (14),55 Division,North Riverdale,false,false,false,false,false,false,true,false,false,false,"{""coordinates"": [[-79.35709079836671, 43.66914414050314]], ""type"": ""MultiPoint""}"
3598,2008:1047410,2008-07-10T13:48:00,DON VALLEY PARKWAY N,GERRARD ST E,,3,Non-Fatal Injury,,No Control,Pedestrian Collision(internal code),Clear,Daylight,Dry,,false,-79.35709079836671,43.66914414050314,1,,,1,,,Other Safety Equipment Used,,,,,,,,,,owner,,Toronto-Danforth (14),55 Division,North Riverdale,false,false,false,false,false,false,true,false,false,false,"{""coordinates"": [[-79.35709079836671, 43.66914414050314]], ""type"": ""MultiPoint""}"
3599,2008:1047968,2008-07-11T21:55:00,STEELES AVE W,HIDDEN TRL,,7,Fatal Injury,,No Control,Approaching Head On,Clear,Dark,Dry,Major Arterial,false,-79.46399081472542,43.788444253538394,4,,,7,,,Other Safety Equipment Used,,,,,,,,,,owner,,York Centre (6),32 Division,Westminster-Branson,false,false,false,false,false,false,false,false,false,true,"{""coordinates"": [[-79.46399081472542, 43.788444253538394]], ""type"": ""MultiPoint""}"
3600,2008:1047968,2008-07-11T21:55:00,STEELES AVE W,HIDDEN TRL,,7,Fatal Injury,,No Control,Approaching Head On,Clear,Dark,Dry,Major Arterial,false,-79.46399081472542,43.788444253538394,1,Truck - Open (Flatbed),West,2,26,None,Lap and Shoulder Belt,Driving properly,Normal,,,Going Ahead,,,,,driver,,York Centre (6),32 Division,Westminster-Branson,false,false,false,false,false,false,false,false,false,true,"{""coordinates"": [[-79.46399081472542, 43.788444253538394]], ""type"": ""MultiPoint""}"
3601,2008:1047968,2008-07-11T21:55:00,STEELES AVE W,HIDDEN TRL,,7,Fatal Injury,,No Control,Approaching Head On,Clear,Dark,Dry,Major Arterial,false,-79.46399081472542,43.788444253538394,2,Automobile or Station Wagon,West,4,56,Minor,Lap and Shoulder Belt,Driving properly,Normal,,,Going Ahead,,,,,driver,,York Centre (6),32 Division,Westminster-Branson,false,false,false,false,false,false,false,false,false,true,"{""coordinates"": [[-79.46399081472542, 43.788444253538394]], ""type"": ""MultiPoint""}"
3602,2008:1047968,2008-07-11T21:55:00,STEELES AVE W,HIDDEN TRL,,7,Fatal Injury,,No Control,Approaching Head On,Clear,Dark,Dry,Major Arterial,false,-79.46399081472542,43.788444253538394,2,,,3,21,Minor,Lap and Shoulder Belt,,,,,,,,,,passenger,,York Centre (6),32 Division,Westminster-Branson,false,false,false,false,false,false,false,false,false,true,"{""coordinates"": [[-79.46399081472542, 43.788444253538394]], ""type"": ""MultiPoint""}"
3603,2008:1047968,2008-07-11T21:55:00,STEELES AVE W,HIDDEN TRL,,7,Fatal Injury,,No Control,Approaching Head On,Clear,Dark,Dry,Major Arterial,false,-79.46399081472542,43.788444253538394,1,,,1,,,Other Safety Equipment Used,,,,,,,,,,owner,,York Centre (6),32 Division,Westminster-Branson,false,false,false,false,false,false,false,false,false,true,"{""coordinates"": [[-79.46399081472542, 43.788444253538394]], ""type"": ""MultiPoint""}"
3604,2008:1047968,2008-07-11T21:55:00,STEELES AVE W,HIDDEN TRL,,7,Fatal Injury,,No Control,Approaching Head On,Clear,Dark,Dry,Major Arterial,false,-79.46399081472542,43.788444253538394,3,Automobile or Station Wagon,East,6,34,Fatal,Lap and Shoulder Belt,Lost control,Unknown,,,Going Ahead,,,,,driver,30,York Centre (6),32 Division,Westminster-Branson,false,false,false,false,false,false,false,false,false,true,"{""coordinates"": [[-79.46399081472542, 43.788444253538394]], ""type"": ""MultiPoint""}"
3605,2008:1047968,2008-07-11T21:55:00,STEELES AVE W,HIDDEN TRL,,7,Fatal Injury,,No Control,Approaching Head On,Clear,Dark,Dry,Major Arterial,false,-79.46399081472542,43.788444253538394,3,,,5,,,Other Safety Equipment Used,,,,,,,,,,owner,,York Centre (6),32 Division,Westminster-Branson,false,false,false,false,false,false,false,false,false,true,"{""coordinates"": [[-79.46399081472542, 43.788444253538394]], ""type"": ""MultiPoint""}"
3606,2008:1047657,2008-07-12T00:38:00,688 SCARLETT RD,,,4,Fatal Injury,,No Control,SMV Other,Clear,Dark,Dry,Major Arterial,false,-79.51949104833433,43.694744356185886,1,Automobile or Station Wagon,South,1,27,Fatal,Other Safety Equipment Used,Exceeding speed limit,Unknown,,,Overtaking,,,,,driver,31,Etobicoke Centre (2),23 Division,Humber Heights-Westmount,true,false,false,false,false,false,false,false,false,false,"{""coordinates"": [[-79.51949104833433, 43.694744356185886]], ""type"": ""MultiPoint""}"
3607,2008:1047657,2008-07-12T00:38:00,688 SCARLETT RD,,,4,Fatal Injury,,No Control,SMV Other,Clear,Dark,Dry,Major Arterial,false,-79.51949104833433,43.694744356185886,4,Automobile or Station Wagon,East,4,,None,Other Safety Equipment Used,,,,,Parked,,,,,other,,Etobicoke Centre (2),23 Division,Humber Heights-Westmount,true,false,false,false,false,false,false,false,false,false,"{""coordinates"": [[-79.51949104833433, 43.694744356185886]], ""type"": ""MultiPoint""}"
3608,2008:1047657,2008-07-12T00:38:00,688 SCARLETT RD,,,4,Fatal Injury,,No Control,SMV Other,Clear,Dark,Dry,Major Arterial,false,-79.51949104833433,43.694744356185886,3,Automobile or Station Wagon,West,3,,,Other Safety Equipment Used,,,,,Parked,,,,,other,,Etobicoke Centre (2),23 Division,Humber Heights-Westmount,true,false,false,false,false,false,false,false,false,false,"{""coordinates"": [[-79.51949104833433, 43.694744356185886]], ""type"": ""MultiPoint""}"
3609,2008:1050893,2008-07-13T12:20:00,BLOOR Stre W,KEELE Stre,,2,Non-Fatal Injury,,No Control,Cyclist Collision,Clear,Daylight,Dry,Major Arterial,false,-79.45949101814861,43.654844293456634,2,Bicycle,West,2,58,Major,Equipment Not Used But Available,,,,,Going Ahead,,Driver turns left into path of cyclist,Improper Passing,Normal,cyclist,,Parkdale-High Park (4),11 Division,High Park North,false,false,true,false,false,false,false,false,false,false,"{""coordinates"": [[-79.45949101814861, 43.654844293456634]], ""type"": ""MultiPoint""}"