_id,collision_id,accdate,stname1,stname2,stname3,per_inv,acclass,accloc,traffictl,impactype,visible,light,rdsfcond,road_class,failtorem,longitude,latitude,veh_no,vehtype,initdir,per_no,invage,injury,safequip,drivact,drivcond,pedact,pedcond,manoeuvre,pedtype,cyclistype,cycact,cyccond,road_user,fatal_no,wardname,division,neighbourhood,aggressive,distracted,cyclist,motorcyclist,other_micromobility,older_adult,pedestrian,red_light,school_child,heavy_truck,geometry
3715,2008:1059312,2008-08-07T01:51:00,DANFORTH Aven,BASTEDO Aven,,4,Non-Fatal Injury,,No Control,Sideswipe,Clear,Dark,Dry,Major Arterial,false,-79.31919070560583,43.68434408489474,1,,,1,,,Other Safety Equipment Used,,,,,,,,,,owner,,Beaches-East York (19),55 Division,Danforth,false,false,false,true,false,false,false,false,false,false,"{""coordinates"": [[-79.31919070560583, 43.68434408489474]], ""type"": ""MultiPoint""}"
3716,2008:1052679,2008-08-07T03:16:00,ST CLARENS Aven,BLOOR Stre W,,6,Non-Fatal Injury,,Stop Sign,SMV Other,Clear,Dark,Dry,Major Arterial,true,-79.44169097733308,43.658544265945736,2,,,2,,Minor,Equipment Not Used But Available,,,,,Other,,,,,passenger,,Davenport (9),11 Division,Dufferin Grove,false,false,false,false,false,false,false,false,false,false,"{""coordinates"": [[-79.44169097733308, 43.658544265945736]], ""type"": ""MultiPoint""}"
3717,2008:1052679,2008-08-07T03:16:00,ST CLARENS Aven,BLOOR Stre W,,6,Non-Fatal Injury,,Stop Sign,SMV Other,Clear,Dark,Dry,Major Arterial,true,-79.44169097733308,43.658544265945736,3,Automobile or Station Wagon,North,6,,None,Other Safety Equipment Used,,,,,Going Ahead,,,,,driver,,Davenport (9),11 Division,Dufferin Grove,false,false,false,false,false,false,false,false,false,false,"{""coordinates"": [[-79.44169097733308, 43.658544265945736]], ""type"": ""MultiPoint""}"
3718,2008:1052679,2008-08-07T03:16:00,ST CLARENS Aven,BLOOR Stre W,,6,Non-Fatal Injury,,Stop Sign,SMV Other,Clear,Dark,Dry,Major Arterial,true,-79.44169097733308,43.658544265945736,3,,,4,,Major,Equipment Not Used But Available,,,,,Other,,,,,passenger,,Davenport (9),11 Division,Dufferin Grove,false,false,false,false,false,false,false,false,false,false,"{""coordinates"": [[-79.44169097733308, 43.658544265945736]], ""type"": ""MultiPoint""}"
3719,2008:1052679,2008-08-07T03:16:00,ST CLARENS Aven,BLOOR Stre W,,6,Non-Fatal Injury,,Stop Sign,SMV Other,Clear,Dark,Dry,Major Arterial,true,-79.44169097733308,43.658544265945736,1,,,1,,None,Other Safety Equipment Used,,,,,Parked,,,,,owner,,Davenport (9),11 Division,Dufferin Grove,false,false,false,false,false,false,false,false,false,false,"{""coordinates"": [[-79.44169097733308, 43.658544265945736]], ""type"": ""MultiPoint""}"
3720,2008:1052679,2008-08-07T03:16:00,ST CLARENS Aven,BLOOR Stre W,,6,Non-Fatal Injury,,Stop Sign,SMV Other,Clear,Dark,Dry,Major Arterial,true,-79.44169097733308,43.658544265945736,3,,,5,,Minor,Equipment Not Used But Available,,,,,Other,,,,,passenger,,Davenport (9),11 Division,Dufferin Grove,false,false,false,false,false,false,false,false,false,false,"{""coordinates"": [[-79.44169097733308, 43.658544265945736]], ""type"": ""MultiPoint""}"
3721,2008:1052679,2008-08-07T03:16:00,ST CLARENS Aven,BLOOR Stre W,,6,Non-Fatal Injury,,Stop Sign,SMV Other,Clear,Dark,Dry,Major Arterial,true,-79.44169097733308,43.658544265945736,2,,,3,,None,Other Safety Equipment Used,,,,,Unknown,,,,,owner,,Davenport (9),11 Division,Dufferin Grove,false,false,false,false,false,false,false,false,false,false,"{""coordinates"": [[-79.44169097733308, 43.658544265945736]], ""type"": ""MultiPoint""}"
3722,2008:1052382,2008-08-09T10:35:00,BALLIOL ST,MOUNT PLEASANT RD,,5,Fatal Injury,At Intersection,Stop Sign,Pedestrian Collision(internal code),Clear,Daylight,Dry,Major Arterial,false,-79.38669080850654,43.699244176144745,1,,,3,,,Other Safety Equipment Used,,,,,,,,,,owner,,Don Valley West (15),53 Division,Mount Pleasant East,true,true,false,false,false,true,true,false,false,true,"{""coordinates"": [[-79.38669080850654, 43.699244176144745]], ""type"": ""MultiPoint""}"
3723,2008:1052382,2008-08-09T10:35:00,BALLIOL ST,MOUNT PLEASANT RD,,5,Fatal Injury,At Intersection,Stop Sign,Pedestrian Collision(internal code),Clear,Daylight,Dry,Major Arterial,false,-79.38669080850654,43.699244176144745,1,Truck - Open (Flatbed),East,4,64,None,Other Safety Equipment Used,Failed to yield right-of-way,Inattentive,,,Turning Left,,,,,driver,,Don Valley West (15),53 Division,Mount Pleasant East,true,true,false,false,false,true,true,false,false,true,"{""coordinates"": [[-79.38669080850654, 43.699244176144745]], ""type"": ""MultiPoint""}"
3724,2008:1052382,2008-08-09T10:35:00,BALLIOL ST,MOUNT PLEASANT RD,,5,Fatal Injury,At Intersection,Stop Sign,Pedestrian Collision(internal code),Clear,Daylight,Dry,Major Arterial,false,-79.38669080850654,43.699244176144745,1,Automobile or Station Wagon,,1,22,None,Other Safety Equipment Used,,,,,,,,,,passenger,,Don Valley West (15),53 Division,Mount Pleasant East,true,true,false,false,false,true,true,false,false,true,"{""coordinates"": [[-79.38669080850654, 43.699244176144745]], ""type"": ""MultiPoint""}"
3725,2008:1052382,2008-08-09T10:35:00,BALLIOL ST,MOUNT PLEASANT RD,,5,Fatal Injury,At Intersection,Stop Sign,Pedestrian Collision(internal code),Clear,Daylight,Dry,Major Arterial,false,-79.38669080850654,43.699244176144745,2,,North,5,82,Fatal,Other Safety Equipment Used,,,Crossing with right-of-way (intersection),Normal,,Driver turns left into pedestrian crossing with right-of-way (at intersection),,,,pedestrian,35,Don Valley West (15),53 Division,Mount Pleasant East,true,true,false,false,false,true,true,false,false,true,"{""coordinates"": [[-79.38669080850654, 43.699244176144745]], ""type"": ""MultiPoint""}"
3726,2008:1052382,2008-08-09T10:35:00,BALLIOL ST,MOUNT PLEASANT RD,,5,Fatal Injury,At Intersection,Stop Sign,Pedestrian Collision(internal code),Clear,Daylight,Dry,Major Arterial,false,-79.38669080850654,43.699244176144745,1,,,2,31,None,Other Safety Equipment Used,,,,,,,,,,passenger,,Don Valley West (15),53 Division,Mount Pleasant East,true,true,false,false,false,true,true,false,false,true,"{""coordinates"": [[-79.38669080850654, 43.699244176144745]], ""type"": ""MultiPoint""}"
3727,2008:1053153,2008-08-14T16:59:00,AMHERST AVE,GLENHOLME AVE,,5,Non-Fatal Injury,,No Control,Pedestrian Collision(internal code),Clear,Daylight,Dry,Local,true,-79.44099092097278,43.69124425327525,4,Automobile or Station Wagon,South,3,,None,Other Safety Equipment Used,Lost control,Unknown,,,Reversing,,,,,driver,,Toronto-St. Paul's (12),13 Division,Oakwood Village,false,false,false,false,false,false,true,false,true,false,"{""coordinates"": [[-79.44099092097278, 43.69124425327525]], ""type"": ""MultiPoint""}"
3728,2008:1053153,2008-08-14T16:59:00,AMHERST AVE,GLENHOLME AVE,,5,Non-Fatal Injury,,No Control,Pedestrian Collision(internal code),Clear,Daylight,Dry,Local,true,-79.44099092097278,43.69124425327525,3,,,2,,,Other Safety Equipment Used,,,,,,,,,,owner,,Toronto-St. Paul's (12),13 Division,Oakwood Village,false,false,false,false,false,false,true,false,true,false,"{""coordinates"": [[-79.44099092097278, 43.69124425327525]], ""type"": ""MultiPoint""}"
3729,2008:1053153,2008-08-14T16:59:00,AMHERST AVE,GLENHOLME AVE,,5,Non-Fatal Injury,,No Control,Pedestrian Collision(internal code),Clear,Daylight,Dry,Local,true,-79.44099092097278,43.69124425327525,2,,East,1,,,Other Safety Equipment Used,,,,,Parked,,,,,other,,Toronto-St. Paul's (12),13 Division,Oakwood Village,false,false,false,false,false,false,true,false,true,false,"{""coordinates"": [[-79.44099092097278, 43.69124425327525]], ""type"": ""MultiPoint""}"
3730,2008:1053153,2008-08-14T16:59:00,AMHERST AVE,GLENHOLME AVE,,5,Non-Fatal Injury,,No Control,Pedestrian Collision(internal code),Clear,Daylight,Dry,Local,true,-79.44099092097278,43.69124425327525,1,Automobile or Station Wagon,East,4,,,Other Safety Equipment Used,,,,,Parked,,,,,other,,Toronto-St. Paul's (12),13 Division,Oakwood Village,false,false,false,false,false,false,true,false,true,false,"{""coordinates"": [[-79.44099092097278, 43.69124425327525]], ""type"": ""MultiPoint""}"
3731,2008:1053153,2008-08-14T16:59:00,AMHERST AVE,GLENHOLME AVE,,5,Non-Fatal Injury,,No Control,Pedestrian Collision(internal code),Clear,Daylight,Dry,Local,true,-79.44099092097278,43.69124425327525,5,,East,5,8,Major,Other Safety Equipment Used,,,On sidewalk or shoulder,Normal,,Driver reversing hits pedestrian,,,,pedestrian,,Toronto-St. Paul's (12),13 Division,Oakwood Village,false,false,false,false,false,false,true,false,true,false,"{""coordinates"": [[-79.44099092097278, 43.69124425327525]], ""type"": ""MultiPoint""}"
3732,2008:1053906,2008-08-14T20:45:00,ST CLAIR Aven W,FORD Stre,,2,Non-Fatal Injury,At Intersection,No Control,Sideswipe,Clear,Dark,Dry,Major Arterial,true,-79.4624909912639,43.673644290234684,1,Motorcycle,East,1,25,Major,Helmet,Driving properly,Normal,,,Going Ahead,,,,,motorcyclist,,Davenport (9),11 Division,Weston-Pelham Park,false,false,false,true,false,false,false,false,false,false,"{""coordinates"": [[-79.4624909912639, 43.673644290234684]], ""type"": ""MultiPoint""}"
3733,2008:1053906,2008-08-14T20:45:00,ST CLAIR Aven W,FORD Stre,,2,Non-Fatal Injury,At Intersection,No Control,Sideswipe,Clear,Dark,Dry,Major Arterial,true,-79.4624909912639,43.673644290234684,2,Automobile or Station Wagon,East,2,,None,Other Safety Equipment Used,Improper lane change,Unknown,,,Changing Lanes,,,,,driver,,Davenport (9),11 Division,Weston-Pelham Park,false,false,false,true,false,false,false,false,false,false,"{""coordinates"": [[-79.4624909912639, 43.673644290234684]], ""type"": ""MultiPoint""}"
3734,2008:1062414,2008-08-15T06:30:00,LAWRENCE AVE W,CALEDONIA RD,,2,Non-Fatal Injury,,No Control,Sideswipe,Clear,Daylight,Dry,Major Arterial,false,-79.46719093407937,43.711344281220384,2,Automobile or Station Wagon,East,2,86,Major,Use Unknown,Lost control,Medical or Physical Disability,,,Going Ahead,,,,,driver,,Eglinton-Lawrence (8),13 Division,Yorkdale-Glen Park,false,false,false,false,false,true,false,false,false,false,"{""coordinates"": [[-79.46719093407937, 43.711344281220384]], ""type"": ""MultiPoint""}"
3735,2008:1062414,2008-08-15T06:30:00,LAWRENCE AVE W,CALEDONIA RD,,2,Non-Fatal Injury,,No Control,Sideswipe,Clear,Daylight,Dry,Major Arterial,false,-79.46719093407937,43.711344281220384,1,Automobile or Station Wagon,East,1,41,None,Other Safety Equipment Used,Driving properly,Normal,,,Going Ahead,,,,,driver,,Eglinton-Lawrence (8),13 Division,Yorkdale-Glen Park,false,false,false,false,false,true,false,false,false,false,"{""coordinates"": [[-79.46719093407937, 43.711344281220384]], ""type"": ""MultiPoint""}"
3736,2008:1053515,2008-08-15T07:00:00,EGLINTON AVE W,AVENUE RD,,3,Non-Fatal Injury,,No Control,Rear End,Clear,Daylight,Dry,Major Arterial,false,-79.40829083928311,43.7046442041802,3,,,3,,,Other Safety Equipment Used,,,,,,,,,,owner,,Toronto-St. Paul's (12),53 Division,Yonge-Eglinton,true,false,false,false,false,true,false,false,false,false,"{""coordinates"": [[-79.40829083928311, 43.7046442041802]], ""type"": ""MultiPoint""}"
3737,2008:1053515,2008-08-15T07:00:00,EGLINTON AVE W,AVENUE RD,,3,Non-Fatal Injury,,No Control,Rear End,Clear,Daylight,Dry,Major Arterial,false,-79.40829083928311,43.7046442041802,1,Automobile or Station Wagon,East,1,33,None,Use Unknown,Driving properly,Normal,,,Turning Right,,,,,driver,,Toronto-St. Paul's (12),53 Division,Yonge-Eglinton,true,false,false,false,false,true,false,false,false,false,"{""coordinates"": [[-79.40829083928311, 43.7046442041802]], ""type"": ""MultiPoint""}"
3738,2008:1053515,2008-08-15T07:00:00,EGLINTON AVE W,AVENUE RD,,3,Non-Fatal Injury,,No Control,Rear End,Clear,Daylight,Dry,Major Arterial,false,-79.40829083928311,43.7046442041802,2,Automobile or Station Wagon,East,2,86,Major,Other Safety Equipment Used,Following too closely,Medical or Physical Disability,,,Going Ahead,,,,,driver,,Toronto-St. Paul's (12),53 Division,Yonge-Eglinton,true,false,false,false,false,true,false,false,false,false,"{""coordinates"": [[-79.40829083928311, 43.7046442041802]], ""type"": ""MultiPoint""}"
3739,2008:1053428,2008-08-15T18:31:00,HORSHAM AVE,YONGE ST,,6,Non-Fatal Injury,,No Control,Pedestrian Collision(internal code),Clear,Daylight,Wet,Major Arterial,false,-79.41439074937365,43.775144196232496,1,,,2,3,None,Other Safety Equipment Used,,,,,,,,,,passenger,,Willowdale (18),32 Division,Willowdale West,false,true,false,false,false,false,true,false,true,false,"{""coordinates"": [[-79.41439074937365, 43.775144196232496]], ""type"": ""MultiPoint""}"
3740,2008:1053428,2008-08-15T18:31:00,HORSHAM AVE,YONGE ST,,6,Non-Fatal Injury,,No Control,Pedestrian Collision(internal code),Clear,Daylight,Wet,Major Arterial,false,-79.41439074937365,43.775144196232496,1,,,1,,,Other Safety Equipment Used,,,,,,,,,,owner,,Willowdale (18),32 Division,Willowdale West,false,true,false,false,false,false,true,false,true,false,"{""coordinates"": [[-79.41439074937365, 43.775144196232496]], ""type"": ""MultiPoint""}"
3741,2008:1053428,2008-08-15T18:31:00,HORSHAM AVE,YONGE ST,,6,Non-Fatal Injury,,No Control,Pedestrian Collision(internal code),Clear,Daylight,Wet,Major Arterial,false,-79.41439074937365,43.775144196232496,2,,North,6,8,Major,Other Safety Equipment Used,,,Running onto roadway,Inattentive,,Driver going straight hits pedestrian crossing without right-of-way (at intersection),,,,pedestrian,,Willowdale (18),32 Division,Willowdale West,false,true,false,false,false,false,true,false,true,false,"{""coordinates"": [[-79.41439074937365, 43.775144196232496]], ""type"": ""MultiPoint""}"
3742,2008:1053428,2008-08-15T18:31:00,HORSHAM AVE,YONGE ST,,6,Non-Fatal Injury,,No Control,Pedestrian Collision(internal code),Clear,Daylight,Wet,Major Arterial,false,-79.41439074937365,43.775144196232496,1,,,3,1,None,Other Safety Equipment Used,,,,,,,,,,passenger,,Willowdale (18),32 Division,Willowdale West,false,true,false,false,false,false,true,false,true,false,"{""coordinates"": [[-79.41439074937365, 43.775144196232496]], ""type"": ""MultiPoint""}"
3743,2008:1053428,2008-08-15T18:31:00,HORSHAM AVE,YONGE ST,,6,Non-Fatal Injury,,No Control,Pedestrian Collision(internal code),Clear,Daylight,Wet,Major Arterial,false,-79.41439074937365,43.775144196232496,1,,,4,32,None,Other Safety Equipment Used,,,,,,,,,,passenger,,Willowdale (18),32 Division,Willowdale West,false,true,false,false,false,false,true,false,true,false,"{""coordinates"": [[-79.41439074937365, 43.775144196232496]], ""type"": ""MultiPoint""}"
3744,2008:1053428,2008-08-15T18:31:00,HORSHAM AVE,YONGE ST,,6,Non-Fatal Injury,,No Control,Pedestrian Collision(internal code),Clear,Daylight,Wet,Major Arterial,false,-79.41439074937365,43.775144196232496,1,Automobile or Station Wagon,East,5,33,None,Other Safety Equipment Used,Driving properly,Normal,,,Going Ahead,,,,,driver,,Willowdale (18),32 Division,Willowdale West,false,true,false,false,false,false,true,false,true,false,"{""coordinates"": [[-79.41439074937365, 43.775144196232496]], ""type"": ""MultiPoint""}"
3745,2008:1057611,2008-08-15T19:58:00,DUPONT Stre,CHRISTIE Stre,,8,Non-Fatal Injury,,No Control,Sideswipe,Rain,Daylight,Wet,Major Arterial,false,-79.42089091563683,43.67174423143935,7,Automobile or Station Wagon,West,8,30,Minimal,Lap and Shoulder Belt,Driving properly,Normal,,,Stopped,,,,,driver,,University-Rosedale (11),14 Division,Annex,false,false,false,false,false,false,false,false,true,false,"{""coordinates"": [[-79.42089091563683, 43.67174423143935]], ""type"": ""MultiPoint""}"
3746,2008:1057611,2008-08-15T19:58:00,DUPONT Stre,CHRISTIE Stre,,8,Non-Fatal Injury,,No Control,Sideswipe,Rain,Daylight,Wet,Major Arterial,false,-79.42089091563683,43.67174423143935,4,,,4,,,Other Safety Equipment Used,,,,,,,,,,owner,,University-Rosedale (11),14 Division,Annex,false,false,false,false,false,false,false,false,true,false,"{""coordinates"": [[-79.42089091563683, 43.67174423143935]], ""type"": ""MultiPoint""}"
3747,2008:1057611,2008-08-15T19:58:00,DUPONT Stre,CHRISTIE Stre,,8,Non-Fatal Injury,,No Control,Sideswipe,Rain,Daylight,Wet,Major Arterial,false,-79.42089091563683,43.67174423143935,3,Automobile or Station Wagon,West,3,42,None,Lap and Shoulder Belt,Driving properly,Normal,,,Going Ahead,,,,,driver,,University-Rosedale (11),14 Division,Annex,false,false,false,false,false,false,false,false,true,false,"{""coordinates"": [[-79.42089091563683, 43.67174423143935]], ""type"": ""MultiPoint""}"
3748,2008:1057611,2008-08-15T19:58:00,DUPONT Stre,CHRISTIE Stre,,8,Non-Fatal Injury,,No Control,Sideswipe,Rain,Daylight,Wet,Major Arterial,false,-79.42089091563683,43.67174423143935,2,Automobile or Station Wagon,West,2,60,None,Lap and Shoulder Belt,Driving properly,Normal,,,Stopped,,,,,driver,,University-Rosedale (11),14 Division,Annex,false,false,false,false,false,false,false,false,true,false,"{""coordinates"": [[-79.42089091563683, 43.67174423143935]], ""type"": ""MultiPoint""}"
3749,2008:1057611,2008-08-15T19:58:00,DUPONT Stre,CHRISTIE Stre,,8,Non-Fatal Injury,,No Control,Sideswipe,Rain,Daylight,Wet,Major Arterial,false,-79.42089091563683,43.67174423143935,6,Automobile or Station Wagon,West,7,51,Major,Lap and Shoulder Belt,Lost control,Unknown,,,Going Ahead,,,,,driver,,University-Rosedale (11),14 Division,Annex,false,false,false,false,false,false,false,false,true,false,"{""coordinates"": [[-79.42089091563683, 43.67174423143935]], ""type"": ""MultiPoint""}"
3750,2008:1057611,2008-08-15T19:58:00,DUPONT Stre,CHRISTIE Stre,,8,Non-Fatal Injury,,No Control,Sideswipe,Rain,Daylight,Wet,Major Arterial,false,-79.42089091563683,43.67174423143935,5,Automobile or Station Wagon,West,6,32,Minimal,Lap and Shoulder Belt,Driving properly,Normal,,,Stopped,,,,,driver,,University-Rosedale (11),14 Division,Annex,false,false,false,false,false,false,false,false,true,false,"{""coordinates"": [[-79.42089091563683, 43.67174423143935]], ""type"": ""MultiPoint""}"
3751,2008:1057611,2008-08-15T19:58:00,DUPONT Stre,CHRISTIE Stre,,8,Non-Fatal Injury,,No Control,Sideswipe,Rain,Daylight,Wet,Major Arterial,false,-79.42089091563683,43.67174423143935,4,Automobile or Station Wagon,West,5,19,None,Lap and Shoulder Belt,Driving properly,Normal,,,Stopped,,,,,driver,,University-Rosedale (11),14 Division,Annex,false,false,false,false,false,false,false,false,true,false,"{""coordinates"": [[-79.42089091563683, 43.67174423143935]], ""type"": ""MultiPoint""}"
3752,2008:1057611,2008-08-15T19:58:00,DUPONT Stre,CHRISTIE Stre,,8,Non-Fatal Injury,,No Control,Sideswipe,Rain,Daylight,Wet,Major Arterial,false,-79.42089091563683,43.67174423143935,1,Automobile or Station Wagon,West,1,36,None,Lap and Shoulder Belt,Driving properly,Normal,,,Stopped,,,,,driver,,University-Rosedale (11),14 Division,Annex,false,false,false,false,false,false,false,false,true,false,"{""coordinates"": [[-79.42089091563683, 43.67174423143935]], ""type"": ""MultiPoint""}"
3753,2008:1053672,2008-08-17T21:25:00,WARDEN Aven,FINCH Aven E,,2,Fatal Injury,,No Control,Pedestrian Collision(internal code),Clear,Dark,Dry,Major Arterial,false,-79.31619056730759,43.79784407872572,2,,East,2,48,Fatal,Other Safety Equipment Used,,,Crossing - no traffic control,Ability Impaired - Alcohol,Going Ahead,Driver hits pedestrian at midblock,,,,pedestrian,36,Scarborough-Agincourt (22),42 Division,East L'Amoreaux,false,false,false,false,false,true,true,false,false,false,"{""coordinates"": [[-79.31619056730759, 43.79784407872572]], ""type"": ""MultiPoint""}"
3754,2008:1053672,2008-08-17T21:25:00,WARDEN Aven,FINCH Aven E,,2,Fatal Injury,,No Control,Pedestrian Collision(internal code),Clear,Dark,Dry,Major Arterial,false,-79.31619056730759,43.79784407872572,1,Automobile or Station Wagon,North,1,66,None,Lap and Shoulder Belt,Driving properly,Unknown,,,Going Ahead,,,,,driver,,Scarborough-Agincourt (22),42 Division,East L'Amoreaux,false,false,false,false,false,true,true,false,false,false,"{""coordinates"": [[-79.31619056730759, 43.79784407872572]], ""type"": ""MultiPoint""}"
3755,2008:1053634,2008-08-18T02:50:00,SCARLETT RD,ST CLAIR AVE W,,1,Non-Fatal Injury,,Traffic Signal,SMV Other,Clear,Dark,Dry,Major Arterial,false,-79.49929107487904,43.66604434650284,1,Automobile or Station Wagon,South,1,83,Major,Other Safety Equipment Used,Other,Other Condition,,,Going Ahead,,,,,driver,,York South-Weston (5),12 Division,Rockcliffe-Smythe,false,false,false,false,false,true,false,false,false,false,"{""coordinates"": [[-79.49929107487904, 43.66604434650284]], ""type"": ""MultiPoint""}"
3756,2008:1057794,2008-08-18T07:50:00,3807 VICTORIA PARK Ave,,,2,Non-Fatal Injury,,No Control,Approaching Head On,Clear,Daylight,Dry,Major Arterial,false,-79.3387905916916,43.809944105318955,1,Automobile or Station Wagon,South,1,68,Minimal,Lap and Shoulder Belt,Lost control,Medical or Physical Disability,,,Going Ahead,,,,,driver,,Scarborough-Agincourt (22),42 Division,Steeles,false,false,false,false,false,true,false,false,false,false,"{""coordinates"": [[-79.3387905916916, 43.809944105318955]], ""type"": ""MultiPoint""}"
3757,2008:1057794,2008-08-18T07:50:00,3807 VICTORIA PARK Ave,,,2,Non-Fatal Injury,,No Control,Approaching Head On,Clear,Daylight,Dry,Major Arterial,false,-79.3387905916916,43.809944105318955,2,Automobile or Station Wagon,North,2,54,Major,Lap and Shoulder Belt,Driving properly,Normal,,,Going Ahead,,,,,driver,,Scarborough-Agincourt (22),42 Division,Steeles,false,false,false,false,false,true,false,false,false,false,"{""coordinates"": [[-79.3387905916916, 43.809944105318955]], ""type"": ""MultiPoint""}"
3758,2008:1057950,2008-08-19T12:20:00,BAY ST,DAVENPORT RD,,2,Non-Fatal Injury,At Intersection,Traffic Signal,Pedestrian Collision(internal code),Clear,Daylight,Dry,Major Arterial,false,-79.39079085635835,43.673144188003896,1,Truck - Open (Flatbed),North,1,57,None,Lap and Shoulder Belt,Failed to yield right-of-way,Inattentive,,,Going Ahead,,,,,driver,,University-Rosedale (11),53 Division,Annex,true,true,false,false,false,true,true,false,false,true,"{""coordinates"": [[-79.39079085635835, 43.673144188003896]], ""type"": ""MultiPoint""}"
3759,2008:1057950,2008-08-19T12:20:00,BAY ST,DAVENPORT RD,,2,Non-Fatal Injury,At Intersection,Traffic Signal,Pedestrian Collision(internal code),Clear,Daylight,Dry,Major Arterial,false,-79.39079085635835,43.673144188003896,2,,East,2,85,Major,Other Safety Equipment Used,,,Crossing with right-of-way (intersection),Unknown,,Driver going straight hits pedestrian crossing with right-of-way (at intersection),,,,pedestrian,,University-Rosedale (11),53 Division,Annex,true,true,false,false,false,true,true,false,false,true,"{""coordinates"": [[-79.39079085635835, 43.673144188003896]], ""type"": ""MultiPoint""}"
3760,2008:1058226,2008-08-20T19:13:00,BURNHAMTHORPE Road,RENFORTH Driv,,3,Non-Fatal Injury,At Intersection,Traffic Signal,Turning Movement,Clear,Daylight,Dry,Major Arterial,false,-79.5724912126181,43.64334444797518,1,Automobile or Station Wagon,East,1,50,Major,Lap and Shoulder Belt,Improper turn,Normal,,,Turning Left,,,,,driver,,Etobicoke Centre (2),22 Division,Eringate-Centennial-West Deane,true,false,false,false,false,false,false,true,false,false,"{""coordinates"": [[-79.5724912126181, 43.64334444797518]], ""type"": ""MultiPoint""}"
3761,2008:1058226,2008-08-20T19:13:00,BURNHAMTHORPE Road,RENFORTH Driv,,3,Non-Fatal Injury,At Intersection,Traffic Signal,Turning Movement,Clear,Daylight,Dry,Major Arterial,false,-79.5724912126181,43.64334444797518,2,Automobile or Station Wagon,West,2,52,Minimal,Lap and Shoulder Belt,Disobeyed traffic control,Normal,,,Going Ahead,,,,,driver,,Etobicoke Centre (2),22 Division,Eringate-Centennial-West Deane,true,false,false,false,false,false,false,true,false,false,"{""coordinates"": [[-79.5724912126181, 43.64334444797518]], ""type"": ""MultiPoint""}"
3762,2008:1058226,2008-08-20T19:13:00,BURNHAMTHORPE Road,RENFORTH Driv,,3,Non-Fatal Injury,At Intersection,Traffic Signal,Turning Movement,Clear,Daylight,Dry,Major Arterial,false,-79.5724912126181,43.64334444797518,3,Automobile or Station Wagon,South,3,62,None,Lap and Shoulder Belt,Driving properly,Normal,,,Stopped,,,,,driver,,Etobicoke Centre (2),22 Division,Eringate-Centennial-West Deane,true,false,false,false,false,false,false,true,false,false,"{""coordinates"": [[-79.5724912126181, 43.64334444797518]], ""type"": ""MultiPoint""}"
3763,2008:1057990,2008-08-21T17:55:00,EGLINTON Aven W,LLOYD MANOR Road,,6,Non-Fatal Injury,,No Control,Rear End,Clear,Daylight,Dry,Major Arterial,false,-79.55439112735837,43.67634440729702,2,Truck - Open (Flatbed),East,3,28,None,Lap and Shoulder Belt,Following too closely,Normal,,,Going Ahead,,,,,driver,,Etobicoke Centre (2),22 Division,Princess-Rosethorn,true,false,false,false,false,false,false,false,false,true,"{""coordinates"": [[-79.55439112735837, 43.67634440729702]], ""type"": ""MultiPoint""}"
3764,2008:1057990,2008-08-21T17:55:00,EGLINTON Aven W,LLOYD MANOR Road,,6,Non-Fatal Injury,,No Control,Rear End,Clear,Daylight,Dry,Major Arterial,false,-79.55439112735837,43.67634440729702,3,Automobile or Station Wagon,East,4,30,None,Lap and Shoulder Belt,Driving properly,Normal,,,Stopped,,,,,driver,,Etobicoke Centre (2),22 Division,Princess-Rosethorn,true,false,false,false,false,false,false,false,false,true,"{""coordinates"": [[-79.55439112735837, 43.67634440729702]], ""type"": ""MultiPoint""}"
3765,2008:1057990,2008-08-21T17:55:00,EGLINTON Aven W,LLOYD MANOR Road,,6,Non-Fatal Injury,,No Control,Rear End,Clear,Daylight,Dry,Major Arterial,false,-79.55439112735837,43.67634440729702,4,Automobile or Station Wagon,East,5,63,None,Lap and Shoulder Belt,Driving properly,Normal,,,Stopped,,,,,driver,,Etobicoke Centre (2),22 Division,Princess-Rosethorn,true,false,false,false,false,false,false,false,false,true,"{""coordinates"": [[-79.55439112735837, 43.67634440729702]], ""type"": ""MultiPoint""}"
3766,2008:1057990,2008-08-21T17:55:00,EGLINTON Aven W,LLOYD MANOR Road,,6,Non-Fatal Injury,,No Control,Rear End,Clear,Daylight,Dry,Major Arterial,false,-79.55439112735837,43.67634440729702,5,Automobile or Station Wagon,East,6,42,Major,Lap and Shoulder Belt,Driving properly,Normal,,,Stopped,,,,,driver,,Etobicoke Centre (2),22 Division,Princess-Rosethorn,true,false,false,false,false,false,false,false,false,true,"{""coordinates"": [[-79.55439112735837, 43.67634440729702]], ""type"": ""MultiPoint""}"
3767,2008:1057990,2008-08-21T17:55:00,EGLINTON Aven W,LLOYD MANOR Road,,6,Non-Fatal Injury,,No Control,Rear End,Clear,Daylight,Dry,Major Arterial,false,-79.55439112735837,43.67634440729702,1,Automobile or Station Wagon,East,1,27,Minimal,Lap and Shoulder Belt,Driving properly,Normal,,,Stopped,,,,,driver,,Etobicoke Centre (2),22 Division,Princess-Rosethorn,true,false,false,false,false,false,false,false,false,true,"{""coordinates"": [[-79.55439112735837, 43.67634440729702]], ""type"": ""MultiPoint""}"
3768,2008:1057990,2008-08-21T17:55:00,EGLINTON Aven W,LLOYD MANOR Road,,6,Non-Fatal Injury,,No Control,Rear End,Clear,Daylight,Dry,Major Arterial,false,-79.55439112735837,43.67634440729702,2,,,2,,,Other Safety Equipment Used,,,,,,,,,,owner,,Etobicoke Centre (2),22 Division,Princess-Rosethorn,true,false,false,false,false,false,false,false,false,true,"{""coordinates"": [[-79.55439112735837, 43.67634440729702]], ""type"": ""MultiPoint""}"