_id,collision_id,accdate,stname1,stname2,stname3,per_inv,acclass,accloc,traffictl,impactype,visible,light,rdsfcond,road_class,failtorem,longitude,latitude,veh_no,vehtype,initdir,per_no,invage,injury,safequip,drivact,drivcond,pedact,pedcond,manoeuvre,pedtype,cyclistype,cycact,cyccond,road_user,fatal_no,wardname,division,neighbourhood,aggressive,distracted,cyclist,motorcyclist,other_micromobility,older_adult,pedestrian,red_light,school_child,heavy_truck,geometry
4136,2008:1075887,2008-11-30T19:30:00,BARKWIN DR,ISLINGTON AVE,,2,Non-Fatal Injury,At Intersection,Stop Sign,Cyclist Collision,Clear,Dark,Dry,Major Arterial,true,-79.5656910261357,43.73814438550072,1,Bicycle,South,2,45,Major,No Equipment Available,,,,,Going Ahead,,"Cyclist without right-of-way rides into path of driver (at intersection, laneway, or driveway)",Failed to Yield Right of Way,Inattentive,cyclist,,Etobicoke North (1),23 Division,Thistletown-Beaumond Heights,false,true,true,false,false,false,false,false,false,false,"{""coordinates"": [[-79.5656910261357, 43.73814438550072]], ""type"": ""MultiPoint""}"
4137,2008:1078711,2008-12-01T13:30:00,BATHURST Stre,ULSTER Stre,,2,Non-Fatal Injury,At Intersection,Traffic Signal,Sideswipe,Freezing Rain or Hail,Daylight,Wet,Major Arterial,false,-79.40909091240225,43.65974421792715,1,Motorcycle,North,1,38,Major,Helmet,Improper lane change,Inattentive,,,Changing Lanes,,,,,motorcyclist,,University-Rosedale (11),14 Division,Palmerston-Little Italy,false,true,false,true,false,false,false,false,false,false,"{""coordinates"": [[-79.40909091240225, 43.65974421792715]], ""type"": ""MultiPoint""}"
4138,2008:1078711,2008-12-01T13:30:00,BATHURST Stre,ULSTER Stre,,2,Non-Fatal Injury,At Intersection,Traffic Signal,Sideswipe,Freezing Rain or Hail,Daylight,Wet,Major Arterial,false,-79.40909091240225,43.65974421792715,2,Automobile or Station Wagon,North,2,21,None,Lap and Shoulder Belt,Driving properly,Normal,,,Going Ahead,,,,,driver,,University-Rosedale (11),14 Division,Palmerston-Little Italy,false,true,false,true,false,false,false,false,false,false,"{""coordinates"": [[-79.40909091240225, 43.65974421792715]], ""type"": ""MultiPoint""}"
4139,2008:1073546,2008-12-02T12:22:00,STEELES AVE W,PETROLIA RD,,2,Non-Fatal Injury,At Intersection,Traffic Signal,Pedestrian Collision(internal code),Clear,Daylight,Dry,Major Arterial,false,-79.4900908642564,43.782544285907925,1,,North,1,42,Major,Other Safety Equipment Used,,,Crossing with right-of-way (intersection),Normal,,Driver turns left into pedestrian crossing with right-of-way (at intersection),,,,pedestrian,,York Centre (6),31 Division,York University Heights,true,true,false,false,false,false,true,false,false,false,"{""coordinates"": [[-79.4900908642564, 43.782544285907925]], ""type"": ""MultiPoint""}"
4140,2008:1073546,2008-12-02T12:22:00,STEELES AVE W,PETROLIA RD,,2,Non-Fatal Injury,At Intersection,Traffic Signal,Pedestrian Collision(internal code),Clear,Daylight,Dry,Major Arterial,false,-79.4900908642564,43.782544285907925,1,Automobile or Station Wagon,South,2,53,None,Other Safety Equipment Used,Failed to yield right-of-way,Inattentive,,,Turning Left,,,,,driver,,York Centre (6),31 Division,York University Heights,true,true,false,false,false,false,true,false,false,false,"{""coordinates"": [[-79.4900908642564, 43.782544285907925]], ""type"": ""MultiPoint""}"
4141,2008:1079532,2008-12-03T11:34:00,EGLINTON AVE E,ST DENNIS EGLINTON E RAMP,,4,Non-Fatal Injury,,No Control,Pedestrian Collision(internal code),Clear,Daylight,Dry,Major Arterial,false,-79.32319065764476,43.72494408716185,3,,,4,53,Major,Other Safety Equipment Used,,,Running onto roadway,Inattentive,,Driver hits pedestrian at midblock,,,,pedestrian,,Don Valley East (16),55 Division,Flemingdon Park,false,true,false,false,false,false,true,false,false,true,"{""coordinates"": [[-79.32319065764476, 43.72494408716185]], ""type"": ""MultiPoint""}"
4142,2008:1079532,2008-12-03T11:34:00,EGLINTON AVE E,ST DENNIS EGLINTON E RAMP,,4,Non-Fatal Injury,,No Control,Pedestrian Collision(internal code),Clear,Daylight,Dry,Major Arterial,false,-79.32319065764476,43.72494408716185,1,,,1,,,Other Safety Equipment Used,,,,,,,,,,owner,,Don Valley East (16),55 Division,Flemingdon Park,false,true,false,false,false,false,true,false,false,true,"{""coordinates"": [[-79.32319065764476, 43.72494408716185]], ""type"": ""MultiPoint""}"
4143,2008:1079532,2008-12-03T11:34:00,EGLINTON AVE E,ST DENNIS EGLINTON E RAMP,,4,Non-Fatal Injury,,No Control,Pedestrian Collision(internal code),Clear,Daylight,Dry,Major Arterial,false,-79.32319065764476,43.72494408716185,1,Truck - Open (Flatbed),East,2,42,None,Other Safety Equipment Used,Driving properly,Normal,,,Going Ahead,,,,,driver,,Don Valley East (16),55 Division,Flemingdon Park,false,true,false,false,false,false,true,false,false,true,"{""coordinates"": [[-79.32319065764476, 43.72494408716185]], ""type"": ""MultiPoint""}"
4144,2008:1079532,2008-12-03T11:34:00,EGLINTON AVE E,ST DENNIS EGLINTON E RAMP,,4,Non-Fatal Injury,,No Control,Pedestrian Collision(internal code),Clear,Daylight,Dry,Major Arterial,false,-79.32319065764476,43.72494408716185,2,,,3,,None,Other Safety Equipment Used,,,,,Unknown,,,,,other,,Don Valley East (16),55 Division,Flemingdon Park,false,true,false,false,false,false,true,false,false,true,"{""coordinates"": [[-79.32319065764476, 43.72494408716185]], ""type"": ""MultiPoint""}"
4145,2008:1079815,2008-12-03T19:05:00,40 CLUNY DR,CRESCENT Road,,3,Non-Fatal Injury,,No Control,Pedestrian Collision(internal code),Clear,Dark,Dry,Local,false,-79.38629084200443,43.67694418070472,2,,East,3,59,Major,Other Safety Equipment Used,,,Crossing - no traffic control,Inattentive,,Driver hits pedestrian at midblock,,,,pedestrian,,University-Rosedale (11),53 Division,Rosedale-Moore Park,false,true,false,false,false,false,true,false,false,false,"{""coordinates"": [[-79.38629084200443, 43.67694418070472]], ""type"": ""MultiPoint""}"
4146,2008:1079815,2008-12-03T19:05:00,40 CLUNY DR,CRESCENT Road,,3,Non-Fatal Injury,,No Control,Pedestrian Collision(internal code),Clear,Dark,Dry,Local,false,-79.38629084200443,43.67694418070472,1,,,1,,,Other Safety Equipment Used,,,,,,,,,,owner,,University-Rosedale (11),53 Division,Rosedale-Moore Park,false,true,false,false,false,false,true,false,false,false,"{""coordinates"": [[-79.38629084200443, 43.67694418070472]], ""type"": ""MultiPoint""}"
4147,2008:1079815,2008-12-03T19:05:00,40 CLUNY DR,CRESCENT Road,,3,Non-Fatal Injury,,No Control,Pedestrian Collision(internal code),Clear,Dark,Dry,Local,false,-79.38629084200443,43.67694418070472,1,Automobile or Station Wagon,South,2,42,None,Lap and Shoulder Belt,Driving properly,Normal,,,Going Ahead,,,,,driver,,University-Rosedale (11),53 Division,Rosedale-Moore Park,false,true,false,false,false,false,true,false,false,false,"{""coordinates"": [[-79.38629084200443, 43.67694418070472]], ""type"": ""MultiPoint""}"
4148,2008:1074035,2008-12-04T07:01:00,HIGHWAY 27 S,ALBION RD,,4,Non-Fatal Injury,,No Control,Pedestrian Collision(internal code),Clear,Dark,Wet,Major Arterial,false,-79.61029106101583,43.74934442845104,1,Truck - Open (Flatbed),South,2,59,None,Other Safety Equipment Used,Driving properly,Normal,,,Going Ahead,,,,,driver,,Etobicoke North (1),23 Division,West Humber-Clairville,false,false,false,false,false,false,true,false,true,true,"{""coordinates"": [[-79.61029106101583, 43.74934442845104]], ""type"": ""MultiPoint""}"
4149,2008:1074035,2008-12-04T07:01:00,HIGHWAY 27 S,ALBION RD,,4,Non-Fatal Injury,,No Control,Pedestrian Collision(internal code),Clear,Dark,Wet,Major Arterial,false,-79.61029106101583,43.74934442845104,3,,East,4,17,Major,Other Safety Equipment Used,,,Crossing - no traffic control,Normal,,Driver hits pedestrian at midblock,,,,pedestrian,,Etobicoke North (1),23 Division,West Humber-Clairville,false,false,false,false,false,false,true,false,true,true,"{""coordinates"": [[-79.61029106101583, 43.74934442845104]], ""type"": ""MultiPoint""}"
4150,2008:1074035,2008-12-04T07:01:00,HIGHWAY 27 S,ALBION RD,,4,Non-Fatal Injury,,No Control,Pedestrian Collision(internal code),Clear,Dark,Wet,Major Arterial,false,-79.61029106101583,43.74934442845104,2,,,3,,,Other Safety Equipment Used,,,,,,,,,,owner,,Etobicoke North (1),23 Division,West Humber-Clairville,false,false,false,false,false,false,true,false,true,true,"{""coordinates"": [[-79.61029106101583, 43.74934442845104]], ""type"": ""MultiPoint""}"
4151,2008:1074035,2008-12-04T07:01:00,HIGHWAY 27 S,ALBION RD,,4,Non-Fatal Injury,,No Control,Pedestrian Collision(internal code),Clear,Dark,Wet,Major Arterial,false,-79.61029106101583,43.74934442845104,1,,,1,,,Other Safety Equipment Used,,,,,,,,,,owner,,Etobicoke North (1),23 Division,West Humber-Clairville,false,false,false,false,false,false,true,false,true,true,"{""coordinates"": [[-79.61029106101583, 43.74934442845104]], ""type"": ""MultiPoint""}"
4152,2008:1079597,2008-12-04T07:06:00,WILSON AVE,LEXFIELD AVE,,2,Non-Fatal Injury,,No Control,Pedestrian Collision(internal code),Clear,Daylight,Wet,Major Arterial,false,-79.4967909650968,43.72334431504952,1,Automobile or Station Wagon,West,1,50,None,Lap and Shoulder Belt,Driving properly,Normal,,,Going Ahead,,,,,driver,,York Centre (6),31 Division,Oakdale-Beverley Heights,false,false,false,false,false,false,true,false,false,false,"{""coordinates"": [[-79.4967909650968, 43.72334431504952]], ""type"": ""MultiPoint""}"
4153,2008:1079597,2008-12-04T07:06:00,WILSON AVE,LEXFIELD AVE,,2,Non-Fatal Injury,,No Control,Pedestrian Collision(internal code),Clear,Daylight,Wet,Major Arterial,false,-79.4967909650968,43.72334431504952,2,,South,2,43,Major,Other Safety Equipment Used,,,Running onto roadway,Normal,,Driver going straight hits pedestrian crossing without right-of-way (at intersection),,,,pedestrian,,York Centre (6),31 Division,Oakdale-Beverley Heights,false,false,false,false,false,false,true,false,false,false,"{""coordinates"": [[-79.4967909650968, 43.72334431504952]], ""type"": ""MultiPoint""}"
4154,2008:1074266,2008-12-05T13:53:00,SHEPPARD AVE W,YEOMANS RD,,3,Non-Fatal Injury,,No Control,Pedestrian Collision(internal code),Clear,Daylight,Dry,Major Arterial,false,-79.4421908186504,43.754744233087905,2,,South,3,83,Major,Other Safety Equipment Used,,,Crossing - no traffic control,Inattentive,,Driver hits pedestrian at midblock,,,,pedestrian,,York Centre (6),32 Division,Clanton Park,false,true,false,false,false,true,true,false,false,false,"{""coordinates"": [[-79.4421908186504, 43.754744233087905]], ""type"": ""MultiPoint""}"
4155,2008:1074266,2008-12-05T13:53:00,SHEPPARD AVE W,YEOMANS RD,,3,Non-Fatal Injury,,No Control,Pedestrian Collision(internal code),Clear,Daylight,Dry,Major Arterial,false,-79.4421908186504,43.754744233087905,1,,,1,,,Other Safety Equipment Used,,,,,,,,,,owner,,York Centre (6),32 Division,Clanton Park,false,true,false,false,false,true,true,false,false,false,"{""coordinates"": [[-79.4421908186504, 43.754744233087905]], ""type"": ""MultiPoint""}"
4156,2008:1074266,2008-12-05T13:53:00,SHEPPARD AVE W,YEOMANS RD,,3,Non-Fatal Injury,,No Control,Pedestrian Collision(internal code),Clear,Daylight,Dry,Major Arterial,false,-79.4421908186504,43.754744233087905,1,Automobile or Station Wagon,East,2,40,None,Other Safety Equipment Used,Driving properly,Normal,,,Slowing or Stopping,,,,,driver,,York Centre (6),32 Division,Clanton Park,false,true,false,false,false,true,true,false,false,false,"{""coordinates"": [[-79.4421908186504, 43.754744233087905]], ""type"": ""MultiPoint""}"
4157,2008:1074265,2008-12-05T14:50:00,KEELE ST,TORO RD W,,4,Non-Fatal Injury,At Intersection,No Control,Pedestrian Collision(internal code),Clear,Daylight,Dry,Major Arterial,false,-79.49089089022016,43.762844291621754,2,,,2,,,Other Safety Equipment Used,,,,,,,,,,owner,,Humber River-Black Creek (7),31 Division,York University Heights,true,false,false,false,false,true,true,false,false,false,"{""coordinates"": [[-79.49089089022016, 43.762844291621754]], ""type"": ""MultiPoint""}"
4158,2008:1074265,2008-12-05T14:50:00,KEELE ST,TORO RD W,,4,Non-Fatal Injury,At Intersection,No Control,Pedestrian Collision(internal code),Clear,Daylight,Dry,Major Arterial,false,-79.49089089022016,43.762844291621754,3,,North,4,44,Major,Other Safety Equipment Used,,,On sidewalk or shoulder,Normal,,Driver hits pedestrian on sidewalk or shoulder,,,,pedestrian,,Humber River-Black Creek (7),31 Division,York University Heights,true,false,false,false,false,true,true,false,false,false,"{""coordinates"": [[-79.49089089022016, 43.762844291621754]], ""type"": ""MultiPoint""}"
4159,2008:1074265,2008-12-05T14:50:00,KEELE ST,TORO RD W,,4,Non-Fatal Injury,At Intersection,No Control,Pedestrian Collision(internal code),Clear,Daylight,Dry,Major Arterial,false,-79.49089089022016,43.762844291621754,2,Automobile or Station Wagon,East,3,73,None,Other Safety Equipment Used,Failed to yield right-of-way,Normal,,,Turning Right,,,,,driver,,Humber River-Black Creek (7),31 Division,York University Heights,true,false,false,false,false,true,true,false,false,false,"{""coordinates"": [[-79.49089089022016, 43.762844291621754]], ""type"": ""MultiPoint""}"
4160,2008:1074265,2008-12-05T14:50:00,KEELE ST,TORO RD W,,4,Non-Fatal Injury,At Intersection,No Control,Pedestrian Collision(internal code),Clear,Daylight,Dry,Major Arterial,false,-79.49089089022016,43.762844291621754,1,Automobile or Station Wagon,South,1,37,None,Other Safety Equipment Used,Driving properly,Normal,,,Going Ahead,,,,,driver,,Humber River-Black Creek (7),31 Division,York University Heights,true,false,false,false,false,true,true,false,false,false,"{""coordinates"": [[-79.49089089022016, 43.762844291621754]], ""type"": ""MultiPoint""}"
4161,2008:1080111,2008-12-08T05:55:00,FINCH Ave W,OAKDALE Rd,,4,Non-Fatal Injury,At Intersection,Traffic Signal,Rear End,Clear,Dark,Wet,Major Arterial,false,-79.52429094443177,43.7559443312524,1,Automobile or Station Wagon,South,1,62,Minor,Lap and Shoulder Belt,Driving properly,Normal,,,Going Ahead,,,,,driver,,Humber River-Black Creek (7),31 Division,Black Creek,true,true,false,false,false,false,false,true,false,false,"{""coordinates"": [[-79.52429094443177, 43.7559443312524]], ""type"": ""MultiPoint""}"
4162,2008:1080111,2008-12-08T05:55:00,FINCH Ave W,OAKDALE Rd,,4,Non-Fatal Injury,At Intersection,Traffic Signal,Rear End,Clear,Dark,Wet,Major Arterial,false,-79.52429094443177,43.7559443312524,2,,,3,,,Other Safety Equipment Used,,,,,,,,,,owner,,Humber River-Black Creek (7),31 Division,Black Creek,true,true,false,false,false,false,false,true,false,false,"{""coordinates"": [[-79.52429094443177, 43.7559443312524]], ""type"": ""MultiPoint""}"
4163,2008:1080111,2008-12-08T05:55:00,FINCH Ave W,OAKDALE Rd,,4,Non-Fatal Injury,At Intersection,Traffic Signal,Rear End,Clear,Dark,Wet,Major Arterial,false,-79.52429094443177,43.7559443312524,2,Automobile or Station Wagon,East,4,29,Minimal,Lap and Shoulder Belt,Disobeyed traffic control,Inattentive,,,Going Ahead,,,,,driver,,Humber River-Black Creek (7),31 Division,Black Creek,true,true,false,false,false,false,false,true,false,false,"{""coordinates"": [[-79.52429094443177, 43.7559443312524]], ""type"": ""MultiPoint""}"
4164,2008:1080111,2008-12-08T05:55:00,FINCH Ave W,OAKDALE Rd,,4,Non-Fatal Injury,At Intersection,Traffic Signal,Rear End,Clear,Dark,Wet,Major Arterial,false,-79.52429094443177,43.7559443312524,2,,,2,47,Major,Lap and Shoulder Belt,,,,,,,,,,passenger,,Humber River-Black Creek (7),31 Division,Black Creek,true,true,false,false,false,false,false,true,false,false,"{""coordinates"": [[-79.52429094443177, 43.7559443312524]], ""type"": ""MultiPoint""}"
4165,2008:1074689,2008-12-09T02:45:00,F G GARDINER XY Expr W,WICKMAN RD,,4,Non-Fatal Injury,,No Control,SMV Other,Snow,Dark,Loose Snow,,false,-79.52979120533806,43.617244409195905,1,,,3,,,Other Safety Equipment Used,,,,,,,,,,owner,,Etobicoke-Lakeshore (3),22 Division,Etobicoke City Centre,false,false,false,false,false,false,false,false,true,false,"{""coordinates"": [[-79.52979120533806, 43.617244409195905]], ""type"": ""MultiPoint""}"
4166,2008:1074689,2008-12-09T02:45:00,F G GARDINER XY Expr W,WICKMAN RD,,4,Non-Fatal Injury,,No Control,SMV Other,Snow,Dark,Loose Snow,,false,-79.52979120533806,43.617244409195905,1,,,1,11,Minor,Lap and Shoulder Belt,,,,,,,,,,passenger,,Etobicoke-Lakeshore (3),22 Division,Etobicoke City Centre,false,false,false,false,false,false,false,false,true,false,"{""coordinates"": [[-79.52979120533806, 43.617244409195905]], ""type"": ""MultiPoint""}"
4167,2008:1074689,2008-12-09T02:45:00,F G GARDINER XY Expr W,WICKMAN RD,,4,Non-Fatal Injury,,No Control,SMV Other,Snow,Dark,Loose Snow,,false,-79.52979120533806,43.617244409195905,1,Automobile or Station Wagon,West,4,26,Minor,Lap and Shoulder Belt,Lost control,Unknown,,,Going Ahead,,,,,driver,,Etobicoke-Lakeshore (3),22 Division,Etobicoke City Centre,false,false,false,false,false,false,false,false,true,false,"{""coordinates"": [[-79.52979120533806, 43.617244409195905]], ""type"": ""MultiPoint""}"
4168,2008:1074689,2008-12-09T02:45:00,F G GARDINER XY Expr W,WICKMAN RD,,4,Non-Fatal Injury,,No Control,SMV Other,Snow,Dark,Loose Snow,,false,-79.52979120533806,43.617244409195905,1,,,2,49,Major,Lap and Shoulder Belt,,,,,,,,,,passenger,,Etobicoke-Lakeshore (3),22 Division,Etobicoke City Centre,false,false,false,false,false,false,false,false,true,false,"{""coordinates"": [[-79.52979120533806, 43.617244409195905]], ""type"": ""MultiPoint""}"
4169,2008:1080622,2008-12-09T18:30:00,MACPHERSON AVE,SPADINA RD,,3,Non-Fatal Injury,At Intersection,No Control,Pedestrian Collision(internal code),Rain,Dark,Wet,Minor Arterial,false,-79.40749088368423,43.675844211110864,2,,North,3,58,Major,Other Safety Equipment Used,,,Crossing without right-of-way (intersection),Normal,,Driver turns left into pedestrian crossing without right-of-way (at intersection),,,,pedestrian,,Toronto-St. Paul's (12),13 Division,Casa Loma,false,false,false,false,false,false,true,false,false,false,"{""coordinates"": [[-79.40749088368423, 43.675844211110864]], ""type"": ""MultiPoint""}"
4170,2008:1080622,2008-12-09T18:30:00,MACPHERSON AVE,SPADINA RD,,3,Non-Fatal Injury,At Intersection,No Control,Pedestrian Collision(internal code),Rain,Dark,Wet,Minor Arterial,false,-79.40749088368423,43.675844211110864,1,,,1,,,Other Safety Equipment Used,,,,,,,,,,owner,,Toronto-St. Paul's (12),13 Division,Casa Loma,false,false,false,false,false,false,true,false,false,false,"{""coordinates"": [[-79.40749088368423, 43.675844211110864]], ""type"": ""MultiPoint""}"
4171,2008:1080622,2008-12-09T18:30:00,MACPHERSON AVE,SPADINA RD,,3,Non-Fatal Injury,At Intersection,No Control,Pedestrian Collision(internal code),Rain,Dark,Wet,Minor Arterial,false,-79.40749088368423,43.675844211110864,1,Automobile or Station Wagon,North,2,51,None,Lap and Shoulder Belt,Driving properly,Normal,,,Turning Left,,,,,driver,,Toronto-St. Paul's (12),13 Division,Casa Loma,false,false,false,false,false,false,true,false,false,false,"{""coordinates"": [[-79.40749088368423, 43.675844211110864]], ""type"": ""MultiPoint""}"
4172,2008:1081003,2008-12-10T12:15:00,LAKE SHORE BLVD E,LOWER JARVIS ST,,3,Non-Fatal Injury,,Traffic Signal,Turning Movement,Clear,Daylight,Wet,Major Arterial,false,-79.36989085777451,43.645644163394955,1,Automobile or Station Wagon,East,1,55,Minimal,Lap and Shoulder Belt,Improper turn,Inattentive,,,Turning Left,,,,,driver,,Spadina-Fort York (10),51 Division,St Lawrence-East Bayfront-The Islands,false,true,false,false,false,true,false,false,false,false,"{""coordinates"": [[-79.36989085777451, 43.645644163394955]], ""type"": ""MultiPoint""}"
4173,2008:1081003,2008-12-10T12:15:00,LAKE SHORE BLVD E,LOWER JARVIS ST,,3,Non-Fatal Injury,,Traffic Signal,Turning Movement,Clear,Daylight,Wet,Major Arterial,false,-79.36989085777451,43.645644163394955,2,Automobile or Station Wagon,West,3,72,Minor,Lap and Shoulder Belt,Driving properly,Normal,,,Going Ahead,,,,,driver,,Spadina-Fort York (10),51 Division,St Lawrence-East Bayfront-The Islands,false,true,false,false,false,true,false,false,false,false,"{""coordinates"": [[-79.36989085777451, 43.645644163394955]], ""type"": ""MultiPoint""}"
4174,2008:1081003,2008-12-10T12:15:00,LAKE SHORE BLVD E,LOWER JARVIS ST,,3,Non-Fatal Injury,,Traffic Signal,Turning Movement,Clear,Daylight,Wet,Major Arterial,false,-79.36989085777451,43.645644163394955,2,,,2,71,Major,Lap and Shoulder Belt,,,,,,,,,,passenger,,Spadina-Fort York (10),51 Division,St Lawrence-East Bayfront-The Islands,false,true,false,false,false,true,false,false,false,false,"{""coordinates"": [[-79.36989085777451, 43.645644163394955]], ""type"": ""MultiPoint""}"
4175,2008:1081341,2008-12-11T23:50:00,RICHMOND ST W,JOHN ST,,3,Non-Fatal Injury,At Intersection,Traffic Signal,Pedestrian Collision(internal code),Clear,Dark,Dry,Major Arterial,false,-79.39079089348567,43.649144193751425,1,Automobile or Station Wagon,North,2,31,None,Other Safety Equipment Used,Improper turn,Inattentive,,,Turning Left,,,,,driver,,Spadina-Fort York (10),52 Division,Wellington Place,false,true,false,false,false,false,true,false,false,false,"{""coordinates"": [[-79.39079089348567, 43.649144193751425]], ""type"": ""MultiPoint""}"
4176,2008:1081341,2008-12-11T23:50:00,RICHMOND ST W,JOHN ST,,3,Non-Fatal Injury,At Intersection,Traffic Signal,Pedestrian Collision(internal code),Clear,Dark,Dry,Major Arterial,false,-79.39079089348567,43.649144193751425,2,,South,3,22,Major,Other Safety Equipment Used,,,Crossing with right-of-way (intersection),Normal,,Driver turns left into pedestrian crossing with right-of-way (at intersection),,,,pedestrian,,Spadina-Fort York (10),52 Division,Wellington Place,false,true,false,false,false,false,true,false,false,false,"{""coordinates"": [[-79.39079089348567, 43.649144193751425]], ""type"": ""MultiPoint""}"
4177,2008:1081341,2008-12-11T23:50:00,RICHMOND ST W,JOHN ST,,3,Non-Fatal Injury,At Intersection,Traffic Signal,Pedestrian Collision(internal code),Clear,Dark,Dry,Major Arterial,false,-79.39079089348567,43.649144193751425,1,,,1,,,Other Safety Equipment Used,,,,,,,,,,owner,,Spadina-Fort York (10),52 Division,Wellington Place,false,true,false,false,false,false,true,false,false,false,"{""coordinates"": [[-79.39079089348567, 43.649144193751425]], ""type"": ""MultiPoint""}"
4178,2008:1075633,2008-12-13T21:01:00,SHEPPARD AVE E,MORNINGSIDE AVE,,3,Fatal Injury,,No Control,Turning Movement,Clear,Dark,Wet,Major Arterial,false,-79.19869039055565,43.802243952816085,2,,,2,,,Other Safety Equipment Used,,,,,,,,,,owner,,Scarborough-Rouge Park (25),42 Division,Morningside Heights,false,false,false,false,false,false,false,false,false,false,"{""coordinates"": [[-79.19869039055565, 43.802243952816085]], ""type"": ""MultiPoint""}"
4179,2008:1075633,2008-12-13T21:01:00,SHEPPARD AVE E,MORNINGSIDE AVE,,3,Fatal Injury,,No Control,Turning Movement,Clear,Dark,Wet,Major Arterial,false,-79.19869039055565,43.802243952816085,2,Automobile or Station Wagon,East,3,62,None,Lap and Shoulder Belt,Driving properly,Normal,,,Going Ahead,,,,,driver,,Scarborough-Rouge Park (25),42 Division,Morningside Heights,false,false,false,false,false,false,false,false,false,false,"{""coordinates"": [[-79.19869039055565, 43.802243952816085]], ""type"": ""MultiPoint""}"
4180,2008:1075633,2008-12-13T21:01:00,SHEPPARD AVE E,MORNINGSIDE AVE,,3,Fatal Injury,,No Control,Turning Movement,Clear,Dark,Wet,Major Arterial,false,-79.19869039055565,43.802243952816085,1,Automobile or Station Wagon,West,1,34,Fatal,Equipment Not Used But Available,Improper turn,Unknown,,,Turning Left,,,,,driver,54,Scarborough-Rouge Park (25),42 Division,Morningside Heights,false,false,false,false,false,false,false,false,false,false,"{""coordinates"": [[-79.19869039055565, 43.802243952816085]], ""type"": ""MultiPoint""}"
4181,2008:1082425,2008-12-14T03:05:00,FINCH AVE W,JANE ST,,2,Non-Fatal Injury,At Intersection,Traffic Signal,Pedestrian Collision(internal code),Freezing Rain or Hail,Dark,Wet,Major Arterial,false,-79.51769093452967,43.75724432364307,1,Automobile or Station Wagon,West,1,25,None,Lap and Shoulder Belt,Failed to yield right-of-way,Normal,,,Going Ahead,,,,,driver,,Humber River-Black Creek (7),31 Division,Black Creek,true,false,false,false,false,false,true,false,false,false,"{""coordinates"": [[-79.51769093452967, 43.75724432364307]], ""type"": ""MultiPoint""}"
4182,2008:1082425,2008-12-14T03:05:00,FINCH AVE W,JANE ST,,2,Non-Fatal Injury,At Intersection,Traffic Signal,Pedestrian Collision(internal code),Freezing Rain or Hail,Dark,Wet,Major Arterial,false,-79.51769093452967,43.75724432364307,2,,South,2,30,Major,Other Safety Equipment Used,,,Crossing with right-of-way (intersection),Normal,,Driver going straight hits pedestrian crossing with right-of-way (at intersection),,,,pedestrian,,Humber River-Black Creek (7),31 Division,Black Creek,true,false,false,false,false,false,true,false,false,false,"{""coordinates"": [[-79.51769093452967, 43.75724432364307]], ""type"": ""MultiPoint""}"
4183,2008:1081813,2008-12-15T09:25:00,EGLINTON AVE W,CHAPLIN CRES,,2,Non-Fatal Injury,At Intersection,Traffic Signal,Pedestrian Collision(internal code),Rain,Daylight,Wet,Major Arterial,false,-79.41739085881875,43.70274421708706,2,,South,2,34,Major,No Equipment Available,,,Running onto roadway,Normal,,Driver turns left into pedestrian crossing without right-of-way (at intersection),,,,pedestrian,,Eglinton-Lawrence (8),53 Division,Forest Hill North,false,false,false,false,false,false,true,false,false,false,"{""coordinates"": [[-79.41739085881875, 43.70274421708706]], ""type"": ""MultiPoint""}"
4184,2008:1081813,2008-12-15T09:25:00,EGLINTON AVE W,CHAPLIN CRES,,2,Non-Fatal Injury,At Intersection,Traffic Signal,Pedestrian Collision(internal code),Rain,Daylight,Wet,Major Arterial,false,-79.41739085881875,43.70274421708706,1,Automobile or Station Wagon,South,1,28,None,Other Safety Equipment Used,Driving properly,Normal,,,Turning Left,,,,,driver,,Eglinton-Lawrence (8),53 Division,Forest Hill North,false,false,false,false,false,false,true,false,false,false,"{""coordinates"": [[-79.41739085881875, 43.70274421708706]], ""type"": ""MultiPoint""}"
4185,2008:1083156,2008-12-17T22:05:00,QUEEN ST W,BAY ST,,2,Non-Fatal Injury,,Traffic Signal,Pedestrian Collision(internal code),Clear,Dark,Dry,Major Arterial,false,-79.38169087155447,43.651844179653615,2,,,2,55,Major,Other Safety Equipment Used,,,Crossing without right-of-way (intersection),Ability Impaired - Alcohol,,Driver going straight hits pedestrian crossing without right-of-way (at intersection),,,,pedestrian,,Spadina-Fort York (10),52 Division,Yonge-Bay Corridor,false,false,false,false,false,false,true,false,false,false,"{""coordinates"": [[-79.38169087155447, 43.651844179653615]], ""type"": ""MultiPoint""}"
4186,2008:1083156,2008-12-17T22:05:00,QUEEN ST W,BAY ST,,2,Non-Fatal Injury,,Traffic Signal,Pedestrian Collision(internal code),Clear,Dark,Dry,Major Arterial,false,-79.38169087155447,43.651844179653615,1,Automobile or Station Wagon,West,1,44,None,Lap and Shoulder Belt,Driving properly,Normal,,,Going Ahead,,,,,driver,,Spadina-Fort York (10),52 Division,Yonge-Bay Corridor,false,false,false,false,false,false,true,false,false,false,"{""coordinates"": [[-79.38169087155447, 43.651844179653615]], ""type"": ""MultiPoint""}"