_id,collision_id,accdate,stname1,stname2,stname3,per_inv,acclass,accloc,traffictl,impactype,visible,light,rdsfcond,road_class,failtorem,longitude,latitude,veh_no,vehtype,initdir,per_no,invage,injury,safequip,drivact,drivcond,pedact,pedcond,manoeuvre,pedtype,cyclistype,cycact,cyccond,road_user,fatal_no,wardname,division,neighbourhood,aggressive,distracted,cyclist,motorcyclist,other_micromobility,older_adult,pedestrian,red_light,school_child,heavy_truck,geometry
4556,2009:1107097,2009-05-07T05:53:00,ANNETTE ST,KEELE ST,,4,Non-Fatal Injury,At Intersection,Traffic Signal,Angle,Rain,Dawn,Wet,Major Arterial,false,-79.46379101115976,43.66364429618206,1,Automobile or Station Wagon,South,1,48,Major,Lap and Shoulder Belt,Driving properly,Normal,,,Going Ahead,,,,,driver,,Parkdale-High Park (4),11 Division,Junction Area,true,false,false,false,false,false,false,true,false,false,"{""coordinates"": [[-79.46379101115976, 43.66364429618206]], ""type"": ""MultiPoint""}"
4557,2009:1103248,2009-05-07T23:07:00,COXWELL AVE,CASCI AVE,,2,Non-Fatal Injury,,No Control,Cyclist Collision,Clear,Dark,Dry,Minor Arterial,false,-79.32078971918409,43.67654208773646,2,Bicycle,North,2,19,Major,Other Safety Equipment Used,,,,,Changing Lanes,,Sideswipe with cyclist and driver travelling in same direction,Improper Lane Change,,cyclist,,Beaches-East York (19),55 Division,Woodbine Corridor,false,false,true,false,false,false,false,false,true,false,"{""coordinates"": [[-79.32078971918409, 43.67654208773646]], ""type"": ""MultiPoint""}"
4558,2009:1103248,2009-05-07T23:07:00,COXWELL AVE,CASCI AVE,,2,Non-Fatal Injury,,No Control,Cyclist Collision,Clear,Dark,Dry,Minor Arterial,false,-79.32078971918409,43.67654208773646,1,Passenger Van,North,1,18,None,Other Safety Equipment Used,Driving properly,Normal,,,Going Ahead,,,,,driver,,Beaches-East York (19),55 Division,Woodbine Corridor,false,false,true,false,false,false,false,false,true,false,"{""coordinates"": [[-79.32078971918409, 43.67654208773646]], ""type"": ""MultiPoint""}"
4559,2009:1107567,2009-05-08T17:43:00,WOODBINE AVE,DANFORTH AVE,,3,Non-Fatal Injury,At Intersection,Traffic Signal,SMV Other,Clear,Daylight,Dry,Major Arterial,false,-79.3127906919415,43.685644075842404,1,Automobile or Station Wagon,West,2,22,Minor,Lap and Shoulder Belt,Lost control,Normal,,,Going Ahead,,,,,driver,,Beaches-East York (19),55 Division,Woodbine Corridor,false,false,false,false,false,false,false,false,true,false,"{""coordinates"": [[-79.3127906919415, 43.685644075842404]], ""type"": ""MultiPoint""}"
4560,2009:1107567,2009-05-08T17:43:00,WOODBINE AVE,DANFORTH AVE,,3,Non-Fatal Injury,At Intersection,Traffic Signal,SMV Other,Clear,Daylight,Dry,Major Arterial,false,-79.3127906919415,43.685644075842404,1,,,1,18,Major,Lap and Shoulder Belt,,,,,Other,,,,,passenger,,Beaches-East York (19),55 Division,Woodbine Corridor,false,false,false,false,false,false,false,false,true,false,"{""coordinates"": [[-79.3127906919415, 43.685644075842404]], ""type"": ""MultiPoint""}"
4561,2009:1107567,2009-05-08T17:43:00,WOODBINE AVE,DANFORTH AVE,,3,Non-Fatal Injury,At Intersection,Traffic Signal,SMV Other,Clear,Daylight,Dry,Major Arterial,false,-79.3127906919415,43.685644075842404,2,,,3,,,Other Safety Equipment Used,,,,,,,,,,owner,,Beaches-East York (19),55 Division,Woodbine Corridor,false,false,false,false,false,false,false,false,true,false,"{""coordinates"": [[-79.3127906919415, 43.685644075842404]], ""type"": ""MultiPoint""}"
4562,2009:1107143,2009-05-09T13:40:00,QUEEN ST W,BAY ST,,2,Non-Fatal Injury,At Intersection,Traffic Signal,Pedestrian Collision(internal code),Rain,Daylight,Wet,Major Arterial,false,-79.38169087155447,43.651844179653615,1,Automobile or Station Wagon,East,1,61,None,Lap and Shoulder Belt,Driving properly,Normal,,,Going Ahead,,,,,driver,,Spadina-Fort York (10),52 Division,Yonge-Bay Corridor,false,true,false,false,false,false,true,false,false,false,"{""coordinates"": [[-79.38169087155447, 43.651844179653615]], ""type"": ""MultiPoint""}"
4563,2009:1107143,2009-05-09T13:40:00,QUEEN ST W,BAY ST,,2,Non-Fatal Injury,At Intersection,Traffic Signal,Pedestrian Collision(internal code),Rain,Daylight,Wet,Major Arterial,false,-79.38169087155447,43.651844179653615,2,,South,2,64,Major,Other Safety Equipment Used,,,Crossing without right-of-way (intersection),Inattentive,,Driver going straight hits pedestrian crossing without right-of-way (at intersection),,,,pedestrian,,Spadina-Fort York (10),52 Division,Yonge-Bay Corridor,false,true,false,false,false,false,true,false,false,false,"{""coordinates"": [[-79.38169087155447, 43.651844179653615]], ""type"": ""MultiPoint""}"
4564,2009:1109447,2009-05-11T07:22:00,FRONT ST W,SPADINA AVE,,3,Non-Fatal Injury,,No Control,Pedestrian Collision(internal code),Clear,Daylight,Dry,Minor Arterial,false,-79.39569091384652,43.64224420275616,1,,,1,,,Other Safety Equipment Used,,,,,,,,,,owner,,Spadina-Fort York (10),14 Division,Harbourfront-CityPlace,false,false,false,false,false,false,true,false,false,true,"{""coordinates"": [[-79.39569091384652, 43.64224420275616]], ""type"": ""MultiPoint""}"
4565,2009:1109447,2009-05-11T07:22:00,FRONT ST W,SPADINA AVE,,3,Non-Fatal Injury,,No Control,Pedestrian Collision(internal code),Clear,Daylight,Dry,Minor Arterial,false,-79.39569091384652,43.64224420275616,1,Truck - Open (Flatbed),West,2,52,None,Lap and Shoulder Belt,Driving properly,Normal,,,Going Ahead,,,,,driver,,Spadina-Fort York (10),14 Division,Harbourfront-CityPlace,false,false,false,false,false,false,true,false,false,true,"{""coordinates"": [[-79.39569091384652, 43.64224420275616]], ""type"": ""MultiPoint""}"
4566,2009:1109447,2009-05-11T07:22:00,FRONT ST W,SPADINA AVE,,3,Non-Fatal Injury,,No Control,Pedestrian Collision(internal code),Clear,Daylight,Dry,Minor Arterial,false,-79.39569091384652,43.64224420275616,2,,,3,32,Major,No Equipment Available,,,Running onto roadway,Other Condition,,Driver hits pedestrian at midblock,,,,pedestrian,,Spadina-Fort York (10),14 Division,Harbourfront-CityPlace,false,false,false,false,false,false,true,false,false,true,"{""coordinates"": [[-79.39569091384652, 43.64224420275616]], ""type"": ""MultiPoint""}"
4567,2009:1103903,2009-05-12T15:40:00,MIDLAND AVE,SOUTH SHIELDS AVE,,2,Non-Fatal Injury,At Intersection,Traffic Signal,Pedestrian Collision(internal code),Clear,Daylight,Dry,Major Arterial,false,-79.28879051547896,43.807044047537865,1,Automobile or Station Wagon,South,2,60,None,Other Safety Equipment Used,Failed to yield right-of-way,Inattentive,,,Turning Left,,,,,driver,,Scarborough North (23),42 Division,Agincourt North,true,true,false,false,false,false,true,false,false,false,"{""coordinates"": [[-79.28879051547896, 43.807044047537865]], ""type"": ""MultiPoint""}"
4568,2009:1103903,2009-05-12T15:40:00,MIDLAND AVE,SOUTH SHIELDS AVE,,2,Non-Fatal Injury,At Intersection,Traffic Signal,Pedestrian Collision(internal code),Clear,Daylight,Dry,Major Arterial,false,-79.28879051547896,43.807044047537865,1,,North,1,20,Major,Other Safety Equipment Used,,,Crossing with right-of-way (intersection),Normal,Other,Driver turns left into pedestrian crossing with right-of-way (at intersection),,,,pedestrian,,Scarborough North (23),42 Division,Agincourt North,true,true,false,false,false,false,true,false,false,false,"{""coordinates"": [[-79.28879051547896, 43.807044047537865]], ""type"": ""MultiPoint""}"
4569,2009:1107709,2009-05-13T17:29:00,610 VAUGHAN RD,,,3,Non-Fatal Injury,,No Control,Pedestrian Collision(internal code),Clear,Daylight,Dry,Minor Arterial,false,-79.43949091719854,43.691844250983785,1,,,1,,,Other Safety Equipment Used,,,,,,,,,,owner,,Toronto-St. Paul's (12),13 Division,Oakwood Village,false,false,false,false,false,false,true,false,false,false,"{""coordinates"": [[-79.43949091719854, 43.691844250983785]], ""type"": ""MultiPoint""}"
4570,2009:1107709,2009-05-13T17:29:00,610 VAUGHAN RD,,,3,Non-Fatal Injury,,No Control,Pedestrian Collision(internal code),Clear,Daylight,Dry,Minor Arterial,false,-79.43949091719854,43.691844250983785,2,,North,3,38,Major,Other Safety Equipment Used,,,Crossing - no traffic control,Had Been Drinking,,Driver hits pedestrian at midblock,,,,pedestrian,,Toronto-St. Paul's (12),13 Division,Oakwood Village,false,false,false,false,false,false,true,false,false,false,"{""coordinates"": [[-79.43949091719854, 43.691844250983785]], ""type"": ""MultiPoint""}"
4571,2009:1107709,2009-05-13T17:29:00,610 VAUGHAN RD,,,3,Non-Fatal Injury,,No Control,Pedestrian Collision(internal code),Clear,Daylight,Dry,Minor Arterial,false,-79.43949091719854,43.691844250983785,1,Automobile or Station Wagon,West,2,35,None,Lap and Shoulder Belt,Driving properly,Normal,,,Going Ahead,,,,,driver,,Toronto-St. Paul's (12),13 Division,Oakwood Village,false,false,false,false,false,false,true,false,false,false,"{""coordinates"": [[-79.43949091719854, 43.691844250983785]], ""type"": ""MultiPoint""}"
4572,2009:1106370,2009-05-15T02:39:00,DIXON RD,CARLINGVIEW DR,,2,Non-Fatal Injury,,No Control,Pedestrian Collision(internal code),Clear,Dark,Dry,Major Arterial,true,-79.59799116407821,43.68664445301145,1,Automobile or Station Wagon,West,1,,None,Other Safety Equipment Used,Exceeding speed limit,Unknown,,,Going Ahead,,,,,driver,,Etobicoke North (1),23 Division,West Humber-Clairville,true,false,false,false,false,false,true,false,false,false,"{""coordinates"": [[-79.59799116407821, 43.68664445301145]], ""type"": ""MultiPoint""}"
4573,2009:1106370,2009-05-15T02:39:00,DIXON RD,CARLINGVIEW DR,,2,Non-Fatal Injury,,No Control,Pedestrian Collision(internal code),Clear,Dark,Dry,Major Arterial,true,-79.59799116407821,43.68664445301145,1,,North,2,37,Major,Other Safety Equipment Used,,,Crossing - no traffic control,Ability Impaired - Alcohol Over .08,,Driver hits pedestrian at midblock,,,,pedestrian,,Etobicoke North (1),23 Division,West Humber-Clairville,true,false,false,false,false,false,true,false,false,false,"{""coordinates"": [[-79.59799116407821, 43.68664445301145]], ""type"": ""MultiPoint""}"
4574,2009:1108048,2009-05-15T11:00:00,4175 LAWRENCE AVE E,,,2,Non-Fatal Injury,,No Control,Pedestrian Collision(internal code),Clear,Daylight,Dry,Major Arterial,false,-79.18769039969062,43.76804393405015,2,Automobile or Station Wagon,West,2,80,None,Lap and Shoulder Belt,Driving properly,Normal,,,Going Ahead,,,,,driver,,Scarborough-Guildwood (24),43 Division,West Hill,false,false,false,false,false,true,true,false,false,false,"{""coordinates"": [[-79.18769039969062, 43.76804393405015]], ""type"": ""MultiPoint""}"
4575,2009:1108048,2009-05-15T11:00:00,4175 LAWRENCE AVE E,,,2,Non-Fatal Injury,,No Control,Pedestrian Collision(internal code),Clear,Daylight,Dry,Major Arterial,false,-79.18769039969062,43.76804393405015,1,,South,1,61,Major,Other Safety Equipment Used,,,Crossing - no traffic control,Had Been Drinking,,Driver hits pedestrian at midblock,,,,pedestrian,,Scarborough-Guildwood (24),43 Division,West Hill,false,false,false,false,false,true,true,false,false,false,"{""coordinates"": [[-79.18769039969062, 43.76804393405015]], ""type"": ""MultiPoint""}"
4576,2009:1111047,2009-05-15T12:05:00,KENNEDY RD,ANTRIM CRES,,2,Non-Fatal Injury,At Intersection,Traffic Signal,Pedestrian Collision(internal code),Clear,Daylight,Dry,Major Arterial,false,-79.2832905373326,43.77174403749634,2,,East,2,23,Major,Other Safety Equipment Used,,,Crossing with right-of-way (intersection),Normal,,Driver turns left into pedestrian crossing with right-of-way (at intersection),,,,pedestrian,,Scarborough Centre (21),41 Division,Dorset Park,true,true,false,false,false,false,true,false,false,false,"{""coordinates"": [[-79.2832905373326, 43.77174403749634]], ""type"": ""MultiPoint""}"
4577,2009:1111047,2009-05-15T12:05:00,KENNEDY RD,ANTRIM CRES,,2,Non-Fatal Injury,At Intersection,Traffic Signal,Pedestrian Collision(internal code),Clear,Daylight,Dry,Major Arterial,false,-79.2832905373326,43.77174403749634,1,Automobile or Station Wagon,East,1,58,None,Lap and Shoulder Belt,Failed to yield right-of-way,Inattentive,,,Turning Left,,,,,driver,,Scarborough Centre (21),41 Division,Dorset Park,true,true,false,false,false,false,true,false,false,false,"{""coordinates"": [[-79.2832905373326, 43.77174403749634]], ""type"": ""MultiPoint""}"
4578,2009:1104513,2009-05-16T09:28:00,DAWES RD,BETH ST,,4,Non-Fatal Injury,,No Control,Approaching Head On,Clear,Daylight,Wet,Minor Arterial,false,-79.29589063506747,43.70534405181719,1,,,1,,,Other Safety Equipment Used,,,,,,,,,,owner,,Beaches-East York (19),55 Division,O'Connor-Parkview,false,false,false,false,false,true,false,false,false,false,"{""coordinates"": [[-79.29589063506747, 43.70534405181719]], ""type"": ""MultiPoint""}"
4579,2009:1104513,2009-05-16T09:28:00,DAWES RD,BETH ST,,4,Non-Fatal Injury,,No Control,Approaching Head On,Clear,Daylight,Wet,Minor Arterial,false,-79.29589063506747,43.70534405181719,2,,,3,,,Other Safety Equipment Used,,,,,,,,,,owner,,Beaches-East York (19),55 Division,O'Connor-Parkview,false,false,false,false,false,true,false,false,false,false,"{""coordinates"": [[-79.29589063506747, 43.70534405181719]], ""type"": ""MultiPoint""}"
4580,2009:1104513,2009-05-16T09:28:00,DAWES RD,BETH ST,,4,Non-Fatal Injury,,No Control,Approaching Head On,Clear,Daylight,Wet,Minor Arterial,false,-79.29589063506747,43.70534405181719,2,Automobile or Station Wagon,South,4,24,Major,Other Safety Equipment Used,Lost control,Normal,,,Going Ahead,,,,,driver,,Beaches-East York (19),55 Division,O'Connor-Parkview,false,false,false,false,false,true,false,false,false,false,"{""coordinates"": [[-79.29589063506747, 43.70534405181719]], ""type"": ""MultiPoint""}"
4581,2009:1104513,2009-05-16T09:28:00,DAWES RD,BETH ST,,4,Non-Fatal Injury,,No Control,Approaching Head On,Clear,Daylight,Wet,Minor Arterial,false,-79.29589063506747,43.70534405181719,1,Automobile or Station Wagon,North,2,75,Major,Other Safety Equipment Used,Driving properly,Normal,,,Going Ahead,,,,,driver,,Beaches-East York (19),55 Division,O'Connor-Parkview,false,false,false,false,false,true,false,false,false,false,"{""coordinates"": [[-79.29589063506747, 43.70534405181719]], ""type"": ""MultiPoint""}"
4582,2009:1108349,2009-05-17T16:23:00,YORK MILLS Road,CHIPSTEAD Road,,6,Non-Fatal Injury,At Intersection,Traffic Signal,Turning Movement,Clear,Daylight,Dry,Major Arterial,false,-79.3704907017414,43.75144414416463,2,Automobile or Station Wagon,West,6,17,Minimal,Lap and Shoulder Belt,Improper turn,Inattentive,,,Turning Left,,,,,driver,,Don Valley West (15),33 Division,Banbury-Don Mills,false,true,false,false,false,true,false,false,true,false,"{""coordinates"": [[-79.3704907017414, 43.75144414416463]], ""type"": ""MultiPoint""}"
4583,2009:1108349,2009-05-17T16:23:00,YORK MILLS Road,CHIPSTEAD Road,,6,Non-Fatal Injury,At Intersection,Traffic Signal,Turning Movement,Clear,Daylight,Dry,Major Arterial,false,-79.3704907017414,43.75144414416463,1,,,1,10,Major,Lap and Shoulder Belt,,,,,,,,,,passenger,,Don Valley West (15),33 Division,Banbury-Don Mills,false,true,false,false,false,true,false,false,true,false,"{""coordinates"": [[-79.3704907017414, 43.75144414416463]], ""type"": ""MultiPoint""}"
4584,2009:1108349,2009-05-17T16:23:00,YORK MILLS Road,CHIPSTEAD Road,,6,Non-Fatal Injury,At Intersection,Traffic Signal,Turning Movement,Clear,Daylight,Dry,Major Arterial,false,-79.3704907017414,43.75144414416463,1,,,2,81,Minimal,Lap and Shoulder Belt,,,,,,,,,,passenger,,Don Valley West (15),33 Division,Banbury-Don Mills,false,true,false,false,false,true,false,false,true,false,"{""coordinates"": [[-79.3704907017414, 43.75144414416463]], ""type"": ""MultiPoint""}"
4585,2009:1108349,2009-05-17T16:23:00,YORK MILLS Road,CHIPSTEAD Road,,6,Non-Fatal Injury,At Intersection,Traffic Signal,Turning Movement,Clear,Daylight,Dry,Major Arterial,false,-79.3704907017414,43.75144414416463,1,,,3,13,Minor,Lap and Shoulder Belt,,,,,,,,,,passenger,,Don Valley West (15),33 Division,Banbury-Don Mills,false,true,false,false,false,true,false,false,true,false,"{""coordinates"": [[-79.3704907017414, 43.75144414416463]], ""type"": ""MultiPoint""}"
4586,2009:1108349,2009-05-17T16:23:00,YORK MILLS Road,CHIPSTEAD Road,,6,Non-Fatal Injury,At Intersection,Traffic Signal,Turning Movement,Clear,Daylight,Dry,Major Arterial,false,-79.3704907017414,43.75144414416463,1,Automobile or Station Wagon,East,4,81,None,Lap and Shoulder Belt,Driving properly,Normal,,,Going Ahead,,,,,driver,,Don Valley West (15),33 Division,Banbury-Don Mills,false,true,false,false,false,true,false,false,true,false,"{""coordinates"": [[-79.3704907017414, 43.75144414416463]], ""type"": ""MultiPoint""}"
4587,2009:1108349,2009-05-17T16:23:00,YORK MILLS Road,CHIPSTEAD Road,,6,Non-Fatal Injury,At Intersection,Traffic Signal,Turning Movement,Clear,Daylight,Dry,Major Arterial,false,-79.3704907017414,43.75144414416463,2,,,5,,,Other Safety Equipment Used,,,,,,,,,,owner,,Don Valley West (15),33 Division,Banbury-Don Mills,false,true,false,false,false,true,false,false,true,false,"{""coordinates"": [[-79.3704907017414, 43.75144414416463]], ""type"": ""MultiPoint""}"
4588,2009:1104621,2009-05-18T21:41:00,AVENUE Road,LAWRENCE Aven W,,4,Non-Fatal Injury,At Intersection,Traffic Controller,Rear End,Clear,Dark,Dry,Major Arterial,false,-79.41559082408521,43.72224420884537,2,Automobile or Station Wagon,East,4,19,None,Other Safety Equipment Used,Driving properly,Normal,,,Stopped,,,,,driver,,Eglinton-Lawrence (8),53 Division,Bedford Park-Nortown,false,false,false,false,false,false,false,false,true,false,"{""coordinates"": [[-79.41559082408521, 43.72224420884537]], ""type"": ""MultiPoint""}"
4589,2009:1104621,2009-05-18T21:41:00,AVENUE Road,LAWRENCE Aven W,,4,Non-Fatal Injury,At Intersection,Traffic Controller,Rear End,Clear,Dark,Dry,Major Arterial,false,-79.41559082408521,43.72224420884537,1,,,1,31,,Other Safety Equipment Used,,,,,,,,,,owner,,Eglinton-Lawrence (8),53 Division,Bedford Park-Nortown,false,false,false,false,false,false,false,false,true,false,"{""coordinates"": [[-79.41559082408521, 43.72224420884537]], ""type"": ""MultiPoint""}"
4590,2009:1104621,2009-05-18T21:41:00,AVENUE Road,LAWRENCE Aven W,,4,Non-Fatal Injury,At Intersection,Traffic Controller,Rear End,Clear,Dark,Dry,Major Arterial,false,-79.41559082408521,43.72224420884537,1,Automobile or Station Wagon,East,2,42,Major,Other Safety Equipment Used,Lost control,Medical or Physical Disability,,,Going Ahead,,,,,driver,,Eglinton-Lawrence (8),53 Division,Bedford Park-Nortown,false,false,false,false,false,false,false,false,true,false,"{""coordinates"": [[-79.41559082408521, 43.72224420884537]], ""type"": ""MultiPoint""}"
4591,2009:1104621,2009-05-18T21:41:00,AVENUE Road,LAWRENCE Aven W,,4,Non-Fatal Injury,At Intersection,Traffic Controller,Rear End,Clear,Dark,Dry,Major Arterial,false,-79.41559082408521,43.72224420884537,2,,,3,,,Other Safety Equipment Used,,,,,,,,,,owner,,Eglinton-Lawrence (8),53 Division,Bedford Park-Nortown,false,false,false,false,false,false,false,false,true,false,"{""coordinates"": [[-79.41559082408521, 43.72224420884537]], ""type"": ""MultiPoint""}"
4592,2009:1109010,2009-05-19T16:46:00,KINGSTON Road,OLD KINGSTON Road,,3,Non-Fatal Injury,At Intersection,Traffic Signal,Turning Movement,Clear,Daylight,Dry,Minor Arterial,false,-79.16879036284233,43.78454391948126,1,Automobile or Station Wagon,West,1,38,Major,Lap and Shoulder Belt,Improper turn,Normal,,,Turning Left,,,,,driver,,Scarborough-Rouge Park (25),43 Division,Highland Creek,false,false,false,false,false,false,false,false,false,false,"{""coordinates"": [[-79.16879036284233, 43.78454391948126]], ""type"": ""MultiPoint""}"
4593,2009:1109010,2009-05-19T16:46:00,KINGSTON Road,OLD KINGSTON Road,,3,Non-Fatal Injury,At Intersection,Traffic Signal,Turning Movement,Clear,Daylight,Dry,Minor Arterial,false,-79.16879036284233,43.78454391948126,2,,,2,22,Minor,Lap and Shoulder Belt,,,,,,,,,,passenger,,Scarborough-Rouge Park (25),43 Division,Highland Creek,false,false,false,false,false,false,false,false,false,false,"{""coordinates"": [[-79.16879036284233, 43.78454391948126]], ""type"": ""MultiPoint""}"
4594,2009:1109010,2009-05-19T16:46:00,KINGSTON Road,OLD KINGSTON Road,,3,Non-Fatal Injury,At Intersection,Traffic Signal,Turning Movement,Clear,Daylight,Dry,Minor Arterial,false,-79.16879036284233,43.78454391948126,2,Automobile or Station Wagon,East,3,23,Minor,Lap and Shoulder Belt,Driving properly,Normal,,,Going Ahead,,,,,driver,,Scarborough-Rouge Park (25),43 Division,Highland Creek,false,false,false,false,false,false,false,false,false,false,"{""coordinates"": [[-79.16879036284233, 43.78454391948126]], ""type"": ""MultiPoint""}"
4595,2009:1110059,2009-05-21T21:59:00,KING ST W,SHAW ST,,2,Non-Fatal Injury,,No Control,SMV Unattended Vehicle,Clear,Dark,Dry,Major Arterial,false,-79.41519095384723,43.6413442322819,1,Automobile or Station Wagon,West,1,44,Major,Lap and Shoulder Belt,Lost control,Medical or Physical Disability,,,Going Ahead,,,,,driver,,Spadina-Fort York (10),14 Division,West Queen West,false,false,false,false,false,false,false,false,false,false,"{""coordinates"": [[-79.41519095384723, 43.6413442322819]], ""type"": ""MultiPoint""}"
4596,2009:1110059,2009-05-21T21:59:00,KING ST W,SHAW ST,,2,Non-Fatal Injury,,No Control,SMV Unattended Vehicle,Clear,Dark,Dry,Major Arterial,false,-79.41519095384723,43.6413442322819,2,,West,2,,None,Other Safety Equipment Used,,,,,Parked,,,,,other,,Spadina-Fort York (10),14 Division,West Queen West,false,false,false,false,false,false,false,false,false,false,"{""coordinates"": [[-79.41519095384723, 43.6413442322819]], ""type"": ""MultiPoint""}"
4597,2009:1111516,2009-05-22T02:52:00,BARTON Ave,CHRISTIE St,,4,Non-Fatal Injury,,No Control,SMV Other,Clear,Dark,Dry,Minor Arterial,false,-79.41959092161778,43.66654423117128,2,,,4,,,Other Safety Equipment Used,,,,,,,,,,owner,,University-Rosedale (11),14 Division,Annex,false,false,false,false,false,false,false,false,false,false,"{""coordinates"": [[-79.41959092161778, 43.66654423117128]], ""type"": ""MultiPoint""}"
4598,2009:1111516,2009-05-22T02:52:00,BARTON Ave,CHRISTIE St,,4,Non-Fatal Injury,,No Control,SMV Other,Clear,Dark,Dry,Minor Arterial,false,-79.41959092161778,43.66654423117128,1,,,1,,,Other Safety Equipment Used,,,,,,,,,,owner,,University-Rosedale (11),14 Division,Annex,false,false,false,false,false,false,false,false,false,false,"{""coordinates"": [[-79.41959092161778, 43.66654423117128]], ""type"": ""MultiPoint""}"
4599,2009:1111516,2009-05-22T02:52:00,BARTON Ave,CHRISTIE St,,4,Non-Fatal Injury,,No Control,SMV Other,Clear,Dark,Dry,Minor Arterial,false,-79.41959092161778,43.66654423117128,2,,,3,,,Other Safety Equipment Used,,,,,,,,,,owner,,University-Rosedale (11),14 Division,Annex,false,false,false,false,false,false,false,false,false,false,"{""coordinates"": [[-79.41959092161778, 43.66654423117128]], ""type"": ""MultiPoint""}"
4600,2009:1111516,2009-05-22T02:52:00,BARTON Ave,CHRISTIE St,,4,Non-Fatal Injury,,No Control,SMV Other,Clear,Dark,Dry,Minor Arterial,false,-79.41959092161778,43.66654423117128,1,Automobile or Station Wagon,West,2,32,Major,Lap and Shoulder Belt,Lost control,Normal,,,Pulling Onto Shoulder or Toward Curb,,,,,driver,,University-Rosedale (11),14 Division,Annex,false,false,false,false,false,false,false,false,false,false,"{""coordinates"": [[-79.41959092161778, 43.66654423117128]], ""type"": ""MultiPoint""}"
4601,2009:1105521,2009-05-22T15:25:00,KING Stre E,ASHBY Plac,,3,Non-Fatal Injury,,No Control,Pedestrian Collision(internal code),Clear,Daylight,Dry,Major Arterial,false,-79.35769081875264,43.65594414351146,1,,,1,45,Major,Other Safety Equipment Used,,,Walking on roadway against traffic,Had Been Drinking,Other,Driver going straight hits pedestrian crossing without right-of-way (at intersection),,,,pedestrian,,Toronto Centre (13),51 Division,Moss Park,false,false,false,false,false,false,true,false,false,false,"{""coordinates"": [[-79.35769081875264, 43.65594414351146]], ""type"": ""MultiPoint""}"
4602,2009:1105521,2009-05-22T15:25:00,KING Stre E,ASHBY Plac,,3,Non-Fatal Injury,,No Control,Pedestrian Collision(internal code),Clear,Daylight,Dry,Major Arterial,false,-79.35769081875264,43.65594414351146,2,,,2,,,Other Safety Equipment Used,,,,,,,,,,owner,,Toronto Centre (13),51 Division,Moss Park,false,false,false,false,false,false,true,false,false,false,"{""coordinates"": [[-79.35769081875264, 43.65594414351146]], ""type"": ""MultiPoint""}"
4603,2009:1105521,2009-05-22T15:25:00,KING Stre E,ASHBY Plac,,3,Non-Fatal Injury,,No Control,Pedestrian Collision(internal code),Clear,Daylight,Dry,Major Arterial,false,-79.35769081875264,43.65594414351146,2,Automobile or Station Wagon,West,3,41,None,Other Safety Equipment Used,Driving properly,Normal,,,Going Ahead,,,,,driver,,Toronto Centre (13),51 Division,Moss Park,false,false,false,false,false,false,true,false,false,false,"{""coordinates"": [[-79.35769081875264, 43.65594414351146]], ""type"": ""MultiPoint""}"
4604,2009:1110609,2009-05-22T18:45:00,JANE Stre,ALLIANCE Aven,,5,Non-Fatal Injury,At Intersection,Traffic Signal,Rear End,Clear,Daylight,Dry,Major Arterial,false,-79.49569104951505,43.67614433641883,2,Automobile or Station Wagon,North,3,65,None,Lap and Shoulder Belt,Driving properly,Normal,,,Stopped,,,,,driver,,York South-Weston (5),12 Division,Rockcliffe-Smythe,true,true,false,false,false,true,false,false,false,false,"{""coordinates"": [[-79.49569104951505, 43.67614433641883]], ""type"": ""MultiPoint""}"
4605,2009:1110609,2009-05-22T18:45:00,JANE Stre,ALLIANCE Aven,,5,Non-Fatal Injury,At Intersection,Traffic Signal,Rear End,Clear,Daylight,Dry,Major Arterial,false,-79.49569104951505,43.67614433641883,3,Automobile or Station Wagon,North,5,54,None,Lap and Shoulder Belt,Following too closely,Inattentive,,,Going Ahead,,,,,driver,,York South-Weston (5),12 Division,Rockcliffe-Smythe,true,true,false,false,false,true,false,false,false,false,"{""coordinates"": [[-79.49569104951505, 43.67614433641883]], ""type"": ""MultiPoint""}"
4606,2009:1110609,2009-05-22T18:45:00,JANE Stre,ALLIANCE Aven,,5,Non-Fatal Injury,At Intersection,Traffic Signal,Rear End,Clear,Daylight,Dry,Major Arterial,false,-79.49569104951505,43.67614433641883,3,,,4,48,Major,Lap and Shoulder Belt,,,,,,,,,,passenger,,York South-Weston (5),12 Division,Rockcliffe-Smythe,true,true,false,false,false,true,false,false,false,false,"{""coordinates"": [[-79.49569104951505, 43.67614433641883]], ""type"": ""MultiPoint""}"
4607,2009:1110609,2009-05-22T18:45:00,JANE Stre,ALLIANCE Aven,,5,Non-Fatal Injury,At Intersection,Traffic Signal,Rear End,Clear,Daylight,Dry,Major Arterial,false,-79.49569104951505,43.67614433641883,1,,,1,,,Other Safety Equipment Used,,,,,,,,,,owner,,York South-Weston (5),12 Division,Rockcliffe-Smythe,true,true,false,false,false,true,false,false,false,false,"{""coordinates"": [[-79.49569104951505, 43.67614433641883]], ""type"": ""MultiPoint""}"
4608,2009:1110609,2009-05-22T18:45:00,JANE Stre,ALLIANCE Aven,,5,Non-Fatal Injury,At Intersection,Traffic Signal,Rear End,Clear,Daylight,Dry,Major Arterial,false,-79.49569104951505,43.67614433641883,1,Automobile or Station Wagon,North,2,42,None,Lap and Shoulder Belt,Driving properly,Normal,,,Stopped,,,,,driver,,York South-Weston (5),12 Division,Rockcliffe-Smythe,true,true,false,false,false,true,false,false,false,false,"{""coordinates"": [[-79.49569104951505, 43.67614433641883]], ""type"": ""MultiPoint""}"