_id,collision_id,accdate,stname1,stname2,stname3,per_inv,acclass,accloc,traffictl,impactype,visible,light,rdsfcond,road_class,failtorem,longitude,latitude,veh_no,vehtype,initdir,per_no,invage,injury,safequip,drivact,drivcond,pedact,pedcond,manoeuvre,pedtype,cyclistype,cycact,cyccond,road_user,fatal_no,wardname,division,neighbourhood,aggressive,distracted,cyclist,motorcyclist,other_micromobility,older_adult,pedestrian,red_light,school_child,heavy_truck,geometry
4714,2009:1109820,2009-06-17T17:08:00,KEELE ST,DUNDAS ST W,,3,Fatal Injury,,No Control,Pedestrian Collision(internal code),Rain,Daylight,Wet,Major Arterial,true,-79.46439101004255,43.664944296518776,2,,Unknown,3,85,Fatal,Other Safety Equipment Used,,,Other,Normal,,Driver hits pedestrian at midblock,,,,pedestrian,16,Parkdale-High Park (4),11 Division,Junction Area,false,false,false,false,false,true,true,false,false,true,"{""coordinates"": [[-79.46439101004255, 43.664944296518776]], ""type"": ""MultiPoint""}"
4715,2009:1111004,2009-06-17T19:15:00,ST CLAIR AVE W,TWEEDSMUIR AVE,,2,Non-Fatal Injury,,Traffic Signal,Pedestrian Collision(internal code),Rain,Dark,Wet,Major Arterial,true,-79.41339088146886,43.68414421707914,1,,South,1,81,Major,Other Safety Equipment Used,,,Crossing with right-of-way (intersection),Normal,,Driver reversing hits pedestrian,,,,pedestrian,,Toronto-St. Paul's (12),13 Division,Casa Loma,false,false,false,false,false,true,true,false,false,false,"{""coordinates"": [[-79.41339088146886, 43.68414421707914]], ""type"": ""MultiPoint""}"
4716,2009:1111004,2009-06-17T19:15:00,ST CLAIR AVE W,TWEEDSMUIR AVE,,2,Non-Fatal Injury,,Traffic Signal,Pedestrian Collision(internal code),Rain,Dark,Wet,Major Arterial,true,-79.41339088146886,43.68414421707914,1,Automobile or Station Wagon,East,2,,None,Other Safety Equipment Used,Other,Unknown,,,Reversing,,,,,driver,,Toronto-St. Paul's (12),13 Division,Casa Loma,false,false,false,false,false,true,true,false,false,false,"{""coordinates"": [[-79.41339088146886, 43.68414421707914]], ""type"": ""MultiPoint""}"
4717,2009:1110013,2009-06-18T22:13:00,EGLINTON AVE W,MARTIN GROVE RD,,2,Non-Fatal Injury,,Traffic Controller,Turning Movement,Clear,Dark,Dry,Major Arterial,false,-79.56319114225505,43.67444441886804,1,Automobile or Station Wagon,East,1,43,Major,Other Safety Equipment Used,Failed to yield right-of-way,Normal,,,Turning Left,,,,,driver,,Etobicoke Centre (2),22 Division,Eringate-Centennial-West Deane,true,false,false,false,false,false,false,false,false,false,"{""coordinates"": [[-79.56319114225505, 43.67444441886804]], ""type"": ""MultiPoint""}"
4718,2009:1110013,2009-06-18T22:13:00,EGLINTON AVE W,MARTIN GROVE RD,,2,Non-Fatal Injury,,Traffic Controller,Turning Movement,Clear,Dark,Dry,Major Arterial,false,-79.56319114225505,43.67444441886804,2,Automobile or Station Wagon,West,2,21,Major,Other Safety Equipment Used,Driving properly,Normal,,,Going Ahead,,,,,driver,,Etobicoke Centre (2),22 Division,Eringate-Centennial-West Deane,true,false,false,false,false,false,false,false,false,false,"{""coordinates"": [[-79.56319114225505, 43.67444441886804]], ""type"": ""MultiPoint""}"
4719,2009:1115921,2009-06-19T10:30:00,MANNING AVE,BLOOR ST W,,3,Non-Fatal Injury,,Traffic Signal,Pedestrian Collision(internal code),Clear,Daylight,Dry,Major Arterial,false,-79.41609091864251,43.6642442268034,1,,South,1,,None,Other Safety Equipment Used,,,,,Parked,,,,,other,,University-Rosedale (11),14 Division,Annex,false,false,false,false,false,true,true,false,false,false,"{""coordinates"": [[-79.41609091864251, 43.6642442268034]], ""type"": ""MultiPoint""}"
4720,2009:1115921,2009-06-19T10:30:00,MANNING AVE,BLOOR ST W,,3,Non-Fatal Injury,,Traffic Signal,Pedestrian Collision(internal code),Clear,Daylight,Dry,Major Arterial,false,-79.41609091864251,43.6642442268034,3,,,3,44,Major,Other Safety Equipment Used,,,Playing or working on highway,Normal,,Driver reversing hits pedestrian,,,,pedestrian,,University-Rosedale (11),14 Division,Annex,false,false,false,false,false,true,true,false,false,false,"{""coordinates"": [[-79.41609091864251, 43.6642442268034]], ""type"": ""MultiPoint""}"
4721,2009:1115921,2009-06-19T10:30:00,MANNING AVE,BLOOR ST W,,3,Non-Fatal Injury,,Traffic Signal,Pedestrian Collision(internal code),Clear,Daylight,Dry,Major Arterial,false,-79.41609091864251,43.6642442268034,2,Automobile or Station Wagon,South,2,73,None,Use Unknown,Other,Normal,,,Reversing,,,,,driver,,University-Rosedale (11),14 Division,Annex,false,false,false,false,false,true,true,false,false,false,"{""coordinates"": [[-79.41609091864251, 43.6642442268034]], ""type"": ""MultiPoint""}"
4722,2009:1115922,2009-06-19T14:30:00,COLLINGSBROOK BLVD,SOLWAY CRT,,3,Non-Fatal Injury,At Intersection,Stop Sign,Approaching Head On,Clear,Daylight,Dry,Collector,false,-79.31619057379375,43.79084407837794,1,Automobile or Station Wagon,South,1,64,Major,Lap and Shoulder Belt,Driving properly,Normal,,,Going Ahead,,,,,driver,,Scarborough-Agincourt (22),42 Division,L'Amoreaux West,false,false,false,false,false,false,false,false,false,false,"{""coordinates"": [[-79.31619057379375, 43.79084407837794]], ""type"": ""MultiPoint""}"
4723,2009:1115922,2009-06-19T14:30:00,COLLINGSBROOK BLVD,SOLWAY CRT,,3,Non-Fatal Injury,At Intersection,Stop Sign,Approaching Head On,Clear,Daylight,Dry,Collector,false,-79.31619057379375,43.79084407837794,2,,,2,,,Other Safety Equipment Used,,,,,,,,,,owner,,Scarborough-Agincourt (22),42 Division,L'Amoreaux West,false,false,false,false,false,false,false,false,false,false,"{""coordinates"": [[-79.31619057379375, 43.79084407837794]], ""type"": ""MultiPoint""}"
4724,2009:1115922,2009-06-19T14:30:00,COLLINGSBROOK BLVD,SOLWAY CRT,,3,Non-Fatal Injury,At Intersection,Stop Sign,Approaching Head On,Clear,Daylight,Dry,Collector,false,-79.31619057379375,43.79084407837794,2,Automobile or Station Wagon,North,3,37,Minimal,Lap and Shoulder Belt,Improper lane change,Ability Impaired - Alcohol Over .08,,,Going Ahead,,,,,driver,,Scarborough-Agincourt (22),42 Division,L'Amoreaux West,false,false,false,false,false,false,false,false,false,false,"{""coordinates"": [[-79.31619057379375, 43.79084407837794]], ""type"": ""MultiPoint""}"
4725,2009:1110181,2009-06-19T18:44:00,PARLIAMENT ST,OAK ST,,3,Non-Fatal Injury,At Intersection,Pedestrian Crossover,Cyclist Collision,Clear,Daylight,Dry,Minor Arterial,false,-79.36649082886137,43.66064415557528,1,,,1,32,None,Lap and Shoulder Belt,,,,,,,,,,passenger,,Toronto Centre (13),51 Division,Regent Park,true,true,true,false,false,false,false,false,true,false,"{""coordinates"": [[-79.36649082886137, 43.66064415557528]], ""type"": ""MultiPoint""}"
4726,2009:1110181,2009-06-19T18:44:00,PARLIAMENT ST,OAK ST,,3,Non-Fatal Injury,At Intersection,Pedestrian Crossover,Cyclist Collision,Clear,Daylight,Dry,Minor Arterial,false,-79.36649082886137,43.66064415557528,1,Automobile or Station Wagon,South,2,29,None,Lap and Shoulder Belt,Disobeyed traffic control,Inattentive,,,Going Ahead,,,,,driver,,Toronto Centre (13),51 Division,Regent Park,true,true,true,false,false,false,false,false,true,false,"{""coordinates"": [[-79.36649082886137, 43.66064415557528]], ""type"": ""MultiPoint""}"
4727,2009:1110181,2009-06-19T18:44:00,PARLIAMENT ST,OAK ST,,3,Non-Fatal Injury,At Intersection,Pedestrian Crossover,Cyclist Collision,Clear,Daylight,Dry,Minor Arterial,false,-79.36649082886137,43.66064415557528,2,Bicycle,West,3,7,Major,No Equipment Available,,,,,Going Ahead,,Driver hits cyclist at PXO (travelling in same direction or cyclist riding across crosswalk),Other,Normal,cyclist,,Toronto Centre (13),51 Division,Regent Park,true,true,true,false,false,false,false,false,true,false,"{""coordinates"": [[-79.36649082886137, 43.66064415557528]], ""type"": ""MultiPoint""}"
4728,2009:1115973,2009-06-20T21:30:00,JANE ST,MACDONALD AVE,,3,Non-Fatal Injury,,No Control,Pedestrian Collision(internal code),Clear,Dark,Dry,Major Arterial,false,-79.50419101087942,43.704444333441984,1,Automobile or Station Wagon,South,2,38,None,Lap and Shoulder Belt,Driving properly,Normal,,,Going Ahead,,,,,driver,,York South-Weston (5),12 Division,Rustic,false,true,false,false,false,false,true,false,false,false,"{""coordinates"": [[-79.50419101087942, 43.704444333441984]], ""type"": ""MultiPoint""}"
4729,2009:1115973,2009-06-20T21:30:00,JANE ST,MACDONALD AVE,,3,Non-Fatal Injury,,No Control,Pedestrian Collision(internal code),Clear,Dark,Dry,Major Arterial,false,-79.50419101087942,43.704444333441984,1,,,1,,,Other Safety Equipment Used,,,,,,,,,,owner,,York South-Weston (5),12 Division,Rustic,false,true,false,false,false,false,true,false,false,false,"{""coordinates"": [[-79.50419101087942, 43.704444333441984]], ""type"": ""MultiPoint""}"
4730,2009:1115973,2009-06-20T21:30:00,JANE ST,MACDONALD AVE,,3,Non-Fatal Injury,,No Control,Pedestrian Collision(internal code),Clear,Dark,Dry,Major Arterial,false,-79.50419101087942,43.704444333441984,2,,,3,3,Major,Other Safety Equipment Used,,,Running onto roadway,Inattentive,,Other,,,,pedestrian,,York South-Weston (5),12 Division,Rustic,false,true,false,false,false,false,true,false,false,false,"{""coordinates"": [[-79.50419101087942, 43.704444333441984]], ""type"": ""MultiPoint""}"
4731,2009:1116001,2009-06-20T21:52:00,COSBURN AVE,GREENWOOD AVE,,2,Non-Fatal Injury,At Intersection,Traffic Signal,Pedestrian Collision(internal code),Clear,Dark,Wet,Minor Arterial,false,-79.33779072945434,43.69204411008792,1,Automobile or Station Wagon,West,1,47,None,Lap and Shoulder Belt,Driving properly,Normal,,,Going Ahead,,,,,driver,,Toronto-Danforth (14),55 Division,Old East York,false,true,false,false,false,false,true,false,true,false,"{""coordinates"": [[-79.33779072945434, 43.69204411008792]], ""type"": ""MultiPoint""}"
4732,2009:1116001,2009-06-20T21:52:00,COSBURN AVE,GREENWOOD AVE,,2,Non-Fatal Injury,At Intersection,Traffic Signal,Pedestrian Collision(internal code),Clear,Dark,Wet,Minor Arterial,false,-79.33779072945434,43.69204411008792,2,,,2,19,Major,Other Safety Equipment Used,,,Running onto roadway,Inattentive,,Driver going straight hits pedestrian crossing without right-of-way (at intersection),,,,pedestrian,,Toronto-Danforth (14),55 Division,Old East York,false,true,false,false,false,false,true,false,true,false,"{""coordinates"": [[-79.33779072945434, 43.69204411008792]], ""type"": ""MultiPoint""}"
4733,2009:1118389,2009-06-30T11:58:00,AVENUE RD,GLENVIEW AVE,,4,Non-Fatal Injury,,No Control,Angle,Clear,Daylight,Dry,Major Arterial,false,-79.41399082899233,43.717444208150496,1,,,1,37,Minimal,Lap and Shoulder Belt,,,,,,,,,,passenger,,Eglinton-Lawrence (8),53 Division,Lawrence Park South,false,false,false,false,false,false,false,false,false,false,"{""coordinates"": [[-79.41399082899233, 43.717444208150496]], ""type"": ""MultiPoint""}"
4734,2009:1110376,2009-06-21T16:00:00,WARDEN AVE,KINGSTON RD,,2,Non-Fatal Injury,At Intersection,Traffic Signal,Cyclist Collision,Clear,Daylight,Dry,Major Arterial,true,-79.27089061143718,43.68774401728196,1,Automobile or Station Wagon,South,1,,None,Other Safety Equipment Used,Following too closely,Unknown,,,Going Ahead,,,,,driver,,Scarborough Southwest (20),41 Division,Birchcliffe-Cliffside,true,false,true,false,false,false,false,false,false,false,"{""coordinates"": [[-79.27089061143718, 43.68774401728196]], ""type"": ""MultiPoint""}"
4735,2009:1110376,2009-06-21T16:00:00,WARDEN AVE,KINGSTON RD,,2,Non-Fatal Injury,At Intersection,Traffic Signal,Cyclist Collision,Clear,Daylight,Dry,Major Arterial,true,-79.27089061143718,43.68774401728196,1,Bicycle,South,2,48,Major,Other Safety Equipment Used,,,,,Turning Right,,Rear end with cyclist and driver travelling in same direction,Driving Properly,Had Been Drinking,cyclist,,Scarborough Southwest (20),41 Division,Birchcliffe-Cliffside,true,false,true,false,false,false,false,false,false,false,"{""coordinates"": [[-79.27089061143718, 43.68774401728196]], ""type"": ""MultiPoint""}"
4736,2009:1116367,2009-06-21T18:38:00,DANFORTH AVE,WOODYCREST AVE,,2,Non-Fatal Injury,,No Control,Cyclist Collision,Clear,Daylight,Dry,Major Arterial,false,-79.34179075451287,43.679544117196556,2,Bicycle,East,2,38,Major,Helmet,,,,,Overtaking,,Dooring,Driving Properly,Normal,cyclist,,Toronto-Danforth (14),55 Division,Blake-Jones,false,true,true,false,false,false,false,false,false,false,"{""coordinates"": [[-79.34179075451287, 43.679544117196556]], ""type"": ""MultiPoint""}"
4737,2009:1116367,2009-06-21T18:38:00,DANFORTH AVE,WOODYCREST AVE,,2,Non-Fatal Injury,,No Control,Cyclist Collision,Clear,Daylight,Dry,Major Arterial,false,-79.34179075451287,43.679544117196556,1,Automobile or Station Wagon,East,1,34,None,Other Safety Equipment Used,Other,Inattentive,,,Parked,,,,,driver,,Toronto-Danforth (14),55 Division,Blake-Jones,false,true,true,false,false,false,false,false,false,false,"{""coordinates"": [[-79.34179075451287, 43.679544117196556]], ""type"": ""MultiPoint""}"
4738,2009:1107460,2009-06-22T00:00:00,F G GARDINER XY E,KIPLING AVE,,2,Non-Fatal Injury,,No Control,Sideswipe,Clear,Daylight,Dry,,false,-79.52479119726682,43.61804440246832,2,Automobile or Station Wagon,East,2,43,None,Other Safety Equipment Used,Improper lane change,Normal,,,Changing Lanes,,,,,driver,,Etobicoke-Lakeshore (3),22 Division,Mimico-Queensway,false,false,false,true,false,false,false,false,false,false,"{""coordinates"": [[-79.52479119726682, 43.61804440246832]], ""type"": ""MultiPoint""}"
4739,2009:1107460,2009-06-22T00:00:00,F G GARDINER XY E,KIPLING AVE,,2,Non-Fatal Injury,,No Control,Sideswipe,Clear,Daylight,Dry,,false,-79.52479119726682,43.61804440246832,1,Motorcycle,East,1,28,Major,Helmet,Driving properly,Normal,,,Going Ahead,,,,,motorcyclist,,Etobicoke-Lakeshore (3),22 Division,Mimico-Queensway,false,false,false,true,false,false,false,false,false,false,"{""coordinates"": [[-79.52479119726682, 43.61804440246832]], ""type"": ""MultiPoint""}"
4740,2009:1110532,2009-06-22T08:02:00,22 ELINOR AVE,,,2,Non-Fatal Injury,,No Control,Rear End,Clear,Daylight,Dry,Local,false,-79.30139059184377,43.746044057973904,1,Automobile or Station Wagon,South,2,27,Minor,Other Safety Equipment Used,Following too closely,Normal,,,Going Ahead,,,,,driver,,Scarborough Centre (21),41 Division,Wexford/Maryvale,true,false,false,false,false,false,false,false,true,false,"{""coordinates"": [[-79.30139059184377, 43.746044057973904]], ""type"": ""MultiPoint""}"
4741,2009:1110532,2009-06-22T08:02:00,22 ELINOR AVE,,,2,Non-Fatal Injury,,No Control,Rear End,Clear,Daylight,Dry,Local,false,-79.30139059184377,43.746044057973904,1,,,1,4,Major,Other Safety Equipment Used,,,,,,,,,,passenger,,Scarborough Centre (21),41 Division,Wexford/Maryvale,true,false,false,false,false,false,false,false,true,false,"{""coordinates"": [[-79.30139059184377, 43.746044057973904]], ""type"": ""MultiPoint""}"
4742,2009:1110532,2009-06-22T08:02:00,22 ELINOR AVE,,,2,Non-Fatal Injury,,No Control,Rear End,Clear,Daylight,Dry,Local,false,-79.30139059184377,43.746044057973904,2,,,3,,,Other Safety Equipment Used,,,,,,,,,,owner,,Scarborough Centre (21),41 Division,Wexford/Maryvale,true,false,false,false,false,false,false,false,true,false,"{""coordinates"": [[-79.30139059184377, 43.746044057973904]], ""type"": ""MultiPoint""}"
4743,2009:1116599,2009-06-22T16:00:00,ST CLAIR AVE W,JANE ST,,2,Non-Fatal Injury,,Traffic Signal,Pedestrian Collision(internal code),Clear,Daylight,Dry,Major Arterial,false,-79.49179105853226,43.66714433514255,1,Automobile or Station Wagon,North,1,69,None,Lap and Shoulder Belt,Failed to yield right-of-way,Unknown,,,Turning Left,,,,,driver,,York South-Weston (5),11 Division,Rockcliffe-Smythe,true,false,false,false,false,true,true,false,false,false,"{""coordinates"": [[-79.49179105853226, 43.66714433514255]], ""type"": ""MultiPoint""}"
4744,2009:1116599,2009-06-22T16:00:00,ST CLAIR AVE W,JANE ST,,2,Non-Fatal Injury,,Traffic Signal,Pedestrian Collision(internal code),Clear,Daylight,Dry,Major Arterial,false,-79.49179105853226,43.66714433514255,2,,South,2,56,Major,No Equipment Available,,,Crossing with right-of-way (intersection),Normal,,Driver turns left into pedestrian crossing with right-of-way (at intersection),,,,pedestrian,,York South-Weston (5),11 Division,Rockcliffe-Smythe,true,false,false,false,false,true,true,false,false,false,"{""coordinates"": [[-79.49179105853226, 43.66714433514255]], ""type"": ""MultiPoint""}"
4745,2009:1116589,2009-06-22T22:18:00,DANFORTH AVE,GREENWOOD AVE,,4,Non-Fatal Injury,At Intersection,Traffic Signal,Turning Movement,Clear,Dark,Dry,Major Arterial,false,-79.33239073423408,43.681444103710035,2,,,3,,,Other Safety Equipment Used,,,,,,,,,,owner,,Toronto-Danforth (14),55 Division,Blake-Jones,false,true,false,true,false,false,false,false,false,false,"{""coordinates"": [[-79.33239073423408, 43.681444103710035]], ""type"": ""MultiPoint""}"
4746,2009:1116589,2009-06-22T22:18:00,DANFORTH AVE,GREENWOOD AVE,,4,Non-Fatal Injury,At Intersection,Traffic Signal,Turning Movement,Clear,Dark,Dry,Major Arterial,false,-79.33239073423408,43.681444103710035,1,Motorcycle,East,2,30,Minimal,Helmet,Driving properly,Normal,,,Going Ahead,,,,,motorcyclist,,Toronto-Danforth (14),55 Division,Blake-Jones,false,true,false,true,false,false,false,false,false,false,"{""coordinates"": [[-79.33239073423408, 43.681444103710035]], ""type"": ""MultiPoint""}"
4747,2009:1116589,2009-06-22T22:18:00,DANFORTH AVE,GREENWOOD AVE,,4,Non-Fatal Injury,At Intersection,Traffic Signal,Turning Movement,Clear,Dark,Dry,Major Arterial,false,-79.33239073423408,43.681444103710035,2,Automobile or Station Wagon,West,4,40,None,Lap and Shoulder Belt,Improper turn,Inattentive,,,Turning Left,,,,,driver,,Toronto-Danforth (14),55 Division,Blake-Jones,false,true,false,true,false,false,false,false,false,false,"{""coordinates"": [[-79.33239073423408, 43.681444103710035]], ""type"": ""MultiPoint""}"
4748,2009:1116589,2009-06-22T22:18:00,DANFORTH AVE,GREENWOOD AVE,,4,Non-Fatal Injury,At Intersection,Traffic Signal,Turning Movement,Clear,Dark,Dry,Major Arterial,false,-79.33239073423408,43.681444103710035,1,,,1,27,Major,Helmet,,,,,,,,,,passenger,,Toronto-Danforth (14),55 Division,Blake-Jones,false,true,false,true,false,false,false,false,false,false,"{""coordinates"": [[-79.33239073423408, 43.681444103710035]], ""type"": ""MultiPoint""}"
4749,2009:1110560,2009-06-22T23:50:00,F G GARDINER Expr W,DUFFERIN Stre,,4,Non-Fatal Injury,,No Control,Rear End,Clear,Dark,Dry,,false,-79.42139097654703,43.63494424358569,1,Automobile or Station Wagon,West,2,48,Minor,Other Safety Equipment Used,Driving properly,Normal,,,Stopped,,,,,driver,,Spadina-Fort York (10),14 Division,Fort York-Liberty Village,true,false,false,false,false,false,false,false,false,false,"{""coordinates"": [[-79.42139097654703, 43.63494424358569]], ""type"": ""MultiPoint""}"
4750,2009:1110560,2009-06-22T23:50:00,F G GARDINER Expr W,DUFFERIN Stre,,4,Non-Fatal Injury,,No Control,Rear End,Clear,Dark,Dry,,false,-79.42139097654703,43.63494424358569,3,Automobile or Station Wagon,West,4,27,Minor,Other Safety Equipment Used,Driving properly,Normal,,,Stopped,,,,,driver,,Spadina-Fort York (10),14 Division,Fort York-Liberty Village,true,false,false,false,false,false,false,false,false,false,"{""coordinates"": [[-79.42139097654703, 43.63494424358569]], ""type"": ""MultiPoint""}"
4751,2009:1110560,2009-06-22T23:50:00,F G GARDINER Expr W,DUFFERIN Stre,,4,Non-Fatal Injury,,No Control,Rear End,Clear,Dark,Dry,,false,-79.42139097654703,43.63494424358569,1,Automobile or Station Wagon,,1,,,Other Safety Equipment Used,,,,,,,,,,owner,,Spadina-Fort York (10),14 Division,Fort York-Liberty Village,true,false,false,false,false,false,false,false,false,false,"{""coordinates"": [[-79.42139097654703, 43.63494424358569]], ""type"": ""MultiPoint""}"
4752,2009:1110560,2009-06-22T23:50:00,F G GARDINER Expr W,DUFFERIN Stre,,4,Non-Fatal Injury,,No Control,Rear End,Clear,Dark,Dry,,false,-79.42139097654703,43.63494424358569,2,Automobile or Station Wagon,West,3,37,Major,Other Safety Equipment Used,Following too closely,Unknown,,,Going Ahead,,,,,driver,,Spadina-Fort York (10),14 Division,Fort York-Liberty Village,true,false,false,false,false,false,false,false,false,false,"{""coordinates"": [[-79.42139097654703, 43.63494424358569]], ""type"": ""MultiPoint""}"
4753,2009:1144058,2009-08-05T08:20:00,3 DUFFIELD Rd,,,4,Non-Fatal Injury,,No Control,SMV Unattended Vehicle,Clear,Daylight,Dry,Local,false,-79.5319910721268,43.69054437304905,3,,,3,,,Other Safety Equipment Used,,,,,,,,,,owner,,Etobicoke Centre (2),23 Division,Willowridge-Martingrove-Richview,false,false,false,false,false,false,false,false,false,false,"{""coordinates"": [[-79.5319910721268, 43.69054437304905]], ""type"": ""MultiPoint""}"
4754,2009:1110725,2009-06-23T14:49:00,BLOOR ST W,ST HELENS AVE,,3,Fatal Injury,At Intersection,Stop Sign,Pedestrian Collision(internal code),Clear,Daylight,Dry,Major Arterial,false,-79.44399098262406,43.65804426949125,2,,West,3,79,Fatal,Other Safety Equipment Used,,,Crossing with right-of-way (intersection),Normal,,Driver turns left into pedestrian crossing with right-of-way (at intersection),,,,pedestrian,17,Davenport (9),11 Division,Dufferin Grove,true,false,false,false,false,true,true,false,false,true,"{""coordinates"": [[-79.44399098262406, 43.65804426949125]], ""type"": ""MultiPoint""}"
4755,2009:1110725,2009-06-23T14:49:00,BLOOR ST W,ST HELENS AVE,,3,Fatal Injury,At Intersection,Stop Sign,Pedestrian Collision(internal code),Clear,Daylight,Dry,Major Arterial,false,-79.44399098262406,43.65804426949125,1,Truck - Open (Flatbed),North,2,34,None,Other Safety Equipment Used,Failed to yield right-of-way,Normal,,,Turning Left,,,,,driver,,Davenport (9),11 Division,Dufferin Grove,true,false,false,false,false,true,true,false,false,true,"{""coordinates"": [[-79.44399098262406, 43.65804426949125]], ""type"": ""MultiPoint""}"
4756,2009:1110725,2009-06-23T14:49:00,BLOOR ST W,ST HELENS AVE,,3,Fatal Injury,At Intersection,Stop Sign,Pedestrian Collision(internal code),Clear,Daylight,Dry,Major Arterial,false,-79.44399098262406,43.65804426949125,1,,,1,,,Other Safety Equipment Used,,,,,,,,,,owner,,Davenport (9),11 Division,Dufferin Grove,true,false,false,false,false,true,true,false,false,true,"{""coordinates"": [[-79.44399098262406, 43.65804426949125]], ""type"": ""MultiPoint""}"
4757,2009:1116707,2009-06-23T19:00:00,PALMERSTON AVE,DUNDAS ST W,,2,Non-Fatal Injury,,Stop Sign,Pedestrian Collision(internal code),Clear,Daylight,Dry,Major Arterial,false,-79.40849092400154,43.65174421929625,1,,,1,92,Major,Other Safety Equipment Used,,,Crossing with right-of-way (intersection),Normal,,Driver turns left into pedestrian crossing with right-of-way (at intersection),,,,pedestrian,,Spadina-Fort York (10),14 Division,Trinity-Bellwoods,false,false,true,false,false,true,true,false,true,false,"{""coordinates"": [[-79.40849092400154, 43.65174421929625]], ""type"": ""MultiPoint""}"
4758,2009:1116707,2009-06-23T19:00:00,PALMERSTON AVE,DUNDAS ST W,,2,Non-Fatal Injury,,Stop Sign,Pedestrian Collision(internal code),Clear,Daylight,Dry,Major Arterial,false,-79.40849092400154,43.65174421929625,1,Bicycle,East,2,17,None,Other Safety Equipment Used,,,,,Turning Left,,Cyclist hits pedestrian,Failed to Yield Right of Way,Normal,cyclist,,Spadina-Fort York (10),14 Division,Trinity-Bellwoods,false,false,true,false,false,true,true,false,true,false,"{""coordinates"": [[-79.40849092400154, 43.65174421929625]], ""type"": ""MultiPoint""}"
4759,2009:1110977,2009-06-24T21:44:00,WILLIAM R ALLEN RD S,RIDELLE AVE,,3,Non-Fatal Injury,,No Control,Rear End,Clear,Dark,Dry,,false,-79.43909089315008,43.70574424554036,1,Motorcycle,South,1,37,Major,Helmet,Driving properly,Normal,,,Slowing or Stopping,,,,,motorcyclist,,Eglinton-Lawrence (8),13 Division,Yorkdale-Glen Park,true,false,false,true,false,false,false,false,false,false,"{""coordinates"": [[-79.43909089315008, 43.70574424554036]], ""type"": ""MultiPoint""}"
4760,2009:1110977,2009-06-24T21:44:00,WILLIAM R ALLEN RD S,RIDELLE AVE,,3,Non-Fatal Injury,,No Control,Rear End,Clear,Dark,Dry,,false,-79.43909089315008,43.70574424554036,2,Automobile or Station Wagon,South,2,26,None,Other Safety Equipment Used,Following too closely,Normal,,,Going Ahead,,,,,driver,,Eglinton-Lawrence (8),13 Division,Yorkdale-Glen Park,true,false,false,true,false,false,false,false,false,false,"{""coordinates"": [[-79.43909089315008, 43.70574424554036]], ""type"": ""MultiPoint""}"
4761,2009:1110977,2009-06-24T21:44:00,WILLIAM R ALLEN RD S,RIDELLE AVE,,3,Non-Fatal Injury,,No Control,Rear End,Clear,Dark,Dry,,false,-79.43909089315008,43.70574424554036,3,Automobile or Station Wagon,South,3,26,None,Other Safety Equipment Used,Driving properly,Normal,,,Slowing or Stopping,,,,,driver,,Eglinton-Lawrence (8),13 Division,Yorkdale-Glen Park,true,false,false,true,false,false,false,false,false,false,"{""coordinates"": [[-79.43909089315008, 43.70574424554036]], ""type"": ""MultiPoint""}"
4762,2009:1117245,2009-06-25T18:06:00,GLENHURST AVE,ROSENEATH GDNS,,2,Non-Fatal Injury,,Stop Sign,Pedestrian Collision(internal code),Clear,Daylight,Dry,Local,false,-79.43459092414979,43.68224424747281,1,Automobile or Station Wagon,East,1,19,None,Lap and Shoulder Belt,Driving properly,Normal,,,Going Ahead,,,,,driver,,Davenport (9),13 Division,Oakwood Village,false,true,false,false,false,false,true,false,true,false,"{""coordinates"": [[-79.43459092414979, 43.68224424747281]], ""type"": ""MultiPoint""}"
4763,2009:1117245,2009-06-25T18:06:00,GLENHURST AVE,ROSENEATH GDNS,,2,Non-Fatal Injury,,Stop Sign,Pedestrian Collision(internal code),Clear,Daylight,Dry,Local,false,-79.43459092414979,43.68224424747281,2,,South,2,9,Major,Other Safety Equipment Used,,,Running onto roadway,Inattentive,,Driver going straight hits pedestrian crossing without right-of-way (at intersection),,,,pedestrian,,Davenport (9),13 Division,Oakwood Village,false,true,false,false,false,false,true,false,true,false,"{""coordinates"": [[-79.43459092414979, 43.68224424747281]], ""type"": ""MultiPoint""}"
4764,2009:1118330,2009-06-29T06:48:00,ALBION RD,WESTON RD,,2,Non-Fatal Injury,,No Control,SMV Other,Clear,Daylight,Dry,Major Arterial,false,-79.5383910302934,43.717444366085815,1,Automobile or Station Wagon,East,1,33,Major,Use Unknown,Lost control,Medical or Physical Disability,,,Going Ahead,,,,,driver,,Humber River-Black Creek (7),31 Division,Pelmo Park-Humberlea,false,false,false,false,false,false,false,false,false,false,"{""coordinates"": [[-79.5383910302934, 43.717444366085815]], ""type"": ""MultiPoint""}"
4765,2009:1118330,2009-06-29T06:48:00,ALBION RD,WESTON RD,,2,Non-Fatal Injury,,No Control,SMV Other,Clear,Daylight,Dry,Major Arterial,false,-79.5383910302934,43.717444366085815,2,,,2,,,Other Safety Equipment Used,,,,,,,,,,owner,,Humber River-Black Creek (7),31 Division,Pelmo Park-Humberlea,false,false,false,false,false,false,false,false,false,false,"{""coordinates"": [[-79.5383910302934, 43.717444366085815]], ""type"": ""MultiPoint""}"
4766,2009:1111668,2009-06-29T10:11:00,SHEPPARD AVE W,YEOMANS RD,,3,Non-Fatal Injury,,No Control,Pedestrian Collision(internal code),Clear,Daylight,Dry,Major Arterial,false,-79.44319082056083,43.7545442343624,1,Automobile or Station Wagon,East,2,24,None,Use Unknown,Driving properly,Normal,,,Going Ahead,,,,,driver,,York Centre (6),32 Division,Clanton Park,false,true,false,false,false,true,true,false,false,false,"{""coordinates"": [[-79.44319082056083, 43.7545442343624]], ""type"": ""MultiPoint""}"