_id,collision_id,accdate,stname1,stname2,stname3,per_inv,acclass,accloc,traffictl,impactype,visible,light,rdsfcond,road_class,failtorem,longitude,latitude,veh_no,vehtype,initdir,per_no,invage,injury,safequip,drivact,drivcond,pedact,pedcond,manoeuvre,pedtype,cyclistype,cycact,cyccond,road_user,fatal_no,wardname,division,neighbourhood,aggressive,distracted,cyclist,motorcyclist,other_micromobility,older_adult,pedestrian,red_light,school_child,heavy_truck,geometry
5026,2009:1130411,2009-09-19T14:18:00,ELLESMERE RD,DEWEY DR,,2,Fatal Injury,At Intersection,Stop Sign,Turning Movement,Clear,Daylight,Dry,Major Arterial,false,-79.30449058254624,43.76034406243932,1,Automobile or Station Wagon,East,1,33,None,Other Safety Equipment Used,Driving properly,Normal,,,Going Ahead,,,,,driver,,Scarborough Centre (21),41 Division,Wexford/Maryvale,true,true,false,false,false,true,false,false,false,false,"{""coordinates"": [[-79.30449058254624, 43.76034406243932]], ""type"": ""MultiPoint""}"
5027,2009:1130772,2009-09-19T20:47:00,DANFORTH Aven,DAWES Road,,2,Non-Fatal Injury,At Intersection,Traffic Signal,Pedestrian Collision(internal code),Clear,Dark,Dry,Major Arterial,false,-79.29679065752389,43.689244053373436,2,,South,2,58,Major,Other Safety Equipment Used,,,Crossing with right-of-way (intersection),Normal,,Driver turns left into pedestrian crossing with right-of-way (at intersection),,,,pedestrian,,Beaches-East York (19),55 Division,East End-Danforth,true,false,false,false,false,false,true,false,false,false,"{""coordinates"": [[-79.29679065752389, 43.689244053373436]], ""type"": ""MultiPoint""}"
5028,2009:1130772,2009-09-19T20:47:00,DANFORTH Aven,DAWES Road,,2,Non-Fatal Injury,At Intersection,Traffic Signal,Pedestrian Collision(internal code),Clear,Dark,Dry,Major Arterial,false,-79.29679065752389,43.689244053373436,1,Automobile or Station Wagon,North,1,23,None,Lap and Shoulder Belt,Failed to yield right-of-way,Normal,,,Turning Left,,,,,driver,,Beaches-East York (19),55 Division,East End-Danforth,true,false,false,false,false,false,true,false,false,false,"{""coordinates"": [[-79.29679065752389, 43.689244053373436]], ""type"": ""MultiPoint""}"
5029,2009:1126375,2009-09-19T23:15:00,DON MILLS RD,HAVENBROOK BLVD,,2,Non-Fatal Injury,At Intersection,Traffic Signal,Pedestrian Collision(internal code),Clear,Dark,Dry,Major Arterial,true,-79.34649064353334,43.769544114207655,2,,West,2,15,Major,Other Safety Equipment Used,,,Crossing with right-of-way (intersection),Normal,,Driver going straight hits pedestrian crossing with right-of-way (at intersection),,,,pedestrian,,Don Valley North (17),33 Division,Henry Farm,true,false,false,false,false,false,true,false,true,false,"{""coordinates"": [[-79.34649064353334, 43.769544114207655]], ""type"": ""MultiPoint""}"
5030,2009:1126375,2009-09-19T23:15:00,DON MILLS RD,HAVENBROOK BLVD,,2,Non-Fatal Injury,At Intersection,Traffic Signal,Pedestrian Collision(internal code),Clear,Dark,Dry,Major Arterial,true,-79.34649064353334,43.769544114207655,1,Automobile or Station Wagon,South,1,,None,Other Safety Equipment Used,Failed to yield right-of-way,Unknown,,,Going Ahead,,,,,driver,,Don Valley North (17),33 Division,Henry Farm,true,false,false,false,false,false,true,false,true,false,"{""coordinates"": [[-79.34649064353334, 43.769544114207655]], ""type"": ""MultiPoint""}"
5031,2009:1125793,2009-09-20T02:44:00,DUNDAS ST W,DOVERCOURT RD,,4,Non-Fatal Injury,At Intersection,Traffic Signal,Rear End,Clear,Dark,Dry,Minor Arterial,false,-79.42469095938064,43.64944424397819,1,Automobile or Station Wagon,East,3,49,Major,Lap and Shoulder Belt,Driving properly,Normal,,,Going Ahead,,,,,driver,,Davenport (9),14 Division,Trinity-Bellwoods,true,false,false,false,false,true,false,false,true,false,"{""coordinates"": [[-79.42469095938064, 43.64944424397819]], ""type"": ""MultiPoint""}"
5032,2009:1133515,2009-10-04T03:48:00,LAWRENCE Aven E,MOUNT PLEASANT Road,,5,Non-Fatal Injury,,Traffic Signal,Rear End,Clear,Dark,Dry,Major Arterial,false,-79.39719078557467,43.72614418366631,1,,,1,,,Other Safety Equipment Used,,,,,,,,,,owner,,Don Valley West (15),53 Division,Lawrence Park South,true,true,false,false,false,false,false,false,false,false,"{""coordinates"": [[-79.39719078557467, 43.72614418366631]], ""type"": ""MultiPoint""}"
5033,2009:1125793,2009-09-20T02:44:00,DUNDAS ST W,DOVERCOURT RD,,4,Non-Fatal Injury,At Intersection,Traffic Signal,Rear End,Clear,Dark,Dry,Minor Arterial,false,-79.42469095938064,43.64944424397819,4,Automobile or Station Wagon,East,4,46,Major,Lap and Shoulder Belt,Driving properly,Normal,,,Going Ahead,,,,,driver,,Davenport (9),14 Division,Trinity-Bellwoods,true,false,false,false,false,true,false,false,true,false,"{""coordinates"": [[-79.42469095938064, 43.64944424397819]], ""type"": ""MultiPoint""}"
5034,2009:1125793,2009-09-20T02:44:00,DUNDAS ST W,DOVERCOURT RD,,4,Non-Fatal Injury,At Intersection,Traffic Signal,Rear End,Clear,Dark,Dry,Minor Arterial,false,-79.42469095938064,43.64944424397819,2,Automobile or Station Wagon,West,1,65,Major,Lap and Shoulder Belt,Exceeding speed limit,Ability Impaired - Alcohol Over .08,,,Going Ahead,,,,,driver,,Davenport (9),14 Division,Trinity-Bellwoods,true,false,false,false,false,true,false,false,true,false,"{""coordinates"": [[-79.42469095938064, 43.64944424397819]], ""type"": ""MultiPoint""}"
5035,2009:1125793,2009-09-20T02:44:00,DUNDAS ST W,DOVERCOURT RD,,4,Non-Fatal Injury,At Intersection,Traffic Signal,Rear End,Clear,Dark,Dry,Minor Arterial,false,-79.42469095938064,43.64944424397819,3,Automobile or Station Wagon,West,2,17,Major,Lap and Shoulder Belt,Driving properly,Normal,,,Going Ahead,,,,,driver,,Davenport (9),14 Division,Trinity-Bellwoods,true,false,false,false,false,true,false,false,true,false,"{""coordinates"": [[-79.42469095938064, 43.64944424397819]], ""type"": ""MultiPoint""}"
5036,2009:1125794,2009-09-20T02:44:00,DUNDAS ST W,COOLMINE RD,,3,Non-Fatal Injury,At Intersection,No Control,Rear End,Clear,Dark,Dry,Minor Arterial,false,-79.42559096114238,43.649444245313546,3,Automobile or Station Wagon,West,3,31,Major,Lap and Shoulder Belt,Driving properly,Normal,,,Going Ahead,,,,,driver,,Davenport (9),14 Division,Little Portugal,true,false,false,false,false,true,false,false,false,false,"{""coordinates"": [[-79.42559096114238, 43.649444245313546]], ""type"": ""MultiPoint""}"
5037,2009:1125794,2009-09-20T02:44:00,DUNDAS ST W,COOLMINE RD,,3,Non-Fatal Injury,At Intersection,No Control,Rear End,Clear,Dark,Dry,Minor Arterial,false,-79.42559096114238,43.649444245313546,2,Automobile or Station Wagon,East,2,41,Major,Lap and Shoulder Belt,Driving properly,Normal,,,Going Ahead,,,,,driver,,Davenport (9),14 Division,Little Portugal,true,false,false,false,false,true,false,false,false,false,"{""coordinates"": [[-79.42559096114238, 43.649444245313546]], ""type"": ""MultiPoint""}"
5038,2009:1125794,2009-09-20T02:44:00,DUNDAS ST W,COOLMINE RD,,3,Non-Fatal Injury,At Intersection,No Control,Rear End,Clear,Dark,Dry,Minor Arterial,false,-79.42559096114238,43.649444245313546,1,Automobile or Station Wagon,West,1,65,Major,Lap and Shoulder Belt,Exceeding speed limit,Ability Impaired - Alcohol Over .08,,,Going Ahead,,,,,driver,,Davenport (9),14 Division,Little Portugal,true,false,false,false,false,true,false,false,false,false,"{""coordinates"": [[-79.42559096114238, 43.649444245313546]], ""type"": ""MultiPoint""}"
5039,2009:1132426,2009-09-20T12:20:00,BLOOR ST W,RENFORTH DR,,3,Non-Fatal Injury,At Intersection,Stop Sign,Turning Movement,Clear,Daylight,Dry,Major Arterial,false,-79.56369121611579,43.63534444168764,1,Automobile or Station Wagon,South,3,42,None,Lap and Shoulder Belt,Disobeyed traffic control,Normal,,,Turning Left,,,,,driver,,Etobicoke Centre (2),22 Division,Markland Wood,true,false,false,false,false,false,false,false,false,false,"{""coordinates"": [[-79.56369121611579, 43.63534444168764]], ""type"": ""MultiPoint""}"
5040,2009:1132426,2009-09-20T12:20:00,BLOOR ST W,RENFORTH DR,,3,Non-Fatal Injury,At Intersection,Stop Sign,Turning Movement,Clear,Daylight,Dry,Major Arterial,false,-79.56369121611579,43.63534444168764,2,,,1,44,Minimal,Lap and Shoulder Belt,,,,,,,,,,passenger,,Etobicoke Centre (2),22 Division,Markland Wood,true,false,false,false,false,false,false,false,false,false,"{""coordinates"": [[-79.56369121611579, 43.63534444168764]], ""type"": ""MultiPoint""}"
5041,2009:1132426,2009-09-20T12:20:00,BLOOR ST W,RENFORTH DR,,3,Non-Fatal Injury,At Intersection,Stop Sign,Turning Movement,Clear,Daylight,Dry,Major Arterial,false,-79.56369121611579,43.63534444168764,2,Automobile or Station Wagon,East,2,44,Major,Lap and Shoulder Belt,Driving properly,Normal,,,Going Ahead,,,,,driver,,Etobicoke Centre (2),22 Division,Markland Wood,true,false,false,false,false,false,false,false,false,false,"{""coordinates"": [[-79.56369121611579, 43.63534444168764]], ""type"": ""MultiPoint""}"
5042,2009:1126015,2009-09-22T00:52:00,MURRAY ROSS PKWY,LEITCH AVE,,3,Non-Fatal Injury,,No Control,Pedestrian Collision(internal code),Clear,Dark,Wet,Collector,false,-79.49609089495544,43.76594429723497,1,,,1,21,None,Other Safety Equipment Used,,,,,,,,,,passenger,,Humber River-Black Creek (7),31 Division,York University Heights,true,false,false,false,false,false,true,false,false,false,"{""coordinates"": [[-79.49609089495544, 43.76594429723497]], ""type"": ""MultiPoint""}"
5043,2009:1126015,2009-09-22T00:52:00,MURRAY ROSS PKWY,LEITCH AVE,,3,Non-Fatal Injury,,No Control,Pedestrian Collision(internal code),Clear,Dark,Wet,Collector,false,-79.49609089495544,43.76594429723497,2,,,3,22,Major,Other Safety Equipment Used,,,On sidewalk or shoulder,Normal,,Driver hits pedestrian on sidewalk or shoulder,,,,pedestrian,,Humber River-Black Creek (7),31 Division,York University Heights,true,false,false,false,false,false,true,false,false,false,"{""coordinates"": [[-79.49609089495544, 43.76594429723497]], ""type"": ""MultiPoint""}"
5044,2009:1126015,2009-09-22T00:52:00,MURRAY ROSS PKWY,LEITCH AVE,,3,Non-Fatal Injury,,No Control,Pedestrian Collision(internal code),Clear,Dark,Wet,Collector,false,-79.49609089495544,43.76594429723497,1,Automobile or Station Wagon,West,2,27,None,Other Safety Equipment Used,Exceeding speed limit,Unknown,,,Going Ahead,,,,,driver,,Humber River-Black Creek (7),31 Division,York University Heights,true,false,false,false,false,false,true,false,false,false,"{""coordinates"": [[-79.49609089495544, 43.76594429723497]], ""type"": ""MultiPoint""}"
5045,2009:1131662,2009-09-22T13:20:00,SUNNYSIDE Aven,MARION Stre,,3,Non-Fatal Injury,,No Control,Pedestrian Collision(internal code),Clear,Daylight,Dry,Collector,false,-79.44889102293483,43.63994428344261,1,,,1,,,Other Safety Equipment Used,,,,,,,,,,owner,,Parkdale-High Park (4),11 Division,High Park-Swansea,false,false,false,false,false,true,true,false,false,false,"{""coordinates"": [[-79.44889102293483, 43.63994428344261]], ""type"": ""MultiPoint""}"
5046,2009:1131662,2009-09-22T13:20:00,SUNNYSIDE Aven,MARION Stre,,3,Non-Fatal Injury,,No Control,Pedestrian Collision(internal code),Clear,Daylight,Dry,Collector,false,-79.44889102293483,43.63994428344261,2,,West,3,40,Major,No Equipment Available,,,Coming from behind parked vehicle or object,Normal,,Driver hits pedestrian walking or running out from between parked vehicles (at midblock),,,,pedestrian,,Parkdale-High Park (4),11 Division,High Park-Swansea,false,false,false,false,false,true,true,false,false,false,"{""coordinates"": [[-79.44889102293483, 43.63994428344261]], ""type"": ""MultiPoint""}"
5047,2009:1131662,2009-09-22T13:20:00,SUNNYSIDE Aven,MARION Stre,,3,Non-Fatal Injury,,No Control,Pedestrian Collision(internal code),Clear,Daylight,Dry,Collector,false,-79.44889102293483,43.63994428344261,1,Automobile or Station Wagon,North,2,66,None,Other Safety Equipment Used,Driving properly,Normal,,,Going Ahead,,,,,driver,,Parkdale-High Park (4),11 Division,High Park-Swansea,false,false,false,false,false,true,true,false,false,false,"{""coordinates"": [[-79.44889102293483, 43.63994428344261]], ""type"": ""MultiPoint""}"
5048,2009:1126214,2009-09-22T22:20:00,YONGE Stre,GROSVENOR Stre,,4,Non-Fatal Injury,At Intersection,Traffic Signal,Pedestrian Collision(internal code),Clear,Dark,Dry,Major Arterial,false,-79.3837908585367,43.6630441802578,3,,,4,32,Major,Other Safety Equipment Used,,,Other,Unknown,,Driver going straight hits pedestrian crossing without right-of-way (at intersection),,,,pedestrian,,Toronto Centre (13),51 Division,Church-Wellesley,false,false,false,false,false,false,true,false,false,false,"{""coordinates"": [[-79.3837908585367, 43.6630441802578]], ""type"": ""MultiPoint""}"
5049,2009:1126214,2009-09-22T22:20:00,YONGE Stre,GROSVENOR Stre,,4,Non-Fatal Injury,At Intersection,Traffic Signal,Pedestrian Collision(internal code),Clear,Dark,Dry,Major Arterial,false,-79.3837908585367,43.6630441802578,1,Automobile or Station Wagon,South,1,43,None,Other Safety Equipment Used,Driving properly,Normal,,,Going Ahead,,,,,driver,,Toronto Centre (13),51 Division,Church-Wellesley,false,false,false,false,false,false,true,false,false,false,"{""coordinates"": [[-79.3837908585367, 43.6630441802578]], ""type"": ""MultiPoint""}"
5050,2009:1126214,2009-09-22T22:20:00,YONGE Stre,GROSVENOR Stre,,4,Non-Fatal Injury,At Intersection,Traffic Signal,Pedestrian Collision(internal code),Clear,Dark,Dry,Major Arterial,false,-79.3837908585367,43.6630441802578,2,,,2,,,Other Safety Equipment Used,,,,,,,,,,owner,,Toronto Centre (13),51 Division,Church-Wellesley,false,false,false,false,false,false,true,false,false,false,"{""coordinates"": [[-79.3837908585367, 43.6630441802578]], ""type"": ""MultiPoint""}"
5051,2009:1135676,2009-10-18T02:50:00,BLOOR Stre W,BRUNSWICK Aven,,4,Non-Fatal Injury,,No Control,Rear End,Clear,Dark,Dry,Major Arterial,false,-79.40799090071972,43.66574421464461,2,,,3,,None,Other Safety Equipment Used,,,,,Parked,,,,,other,,University-Rosedale (11),14 Division,University,true,false,false,false,false,false,false,false,false,false,"{""coordinates"": [[-79.40799090071972, 43.66574421464461]], ""type"": ""MultiPoint""}"
5052,2009:1126214,2009-09-22T22:20:00,YONGE Stre,GROSVENOR Stre,,4,Non-Fatal Injury,At Intersection,Traffic Signal,Pedestrian Collision(internal code),Clear,Dark,Dry,Major Arterial,false,-79.3837908585367,43.6630441802578,2,Automobile or Station Wagon,South,3,23,None,Other Safety Equipment Used,Driving properly,Normal,,,Going Ahead,,,,,driver,,Toronto Centre (13),51 Division,Church-Wellesley,false,false,false,false,false,false,true,false,false,false,"{""coordinates"": [[-79.3837908585367, 43.6630441802578]], ""type"": ""MultiPoint""}"
5053,2009:1128816,2009-09-23T12:30:00,LAKE SHORE BLVD E,LOWER JARVIS ST,,3,Non-Fatal Injury,,No Control,Sideswipe,Clear,Daylight,Dry,Major Arterial,false,-79.36809085378687,43.64594416065232,1,Automobile or Station Wagon,West,1,25,None,Other Safety Equipment Used,Improper lane change,Normal,,,Changing Lanes,,,,,driver,,Spadina-Fort York (10),51 Division,St Lawrence-East Bayfront-The Islands,false,false,false,false,false,false,false,false,false,false,"{""coordinates"": [[-79.36809085378687, 43.64594416065232]], ""type"": ""MultiPoint""}"
5054,2009:1128816,2009-09-23T12:30:00,LAKE SHORE BLVD E,LOWER JARVIS ST,,3,Non-Fatal Injury,,No Control,Sideswipe,Clear,Daylight,Dry,Major Arterial,false,-79.36809085378687,43.64594416065232,2,,,2,54,Major,Other Safety Equipment Used,,,,,,,,,,passenger,,Spadina-Fort York (10),51 Division,St Lawrence-East Bayfront-The Islands,false,false,false,false,false,false,false,false,false,false,"{""coordinates"": [[-79.36809085378687, 43.64594416065232]], ""type"": ""MultiPoint""}"
5055,2009:1128816,2009-09-23T12:30:00,LAKE SHORE BLVD E,LOWER JARVIS ST,,3,Non-Fatal Injury,,No Control,Sideswipe,Clear,Daylight,Dry,Major Arterial,false,-79.36809085378687,43.64594416065232,2,Automobile or Station Wagon,West,3,28,None,Other Safety Equipment Used,Driving properly,Normal,,,Going Ahead,,,,,driver,,Spadina-Fort York (10),51 Division,St Lawrence-East Bayfront-The Islands,false,false,false,false,false,false,false,false,false,false,"{""coordinates"": [[-79.36809085378687, 43.64594416065232]], ""type"": ""MultiPoint""}"
5056,2009:1132051,2009-09-24T10:10:00,CHURCH ST,GOULD ST,,2,Non-Fatal Injury,,No Control,Cyclist Collision,Clear,Daylight,Dry,Minor Arterial,false,-79.37809085409266,43.65874417288354,1,Automobile or Station Wagon,South,1,,None,Other Safety Equipment Used,Other,Inattentive,,,Parked,,,,,driver,,Toronto Centre (13),51 Division,Downtown Yonge East,false,true,true,false,false,false,false,false,false,false,"{""coordinates"": [[-79.37809085409266, 43.65874417288354]], ""type"": ""MultiPoint""}"
5057,2009:1132051,2009-09-24T10:10:00,CHURCH ST,GOULD ST,,2,Non-Fatal Injury,,No Control,Cyclist Collision,Clear,Daylight,Dry,Minor Arterial,false,-79.37809085409266,43.65874417288354,2,Bicycle,South,2,20,Major,No Equipment Available,,,,,Slowing or Stopping,,Dooring,Driving Properly,Normal,cyclist,,Toronto Centre (13),51 Division,Downtown Yonge East,false,true,true,false,false,false,false,false,false,false,"{""coordinates"": [[-79.37809085409266, 43.65874417288354]], ""type"": ""MultiPoint""}"
5058,2009:1131978,2009-09-24T17:30:00,DUPONT ST,OSLER ST,,2,Non-Fatal Injury,,No Control,Cyclist Collision,Clear,Daylight,Dry,Major Arterial,false,-79.4565909957894,43.664544285383634,2,Bicycle,West,2,33,Major,Helmet,,,,,Going Ahead,,Driver turns left into path of cyclist,Driving Properly,Normal,cyclist,,Davenport (9),11 Division,Junction-Wallace Emerson,false,false,true,false,false,false,false,false,false,false,"{""coordinates"": [[-79.4565909957894, 43.664544285383634]], ""type"": ""MultiPoint""}"
5059,2009:1131978,2009-09-24T17:30:00,DUPONT ST,OSLER ST,,2,Non-Fatal Injury,,No Control,Cyclist Collision,Clear,Daylight,Dry,Major Arterial,false,-79.4565909957894,43.664544285383634,1,Automobile or Station Wagon,East,1,39,None,Other Safety Equipment Used,Improper turn,Normal,,,Turning Left,,,,,driver,,Davenport (9),11 Division,Junction-Wallace Emerson,false,false,true,false,false,false,false,false,false,false,"{""coordinates"": [[-79.4565909957894, 43.664544285383634]], ""type"": ""MultiPoint""}"
5060,2009:1133302,2009-09-24T21:15:00,MARTIN GROVE Road,EGLINTON Aven W,,3,Non-Fatal Injury,At Intersection,Traffic Signal,Turning Movement,Clear,Dark,Dry,Major Arterial,false,-79.56319114225505,43.67444441886804,2,,,2,29,Major,Helmet,,,,,,,,,,passenger,,Etobicoke Centre (2),22 Division,Eringate-Centennial-West Deane,false,true,false,true,false,false,false,false,false,false,"{""coordinates"": [[-79.56319114225505, 43.67444441886804]], ""type"": ""MultiPoint""}"
5061,2009:1133302,2009-09-24T21:15:00,MARTIN GROVE Road,EGLINTON Aven W,,3,Non-Fatal Injury,At Intersection,Traffic Signal,Turning Movement,Clear,Dark,Dry,Major Arterial,false,-79.56319114225505,43.67444441886804,2,Motorcycle,South,3,34,Major,Helmet,Improper turn,Inattentive,,,Turning Left,,,,,motorcyclist,,Etobicoke Centre (2),22 Division,Eringate-Centennial-West Deane,false,true,false,true,false,false,false,false,false,false,"{""coordinates"": [[-79.56319114225505, 43.67444441886804]], ""type"": ""MultiPoint""}"
5062,2009:1133302,2009-09-24T21:15:00,MARTIN GROVE Road,EGLINTON Aven W,,3,Non-Fatal Injury,At Intersection,Traffic Signal,Turning Movement,Clear,Dark,Dry,Major Arterial,false,-79.56319114225505,43.67444441886804,1,Automobile or Station Wagon,North,1,28,None,Lap and Shoulder Belt,Driving properly,Normal,,,Going Ahead,,,,,driver,,Etobicoke Centre (2),22 Division,Eringate-Centennial-West Deane,false,true,false,true,false,false,false,false,false,false,"{""coordinates"": [[-79.56319114225505, 43.67444441886804]], ""type"": ""MultiPoint""}"
5063,2009:1126950,2009-09-25T13:40:00,80 AUTO MALL DR,,,2,Non-Fatal Injury,,No Control,Sideswipe,Clear,Daylight,Dry,Local,false,-79.19198938167455,43.80234294641989,1,Passenger Van,North,1,52,None,Other Safety Equipment Used,Driving properly,Normal,,,Turning Left,,,,,driver,,Scarborough-Rouge Park (25),42 Division,Morningside Heights,true,true,false,true,false,false,false,false,false,false,"{""coordinates"": [[-79.19198938167455, 43.80234294641989]], ""type"": ""MultiPoint""}"
5064,2009:1126950,2009-09-25T13:40:00,80 AUTO MALL DR,,,2,Non-Fatal Injury,,No Control,Sideswipe,Clear,Daylight,Dry,Local,false,-79.19198938167455,43.80234294641989,2,Motorcycle,North,2,30,Major,Other Safety Equipment Used,Improper passing,Inattentive,,,Overtaking,,,,,motorcyclist,,Scarborough-Rouge Park (25),42 Division,Morningside Heights,true,true,false,true,false,false,false,false,false,false,"{""coordinates"": [[-79.19198938167455, 43.80234294641989]], ""type"": ""MultiPoint""}"
5065,2009:1132092,2009-09-25T17:00:00,O CONNOR DR,COXWELL AVE,,3,Non-Fatal Injury,,Traffic Signal,Turning Movement,Clear,Daylight,Dry,Major Arterial,false,-79.32949070628278,43.697744098041944,2,,,2,29,Major,Lap and Shoulder Belt,,,,,,,,,,passenger,,Toronto-Danforth (14),55 Division,Old East York,true,false,false,false,false,false,false,false,false,false,"{""coordinates"": [[-79.32949070628278, 43.697744098041944]], ""type"": ""MultiPoint""}"
5066,2009:1132092,2009-09-25T17:00:00,O CONNOR DR,COXWELL AVE,,3,Non-Fatal Injury,,Traffic Signal,Turning Movement,Clear,Daylight,Dry,Major Arterial,false,-79.32949070628278,43.697744098041944,2,Automobile or Station Wagon,East,3,24,Minor,Other Safety Equipment Used,Failed to yield right-of-way,Normal,,,Turning Left,,,,,driver,,Toronto-Danforth (14),55 Division,Old East York,true,false,false,false,false,false,false,false,false,false,"{""coordinates"": [[-79.32949070628278, 43.697744098041944]], ""type"": ""MultiPoint""}"
5067,2009:1132092,2009-09-25T17:00:00,O CONNOR DR,COXWELL AVE,,3,Non-Fatal Injury,,Traffic Signal,Turning Movement,Clear,Daylight,Dry,Major Arterial,false,-79.32949070628278,43.697744098041944,1,Automobile or Station Wagon,West,1,33,Minor,Lap and Shoulder Belt,Driving properly,Normal,,,Going Ahead,,,,,driver,,Toronto-Danforth (14),55 Division,Old East York,true,false,false,false,false,false,false,false,false,false,"{""coordinates"": [[-79.32949070628278, 43.697744098041944]], ""type"": ""MultiPoint""}"
5068,2009:1132060,2009-09-25T23:15:00,LAWRENCE AVE E,BIRCHMOUNT RD,,3,Non-Fatal Injury,,No Control,Pedestrian Collision(internal code),Clear,Dark,Dry,Major Arterial,false,-79.2839905602955,43.74764403607797,1,Municipal Transit Bus (TTC),East,3,52,None,Lap Belt Only,Driving properly,Normal,,,Pulling Away from Shoulder or Curb,,,,,driver,,Scarborough Centre (21),41 Division,Dorset Park,false,false,false,false,false,false,true,false,false,true,"{""coordinates"": [[-79.2839905602955, 43.74764403607797]], ""type"": ""MultiPoint""}"
5069,2009:1132060,2009-09-25T23:15:00,LAWRENCE AVE E,BIRCHMOUNT RD,,3,Non-Fatal Injury,,No Control,Pedestrian Collision(internal code),Clear,Dark,Dry,Major Arterial,false,-79.2839905602955,43.74764403607797,1,,,2,,,Other Safety Equipment Used,,,,,,,,,,owner,,Scarborough Centre (21),41 Division,Dorset Park,false,false,false,false,false,false,true,false,false,true,"{""coordinates"": [[-79.2839905602955, 43.74764403607797]], ""type"": ""MultiPoint""}"
5070,2009:1132060,2009-09-25T23:15:00,LAWRENCE AVE E,BIRCHMOUNT RD,,3,Non-Fatal Injury,,No Control,Pedestrian Collision(internal code),Clear,Dark,Dry,Major Arterial,false,-79.2839905602955,43.74764403607797,1,,,1,52,Major,No Equipment Available,,,Running onto roadway,Had Been Drinking,,Transit vehicle driver hits pedestrian anywhere along roadway,,,,pedestrian,,Scarborough Centre (21),41 Division,Dorset Park,false,false,false,false,false,false,true,false,false,true,"{""coordinates"": [[-79.2839905602955, 43.74764403607797]], ""type"": ""MultiPoint""}"
5071,2009:1132218,2009-09-26T05:35:00,HIGHWAY 27 N,STEELES AVE W,,4,Non-Fatal Injury,At Intersection,Traffic Signal,Angle,Clear,Dark,Dry,Major Arterial,false,-79.61409105715977,43.75544443004294,1,Automobile or Station Wagon,South,1,50,None,Other Safety Equipment Used,Driving properly,Normal,,,Going Ahead,,,,,driver,,Etobicoke North (1),23 Division,West Humber-Clairville,true,false,false,false,false,false,false,true,false,false,"{""coordinates"": [[-79.61409105715977, 43.75544443004294]], ""type"": ""MultiPoint""}"
5072,2009:1132218,2009-09-26T05:35:00,HIGHWAY 27 N,STEELES AVE W,,4,Non-Fatal Injury,At Intersection,Traffic Signal,Angle,Clear,Dark,Dry,Major Arterial,false,-79.61409105715977,43.75544443004294,2,Automobile or Station Wagon,West,2,34,Minimal,Lap and Shoulder Belt,Disobeyed traffic control,Normal,,,Going Ahead,,,,,driver,,Etobicoke North (1),23 Division,West Humber-Clairville,true,false,false,false,false,false,false,true,false,false,"{""coordinates"": [[-79.61409105715977, 43.75544443004294]], ""type"": ""MultiPoint""}"
5073,2009:1132218,2009-09-26T05:35:00,HIGHWAY 27 N,STEELES AVE W,,4,Non-Fatal Injury,At Intersection,Traffic Signal,Angle,Clear,Dark,Dry,Major Arterial,false,-79.61409105715977,43.75544443004294,3,,,3,28,Minimal,Lap and Shoulder Belt,,,,,,,,,,passenger,,Etobicoke North (1),23 Division,West Humber-Clairville,true,false,false,false,false,false,false,true,false,false,"{""coordinates"": [[-79.61409105715977, 43.75544443004294]], ""type"": ""MultiPoint""}"
5074,2009:1132218,2009-09-26T05:35:00,HIGHWAY 27 N,STEELES AVE W,,4,Non-Fatal Injury,At Intersection,Traffic Signal,Angle,Clear,Dark,Dry,Major Arterial,false,-79.61409105715977,43.75544443004294,3,Automobile or Station Wagon,South,4,22,Major,Lap and Shoulder Belt,Driving properly,Normal,,,Slowing or Stopping,,,,,driver,,Etobicoke North (1),23 Division,West Humber-Clairville,true,false,false,false,false,false,false,true,false,false,"{""coordinates"": [[-79.61409105715977, 43.75544443004294]], ""type"": ""MultiPoint""}"
5075,2009:1132522,2009-09-27T15:30:00,ST CLAIR AVE W,ARLINGTON AVE,,6,Non-Fatal Injury,At Intersection,Traffic Signal,Rear End,Clear,Daylight,Dry,Major Arterial,false,-79.42889091547514,43.68104423984374,2,,,2,,,Other Safety Equipment Used,,,,,,,,,,owner,,Toronto-St. Paul's (12),13 Division,Wychwood,true,false,false,false,false,false,false,false,false,false,"{""coordinates"": [[-79.42889091547514, 43.68104423984374]], ""type"": ""MultiPoint""}"
5076,2009:1132522,2009-09-27T15:30:00,ST CLAIR AVE W,ARLINGTON AVE,,6,Non-Fatal Injury,At Intersection,Traffic Signal,Rear End,Clear,Daylight,Dry,Major Arterial,false,-79.42889091547514,43.68104423984374,3,Automobile or Station Wagon,East,1,25,None,Other Safety Equipment Used,Following too closely,Normal,,,Going Ahead,,,,,driver,,Toronto-St. Paul's (12),13 Division,Wychwood,true,false,false,false,false,false,false,false,false,false,"{""coordinates"": [[-79.42889091547514, 43.68104423984374]], ""type"": ""MultiPoint""}"
5077,2009:1132522,2009-09-27T15:30:00,ST CLAIR AVE W,ARLINGTON AVE,,6,Non-Fatal Injury,At Intersection,Traffic Signal,Rear End,Clear,Daylight,Dry,Major Arterial,false,-79.42889091547514,43.68104423984374,2,,,3,23,Major,Lap Belt Only of Combined Assembly,,,,,,,,,,passenger,,Toronto-St. Paul's (12),13 Division,Wychwood,true,false,false,false,false,false,false,false,false,false,"{""coordinates"": [[-79.42889091547514, 43.68104423984374]], ""type"": ""MultiPoint""}"
5078,2009:1132522,2009-09-27T15:30:00,ST CLAIR AVE W,ARLINGTON AVE,,6,Non-Fatal Injury,At Intersection,Traffic Signal,Rear End,Clear,Daylight,Dry,Major Arterial,false,-79.42889091547514,43.68104423984374,1,Automobile or Station Wagon,East,5,56,Minimal,Lap Belt Only of Combined Assembly,Driving properly,Normal,,,Stopped,,,,,driver,,Toronto-St. Paul's (12),13 Division,Wychwood,true,false,false,false,false,false,false,false,false,false,"{""coordinates"": [[-79.42889091547514, 43.68104423984374]], ""type"": ""MultiPoint""}"