_id,collision_id,accdate,stname1,stname2,stname3,per_inv,acclass,accloc,traffictl,impactype,visible,light,rdsfcond,road_class,failtorem,longitude,latitude,veh_no,vehtype,initdir,per_no,invage,injury,safequip,drivact,drivcond,pedact,pedcond,manoeuvre,pedtype,cyclistype,cycact,cyccond,road_user,fatal_no,wardname,division,neighbourhood,aggressive,distracted,cyclist,motorcyclist,other_micromobility,older_adult,pedestrian,red_light,school_child,heavy_truck,geometry
5439,2009:1144508,2009-12-29T17:00:00,SAMMON AVE,DONLANDS AVE,,1,Non-Fatal Injury,At Intersection,No Control,Cyclist Collision,Clear,Daylight,Dry,Minor Arterial,false,-79.33939074113569,43.68584411304748,1,Bicycle,West,1,77,Major,Other Safety Equipment Used,,,,,Stopped,,Insufficient information to describe collision,Driving Properly,Medical or Physical Disability,cyclist,,Toronto-Danforth (14),55 Division,Danforth East York,false,false,true,false,false,true,false,false,false,false,"{""coordinates"": [[-79.33939074113569, 43.68584411304748]], ""type"": ""MultiPoint""}"
5440,2009:1149839,2009-12-31T03:22:00,TWYN RIVERS DR,SHEPPARD AVE E,,3,Non-Fatal Injury,,No Control,SMV Other,Snow,Dark,Wet,Collector,false,-79.15649032910785,43.81164391502993,1,,,1,45,Major,Other Safety Equipment Used,,,,,,,,,,passenger,,Scarborough-Rouge Park (25),42 Division,Morningside Heights,true,false,false,false,false,false,false,false,false,false,"{""coordinates"": [[-79.15649032910785, 43.81164391502993]], ""type"": ""MultiPoint""}"
5441,2009:1149839,2009-12-31T03:22:00,TWYN RIVERS DR,SHEPPARD AVE E,,3,Non-Fatal Injury,,No Control,SMV Other,Snow,Dark,Wet,Collector,false,-79.15649032910785,43.81164391502993,1,Automobile or Station Wagon,South,2,35,None,Other Safety Equipment Used,Speed too fast for conditions,Ability Impaired - Alcohol Over .08,,,Going Ahead,,,,,driver,,Scarborough-Rouge Park (25),42 Division,Morningside Heights,true,false,false,false,false,false,false,false,false,false,"{""coordinates"": [[-79.15649032910785, 43.81164391502993]], ""type"": ""MultiPoint""}"
5442,2009:1149839,2009-12-31T03:22:00,TWYN RIVERS DR,SHEPPARD AVE E,,3,Non-Fatal Injury,,No Control,SMV Other,Snow,Dark,Wet,Collector,false,-79.15649032910785,43.81164391502993,2,,,3,,,Other Safety Equipment Used,,,,,,,,,,owner,,Scarborough-Rouge Park (25),42 Division,Morningside Heights,true,false,false,false,false,false,false,false,false,false,"{""coordinates"": [[-79.15649032910785, 43.81164391502993]], ""type"": ""MultiPoint""}"
5443,2009:1145050,2009-12-31T10:59:00,LAWRENCE AVE E,CENTENNIAL RD,,1,Non-Fatal Injury,,No Control,SMV Other,Rain,Daylight,Wet,Minor Arterial,false,-79.14569033601796,43.777543894758644,1,Automobile or Station Wagon,West,1,81,Major,Lap and Shoulder Belt,Lost control,Normal,,,Going Ahead,,,,,driver,,Scarborough-Rouge Park (25),43 Division,Centennial Scarborough,false,false,false,false,false,true,false,false,false,false,"{""coordinates"": [[-79.14569033601796, 43.777543894758644]], ""type"": ""MultiPoint""}"
5444,2009:1145082,2009-12-31T19:03:00,BATHURST ST,GLENGROVE AVE,,2,Non-Fatal Injury,,No Control,Pedestrian Collision(internal code),Rain,Dark,Wet,Major Arterial,false,-79.42859086033879,43.71414422858555,1,Automobile or Station Wagon,South,1,41,None,Lap and Shoulder Belt,Driving properly,Normal,,,Going Ahead,,,,,driver,,Eglinton-Lawrence (8),13 Division,Englemount-Lawrence,false,false,false,false,false,false,true,false,false,false,"{""coordinates"": [[-79.42859086033879, 43.71414422858555]], ""type"": ""MultiPoint""}"
5445,2009:1145082,2009-12-31T19:03:00,BATHURST ST,GLENGROVE AVE,,2,Non-Fatal Injury,,No Control,Pedestrian Collision(internal code),Rain,Dark,Wet,Major Arterial,false,-79.42859086033879,43.71414422858555,2,,East,2,36,Major,Other Safety Equipment Used,,,Crossing - no traffic control,Normal,,Driver going straight hits pedestrian crossing without right-of-way (at intersection),,,,pedestrian,,Eglinton-Lawrence (8),13 Division,Englemount-Lawrence,false,false,false,false,false,false,true,false,false,false,"{""coordinates"": [[-79.42859086033879, 43.71414422858555]], ""type"": ""MultiPoint""}"
5446,2009:1149845,2009-12-31T19:47:00,WESTON RD,JANE ST,,3,Non-Fatal Injury,At Intersection,Traffic Signal,Pedestrian Collision(internal code),Rain,Dark,Wet,Major Arterial,false,-79.50089103098139,43.69124433614244,2,,North,3,40,Major,Other Safety Equipment Used,,,Crossing with right-of-way (intersection),Normal,,Driver turns left into pedestrian crossing with right-of-way (at intersection),,,,pedestrian,,York South-Weston (5),12 Division,Mount Dennis,true,true,false,false,false,false,true,false,false,false,"{""coordinates"": [[-79.50089103098139, 43.69124433614244]], ""type"": ""MultiPoint""}"
5447,2009:1149845,2009-12-31T19:47:00,WESTON RD,JANE ST,,3,Non-Fatal Injury,At Intersection,Traffic Signal,Pedestrian Collision(internal code),Rain,Dark,Wet,Major Arterial,false,-79.50089103098139,43.69124433614244,1,,,1,,,Other Safety Equipment Used,,,,,,,,,,owner,,York South-Weston (5),12 Division,Mount Dennis,true,true,false,false,false,false,true,false,false,false,"{""coordinates"": [[-79.50089103098139, 43.69124433614244]], ""type"": ""MultiPoint""}"
5448,2009:1149845,2009-12-31T19:47:00,WESTON RD,JANE ST,,3,Non-Fatal Injury,At Intersection,Traffic Signal,Pedestrian Collision(internal code),Rain,Dark,Wet,Major Arterial,false,-79.50089103098139,43.69124433614244,1,Automobile or Station Wagon,North,2,40,None,Lap and Shoulder Belt,Failed to yield right-of-way,Inattentive,,,Turning Left,,,,,driver,,York South-Weston (5),12 Division,Mount Dennis,true,true,false,false,false,false,true,false,false,false,"{""coordinates"": [[-79.50089103098139, 43.69124433614244]], ""type"": ""MultiPoint""}"
5449,2010:1149846,2010-01-01T03:50:00,SPADINA AVE,WILLCOCKS ST,,6,Non-Fatal Injury,At Intersection,Traffic Signal,Sideswipe,Clear,Dark,Wet,Major Arterial,false,-79.40139089517986,43.66124420629056,2,Automobile or Station Wagon,North,5,44,None,Other Safety Equipment Used,Driving properly,Normal,,,Going Ahead,,,,,driver,,University-Rosedale (11),14 Division,University,false,true,false,false,false,false,false,false,false,false,"{""coordinates"": [[-79.40139089517986, 43.66124420629056]], ""type"": ""MultiPoint""}"
5450,2010:1149846,2010-01-01T03:50:00,SPADINA AVE,WILLCOCKS ST,,6,Non-Fatal Injury,At Intersection,Traffic Signal,Sideswipe,Clear,Dark,Wet,Major Arterial,false,-79.40139089517986,43.66124420629056,1,Automobile or Station Wagon,North,1,26,None,Other Safety Equipment Used,Improper lane change,Inattentive,,,Changing Lanes,,,,,driver,,University-Rosedale (11),14 Division,University,false,true,false,false,false,false,false,false,false,false,"{""coordinates"": [[-79.40139089517986, 43.66124420629056]], ""type"": ""MultiPoint""}"
5451,2010:1149846,2010-01-01T03:50:00,SPADINA AVE,WILLCOCKS ST,,6,Non-Fatal Injury,At Intersection,Traffic Signal,Sideswipe,Clear,Dark,Wet,Major Arterial,false,-79.40139089517986,43.66124420629056,2,,,2,24,Minor,Use Unknown,,,,,,,,,,passenger,,University-Rosedale (11),14 Division,University,false,true,false,false,false,false,false,false,false,false,"{""coordinates"": [[-79.40139089517986, 43.66124420629056]], ""type"": ""MultiPoint""}"
5452,2010:1149846,2010-01-01T03:50:00,SPADINA AVE,WILLCOCKS ST,,6,Non-Fatal Injury,At Intersection,Traffic Signal,Sideswipe,Clear,Dark,Wet,Major Arterial,false,-79.40139089517986,43.66124420629056,2,,,3,22,Major,Use Unknown,,,,,,,,,,passenger,,University-Rosedale (11),14 Division,University,false,true,false,false,false,false,false,false,false,false,"{""coordinates"": [[-79.40139089517986, 43.66124420629056]], ""type"": ""MultiPoint""}"
5453,2010:1149846,2010-01-01T03:50:00,SPADINA AVE,WILLCOCKS ST,,6,Non-Fatal Injury,At Intersection,Traffic Signal,Sideswipe,Clear,Dark,Wet,Major Arterial,false,-79.40139089517986,43.66124420629056,3,,,6,,,Other Safety Equipment Used,,,,,,,,,,owner,,University-Rosedale (11),14 Division,University,false,true,false,false,false,false,false,false,false,false,"{""coordinates"": [[-79.40139089517986, 43.66124420629056]], ""type"": ""MultiPoint""}"
5454,2010:1149846,2010-01-01T03:50:00,SPADINA AVE,WILLCOCKS ST,,6,Non-Fatal Injury,At Intersection,Traffic Signal,Sideswipe,Clear,Dark,Wet,Major Arterial,false,-79.40139089517986,43.66124420629056,2,,,4,,,Other Safety Equipment Used,,,,,,,,,,owner,,University-Rosedale (11),14 Division,University,false,true,false,false,false,false,false,false,false,false,"{""coordinates"": [[-79.40139089517986, 43.66124420629056]], ""type"": ""MultiPoint""}"
5455,2010:1150084,2010-01-03T12:50:00,MCCOWAN RD,ALTON TOWERS CRCL,,7,Non-Fatal Injury,,No Control,Approaching Head On,Snow,Daylight,Loose Snow,Major Arterial,false,-79.27529047841014,43.8255440341266,3,,,5,63,Minimal,Lap and Shoulder Belt,,,,,,,,,,passenger,,Scarborough North (23),42 Division,Milliken,false,false,false,false,false,true,false,false,false,false,"{""coordinates"": [[-79.27529047841014, 43.8255440341266]], ""type"": ""MultiPoint""}"
5456,2010:1150084,2010-01-03T12:50:00,MCCOWAN RD,ALTON TOWERS CRCL,,7,Non-Fatal Injury,,No Control,Approaching Head On,Snow,Daylight,Loose Snow,Major Arterial,false,-79.27529047841014,43.8255440341266,3,Automobile or Station Wagon,South,6,65,Major,Lap and Shoulder Belt,Lost control,Normal,,,Going Ahead,,,,,driver,,Scarborough North (23),42 Division,Milliken,false,false,false,false,false,true,false,false,false,false,"{""coordinates"": [[-79.27529047841014, 43.8255440341266]], ""type"": ""MultiPoint""}"
5457,2010:1150084,2010-01-03T12:50:00,MCCOWAN RD,ALTON TOWERS CRCL,,7,Non-Fatal Injury,,No Control,Approaching Head On,Snow,Daylight,Loose Snow,Major Arterial,false,-79.27529047841014,43.8255440341266,1,Automobile or Station Wagon,North,1,33,None,Lap and Shoulder Belt,Driving properly,Normal,,,Going Ahead,,,,,driver,,Scarborough North (23),42 Division,Milliken,false,false,false,false,false,true,false,false,false,false,"{""coordinates"": [[-79.27529047841014, 43.8255440341266]], ""type"": ""MultiPoint""}"
5458,2010:1150084,2010-01-03T12:50:00,MCCOWAN RD,ALTON TOWERS CRCL,,7,Non-Fatal Injury,,No Control,Approaching Head On,Snow,Daylight,Loose Snow,Major Arterial,false,-79.27529047841014,43.8255440341266,2,Automobile or Station Wagon,North,4,71,None,Lap and Shoulder Belt,Driving properly,Normal,,,Going Ahead,,,,,driver,,Scarborough North (23),42 Division,Milliken,false,false,false,false,false,true,false,false,false,false,"{""coordinates"": [[-79.27529047841014, 43.8255440341266]], ""type"": ""MultiPoint""}"
5459,2010:1150084,2010-01-03T12:50:00,MCCOWAN RD,ALTON TOWERS CRCL,,7,Non-Fatal Injury,,No Control,Approaching Head On,Snow,Daylight,Loose Snow,Major Arterial,false,-79.27529047841014,43.8255440341266,2,,,3,70,Major,Lap and Shoulder Belt,,,,,,,,,,passenger,,Scarborough North (23),42 Division,Milliken,false,false,false,false,false,true,false,false,false,false,"{""coordinates"": [[-79.27529047841014, 43.8255440341266]], ""type"": ""MultiPoint""}"
5460,2010:1150084,2010-01-03T12:50:00,MCCOWAN RD,ALTON TOWERS CRCL,,7,Non-Fatal Injury,,No Control,Approaching Head On,Snow,Daylight,Loose Snow,Major Arterial,false,-79.27529047841014,43.8255440341266,2,,,2,,,Other Safety Equipment Used,,,,,,,,,,owner,,Scarborough North (23),42 Division,Milliken,false,false,false,false,false,true,false,false,false,false,"{""coordinates"": [[-79.27529047841014, 43.8255440341266]], ""type"": ""MultiPoint""}"
5461,2010:1150084,2010-01-03T12:50:00,MCCOWAN RD,ALTON TOWERS CRCL,,7,Non-Fatal Injury,,No Control,Approaching Head On,Snow,Daylight,Loose Snow,Major Arterial,false,-79.27529047841014,43.8255440341266,4,,,7,,,Other Safety Equipment Used,,,,,,,,,,owner,,Scarborough North (23),42 Division,Milliken,false,false,false,false,false,true,false,false,false,false,"{""coordinates"": [[-79.27529047841014, 43.8255440341266]], ""type"": ""MultiPoint""}"
5462,2010:1146000,2010-01-05T20:34:00,ST CLAIR AVE W,YONGE ST,,1,Non-Fatal Injury,,No Control,SMV Unattended Vehicle,Clear,Dark,Wet,Major Arterial,false,-79.39459084050759,43.68794418975771,1,Automobile or Station Wagon,East,1,58,Major,Other Safety Equipment Used,Lost control,Medical or Physical Disability,,,Going Ahead,,,,,driver,,Toronto-St. Paul's (12),53 Division,Yonge-St.Clair,false,false,false,false,false,false,false,false,false,false,"{""coordinates"": [[-79.39459084050759, 43.68794418975771]], ""type"": ""MultiPoint""}"
5463,2010:1146000,2010-01-05T20:34:00,ST CLAIR AVE W,YONGE ST,,1,Non-Fatal Injury,,No Control,SMV Unattended Vehicle,Clear,Dark,Wet,Major Arterial,false,-79.39459084050759,43.68794418975771,2,,East,2,,None,Other Safety Equipment Used,,,,,Parked,,,,,other,,Toronto-St. Paul's (12),53 Division,Yonge-St.Clair,false,false,false,false,false,false,false,false,false,false,"{""coordinates"": [[-79.39459084050759, 43.68794418975771]], ""type"": ""MultiPoint""}"
5464,2010:1146005,2010-01-05T20:44:00,MOUNT PLEASANT RD,ST CLAIR AVE E,,1,Non-Fatal Injury,At Intersection,No Control,Turning Movement,Clear,Dark,Wet,Major Arterial,false,-79.38329081589538,43.690344173469846,2,Automobile or Station Wagon,North,2,52,None,Other Safety Equipment Used,Driving properly,Normal,,,Stopped,,,,,driver,,University-Rosedale (11),53 Division,Rosedale-Moore Park,false,false,false,false,false,false,false,false,false,false,"{""coordinates"": [[-79.38329081589538, 43.690344173469846]], ""type"": ""MultiPoint""}"
5465,2010:1146005,2010-01-05T20:44:00,MOUNT PLEASANT RD,ST CLAIR AVE E,,1,Non-Fatal Injury,At Intersection,No Control,Turning Movement,Clear,Dark,Wet,Major Arterial,false,-79.38329081589538,43.690344173469846,1,Automobile or Station Wagon,East,1,58,Major,Other Safety Equipment Used,Lost control,Medical or Physical Disability,,,Turning Right,,,,,driver,,University-Rosedale (11),53 Division,Rosedale-Moore Park,false,false,false,false,false,false,false,false,false,false,"{""coordinates"": [[-79.38329081589538, 43.690344173469846]], ""type"": ""MultiPoint""}"
5466,2010:1150854,2010-01-06T02:57:00,665 LAWRENCE AVE W,,,2,Non-Fatal Injury,,No Control,Pedestrian Collision(internal code),Clear,Dark,Dry,Major Arterial,false,-79.4436908837178,43.7162442479579,2,,Unknown,2,43,Major,Other Safety Equipment Used,,,Playing or working on highway,Inattentive,,Driver hits pedestrian at midblock,,,,pedestrian,,Eglinton-Lawrence (8),32 Division,Englemount-Lawrence,false,true,false,false,false,false,true,false,false,false,"{""coordinates"": [[-79.4436908837178, 43.7162442479579]], ""type"": ""MultiPoint""}"
5467,2010:1150854,2010-01-06T02:57:00,665 LAWRENCE AVE W,,,2,Non-Fatal Injury,,No Control,Pedestrian Collision(internal code),Clear,Dark,Dry,Major Arterial,false,-79.4436908837178,43.7162442479579,1,,Unknown,1,54,Minor,No Equipment Available,,,Playing or working on highway,Normal,,Driver hits pedestrian at midblock,,,,pedestrian,,Eglinton-Lawrence (8),32 Division,Englemount-Lawrence,false,true,false,false,false,false,true,false,false,false,"{""coordinates"": [[-79.4436908837178, 43.7162442479579]], ""type"": ""MultiPoint""}"
5468,2010:1150406,2010-01-07T21:08:00,DANFORTH Road,MACKINAC Cres,,3,Non-Fatal Injury,,No Control,Cyclist Collision,Clear,Dark,Dry,Major Arterial,false,-79.24449049275432,43.74954398791451,2,Bicycle,North,3,44,Major,No Equipment Available,,,,,Going Ahead,,Rear end with cyclist and driver travelling in same direction,Driving Properly,Normal,cyclist,,Scarborough Centre (21),43 Division,Bendale South,true,true,true,false,false,false,false,false,false,false,"{""coordinates"": [[-79.24449049275432, 43.74954398791451]], ""type"": ""MultiPoint""}"
5469,2010:1150406,2010-01-07T21:08:00,DANFORTH Road,MACKINAC Cres,,3,Non-Fatal Injury,,No Control,Cyclist Collision,Clear,Dark,Dry,Major Arterial,false,-79.24449049275432,43.74954398791451,1,Automobile or Station Wagon,North,2,23,None,Other Safety Equipment Used,Failed to yield right-of-way,Inattentive,,,Overtaking,,,,,driver,,Scarborough Centre (21),43 Division,Bendale South,true,true,true,false,false,false,false,false,false,false,"{""coordinates"": [[-79.24449049275432, 43.74954398791451]], ""type"": ""MultiPoint""}"
5470,2010:1150406,2010-01-07T21:08:00,DANFORTH Road,MACKINAC Cres,,3,Non-Fatal Injury,,No Control,Cyclist Collision,Clear,Dark,Dry,Major Arterial,false,-79.24449049275432,43.74954398791451,1,,,1,,,Other Safety Equipment Used,,,,,,,,,,owner,,Scarborough Centre (21),43 Division,Bendale South,true,true,true,false,false,false,false,false,false,false,"{""coordinates"": [[-79.24449049275432, 43.74954398791451]], ""type"": ""MultiPoint""}"
5471,2024:4001738447,2024-08-09T11:30:00,LAWRENCE AVE E,DON MILLS RD,40 m West of,4,Non-Fatal Injury,Non-Intersection,No Control,SMV Other,Rain,Daylight,Wet,Major Arterial,false,-79.34407247720304,43.73695661290796,2,Passenger Van,East,2,52,None,Lap and Shoulder Belt,Driving properly,Normal,,,Stopped,,,,,driver,,Don Valley East (16),33 Division,Banbury-Don Mills,false,false,false,false,false,true,true,false,true,false,"{""coordinates"": [[-79.34407247720304, 43.73695661290796]], ""type"": ""MultiPoint""}"
5472,2010:1150954,2010-01-08T03:02:00,UNIVERSITY Ave,DUNDAS St W,,2,Non-Fatal Injury,,No Control,Pedestrian Collision(internal code),Clear,Dark,Wet,Major Arterial,false,-79.38829087996456,43.6547441887318,2,,East,2,63,Major,Other Safety Equipment Used,,,Crossing - no traffic control,Inattentive,Going Ahead,Driver going straight hits pedestrian crossing without right-of-way (at intersection),,,,pedestrian,,Spadina-Fort York (10),52 Division,Yonge-Bay Corridor,false,true,false,false,false,false,true,false,false,false,"{""coordinates"": [[-79.38829087996456, 43.6547441887318]], ""type"": ""MultiPoint""}"
5473,2010:1150954,2010-01-08T03:02:00,UNIVERSITY Ave,DUNDAS St W,,2,Non-Fatal Injury,,No Control,Pedestrian Collision(internal code),Clear,Dark,Wet,Major Arterial,false,-79.38829087996456,43.6547441887318,1,Automobile or Station Wagon,North,1,31,None,Lap and Shoulder Belt,Driving properly,Normal,,,Going Ahead,,,,,driver,,Spadina-Fort York (10),52 Division,Yonge-Bay Corridor,false,true,false,false,false,false,true,false,false,false,"{""coordinates"": [[-79.38829087996456, 43.6547441887318]], ""type"": ""MultiPoint""}"
5474,2010:1146660,2010-01-08T18:10:00,FINCH AVE W,YORK GATE BLVD,,2,Fatal Injury,At Intersection,No Control,Pedestrian Collision(internal code),Clear,Dark,Dry,Major Arterial,false,-79.51989093765776,43.7569443261394,1,Automobile or Station Wagon,West,2,54,None,Other Safety Equipment Used,Driving properly,Normal,,,Going Ahead,,,,,driver,,Humber River-Black Creek (7),31 Division,Black Creek,false,false,false,false,false,true,true,false,false,false,"{""coordinates"": [[-79.51989093765776, 43.7569443261394]], ""type"": ""MultiPoint""}"
5475,2010:1146660,2010-01-08T18:10:00,FINCH AVE W,YORK GATE BLVD,,2,Fatal Injury,At Intersection,No Control,Pedestrian Collision(internal code),Clear,Dark,Dry,Major Arterial,false,-79.51989093765776,43.7569443261394,2,,North,1,88,Fatal,Other Safety Equipment Used,,,Crossing - no traffic control,Normal,,Driver hits pedestrian at midblock,,,,pedestrian,9,Humber River-Black Creek (7),31 Division,Black Creek,false,false,false,false,false,true,true,false,false,false,"{""coordinates"": [[-79.51989093765776, 43.7569443261394]], ""type"": ""MultiPoint""}"
5476,2010:1146741,2010-01-09T10:12:00,DANFORTH AVE,DAWES RD,,3,Non-Fatal Injury,At Intersection,Traffic Signal,Pedestrian Collision(internal code),Clear,Daylight,Dry,Major Arterial,false,-79.29679065739451,43.689344053371336,1,,,1,,,Other Safety Equipment Used,,,,,,,,,,owner,,Beaches-East York (19),55 Division,East End-Danforth,true,true,false,false,false,true,true,false,false,false,"{""coordinates"": [[-79.29679065739451, 43.689344053371336]], ""type"": ""MultiPoint""}"
5477,2010:1146741,2010-01-09T10:12:00,DANFORTH AVE,DAWES RD,,3,Non-Fatal Injury,At Intersection,Traffic Signal,Pedestrian Collision(internal code),Clear,Daylight,Dry,Major Arterial,false,-79.29679065739451,43.689344053371336,1,Automobile or Station Wagon,South,2,56,None,Other Safety Equipment Used,Failed to yield right-of-way,Inattentive,,,Turning Left,,,,,driver,,Beaches-East York (19),55 Division,East End-Danforth,true,true,false,false,false,true,true,false,false,false,"{""coordinates"": [[-79.29679065739451, 43.689344053371336]], ""type"": ""MultiPoint""}"
5478,2010:1146741,2010-01-09T10:12:00,DANFORTH AVE,DAWES RD,,3,Non-Fatal Injury,At Intersection,Traffic Signal,Pedestrian Collision(internal code),Clear,Daylight,Dry,Major Arterial,false,-79.29679065739451,43.689344053371336,2,,North,3,82,Major,Other Safety Equipment Used,,,Crossing with right-of-way (intersection),Normal,,Driver turns left into pedestrian crossing with right-of-way (at intersection),,,,pedestrian,,Beaches-East York (19),55 Division,East End-Danforth,true,true,false,false,false,true,true,false,false,false,"{""coordinates"": [[-79.29679065739451, 43.689344053371336]], ""type"": ""MultiPoint""}"
5479,2010:1146740,2010-01-09T11:19:00,MARLEE AVE,VIEWMOUNT AVE,,2,Non-Fatal Injury,,Pedestrian Crossover,Pedestrian Collision(internal code),Clear,Daylight,Other,Minor Arterial,false,-79.44309089801054,43.70714425044637,2,,East,2,92,Major,Other Safety Equipment Used,,,Crossing - pedestrian crossover,Unknown,,Driver hits pedestrian at PXO/pedestrian midblock signal,,,,pedestrian,,Eglinton-Lawrence (8),13 Division,Yorkdale-Glen Park,true,false,false,false,false,true,true,false,false,false,"{""coordinates"": [[-79.44309089801054, 43.70714425044637]], ""type"": ""MultiPoint""}"
5480,2010:1146740,2010-01-09T11:19:00,MARLEE AVE,VIEWMOUNT AVE,,2,Non-Fatal Injury,,Pedestrian Crossover,Pedestrian Collision(internal code),Clear,Daylight,Other,Minor Arterial,false,-79.44309089801054,43.70714425044637,1,Automobile or Station Wagon,South,1,68,None,Other Safety Equipment Used,Failed to yield right-of-way,Unknown,,,Going Ahead,,,,,driver,,Eglinton-Lawrence (8),13 Division,Yorkdale-Glen Park,true,false,false,false,false,true,true,false,false,false,"{""coordinates"": [[-79.44309089801054, 43.70714425044637]], ""type"": ""MultiPoint""}"
5481,2010:1146815,2010-01-09T23:08:00,TED ROGERS WAY,MOUNT PLEASANT RD,,7,Non-Fatal Injury,At Intersection,Traffic Signal,Sideswipe,Clear,Dark with Artificial Lighting,Wet,Major Arterial,false,-79.37989484055407,43.66996217311882,1,,,1,23,None,Other Safety Equipment Used,,,,,,,,,,passenger,,Toronto Centre (13),51 Division,North St.James Town,true,false,false,false,false,false,false,false,false,false,"{""coordinates"": [[-79.37989484055407, 43.66996217311882]], ""type"": ""MultiPoint""}"
5482,2010:1146815,2010-01-09T23:08:00,TED ROGERS WAY,MOUNT PLEASANT RD,,7,Non-Fatal Injury,At Intersection,Traffic Signal,Sideswipe,Clear,Dark with Artificial Lighting,Wet,Major Arterial,false,-79.37989484055407,43.66996217311882,3,,,6,29,Minor,Other Safety Equipment Used,,,,,,,,,,passenger,,Toronto Centre (13),51 Division,North St.James Town,true,false,false,false,false,false,false,false,false,false,"{""coordinates"": [[-79.37989484055407, 43.66996217311882]], ""type"": ""MultiPoint""}"
5483,2010:1146815,2010-01-09T23:08:00,TED ROGERS WAY,MOUNT PLEASANT RD,,7,Non-Fatal Injury,At Intersection,Traffic Signal,Sideswipe,Clear,Dark with Artificial Lighting,Wet,Major Arterial,false,-79.37989484055407,43.66996217311882,2,,,2,23,None,Other Safety Equipment Used,,,,,,,,,,passenger,,Toronto Centre (13),51 Division,North St.James Town,true,false,false,false,false,false,false,false,false,false,"{""coordinates"": [[-79.37989484055407, 43.66996217311882]], ""type"": ""MultiPoint""}"
5484,2010:1146815,2010-01-09T23:08:00,TED ROGERS WAY,MOUNT PLEASANT RD,,7,Non-Fatal Injury,At Intersection,Traffic Signal,Sideswipe,Clear,Dark with Artificial Lighting,Wet,Major Arterial,false,-79.37989484055407,43.66996217311882,2,,,3,24,None,Other Safety Equipment Used,,,,,,,,,,passenger,,Toronto Centre (13),51 Division,North St.James Town,true,false,false,false,false,false,false,false,false,false,"{""coordinates"": [[-79.37989484055407, 43.66996217311882]], ""type"": ""MultiPoint""}"
5485,2010:1146815,2010-01-09T23:08:00,TED ROGERS WAY,MOUNT PLEASANT RD,,7,Non-Fatal Injury,At Intersection,Traffic Signal,Sideswipe,Clear,Dark with Artificial Lighting,Wet,Major Arterial,false,-79.37989484055407,43.66996217311882,3,Automobile or Station Wagon,South,7,49,Major,Other Safety Equipment Used,Driving properly,Normal,,,Stopped,,,,,driver,,Toronto Centre (13),51 Division,North St.James Town,true,false,false,false,false,false,false,false,false,false,"{""coordinates"": [[-79.37989484055407, 43.66996217311882]], ""type"": ""MultiPoint""}"
5486,2010:1146815,2010-01-09T23:08:00,TED ROGERS WAY,MOUNT PLEASANT RD,,7,Non-Fatal Injury,At Intersection,Traffic Signal,Sideswipe,Clear,Dark with Artificial Lighting,Wet,Major Arterial,false,-79.37989484055407,43.66996217311882,2,Automobile or Station Wagon,South,5,24,None,Other Safety Equipment Used,Exceeding speed limit,Had Been Drinking,,,Going Ahead,,,,,driver,,Toronto Centre (13),51 Division,North St.James Town,true,false,false,false,false,false,false,false,false,false,"{""coordinates"": [[-79.37989484055407, 43.66996217311882]], ""type"": ""MultiPoint""}"
5487,2010:1146815,2010-01-09T23:08:00,TED ROGERS WAY,MOUNT PLEASANT RD,,7,Non-Fatal Injury,At Intersection,Traffic Signal,Sideswipe,Clear,Dark with Artificial Lighting,Wet,Major Arterial,false,-79.37989484055407,43.66996217311882,2,,,4,23,None,Other Safety Equipment Used,,,,,,,,,,passenger,,Toronto Centre (13),51 Division,North St.James Town,true,false,false,false,false,false,false,false,false,false,"{""coordinates"": [[-79.37989484055407, 43.66996217311882]], ""type"": ""MultiPoint""}"
5488,2010:1146864,2010-01-10T03:29:00,KING ST E,PARLIAMENT ST,,3,Fatal Injury,At Intersection,Traffic Signal,Approaching Head On,Clear,Dark,Dry,Major Arterial,false,-79.36319083413503,43.65274415214994,1,Automobile or Station Wagon,East,1,37,Fatal,Other Safety Equipment Used,Lost control,Had Been Drinking,,,Going Ahead,,,,,driver,1,Toronto Centre (13),51 Division,Moss Park,false,false,false,false,false,false,false,false,false,false,"{""coordinates"": [[-79.36319083413503, 43.65274415214994]], ""type"": ""MultiPoint""}"
5489,2010:1146864,2010-01-10T03:29:00,KING ST E,PARLIAMENT ST,,3,Fatal Injury,At Intersection,Traffic Signal,Approaching Head On,Clear,Dark,Dry,Major Arterial,false,-79.36319083413503,43.65274415214994,2,,,2,,,Other Safety Equipment Used,,,,,,,,,,owner,,Toronto Centre (13),51 Division,Moss Park,false,false,false,false,false,false,false,false,false,false,"{""coordinates"": [[-79.36319083413503, 43.65274415214994]], ""type"": ""MultiPoint""}"
5490,2010:1146864,2010-01-10T03:29:00,KING ST E,PARLIAMENT ST,,3,Fatal Injury,At Intersection,Traffic Signal,Approaching Head On,Clear,Dark,Dry,Major Arterial,false,-79.36319083413503,43.65274415214994,2,Automobile or Station Wagon,West,3,35,Minor,Other Safety Equipment Used,Driving properly,Normal,,,Going Ahead,,,,,driver,,Toronto Centre (13),51 Division,Moss Park,false,false,false,false,false,false,false,false,false,false,"{""coordinates"": [[-79.36319083413503, 43.65274415214994]], ""type"": ""MultiPoint""}"