_id,collision_id,accdate,stname1,stname2,stname3,per_inv,acclass,accloc,traffictl,impactype,visible,light,rdsfcond,road_class,failtorem,longitude,latitude,veh_no,vehtype,initdir,per_no,invage,injury,safequip,drivact,drivcond,pedact,pedcond,manoeuvre,pedtype,cyclistype,cycact,cyccond,road_user,fatal_no,wardname,division,neighbourhood,aggressive,distracted,cyclist,motorcyclist,other_micromobility,older_adult,pedestrian,red_light,school_child,heavy_truck,geometry
5752,2010:1165188,2010-04-10T16:35:00,DUNDAS St W,YONGE St,,3,Non-Fatal Injury,,Streetcar (Stop for),Pedestrian Collision(internal code),Clear,Daylight,Dry,Major Arterial,false,-79.38089086315226,43.65634417749698,1,,,1,,,Other Safety Equipment Used,,,,,,,,,,owner,,Toronto Centre (13),52 Division,Downtown Yonge East,true,true,false,false,false,false,true,false,true,false,"{""coordinates"": [[-79.38089086315226, 43.65634417749698]], ""type"": ""MultiPoint""}"
5753,2010:1165188,2010-04-10T16:35:00,DUNDAS St W,YONGE St,,3,Non-Fatal Injury,,Streetcar (Stop for),Pedestrian Collision(internal code),Clear,Daylight,Dry,Major Arterial,false,-79.38089086315226,43.65634417749698,2,,North,3,22,Major,Other Safety Equipment Used,,,Person getting on/off vehicle,Inattentive,,Driver going straight hits pedestrian crossing with right-of-way (at intersection),,,,pedestrian,,Toronto Centre (13),52 Division,Downtown Yonge East,true,true,false,false,false,false,true,false,true,false,"{""coordinates"": [[-79.38089086315226, 43.65634417749698]], ""type"": ""MultiPoint""}"
5754,2010:1165384,2010-04-12T14:55:00,UNIVERSITY Aven,PEARL Stre,,3,Non-Fatal Injury,,No Control,Pedestrian Collision(internal code),Clear,Daylight,Dry,Major Arterial,true,-79.38539088383028,43.64854418587166,2,,,3,26,Major,No Equipment Available,,,Playing or working on highway,Normal,,Driver hits pedestrian at midblock,,,,pedestrian,,Spadina-Fort York (10),52 Division,Yonge-Bay Corridor,false,false,false,false,false,false,true,false,false,false,"{""coordinates"": [[-79.38539088383028, 43.64854418587166]], ""type"": ""MultiPoint""}"
5755,2010:1165384,2010-04-12T14:55:00,UNIVERSITY Aven,PEARL Stre,,3,Non-Fatal Injury,,No Control,Pedestrian Collision(internal code),Clear,Daylight,Dry,Major Arterial,true,-79.38539088383028,43.64854418587166,1,Automobile or Station Wagon,South,2,53,None,Other Safety Equipment Used,Improper lane change,Unknown,,,Changing Lanes,,,,,driver,,Spadina-Fort York (10),52 Division,Yonge-Bay Corridor,false,false,false,false,false,false,true,false,false,false,"{""coordinates"": [[-79.38539088383028, 43.64854418587166]], ""type"": ""MultiPoint""}"
5756,2010:1165384,2010-04-12T14:55:00,UNIVERSITY Aven,PEARL Stre,,3,Non-Fatal Injury,,No Control,Pedestrian Collision(internal code),Clear,Daylight,Dry,Major Arterial,true,-79.38539088383028,43.64854418587166,1,,,1,,,Other Safety Equipment Used,,,,,,,,,,owner,,Spadina-Fort York (10),52 Division,Yonge-Bay Corridor,false,false,false,false,false,false,true,false,false,false,"{""coordinates"": [[-79.38539088383028, 43.64854418587166]], ""type"": ""MultiPoint""}"
5757,2010:1162012,2010-04-13T05:59:00,STEELES AVE E,BIRCHMOUNT RD,,4,Fatal Injury,At Intersection,Traffic Signal,Angle,Clear,Dawn,Dry,Major Arterial,false,-79.3168905466203,43.821344080685044,1,,,1,41,Major,Lap and Shoulder Belt,,,,,,,,,,passenger,,Scarborough-Agincourt (22),42 Division,Steeles,true,false,false,false,false,true,false,true,false,false,"{""coordinates"": [[-79.3168905466203, 43.821344080685044]], ""type"": ""MultiPoint""}"
5758,2010:1162012,2010-04-13T05:59:00,STEELES AVE E,BIRCHMOUNT RD,,4,Fatal Injury,At Intersection,Traffic Signal,Angle,Clear,Dawn,Dry,Major Arterial,false,-79.3168905466203,43.821344080685044,1,Automobile or Station Wagon,South,3,44,Major,Lap and Shoulder Belt,Driving properly,Normal,,,Going Ahead,,,,,driver,,Scarborough-Agincourt (22),42 Division,Steeles,true,false,false,false,false,true,false,true,false,false,"{""coordinates"": [[-79.3168905466203, 43.821344080685044]], ""type"": ""MultiPoint""}"
5759,2010:1162012,2010-04-13T05:59:00,STEELES AVE E,BIRCHMOUNT RD,,4,Fatal Injury,At Intersection,Traffic Signal,Angle,Clear,Dawn,Dry,Major Arterial,false,-79.3168905466203,43.821344080685044,2,Automobile or Station Wagon,West,4,39,Minor,Lap and Shoulder Belt,Disobeyed traffic control,Medical or Physical Disability,,,Going Ahead,,,,,driver,,Scarborough-Agincourt (22),42 Division,Steeles,true,false,false,false,false,true,false,true,false,false,"{""coordinates"": [[-79.3168905466203, 43.821344080685044]], ""type"": ""MultiPoint""}"
5760,2010:1162012,2010-04-13T05:59:00,STEELES AVE E,BIRCHMOUNT RD,,4,Fatal Injury,At Intersection,Traffic Signal,Angle,Clear,Dawn,Dry,Major Arterial,false,-79.3168905466203,43.821344080685044,1,,,2,70,Fatal,Use Unknown,,,,,,,,,,passenger,16,Scarborough-Agincourt (22),42 Division,Steeles,true,false,false,false,false,true,false,true,false,false,"{""coordinates"": [[-79.3168905466203, 43.821344080685044]], ""type"": ""MultiPoint""}"
5761,2010:1162482,2010-04-14T23:58:00,DON VALLEY PARKWAY N,LAWRENCE AVE E,,5,Non-Fatal Injury,,No Control,Other,Clear,Dark,Dry,,false,-79.33209065200693,43.74024409722873,1,,,1,18,Major,Lap and Shoulder Belt,,,,,Other,,,,,passenger,,Don Valley East (16),33 Division,Banbury-Don Mills,true,false,false,false,false,false,false,false,true,false,"{""coordinates"": [[-79.33209065200693, 43.74024409722873]], ""type"": ""MultiPoint""}"
5762,2010:1162482,2010-04-14T23:58:00,DON VALLEY PARKWAY N,LAWRENCE AVE E,,5,Non-Fatal Injury,,No Control,Other,Clear,Dark,Dry,,false,-79.33209065200693,43.74024409722873,2,Automobile or Station Wagon,North,2,51,Minor,Other Safety Equipment Used,Driving properly,Normal,,,Slowing or Stopping,,,,,driver,,Don Valley East (16),33 Division,Banbury-Don Mills,true,false,false,false,false,false,false,false,true,false,"{""coordinates"": [[-79.33209065200693, 43.74024409722873]], ""type"": ""MultiPoint""}"
5763,2010:1162482,2010-04-14T23:58:00,DON VALLEY PARKWAY N,LAWRENCE AVE E,,5,Non-Fatal Injury,,No Control,Other,Clear,Dark,Dry,,false,-79.33209065200693,43.74024409722873,4,,,4,,,Other Safety Equipment Used,,,,,,,,,,owner,,Don Valley East (16),33 Division,Banbury-Don Mills,true,false,false,false,false,false,false,false,true,false,"{""coordinates"": [[-79.33209065200693, 43.74024409722873]], ""type"": ""MultiPoint""}"
5764,2010:1162482,2010-04-14T23:58:00,DON VALLEY PARKWAY N,LAWRENCE AVE E,,5,Non-Fatal Injury,,No Control,Other,Clear,Dark,Dry,,false,-79.33209065200693,43.74024409722873,3,Automobile or Station Wagon,North,3,44,Minor,Other Safety Equipment Used,Following too closely,Normal,,,Changing Lanes,,,,,driver,,Don Valley East (16),33 Division,Banbury-Don Mills,true,false,false,false,false,false,false,false,true,false,"{""coordinates"": [[-79.33209065200693, 43.74024409722873]], ""type"": ""MultiPoint""}"
5765,2010:1162482,2010-04-14T23:58:00,DON VALLEY PARKWAY N,LAWRENCE AVE E,,5,Non-Fatal Injury,,No Control,Other,Clear,Dark,Dry,,false,-79.33209065200693,43.74024409722873,4,Automobile or Station Wagon,North,5,44,Minor,Other Safety Equipment Used,Driving properly,Normal,,,Stopped,,,,,driver,,Don Valley East (16),33 Division,Banbury-Don Mills,true,false,false,false,false,false,false,false,true,false,"{""coordinates"": [[-79.33209065200693, 43.74024409722873]], ""type"": ""MultiPoint""}"
5766,2010:1163368,2010-04-15T08:05:00,CARLINGVIEW Driv,INTERNATIONAL Boul,,4,Non-Fatal Injury,,No Control,Rear End,Clear,Daylight,Dry,Minor Arterial,false,-79.59059117494712,43.675844450758476,1,Automobile or Station Wagon,South,1,20,Major,Other Safety Equipment Used,Following too closely,Normal,,,Going Ahead,,,,,driver,,Etobicoke North (1),23 Division,West Humber-Clairville,true,false,false,false,false,false,false,false,false,false,"{""coordinates"": [[-79.59059117494712, 43.675844450758476]], ""type"": ""MultiPoint""}"
5767,2010:1163368,2010-04-15T08:05:00,CARLINGVIEW Driv,INTERNATIONAL Boul,,4,Non-Fatal Injury,,No Control,Rear End,Clear,Daylight,Dry,Minor Arterial,false,-79.59059117494712,43.675844450758476,1,Automobile or Station Wagon,South,3,,None,Other Safety Equipment Used,Other,Unknown,,,Unknown,,,,,driver,,Etobicoke North (1),23 Division,West Humber-Clairville,true,false,false,false,false,false,false,false,false,false,"{""coordinates"": [[-79.59059117494712, 43.675844450758476]], ""type"": ""MultiPoint""}"
5768,2010:1163368,2010-04-15T08:05:00,CARLINGVIEW Driv,INTERNATIONAL Boul,,4,Non-Fatal Injury,,No Control,Rear End,Clear,Daylight,Dry,Minor Arterial,false,-79.59059117494712,43.675844450758476,1,,,2,,,Other Safety Equipment Used,,,,,,,,,,owner,,Etobicoke North (1),23 Division,West Humber-Clairville,true,false,false,false,false,false,false,false,false,false,"{""coordinates"": [[-79.59059117494712, 43.675844450758476]], ""type"": ""MultiPoint""}"
5769,2010:1163368,2010-04-15T08:05:00,CARLINGVIEW Driv,INTERNATIONAL Boul,,4,Non-Fatal Injury,,No Control,Rear End,Clear,Daylight,Dry,Minor Arterial,false,-79.59059117494712,43.675844450758476,2,Automobile or Station Wagon,South,4,49,Minimal,Other Safety Equipment Used,Driving properly,Normal,,,Stopped,,,,,driver,,Etobicoke North (1),23 Division,West Humber-Clairville,true,false,false,false,false,false,false,false,false,false,"{""coordinates"": [[-79.59059117494712, 43.675844450758476]], ""type"": ""MultiPoint""}"
5770,2010:1165628,2010-04-15T16:19:00,RUNNYMEDE Rd,ST JOHNS Rd,,2,Non-Fatal Injury,At Intersection,Traffic Signal,Angle,Clear,Daylight,Dry,Minor Arterial,false,-79.48139104458035,43.66384432162485,2,Automobile or Station Wagon,South,2,31,None,Lap and Shoulder Belt,Disobeyed traffic control,Normal,,,Going Ahead,,,,,driver,,Parkdale-High Park (4),11 Division,Junction Area,true,false,false,false,false,false,false,true,false,false,"{""coordinates"": [[-79.48139104458035, 43.66384432162485]], ""type"": ""MultiPoint""}"
5771,2010:1165628,2010-04-15T16:19:00,RUNNYMEDE Rd,ST JOHNS Rd,,2,Non-Fatal Injury,At Intersection,Traffic Signal,Angle,Clear,Daylight,Dry,Minor Arterial,false,-79.48139104458035,43.66384432162485,1,Automobile or Station Wagon,East,1,59,Major,Lap and Shoulder Belt,Driving properly,Normal,,,Going Ahead,,,,,driver,,Parkdale-High Park (4),11 Division,Junction Area,true,false,false,false,false,false,false,true,false,false,"{""coordinates"": [[-79.48139104458035, 43.66384432162485]], ""type"": ""MultiPoint""}"
5772,2010:1163084,2010-04-16T16:43:00,LAKE SHORE BLVD W,BUDAPEST LANE,,3,Non-Fatal Injury,,Traffic Signal,Pedestrian Collision(internal code),Clear,Daylight,Dry,Major Arterial,false,-79.44769102548578,43.63704428271368,1,,,1,,,Other Safety Equipment Used,,,,,,,,,,owner,,Parkdale-High Park (4),11 Division,South Parkdale,false,false,false,false,false,false,true,false,false,true,"{""coordinates"": [[-79.44769102548578, 43.63704428271368]], ""type"": ""MultiPoint""}"
5773,2010:1163084,2010-04-16T16:43:00,LAKE SHORE BLVD W,BUDAPEST LANE,,3,Non-Fatal Injury,,Traffic Signal,Pedestrian Collision(internal code),Clear,Daylight,Dry,Major Arterial,false,-79.44769102548578,43.63704428271368,1,Municipal Transit Bus (TTC),East,2,35,None,Lap and Shoulder Belt,Driving properly,Normal,,,Going Ahead,,,,,driver,,Parkdale-High Park (4),11 Division,South Parkdale,false,false,false,false,false,false,true,false,false,true,"{""coordinates"": [[-79.44769102548578, 43.63704428271368]], ""type"": ""MultiPoint""}"
5774,2010:1163084,2010-04-16T16:43:00,LAKE SHORE BLVD W,BUDAPEST LANE,,3,Non-Fatal Injury,,Traffic Signal,Pedestrian Collision(internal code),Clear,Daylight,Dry,Major Arterial,false,-79.44769102548578,43.63704428271368,2,,North,3,56,Major,Other Safety Equipment Used,,,Running onto roadway,Unknown,,Transit vehicle driver hits pedestrian anywhere along roadway,,,,pedestrian,,Parkdale-High Park (4),11 Division,South Parkdale,false,false,false,false,false,false,true,false,false,true,"{""coordinates"": [[-79.44769102548578, 43.63704428271368]], ""type"": ""MultiPoint""}"
5775,2010:1163175,2010-04-18T10:59:00,BATHURST ST,DANBY AVE,,3,Non-Fatal Injury,At Intersection,No Control,Pedestrian Collision(internal code),Clear,Daylight,Dry,Major Arterial,false,-79.43689081664994,43.749144227519984,2,,East,3,11,Major,Other Safety Equipment Used,,,Coming from behind parked vehicle or object,Unknown,,Transit vehicle driver hits pedestrian anywhere along roadway,,,,pedestrian,,York Centre (6),32 Division,Lansing-Westgate,false,false,false,false,false,false,true,false,true,true,"{""coordinates"": [[-79.43689081664994, 43.749144227519984]], ""type"": ""MultiPoint""}"
5776,2010:1163175,2010-04-18T10:59:00,BATHURST ST,DANBY AVE,,3,Non-Fatal Injury,At Intersection,No Control,Pedestrian Collision(internal code),Clear,Daylight,Dry,Major Arterial,false,-79.43689081664994,43.749144227519984,1,,,1,,,Other Safety Equipment Used,,,,,,,,,,owner,,York Centre (6),32 Division,Lansing-Westgate,false,false,false,false,false,false,true,false,true,true,"{""coordinates"": [[-79.43689081664994, 43.749144227519984]], ""type"": ""MultiPoint""}"
5777,2010:1163175,2010-04-18T10:59:00,BATHURST ST,DANBY AVE,,3,Non-Fatal Injury,At Intersection,No Control,Pedestrian Collision(internal code),Clear,Daylight,Dry,Major Arterial,false,-79.43689081664994,43.749144227519984,1,Municipal Transit Bus (TTC),North,2,37,None,Use Unknown,Driving properly,Normal,,,Overtaking,,,,,driver,,York Centre (6),32 Division,Lansing-Westgate,false,false,false,false,false,false,true,false,true,true,"{""coordinates"": [[-79.43689081664994, 43.749144227519984]], ""type"": ""MultiPoint""}"
5778,2010:1166313,2010-04-20T20:30:00,EGLINTON Ave W,BLACKTHORN Ave,,3,Non-Fatal Injury,At Intersection,No Control,Rear End,Clear,Dark,Dry,Major Arterial,false,-79.46659096732701,43.69174428856367,1,,,1,,,Other Safety Equipment Used,,,,,,,,,,owner,,York South-Weston (5),12 Division,Keelesdale-Eglinton West,false,true,false,false,false,false,false,false,false,false,"{""coordinates"": [[-79.46659096732701, 43.69174428856367]], ""type"": ""MultiPoint""}"
5779,2010:1166313,2010-04-20T20:30:00,EGLINTON Ave W,BLACKTHORN Ave,,3,Non-Fatal Injury,At Intersection,No Control,Rear End,Clear,Dark,Dry,Major Arterial,false,-79.46659096732701,43.69174428856367,2,Automobile or Station Wagon,East,3,28,Major,Lap and Shoulder Belt,Driving properly,Normal,,,Stopped,,,,,driver,,York South-Weston (5),12 Division,Keelesdale-Eglinton West,false,true,false,false,false,false,false,false,false,false,"{""coordinates"": [[-79.46659096732701, 43.69174428856367]], ""type"": ""MultiPoint""}"
5780,2010:1166313,2010-04-20T20:30:00,EGLINTON Ave W,BLACKTHORN Ave,,3,Non-Fatal Injury,At Intersection,No Control,Rear End,Clear,Dark,Dry,Major Arterial,false,-79.46659096732701,43.69174428856367,1,Automobile or Station Wagon,East,2,56,None,Other Safety Equipment Used,Lost control,Inattentive,,,Going Ahead,,,,,driver,,York South-Weston (5),12 Division,Keelesdale-Eglinton West,false,true,false,false,false,false,false,false,false,false,"{""coordinates"": [[-79.46659096732701, 43.69174428856367]], ""type"": ""MultiPoint""}"
5781,2010:1167934,2010-04-21T07:05:00,STEELES AVE E,NINTH LINE,,2,Non-Fatal Injury,,No Control,Rear End,Clear,Daylight,Dry,Minor Arterial,false,-79.22589039571636,43.84254398657794,1,Automobile or Station Wagon,West,1,56,Major,Lap and Shoulder Belt,Following too closely,Normal,,,Going Ahead,,,,,driver,,,,,true,false,false,false,false,false,false,false,false,false,"{""coordinates"": [[-79.22589039571636, 43.84254398657794]], ""type"": ""MultiPoint""}"
5782,2010:1167934,2010-04-21T07:05:00,STEELES AVE E,NINTH LINE,,2,Non-Fatal Injury,,No Control,Rear End,Clear,Daylight,Dry,Minor Arterial,false,-79.22589039571636,43.84254398657794,2,Automobile or Station Wagon,West,2,25,None,Lap and Shoulder Belt,Driving properly,Normal,,,Stopped,,,,,driver,,,,,true,false,false,false,false,false,false,false,false,false,"{""coordinates"": [[-79.22589039571636, 43.84254398657794]], ""type"": ""MultiPoint""}"
5783,2010:1169892,2010-04-21T10:13:00,MOUNT PLEASANT Road,ELM Aven,,2,Non-Fatal Injury,At Intersection,Traffic Signal,Rear End,Clear,Daylight,Dry,Major Arterial,false,-79.3801908341597,43.674544172559486,1,Motorcycle,South,1,24,Major,Helmet,Lost control,Inattentive,,,Changing Lanes,,,,,motorcyclist,,University-Rosedale (11),53 Division,Rosedale-Moore Park,false,true,false,true,false,false,false,false,false,false,"{""coordinates"": [[-79.3801908341597, 43.674544172559486]], ""type"": ""MultiPoint""}"
5784,2010:1169892,2010-04-21T10:13:00,MOUNT PLEASANT Road,ELM Aven,,2,Non-Fatal Injury,At Intersection,Traffic Signal,Rear End,Clear,Daylight,Dry,Major Arterial,false,-79.3801908341597,43.674544172559486,2,Automobile or Station Wagon,South,2,57,None,Lap and Shoulder Belt,Driving properly,Normal,,,Stopped,,,,,driver,,University-Rosedale (11),53 Division,Rosedale-Moore Park,false,true,false,true,false,false,false,false,false,false,"{""coordinates"": [[-79.3801908341597, 43.674544172559486]], ""type"": ""MultiPoint""}"
5785,2010:1163934,2010-04-22T00:21:00,1181 FINCH AVE W,,,2,Non-Fatal Injury,At Intersection,Traffic Signal,SMV Other,Clear,Dark,Dry,Major Arterial,false,-79.4828908739493,43.765244281245465,1,Automobile or Station Wagon,East,2,25,Major,Lap and Shoulder Belt,Exceeding speed limit,Ability Impaired - Alcohol,,,Going Ahead,,,,,driver,,York Centre (6),31 Division,York University Heights,true,false,false,false,false,false,false,false,false,false,"{""coordinates"": [[-79.4828908739493, 43.765244281245465]], ""type"": ""MultiPoint""}"
5786,2010:1163934,2010-04-22T00:21:00,1181 FINCH AVE W,,,2,Non-Fatal Injury,At Intersection,Traffic Signal,SMV Other,Clear,Dark,Dry,Major Arterial,false,-79.4828908739493,43.765244281245465,1,,,1,26,Major,Lap and Shoulder Belt,,,,,,,,,,passenger,,York Centre (6),31 Division,York University Heights,true,false,false,false,false,false,false,false,false,false,"{""coordinates"": [[-79.4828908739493, 43.765244281245465]], ""type"": ""MultiPoint""}"
5787,2010:1167297,2010-04-24T23:02:00,DUNDAS Stre W,COLLEGE Stre,,2,Non-Fatal Injury,,No Control,Cyclist Collision,Clear,Dark,Dry,Minor Arterial,false,-79.44159099094688,43.650344268731494,2,Bicycle,East,2,26,Major,Helmet,,,,,Stopped,,Rear end with cyclist and driver travelling in same direction,Driving Properly,Normal,cyclist,,Davenport (9),11 Division,Little Portugal,true,true,true,false,false,true,false,false,false,false,"{""coordinates"": [[-79.44159099094688, 43.650344268731494]], ""type"": ""MultiPoint""}"
5788,2010:1167297,2010-04-24T23:02:00,DUNDAS Stre W,COLLEGE Stre,,2,Non-Fatal Injury,,No Control,Cyclist Collision,Clear,Dark,Dry,Minor Arterial,false,-79.44159099094688,43.650344268731494,1,Automobile or Station Wagon,East,1,83,None,Other Safety Equipment Used,Exceeding speed limit,Inattentive,,,Going Ahead,,,,,driver,,Davenport (9),11 Division,Little Portugal,true,true,true,false,false,true,false,false,false,false,"{""coordinates"": [[-79.44159099094688, 43.650344268731494]], ""type"": ""MultiPoint""}"
5789,2010:1167046,2010-04-25T21:03:00,WILLOWDALE AVE,ELMWOOD AVE,,6,Non-Fatal Injury,At Intersection,No Control,Turning Movement,Clear,Dark,Dry,Minor Arterial,false,-79.40169073538829,43.768844181474485,1,,,4,20,Minimal,Lap and Shoulder Belt,,,,,,,,,,passenger,,Willowdale (18),32 Division,East Willowdale,false,true,false,false,false,false,false,false,false,false,"{""coordinates"": [[-79.40169073538829, 43.768844181474485]], ""type"": ""MultiPoint""}"
5790,2010:1167046,2010-04-25T21:03:00,WILLOWDALE AVE,ELMWOOD AVE,,6,Non-Fatal Injury,At Intersection,No Control,Turning Movement,Clear,Dark,Dry,Minor Arterial,false,-79.40169073538829,43.768844181474485,2,Automobile or Station Wagon,South,6,20,None,Lap and Shoulder Belt,Driving properly,Normal,,,Turning Left,,,,,driver,,Willowdale (18),32 Division,East Willowdale,false,true,false,false,false,false,false,false,false,false,"{""coordinates"": [[-79.40169073538829, 43.768844181474485]], ""type"": ""MultiPoint""}"
5791,2010:1167046,2010-04-25T21:03:00,WILLOWDALE AVE,ELMWOOD AVE,,6,Non-Fatal Injury,At Intersection,No Control,Turning Movement,Clear,Dark,Dry,Minor Arterial,false,-79.40169073538829,43.768844181474485,1,,,3,50,Major,Lap and Shoulder Belt,,,,,,,,,,passenger,,Willowdale (18),32 Division,East Willowdale,false,true,false,false,false,false,false,false,false,false,"{""coordinates"": [[-79.40169073538829, 43.768844181474485]], ""type"": ""MultiPoint""}"
5792,2010:1167046,2010-04-25T21:03:00,WILLOWDALE AVE,ELMWOOD AVE,,6,Non-Fatal Injury,At Intersection,No Control,Turning Movement,Clear,Dark,Dry,Minor Arterial,false,-79.40169073538829,43.768844181474485,1,,,2,43,Minimal,Lap and Shoulder Belt,,,,,,,,,,passenger,,Willowdale (18),32 Division,East Willowdale,false,true,false,false,false,false,false,false,false,false,"{""coordinates"": [[-79.40169073538829, 43.768844181474485]], ""type"": ""MultiPoint""}"
5793,2010:1167046,2010-04-25T21:03:00,WILLOWDALE AVE,ELMWOOD AVE,,6,Non-Fatal Injury,At Intersection,No Control,Turning Movement,Clear,Dark,Dry,Minor Arterial,false,-79.40169073538829,43.768844181474485,1,,,1,33,Minimal,Lap and Shoulder Belt,,,,,,,,,,passenger,,Willowdale (18),32 Division,East Willowdale,false,true,false,false,false,false,false,false,false,false,"{""coordinates"": [[-79.40169073538829, 43.768844181474485]], ""type"": ""MultiPoint""}"
5794,2010:1167046,2010-04-25T21:03:00,WILLOWDALE AVE,ELMWOOD AVE,,6,Non-Fatal Injury,At Intersection,No Control,Turning Movement,Clear,Dark,Dry,Minor Arterial,false,-79.40169073538829,43.768844181474485,1,Automobile or Station Wagon,North,5,39,Minimal,Lap and Shoulder Belt,Driving properly,Inattentive,,,Going Ahead,,,,,driver,,Willowdale (18),32 Division,East Willowdale,false,true,false,false,false,false,false,false,false,false,"{""coordinates"": [[-79.40169073538829, 43.768844181474485]], ""type"": ""MultiPoint""}"
5795,2010:1169755,2010-04-26T10:08:00,ELLESMERE Road,BRIMLEY Road,,3,Non-Fatal Injury,At Intersection,Traffic Controller,Turning Movement,Clear,Daylight,Dry,Major Arterial,false,-79.26129050251821,43.77004401055365,1,Automobile or Station Wagon,West,2,84,None,Other Safety Equipment Used,Failed to yield right-of-way,Inattentive,,,Turning Left,,,,,driver,,Scarborough Centre (21),43 Division,Bendale-Glen Andrew,true,true,false,false,false,true,false,false,false,false,"{""coordinates"": [[-79.26129050251821, 43.77004401055365]], ""type"": ""MultiPoint""}"
5796,2010:1169755,2010-04-26T10:08:00,ELLESMERE Road,BRIMLEY Road,,3,Non-Fatal Injury,At Intersection,Traffic Controller,Turning Movement,Clear,Daylight,Dry,Major Arterial,false,-79.26129050251821,43.77004401055365,2,Pickup Truck,South,3,36,None,Other Safety Equipment Used,Failed to yield right-of-way,Inattentive,,,Going Ahead,,,,,driver,,Scarborough Centre (21),43 Division,Bendale-Glen Andrew,true,true,false,false,false,true,false,false,false,false,"{""coordinates"": [[-79.26129050251821, 43.77004401055365]], ""type"": ""MultiPoint""}"
5797,2010:1169755,2010-04-26T10:08:00,ELLESMERE Road,BRIMLEY Road,,3,Non-Fatal Injury,At Intersection,Traffic Controller,Turning Movement,Clear,Daylight,Dry,Major Arterial,false,-79.26129050251821,43.77004401055365,1,,,1,81,Major,Lap and Shoulder Belt,,,,,,,,,,passenger,,Scarborough Centre (21),43 Division,Bendale-Glen Andrew,true,true,false,false,false,true,false,false,false,false,"{""coordinates"": [[-79.26129050251821, 43.77004401055365]], ""type"": ""MultiPoint""}"
5798,2010:1164945,2010-04-27T00:52:00,SPADINA Aven,BALDWIN Stre,,5,Non-Fatal Injury,,No Control,Pedestrian Collision(internal code),Clear,Dark,Dry,Major Arterial,false,-79.39879090021154,43.65484420415586,1,,,2,17,None,Other Safety Equipment Used,,,,,,,,,,passenger,,University-Rosedale (11),52 Division,Kensington-Chinatown,false,false,false,false,false,false,true,false,true,true,"{""coordinates"": [[-79.39879090021154, 43.65484420415586]], ""type"": ""MultiPoint""}"
5799,2010:1164945,2010-04-27T00:52:00,SPADINA Aven,BALDWIN Stre,,5,Non-Fatal Injury,,No Control,Pedestrian Collision(internal code),Clear,Dark,Dry,Major Arterial,false,-79.39879090021154,43.65484420415586,1,Municipal Transit Bus (TTC),North,5,25,None,Lap and Shoulder Belt,Driving properly,Normal,,,Going Ahead,,,,,driver,,University-Rosedale (11),52 Division,Kensington-Chinatown,false,false,false,false,false,false,true,false,true,true,"{""coordinates"": [[-79.39879090021154, 43.65484420415586]], ""type"": ""MultiPoint""}"
5800,2010:1164945,2010-04-27T00:52:00,SPADINA Aven,BALDWIN Stre,,5,Non-Fatal Injury,,No Control,Pedestrian Collision(internal code),Clear,Dark,Dry,Major Arterial,false,-79.39879090021154,43.65484420415586,1,,,3,43,None,Other Safety Equipment Used,,,,,,,,,,passenger,,University-Rosedale (11),52 Division,Kensington-Chinatown,false,false,false,false,false,false,true,false,true,true,"{""coordinates"": [[-79.39879090021154, 43.65484420415586]], ""type"": ""MultiPoint""}"
5801,2010:1164945,2010-04-27T00:52:00,SPADINA Aven,BALDWIN Stre,,5,Non-Fatal Injury,,No Control,Pedestrian Collision(internal code),Clear,Dark,Dry,Major Arterial,false,-79.39879090021154,43.65484420415586,1,,West,4,19,Major,Other Safety Equipment Used,,,Running onto roadway,Unknown,,Transit vehicle driver hits pedestrian anywhere along roadway,,,,pedestrian,,University-Rosedale (11),52 Division,Kensington-Chinatown,false,false,false,false,false,false,true,false,true,true,"{""coordinates"": [[-79.39879090021154, 43.65484420415586]], ""type"": ""MultiPoint""}"
5802,2010:1164945,2010-04-27T00:52:00,SPADINA Aven,BALDWIN Stre,,5,Non-Fatal Injury,,No Control,Pedestrian Collision(internal code),Clear,Dark,Dry,Major Arterial,false,-79.39879090021154,43.65484420415586,1,,,1,29,None,Other Safety Equipment Used,,,,,,,,,,passenger,,University-Rosedale (11),52 Division,Kensington-Chinatown,false,false,false,false,false,false,true,false,true,true,"{""coordinates"": [[-79.39879090021154, 43.65484420415586]], ""type"": ""MultiPoint""}"
5803,2010:1175178,2010-06-24T16:00:00,DUFFERIN ST,EGLINTON AVE W,,1,Non-Fatal Injury,,Traffic Signal,Rear End,Clear,Daylight,Dry,Major Arterial,false,-79.45029093061869,43.69564426450811,2,,,3,28,Minimal,Lap and Shoulder Belt,,,,,,,,,,passenger,,Davenport (9),13 Division,Caledonia-Fairbank,true,false,false,false,false,false,false,false,true,false,"{""coordinates"": [[-79.45029093061869, 43.69564426450811]], ""type"": ""MultiPoint""}"
5804,2010:1175797,2010-04-27T15:42:00,QUEEN St E,BROOKLYN Ave,,3,Non-Fatal Injury,,No Control,Cyclist Collision,Clear,Daylight,Dry,Minor Arterial,false,-79.33589076792636,43.66204411081302,1,Bicycle,East,1,29,Major,No Equipment Available,,,,,Going Ahead,,Sideswipe with cyclist and driver travelling in same direction,Driving Properly,Normal,cyclist,,Toronto-Danforth (14),55 Division,South Riverdale,false,false,true,false,false,false,false,false,false,false,"{""coordinates"": [[-79.33589076792636, 43.66204411081302]], ""type"": ""MultiPoint""}"
5805,2010:1175797,2010-04-27T15:42:00,QUEEN St E,BROOKLYN Ave,,3,Non-Fatal Injury,,No Control,Cyclist Collision,Clear,Daylight,Dry,Minor Arterial,false,-79.33589076792636,43.66204411081302,2,,,2,,,Other Safety Equipment Used,,,,,,,,,,owner,,Toronto-Danforth (14),55 Division,South Riverdale,false,false,true,false,false,false,false,false,false,false,"{""coordinates"": [[-79.33589076792636, 43.66204411081302]], ""type"": ""MultiPoint""}"