_id,collision_id,accdate,stname1,stname2,stname3,per_inv,acclass,accloc,traffictl,impactype,visible,light,rdsfcond,road_class,failtorem,longitude,latitude,veh_no,vehtype,initdir,per_no,invage,injury,safequip,drivact,drivcond,pedact,pedcond,manoeuvre,pedtype,cyclistype,cycact,cyccond,road_user,fatal_no,wardname,division,neighbourhood,aggressive,distracted,cyclist,motorcyclist,other_micromobility,older_adult,pedestrian,red_light,school_child,heavy_truck,geometry
6017,2010:1203769,2010-06-27T17:10:00,THE QUEENSWAY,GARDINER QUEENSWAY W RAMP,,10,Non-Fatal Injury,At Intersection,Traffic Signal,Rear End,Clear,Daylight,Wet,Major Arterial,false,-79.47299107780056,43.635944321454986,2,,,4,67,Minimal,No Equipment Available,,,,,,,,,,passenger,,Parkdale-High Park (4),11 Division,High Park-Swansea,true,true,false,false,false,true,false,false,false,true,"{""coordinates"": [[-79.47299107780056, 43.635944321454986]], ""type"": ""MultiPoint""}"
6018,2010:1203769,2010-06-27T17:10:00,THE QUEENSWAY,GARDINER QUEENSWAY W RAMP,,10,Non-Fatal Injury,At Intersection,Traffic Signal,Rear End,Clear,Daylight,Wet,Major Arterial,false,-79.47299107780056,43.635944321454986,2,,,7,53,Minimal,No Equipment Available,,,,,,,,,,passenger,,Parkdale-High Park (4),11 Division,High Park-Swansea,true,true,false,false,false,true,false,false,false,true,"{""coordinates"": [[-79.47299107780056, 43.635944321454986]], ""type"": ""MultiPoint""}"
6019,2010:1203769,2010-06-27T17:10:00,THE QUEENSWAY,GARDINER QUEENSWAY W RAMP,,10,Non-Fatal Injury,At Intersection,Traffic Signal,Rear End,Clear,Daylight,Wet,Major Arterial,false,-79.47299107780056,43.635944321454986,2,,,5,46,Minimal,No Equipment Available,,,,,,,,,,passenger,,Parkdale-High Park (4),11 Division,High Park-Swansea,true,true,false,false,false,true,false,false,false,true,"{""coordinates"": [[-79.47299107780056, 43.635944321454986]], ""type"": ""MultiPoint""}"
6020,2010:1182503,2010-06-27T20:50:00,BATHURST ST,WILD GINGERWAY Aven,,5,Non-Fatal Injury,,No Control,Approaching Head On,Rain,Dark,Wet,Major Arterial,false,-79.44079080448344,43.764944229737544,2,Automobile or Station Wagon,North,4,47,Minor,Lap and Shoulder Belt,Driving properly,Normal,,,Going Ahead,,,,,driver,,Willowdale (18),32 Division,Willowdale West,false,false,false,false,false,false,false,false,true,false,"{""coordinates"": [[-79.44079080448344, 43.764944229737544]], ""type"": ""MultiPoint""}"
6021,2010:1182503,2010-06-27T20:50:00,BATHURST ST,WILD GINGERWAY Aven,,5,Non-Fatal Injury,,No Control,Approaching Head On,Rain,Dark,Wet,Major Arterial,false,-79.44079080448344,43.764944229737544,2,,,3,17,Minimal,Other Safety Equipment Used,,,,,,,,,,passenger,,Willowdale (18),32 Division,Willowdale West,false,false,false,false,false,false,false,false,true,false,"{""coordinates"": [[-79.44079080448344, 43.764944229737544]], ""type"": ""MultiPoint""}"
6022,2010:1182503,2010-06-27T20:50:00,BATHURST ST,WILD GINGERWAY Aven,,5,Non-Fatal Injury,,No Control,Approaching Head On,Rain,Dark,Wet,Major Arterial,false,-79.44079080448344,43.764944229737544,3,Automobile or Station Wagon,South,5,23,Minor,Other Safety Equipment Used,Lost control,Ability Impaired - Alcohol,,,Going Ahead,,,,,driver,,Willowdale (18),32 Division,Willowdale West,false,false,false,false,false,false,false,false,true,false,"{""coordinates"": [[-79.44079080448344, 43.764944229737544]], ""type"": ""MultiPoint""}"
6023,2010:1182503,2010-06-27T20:50:00,BATHURST ST,WILD GINGERWAY Aven,,5,Non-Fatal Injury,,No Control,Approaching Head On,Rain,Dark,Wet,Major Arterial,false,-79.44079080448344,43.764944229737544,1,Automobile or Station Wagon,North,2,60,Major,Lap and Shoulder Belt,Driving properly,Normal,,,Going Ahead,,,,,driver,,Willowdale (18),32 Division,Willowdale West,false,false,false,false,false,false,false,false,true,false,"{""coordinates"": [[-79.44079080448344, 43.764944229737544]], ""type"": ""MultiPoint""}"
6024,2010:1182503,2010-06-27T20:50:00,BATHURST ST,WILD GINGERWAY Aven,,5,Non-Fatal Injury,,No Control,Approaching Head On,Rain,Dark,Wet,Major Arterial,false,-79.44079080448344,43.764944229737544,1,,,1,,,Other Safety Equipment Used,,,,,,,,,,owner,,Willowdale (18),32 Division,Willowdale West,false,false,false,false,false,false,false,false,true,false,"{""coordinates"": [[-79.44079080448344, 43.764944229737544]], ""type"": ""MultiPoint""}"
6025,2010:1175328,2010-06-28T02:56:00,HIGHWAY 401 X Ramp W,MARTIN GROVE RD,,4,Non-Fatal Injury,,No Control,Pedestrian Collision(internal code),Clear,Dark,Dry,,false,-79.57059112253275,43.690044418714685,2,,Unknown,4,26,Major,Other Safety Equipment Used,,,Other,Had Been Drinking,,Driver hits pedestrian at midblock,,,,pedestrian,,Etobicoke North (1),23 Division,Willowridge-Martingrove-Richview,false,false,false,false,false,false,true,false,false,false,"{""coordinates"": [[-79.57059112253275, 43.690044418714685]], ""type"": ""MultiPoint""}"
6026,2010:1175328,2010-06-28T02:56:00,HIGHWAY 401 X Ramp W,MARTIN GROVE RD,,4,Non-Fatal Injury,,No Control,Pedestrian Collision(internal code),Clear,Dark,Dry,,false,-79.57059112253275,43.690044418714685,1,Automobile or Station Wagon,East,3,31,None,Lap and Shoulder Belt,Driving properly,Normal,,,Going Ahead,,,,,driver,,Etobicoke North (1),23 Division,Willowridge-Martingrove-Richview,false,false,false,false,false,false,true,false,false,false,"{""coordinates"": [[-79.57059112253275, 43.690044418714685]], ""type"": ""MultiPoint""}"
6027,2010:1175328,2010-06-28T02:56:00,HIGHWAY 401 X Ramp W,MARTIN GROVE RD,,4,Non-Fatal Injury,,No Control,Pedestrian Collision(internal code),Clear,Dark,Dry,,false,-79.57059112253275,43.690044418714685,1,,,1,,,Other Safety Equipment Used,,,,,,,,,,owner,,Etobicoke North (1),23 Division,Willowridge-Martingrove-Richview,false,false,false,false,false,false,true,false,false,false,"{""coordinates"": [[-79.57059112253275, 43.690044418714685]], ""type"": ""MultiPoint""}"
6028,2010:1175328,2010-06-28T02:56:00,HIGHWAY 401 X Ramp W,MARTIN GROVE RD,,4,Non-Fatal Injury,,No Control,Pedestrian Collision(internal code),Clear,Dark,Dry,,false,-79.57059112253275,43.690044418714685,1,,,2,,,Other Safety Equipment Used,,,,,,,,,,owner,,Etobicoke North (1),23 Division,Willowridge-Martingrove-Richview,false,false,false,false,false,false,true,false,false,false,"{""coordinates"": [[-79.57059112253275, 43.690044418714685]], ""type"": ""MultiPoint""}"
6029,2010:1182499,2010-06-28T21:40:00,LANSDOWNE Ave,PATON Rd,,2,Non-Fatal Injury,At Intersection,Traffic Signal,SMV Unattended Vehicle,Clear,Dark,Dry,Minor Arterial,false,-79.44359097745847,43.660644267964,2,Motorcycle,South,2,26,Major,Helmet,Lost control,Inattentive,,,Going Ahead,,,,,motorcyclist,,Davenport (9),11 Division,Junction-Wallace Emerson,false,true,false,true,false,false,false,false,false,false,"{""coordinates"": [[-79.44359097745847, 43.660644267964]], ""type"": ""MultiPoint""}"
6030,2010:1182499,2010-06-28T21:40:00,LANSDOWNE Ave,PATON Rd,,2,Non-Fatal Injury,At Intersection,Traffic Signal,SMV Unattended Vehicle,Clear,Dark,Dry,Minor Arterial,false,-79.44359097745847,43.660644267964,1,,,1,,None,Other Safety Equipment Used,,,,,Parked,,,,,other,,Davenport (9),11 Division,Junction-Wallace Emerson,false,true,false,true,false,false,false,false,false,false,"{""coordinates"": [[-79.44359097745847, 43.660644267964]], ""type"": ""MultiPoint""}"
6031,2010:1183977,2010-07-09T15:45:00,KINGSTON Road,GLEN MANOR Driv,,3,Non-Fatal Injury,At Intersection,Stop Sign,Turning Movement,Clear,Daylight,Dry,Major Arterial,false,-79.29449066550045,43.679744050322164,1,Automobile or Station Wagon,East,2,34,Minor,Air Bag Deployed,Driving properly,Normal,,,Going Ahead,,,,,driver,,Beaches-East York (19),55 Division,East End-Danforth,false,false,false,false,false,false,false,false,false,false,"{""coordinates"": [[-79.29449066550045, 43.679744050322164]], ""type"": ""MultiPoint""}"
6032,2010:1182546,2010-06-29T08:30:00,EGLINTON AVE W,SATELLITE DR,,2,Non-Fatal Injury,At Intersection,Traffic Signal,Pedestrian Collision(internal code),Clear,Daylight,Dry,Major Arterial,false,-79.60309123703205,43.651544480608074,2,,South,2,22,Major,No Equipment Available,,,Crossing with right-of-way (intersection),Normal,,Driver turns left into pedestrian crossing with right-of-way (at intersection),,,,pedestrian,,Etobicoke Centre (2),22 Division,Eringate-Centennial-West Deane,true,false,false,false,false,false,true,false,false,false,"{""coordinates"": [[-79.60309123703205, 43.651544480608074]], ""type"": ""MultiPoint""}"
6033,2010:1182546,2010-06-29T08:30:00,EGLINTON AVE W,SATELLITE DR,,2,Non-Fatal Injury,At Intersection,Traffic Signal,Pedestrian Collision(internal code),Clear,Daylight,Dry,Major Arterial,false,-79.60309123703205,43.651544480608074,1,Automobile or Station Wagon,South,1,30,None,Lap and Shoulder Belt,Failed to yield right-of-way,Normal,,,Turning Left,,,,,driver,,Etobicoke Centre (2),22 Division,Eringate-Centennial-West Deane,true,false,false,false,false,false,true,false,false,false,"{""coordinates"": [[-79.60309123703205, 43.651544480608074]], ""type"": ""MultiPoint""}"
6034,2010:1176276,2010-06-30T14:30:00,QUEEN ST E,BERTMOUNT AVE,,2,Non-Fatal Injury,,No Control,Pedestrian Collision(internal code),Clear,Daylight,Dry,Minor Arterial,true,-79.3348907657235,43.66224410933666,1,Truck - Open (Flatbed),East,1,,None,Other Safety Equipment Used,Driving properly,Unknown,,,Going Ahead,,,,,driver,,Toronto-Danforth (14),55 Division,South Riverdale,false,false,false,false,false,false,true,false,false,true,"{""coordinates"": [[-79.3348907657235, 43.66224410933666]], ""type"": ""MultiPoint""}"
6035,2010:1176276,2010-06-30T14:30:00,QUEEN ST E,BERTMOUNT AVE,,2,Non-Fatal Injury,,No Control,Pedestrian Collision(internal code),Clear,Daylight,Dry,Minor Arterial,true,-79.3348907657235,43.66224410933666,2,,South,2,34,Major,Other Safety Equipment Used,,,Crossing - no traffic control,Other Condition,,Driver going straight hits pedestrian crossing without right-of-way (at intersection),,,,pedestrian,,Toronto-Danforth (14),55 Division,South Riverdale,false,false,false,false,false,false,true,false,false,true,"{""coordinates"": [[-79.3348907657235, 43.66224410933666]], ""type"": ""MultiPoint""}"
6036,2010:1182961,2010-07-02T21:28:00,SEDGEMOUNT Dr,ROCHMAN Blvd,,2,Non-Fatal Injury,,No Control,SMV Unattended Vehicle,Clear,Dark,Dry,Local,false,-79.23319046814898,43.76054397828799,1,,,1,,None,Other Safety Equipment Used,,,,,Parked,,,,,other,,Scarborough-Guildwood (24),43 Division,Woburn North,true,false,false,false,false,false,false,false,false,false,"{""coordinates"": [[-79.23319046814898, 43.76054397828799]], ""type"": ""MultiPoint""}"
6037,2010:1182961,2010-07-02T21:28:00,SEDGEMOUNT Dr,ROCHMAN Blvd,,2,Non-Fatal Injury,,No Control,SMV Unattended Vehicle,Clear,Dark,Dry,Local,false,-79.23319046814898,43.76054397828799,2,Automobile or Station Wagon,South,2,59,Major,Lap and Shoulder Belt,Improper passing,Fatigue/Fell Asleep,,,Going Ahead,,,,,driver,,Scarborough-Guildwood (24),43 Division,Woburn North,true,false,false,false,false,false,false,false,false,false,"{""coordinates"": [[-79.23319046814898, 43.76054397828799]], ""type"": ""MultiPoint""}"
6038,2010:1176798,2010-07-03T21:00:00,KIPLING AVE,THE QUEENSWAY,,3,Non-Fatal Injury,At Intersection,Traffic Signal,Turning Movement,Clear,Dark,Dry,Major Arterial,false,-79.52669119439231,43.620944403342335,2,Automobile or Station Wagon,South,3,46,Major,Other Safety Equipment Used,Driving properly,Normal,,,Going Ahead,,,,,driver,,Etobicoke-Lakeshore (3),22 Division,Etobicoke City Centre,false,false,false,false,false,false,false,false,false,false,"{""coordinates"": [[-79.52669119439231, 43.620944403342335]], ""type"": ""MultiPoint""}"
6039,2010:1176798,2010-07-03T21:00:00,KIPLING AVE,THE QUEENSWAY,,3,Non-Fatal Injury,At Intersection,Traffic Signal,Turning Movement,Clear,Dark,Dry,Major Arterial,false,-79.52669119439231,43.620944403342335,1,Automobile or Station Wagon,North,2,52,None,Other Safety Equipment Used,Improper turn,Normal,,,Turning Left,,,,,driver,,Etobicoke-Lakeshore (3),22 Division,Etobicoke City Centre,false,false,false,false,false,false,false,false,false,false,"{""coordinates"": [[-79.52669119439231, 43.620944403342335]], ""type"": ""MultiPoint""}"
6040,2010:1176798,2010-07-03T21:00:00,KIPLING AVE,THE QUEENSWAY,,3,Non-Fatal Injury,At Intersection,Traffic Signal,Turning Movement,Clear,Dark,Dry,Major Arterial,false,-79.52669119439231,43.620944403342335,1,,,1,,,Other Safety Equipment Used,,,,,,,,,,owner,,Etobicoke-Lakeshore (3),22 Division,Etobicoke City Centre,false,false,false,false,false,false,false,false,false,false,"{""coordinates"": [[-79.52669119439231, 43.620944403342335]], ""type"": ""MultiPoint""}"
6041,2010:1183452,2010-07-05T06:02:00,JANE St,BEXLEY Cres,,4,Non-Fatal Injury,,No Control,Approaching Head On,Clear,Daylight,Dry,Major Arterial,false,-79.49759104502532,43.680544336973995,4,Automobile or Station Wagon,South,4,22,Minor,Lap and Shoulder Belt,Driving properly,Normal,,,Going Ahead,,,,,driver,,York South-Weston (5),12 Division,Rockcliffe-Smythe,false,false,false,false,false,false,false,false,false,false,"{""coordinates"": [[-79.49759104502532, 43.680544336973995]], ""type"": ""MultiPoint""}"
6042,2010:1183452,2010-07-05T06:02:00,JANE St,BEXLEY Cres,,4,Non-Fatal Injury,,No Control,Approaching Head On,Clear,Daylight,Dry,Major Arterial,false,-79.49759104502532,43.680544336973995,1,Automobile or Station Wagon,South,1,48,Minor,Lap and Shoulder Belt,Driving properly,Normal,,,Going Ahead,,,,,driver,,York South-Weston (5),12 Division,Rockcliffe-Smythe,false,false,false,false,false,false,false,false,false,false,"{""coordinates"": [[-79.49759104502532, 43.680544336973995]], ""type"": ""MultiPoint""}"
6043,2010:1183452,2010-07-05T06:02:00,JANE St,BEXLEY Cres,,4,Non-Fatal Injury,,No Control,Approaching Head On,Clear,Daylight,Dry,Major Arterial,false,-79.49759104502532,43.680544336973995,3,,,3,,,Other Safety Equipment Used,,,,,,,,,,owner,,York South-Weston (5),12 Division,Rockcliffe-Smythe,false,false,false,false,false,false,false,false,false,false,"{""coordinates"": [[-79.49759104502532, 43.680544336973995]], ""type"": ""MultiPoint""}"
6044,2010:1183452,2010-07-05T06:02:00,JANE St,BEXLEY Cres,,4,Non-Fatal Injury,,No Control,Approaching Head On,Clear,Daylight,Dry,Major Arterial,false,-79.49759104502532,43.680544336973995,2,Automobile or Station Wagon,North,2,39,Major,Lap and Shoulder Belt,Other,Fatigue/Fell Asleep,,,Going Ahead,,,,,driver,,York South-Weston (5),12 Division,Rockcliffe-Smythe,false,false,false,false,false,false,false,false,false,false,"{""coordinates"": [[-79.49759104502532, 43.680544336973995]], ""type"": ""MultiPoint""}"
6045,2010:1183570,2010-07-05T10:19:00,COSBURN Ave,WOODBINE Ave,,2,Non-Fatal Injury,At Intersection,Traffic Signal,Cyclist Collision,Clear,Daylight,Dry,Major Arterial,false,-79.31739068592523,43.69644408153676,1,Automobile or Station Wagon,West,1,46,None,Use Unknown,Driving properly,Normal,,,Going Ahead,,,,,driver,,Beaches-East York (19),55 Division,Woodbine-Lumsden,false,true,true,false,false,false,false,false,false,false,"{""coordinates"": [[-79.31739068592523, 43.69644408153676]], ""type"": ""MultiPoint""}"
6046,2010:1183570,2010-07-05T10:19:00,COSBURN Ave,WOODBINE Ave,,2,Non-Fatal Injury,At Intersection,Traffic Signal,Cyclist Collision,Clear,Daylight,Dry,Major Arterial,false,-79.31739068592523,43.69644408153676,2,Bicycle,East,2,47,Major,Use Unknown,,,,,Turning Left,,Cyclist turns left into path of driver,Improper Turn,Inattentive,cyclist,,Beaches-East York (19),55 Division,Woodbine-Lumsden,false,true,true,false,false,false,false,false,false,false,"{""coordinates"": [[-79.31739068592523, 43.69644408153676]], ""type"": ""MultiPoint""}"
6047,2010:1183691,2010-07-06T11:30:00,KENNEDY Rd,PROGRESS Ave,,2,Non-Fatal Injury,At Intersection,Traffic Signal,Pedestrian Collision(internal code),Clear,Daylight,Dry,Major Arterial,false,-79.2822905376724,43.76944403603836,1,Automobile or Station Wagon,West,1,31,None,Other Safety Equipment Used,Failed to yield right-of-way,Inattentive,,,Turning Left,,,,,driver,,Scarborough Centre (21),41 Division,Dorset Park,true,true,false,false,false,false,true,false,false,false,"{""coordinates"": [[-79.2822905376724, 43.76944403603836]], ""type"": ""MultiPoint""}"
6048,2010:1183691,2010-07-06T11:30:00,KENNEDY Rd,PROGRESS Ave,,2,Non-Fatal Injury,At Intersection,Traffic Signal,Pedestrian Collision(internal code),Clear,Daylight,Dry,Major Arterial,false,-79.2822905376724,43.76944403603836,2,,East,2,46,Major,Other Safety Equipment Used,,,Crossing with right-of-way (intersection),Normal,,Driver turns left into pedestrian crossing with right-of-way (at intersection),,,,pedestrian,,Scarborough Centre (21),41 Division,Dorset Park,true,true,false,false,false,false,true,false,false,false,"{""coordinates"": [[-79.2822905376724, 43.76944403603836]], ""type"": ""MultiPoint""}"
6049,2010:1183681,2010-07-06T14:20:00,DUNDAS St E,CHURCH St,,2,Non-Fatal Injury,At Intersection,Traffic Signal,Cyclist Collision,Clear,Daylight,Dry,Major Arterial,false,-79.37709085563338,43.656444171898976,1,Automobile or Station Wagon,East,1,54,None,Other Safety Equipment Used,Improper turn,Normal,,,Turning Right,,,,,driver,,Toronto Centre (13),51 Division,Downtown Yonge East,false,false,true,false,false,false,false,false,false,false,"{""coordinates"": [[-79.37709085563338, 43.656444171898976]], ""type"": ""MultiPoint""}"
6050,2010:1183681,2010-07-06T14:20:00,DUNDAS St E,CHURCH St,,2,Non-Fatal Injury,At Intersection,Traffic Signal,Cyclist Collision,Clear,Daylight,Dry,Major Arterial,false,-79.37709085563338,43.656444171898976,2,Bicycle,East,2,52,Major,Other Safety Equipment Used,,,,,Going Ahead,,Driver turns right on green or amber at signalized intersection and hits cyclist,Driving Properly,Normal,cyclist,,Toronto Centre (13),51 Division,Downtown Yonge East,false,false,true,false,false,false,false,false,false,false,"{""coordinates"": [[-79.37709085563338, 43.656444171898976]], ""type"": ""MultiPoint""}"
6051,2010:1179068,2010-07-06T15:30:00,EGLINTON Aven E,RAWLINSON Aven,,2,Non-Fatal Injury,At Intersection,Stop Sign,Cyclist Collision,Clear,Daylight,Dry,Major Arterial,true,-79.38789079591864,43.70884417555202,1,Automobile or Station Wagon,South,1,,None,Other Safety Equipment Used,Failed to yield right-of-way,Normal,,,Turning Left,,,,,driver,,Don Valley West (15),53 Division,Mount Pleasant East,true,false,true,false,false,false,false,false,false,false,"{""coordinates"": [[-79.38789079591864, 43.70884417555202]], ""type"": ""MultiPoint""}"
6052,2010:1179068,2010-07-06T15:30:00,EGLINTON Aven E,RAWLINSON Aven,,2,Non-Fatal Injury,At Intersection,Stop Sign,Cyclist Collision,Clear,Daylight,Dry,Major Arterial,true,-79.38789079591864,43.70884417555202,1,Bicycle,East,2,31,Major,Helmet,,,,,Slowing or Stopping,,Driver turns left into path of cyclist,Driving Properly,Normal,cyclist,,Don Valley West (15),53 Division,Mount Pleasant East,true,false,true,false,false,false,false,false,false,false,"{""coordinates"": [[-79.38789079591864, 43.70884417555202]], ""type"": ""MultiPoint""}"
6053,2010:1176359,2010-07-07T17:23:00,471 ASHDALE AVE,,,2,Non-Fatal Injury,,No Control,Pedestrian Collision(internal code),Clear,Daylight,Dry,Local,true,-79.32369072451169,43.676644091849525,2,,Unknown,2,55,Major,Other Safety Equipment Used,,,Other,Unknown,,Driver reversing hits pedestrian,,,,pedestrian,,Toronto-Danforth (14),55 Division,Greenwood-Coxwell,false,false,false,false,false,false,true,false,false,false,"{""coordinates"": [[-79.32369072451169, 43.676644091849525]], ""type"": ""MultiPoint""}"
6054,2010:1176359,2010-07-07T17:23:00,471 ASHDALE AVE,,,2,Non-Fatal Injury,,No Control,Pedestrian Collision(internal code),Clear,Daylight,Dry,Local,true,-79.32369072451169,43.676644091849525,1,Automobile or Station Wagon,East,1,59,None,Other Safety Equipment Used,Other,Other Condition,,,Reversing,,,,,driver,,Toronto-Danforth (14),55 Division,Greenwood-Coxwell,false,false,false,false,false,false,true,false,false,false,"{""coordinates"": [[-79.32369072451169, 43.676644091849525]], ""type"": ""MultiPoint""}"
6055,2010:1176361,2010-07-07T23:59:00,BICKNELL Ave,NASHVILLE Ave,,3,Non-Fatal Injury,,No Control,Cyclist Collision,Clear,Dark,Dry,Collector,false,-79.47429099658332,43.68324430291669,1,Automobile or Station Wagon,North,2,44,None,Other Safety Equipment Used,Driving properly,Normal,,,Parked,,,,,driver,,York South-Weston (5),12 Division,Keelesdale-Eglinton West,false,false,true,false,false,false,false,false,false,false,"{""coordinates"": [[-79.47429099658332, 43.68324430291669]], ""type"": ""MultiPoint""}"
6056,2010:1176361,2010-07-07T23:59:00,BICKNELL Ave,NASHVILLE Ave,,3,Non-Fatal Injury,,No Control,Cyclist Collision,Clear,Dark,Dry,Collector,false,-79.47429099658332,43.68324430291669,2,Bicycle,North,3,43,Major,Equipment Not Used But Available,,,,,Going Ahead,,Rear end with cyclist and driver travelling in same direction,Other,Had Been Drinking,cyclist,,York South-Weston (5),12 Division,Keelesdale-Eglinton West,false,false,true,false,false,false,false,false,false,false,"{""coordinates"": [[-79.47429099658332, 43.68324430291669]], ""type"": ""MultiPoint""}"
6057,2010:1176361,2010-07-07T23:59:00,BICKNELL Ave,NASHVILLE Ave,,3,Non-Fatal Injury,,No Control,Cyclist Collision,Clear,Dark,Dry,Collector,false,-79.47429099658332,43.68324430291669,1,,,1,,,Other Safety Equipment Used,,,,,,,,,,owner,,York South-Weston (5),12 Division,Keelesdale-Eglinton West,false,false,true,false,false,false,false,false,false,false,"{""coordinates"": [[-79.47429099658332, 43.68324430291669]], ""type"": ""MultiPoint""}"
6058,2010:1187759,2010-07-08T14:29:00,1048 BLOOR ST W,,,2,Non-Fatal Injury,,No Control,Pedestrian Collision(internal code),Clear,Daylight,Dry,Major Arterial,false,-79.43229095584553,43.66054425152557,1,Automobile or Station Wagon,East,1,20,None,Lap and Shoulder Belt,Driving properly,Normal,,,Going Ahead,,,,,driver,,Davenport (9),14 Division,Dovercourt Village,false,false,false,false,false,false,true,false,true,false,"{""coordinates"": [[-79.43229095584553, 43.66054425152557]], ""type"": ""MultiPoint""}"
6059,2010:1187759,2010-07-08T14:29:00,1048 BLOOR ST W,,,2,Non-Fatal Injury,,No Control,Pedestrian Collision(internal code),Clear,Daylight,Dry,Major Arterial,false,-79.43229095584553,43.66054425152557,2,,North,2,10,Major,Other Safety Equipment Used,,,Running onto roadway,,,Driver going straight hits pedestrian crossing without right-of-way (at intersection),,,,pedestrian,,Davenport (9),14 Division,Dovercourt Village,false,false,false,false,false,false,true,false,true,false,"{""coordinates"": [[-79.43229095584553, 43.66054425152557]], ""type"": ""MultiPoint""}"
6060,2010:1176502,2010-07-08T17:25:00,EGLINTON AVE E,BIMBROK RD,,3,Non-Fatal Injury,At Intersection,No Control,Pedestrian Collision(internal code),Clear,Daylight,Dry,Major Arterial,false,-79.25139251881366,43.73594399416289,1,,,1,,,Other Safety Equipment Used,,,,,,,,,,owner,,Scarborough Southwest (20),41 Division,Kennedy Park,false,false,false,false,false,false,true,false,false,true,"{""coordinates"": [[-79.25139251881366, 43.73594399416289]], ""type"": ""MultiPoint""}"
6061,2010:1176502,2010-07-08T17:25:00,EGLINTON AVE E,BIMBROK RD,,3,Non-Fatal Injury,At Intersection,No Control,Pedestrian Collision(internal code),Clear,Daylight,Dry,Major Arterial,false,-79.25139251881366,43.73594399416289,1,Municipal Transit Bus (TTC),West,2,57,None,Other Safety Equipment Used,Driving properly,Normal,,,Going Ahead,,,,,driver,,Scarborough Southwest (20),41 Division,Kennedy Park,false,false,false,false,false,false,true,false,false,true,"{""coordinates"": [[-79.25139251881366, 43.73594399416289]], ""type"": ""MultiPoint""}"
6062,2010:1176502,2010-07-08T17:25:00,EGLINTON AVE E,BIMBROK RD,,3,Non-Fatal Injury,At Intersection,No Control,Pedestrian Collision(internal code),Clear,Daylight,Dry,Major Arterial,false,-79.25139251881366,43.73594399416289,2,,North,3,56,Major,Other Safety Equipment Used,,,Crossing without right-of-way (intersection),Had Been Drinking,Unknown,Transit vehicle driver hits pedestrian anywhere along roadway,,,,pedestrian,,Scarborough Southwest (20),41 Division,Kennedy Park,false,false,false,false,false,false,true,false,false,true,"{""coordinates"": [[-79.25139251881366, 43.73594399416289]], ""type"": ""MultiPoint""}"
6063,2010:1184000,2010-07-09T06:27:00,ALBION Rd,WESTON Rd,,3,Non-Fatal Injury,,No Control,Approaching Head On,Rain,Daylight,Wet,Major Arterial,false,-79.54119103161086,43.718644368638515,1,Automobile or Station Wagon,East,2,53,Major,Lap and Shoulder Belt,Driving properly,Normal,,,Going Ahead,,,,,driver,,Humber River-Black Creek (7),31 Division,Pelmo Park-Humberlea,true,false,false,false,false,false,false,false,false,false,"{""coordinates"": [[-79.54119103161086, 43.718644368638515]], ""type"": ""MultiPoint""}"
6064,2010:1184000,2010-07-09T06:27:00,ALBION Rd,WESTON Rd,,3,Non-Fatal Injury,,No Control,Approaching Head On,Rain,Daylight,Wet,Major Arterial,false,-79.54119103161086,43.718644368638515,1,,,1,,,Other Safety Equipment Used,,,,,,,,,,owner,,Humber River-Black Creek (7),31 Division,Pelmo Park-Humberlea,true,false,false,false,false,false,false,false,false,false,"{""coordinates"": [[-79.54119103161086, 43.718644368638515]], ""type"": ""MultiPoint""}"
6065,2010:1184000,2010-07-09T06:27:00,ALBION Rd,WESTON Rd,,3,Non-Fatal Injury,,No Control,Approaching Head On,Rain,Daylight,Wet,Major Arterial,false,-79.54119103161086,43.718644368638515,2,Automobile or Station Wagon,West,3,27,Minor,Lap and Shoulder Belt,Exceeding speed limit,Ability Impaired - Alcohol Over .08,,,Going Ahead,,,,,driver,,Humber River-Black Creek (7),31 Division,Pelmo Park-Humberlea,true,false,false,false,false,false,false,false,false,false,"{""coordinates"": [[-79.54119103161086, 43.718644368638515]], ""type"": ""MultiPoint""}"
6066,2010:1183977,2010-07-09T15:45:00,KINGSTON Road,GLEN MANOR Driv,,3,Non-Fatal Injury,At Intersection,Stop Sign,Turning Movement,Clear,Daylight,Dry,Major Arterial,false,-79.29449066550045,43.679744050322164,2,Automobile or Station Wagon,North,3,26,Major,Air Bag Deployed,Improper turn,Normal,,,Turning Left,,,,,driver,,Beaches-East York (19),55 Division,East End-Danforth,false,false,false,false,false,false,false,false,false,false,"{""coordinates"": [[-79.29449066550045, 43.679744050322164]], ""type"": ""MultiPoint""}"
6067,2010:1183977,2010-07-09T15:45:00,KINGSTON Road,GLEN MANOR Driv,,3,Non-Fatal Injury,At Intersection,Stop Sign,Turning Movement,Clear,Daylight,Dry,Major Arterial,false,-79.29449066550045,43.679744050322164,1,,,1,48,Minor,Air Bag Deployed,,,,,,,,,,passenger,,Beaches-East York (19),55 Division,East End-Danforth,false,false,false,false,false,false,false,false,false,false,"{""coordinates"": [[-79.29449066550045, 43.679744050322164]], ""type"": ""MultiPoint""}"
6068,2010:1184354,2010-07-12T18:00:00,93 BRIMWOOD Boul,,,3,Non-Fatal Injury,,No Control,Other,Clear,Daylight,Dry,Collector,false,-79.27509048881166,43.812944032412666,1,,,2,,,Other Safety Equipment Used,,,,,,,,,,owner,,Scarborough North (23),42 Division,Agincourt North,false,true,false,false,false,false,false,false,true,false,"{""coordinates"": [[-79.27509048881166, 43.812944032412666]], ""type"": ""MultiPoint""}"