_id,collision_id,accdate,stname1,stname2,stname3,per_inv,acclass,accloc,traffictl,impactype,visible,light,rdsfcond,road_class,failtorem,longitude,latitude,veh_no,vehtype,initdir,per_no,invage,injury,safequip,drivact,drivcond,pedact,pedcond,manoeuvre,pedtype,cyclistype,cycact,cyccond,road_user,fatal_no,wardname,division,neighbourhood,aggressive,distracted,cyclist,motorcyclist,other_micromobility,older_adult,pedestrian,red_light,school_child,heavy_truck,geometry
6228,2010:1185601,2010-08-21T13:38:00,GERRARD ST E,NASMITH AVE,,3,Non-Fatal Injury,,No Control,Rear End,Rain,Daylight,Wet,Minor Arterial,true,-79.36229081738512,43.6629441490545,3,Automobile or Station Wagon,East,3,,None,Other Safety Equipment Used,Following too closely,Unknown,,,Going Ahead,,,,,driver,,Toronto Centre (13),51 Division,Regent Park,true,false,false,true,false,false,false,false,false,false,"{""coordinates"": [[-79.36229081738512, 43.6629441490545]], ""type"": ""MultiPoint""}"
6229,2010:1184541,2010-08-21T13:43:00,230 ROSETHORN AVE,,,3,Non-Fatal Injury,,No Control,Pedestrian Collision(internal code),Rain,Daylight,Wet,Local,false,-79.4645909788278,43.68304428936876,1,Automobile or Station Wagon,West,2,32,None,Lap and Shoulder Belt,Other,Inattentive,,,Reversing,,,,,driver,,York South-Weston (5),12 Division,Keelesdale-Eglinton West,false,true,false,false,false,true,true,false,false,false,"{""coordinates"": [[-79.4645909788278, 43.68304428936876]], ""type"": ""MultiPoint""}"
6230,2010:1184541,2010-08-21T13:43:00,230 ROSETHORN AVE,,,3,Non-Fatal Injury,,No Control,Pedestrian Collision(internal code),Rain,Daylight,Wet,Local,false,-79.4645909788278,43.68304428936876,2,,South,3,78,Major,Other Safety Equipment Used,,,On sidewalk or shoulder,Normal,,Driver hits pedestrian at private driveway,,,,pedestrian,,York South-Weston (5),12 Division,Keelesdale-Eglinton West,false,true,false,false,false,true,true,false,false,false,"{""coordinates"": [[-79.4645909788278, 43.68304428936876]], ""type"": ""MultiPoint""}"
6231,2010:1184541,2010-08-21T13:43:00,230 ROSETHORN AVE,,,3,Non-Fatal Injury,,No Control,Pedestrian Collision(internal code),Rain,Daylight,Wet,Local,false,-79.4645909788278,43.68304428936876,1,,,1,,,Lap and Shoulder Belt,,,,,,,,,,owner,,York South-Weston (5),12 Division,Keelesdale-Eglinton West,false,true,false,false,false,true,true,false,false,false,"{""coordinates"": [[-79.4645909788278, 43.68304428936876]], ""type"": ""MultiPoint""}"
6232,2010:1192115,2010-08-25T08:55:00,BATHURST ST,SHEPPARD AVE W,,6,Non-Fatal Injury,At Intersection,Traffic Signal,Turning Movement,Clear,Daylight,Dry,Major Arterial,false,-79.43849081163438,43.75544422838427,3,,,4,22,Minor,Lap and Shoulder Belt,,,,,,,,,,passenger,,York Centre (6),32 Division,Clanton Park,true,false,false,false,false,false,false,true,true,false,"{""coordinates"": [[-79.43849081163438, 43.75544422838427]], ""type"": ""MultiPoint""}"
6233,2010:1192115,2010-08-25T08:55:00,BATHURST ST,SHEPPARD AVE W,,6,Non-Fatal Injury,At Intersection,Traffic Signal,Turning Movement,Clear,Daylight,Dry,Major Arterial,false,-79.43849081163438,43.75544422838427,2,Automobile or Station Wagon,East,3,36,None,Other Safety Equipment Used,Driving properly,Normal,,,Stopped,,,,,driver,,York Centre (6),32 Division,Clanton Park,true,false,false,false,false,false,false,true,true,false,"{""coordinates"": [[-79.43849081163438, 43.75544422838427]], ""type"": ""MultiPoint""}"
6234,2010:1192115,2010-08-25T08:55:00,BATHURST ST,SHEPPARD AVE W,,6,Non-Fatal Injury,At Intersection,Traffic Signal,Turning Movement,Clear,Daylight,Dry,Major Arterial,false,-79.43849081163438,43.75544422838427,1,,,1,,,Other Safety Equipment Used,,,,,,,,,,owner,,York Centre (6),32 Division,Clanton Park,true,false,false,false,false,false,false,true,true,false,"{""coordinates"": [[-79.43849081163438, 43.75544422838427]], ""type"": ""MultiPoint""}"
6235,2010:1192115,2010-08-25T08:55:00,BATHURST ST,SHEPPARD AVE W,,6,Non-Fatal Injury,At Intersection,Traffic Signal,Turning Movement,Clear,Daylight,Dry,Major Arterial,false,-79.43849081163438,43.75544422838427,3,Automobile or Station Wagon,South,6,33,Minor,Lap and Shoulder Belt,Disobeyed traffic control,Normal,,,Going Ahead,,,,,driver,,York Centre (6),32 Division,Clanton Park,true,false,false,false,false,false,false,true,true,false,"{""coordinates"": [[-79.43849081163438, 43.75544422838427]], ""type"": ""MultiPoint""}"
6236,2010:1192115,2010-08-25T08:55:00,BATHURST ST,SHEPPARD AVE W,,6,Non-Fatal Injury,At Intersection,Traffic Signal,Turning Movement,Clear,Daylight,Dry,Major Arterial,false,-79.43849081163438,43.75544422838427,3,,,5,6,Major,Lap and Shoulder Belt,,,,,,,,,,passenger,,York Centre (6),32 Division,Clanton Park,true,false,false,false,false,false,false,true,true,false,"{""coordinates"": [[-79.43849081163438, 43.75544422838427]], ""type"": ""MultiPoint""}"
6237,2010:1192115,2010-08-25T08:55:00,BATHURST ST,SHEPPARD AVE W,,6,Non-Fatal Injury,At Intersection,Traffic Signal,Turning Movement,Clear,Daylight,Dry,Major Arterial,false,-79.43849081163438,43.75544422838427,1,Automobile or Station Wagon,North,2,23,Minor,Lap and Shoulder Belt,Driving properly,Normal,,,Turning Left,,,,,driver,,York Centre (6),32 Division,Clanton Park,true,false,false,false,false,false,false,true,true,false,"{""coordinates"": [[-79.43849081163438, 43.75544422838427]], ""type"": ""MultiPoint""}"
6238,2010:1192130,2010-08-25T23:44:00,CHESSWOOD DR,CHAMPAGNE DR,,3,Non-Fatal Injury,At Intersection,Stop Sign,Angle,Clear,Dark,Dry,Minor Arterial,false,-79.47659086460493,43.76434427372642,2,Automobile or Station Wagon,North,3,51,Minimal,Lap and Shoulder Belt,Other,Had Been Drinking,,,Going Ahead,,,,,driver,,York Centre (6),32 Division,York University Heights,true,false,false,true,false,false,false,false,false,false,"{""coordinates"": [[-79.47659086460493, 43.76434427372642]], ""type"": ""MultiPoint""}"
6239,2010:1192130,2010-08-25T23:44:00,CHESSWOOD DR,CHAMPAGNE DR,,3,Non-Fatal Injury,At Intersection,Stop Sign,Angle,Clear,Dark,Dry,Minor Arterial,false,-79.47659086460493,43.76434427372642,1,Motorcycle,West,2,30,Major,Helmet,Disobeyed traffic control,Had Been Drinking,,,Going Ahead,,,,,motorcyclist,,York Centre (6),32 Division,York University Heights,true,false,false,true,false,false,false,false,false,false,"{""coordinates"": [[-79.47659086460493, 43.76434427372642]], ""type"": ""MultiPoint""}"
6240,2010:1192130,2010-08-25T23:44:00,CHESSWOOD DR,CHAMPAGNE DR,,3,Non-Fatal Injury,At Intersection,Stop Sign,Angle,Clear,Dark,Dry,Minor Arterial,false,-79.47659086460493,43.76434427372642,1,,,1,,,Other Safety Equipment Used,,,,,,,,,,owner,,York Centre (6),32 Division,York University Heights,true,false,false,true,false,false,false,false,false,false,"{""coordinates"": [[-79.47659086460493, 43.76434427372642]], ""type"": ""MultiPoint""}"
6241,2010:1185844,2010-08-27T01:28:00,DUNDAS ST W,BURNHAMTHORPE RD,,2,Non-Fatal Injury,,No Control,Pedestrian Collision(internal code),Clear,Dark,Dry,Major Arterial,false,-79.52929114585793,43.64894439183272,2,,South,2,86,Major,Other Safety Equipment Used,,,Crossing - no traffic control,Had Been Drinking,,Driver hits pedestrian at midblock,,,,pedestrian,,Etobicoke-Lakeshore (3),22 Division,Islington,false,false,false,false,false,true,true,false,false,false,"{""coordinates"": [[-79.52929114585793, 43.64894439183272]], ""type"": ""MultiPoint""}"
6242,2010:1185844,2010-08-27T01:28:00,DUNDAS ST W,BURNHAMTHORPE RD,,2,Non-Fatal Injury,,No Control,Pedestrian Collision(internal code),Clear,Dark,Dry,Major Arterial,false,-79.52929114585793,43.64894439183272,1,Automobile or Station Wagon,East,1,21,None,Other Safety Equipment Used,Other,Had Been Drinking,,,Going Ahead,,,,,driver,,Etobicoke-Lakeshore (3),22 Division,Islington,false,false,false,false,false,true,true,false,false,false,"{""coordinates"": [[-79.52929114585793, 43.64894439183272]], ""type"": ""MultiPoint""}"
6243,2010:1193686,2010-08-27T11:03:00,EGLINTON AVE E,HOLLY ST,,3,Non-Fatal Injury,,No Control,Pedestrian Collision(internal code),Clear,Daylight,Dry,Major Arterial,false,-79.3966908145499,43.7070441878496,3,,Unknown,3,42,Major,Other Safety Equipment Used,,,Playing or working on highway,Normal,,Driver hits pedestrian at midblock,,,,pedestrian,,Toronto-St. Paul's (12),53 Division,South Eglinton-Davisville,true,true,false,false,false,false,true,false,false,true,"{""coordinates"": [[-79.3966908145499, 43.7070441878496]], ""type"": ""MultiPoint""}"
6244,2010:1193686,2010-08-27T11:03:00,EGLINTON AVE E,HOLLY ST,,3,Non-Fatal Injury,,No Control,Pedestrian Collision(internal code),Clear,Daylight,Dry,Major Arterial,false,-79.3966908145499,43.7070441878496,1,Truck - Open (Flatbed),West,1,46,None,Use Unknown,Speed too fast for conditions,Inattentive,,,Going Ahead,,,,,driver,,Toronto-St. Paul's (12),53 Division,South Eglinton-Davisville,true,true,false,false,false,false,true,false,false,true,"{""coordinates"": [[-79.3966908145499, 43.7070441878496]], ""type"": ""MultiPoint""}"
6245,2010:1193686,2010-08-27T11:03:00,EGLINTON AVE E,HOLLY ST,,3,Non-Fatal Injury,,No Control,Pedestrian Collision(internal code),Clear,Daylight,Dry,Major Arterial,false,-79.3966908145499,43.7070441878496,2,,,2,,None,Other Safety Equipment Used,,,,,,,,,,other,,Toronto-St. Paul's (12),53 Division,South Eglinton-Davisville,true,true,false,false,false,false,true,false,false,true,"{""coordinates"": [[-79.3966908145499, 43.7070441878496]], ""type"": ""MultiPoint""}"
6246,2010:1186795,2010-08-28T20:30:00,WESTMORE DR,COUNTRYMAN CRCL,,2,Non-Fatal Injury,At Intersection,Stop Sign,Pedestrian Collision(internal code),Clear,Dark,Dry,Collector,true,-79.60059007854942,43.733644427323895,1,,West,2,15,Major,No Equipment Available,,,Crossing - no traffic control,Inattentive,,Driver hits pedestrian at midblock,,,,pedestrian,,Etobicoke North (1),23 Division,West Humber-Clairville,false,true,false,false,false,false,true,false,true,false,"{""coordinates"": [[-79.60059007854942, 43.733644427323895]], ""type"": ""MultiPoint""}"
6247,2010:1186795,2010-08-28T20:30:00,WESTMORE DR,COUNTRYMAN CRCL,,2,Non-Fatal Injury,At Intersection,Stop Sign,Pedestrian Collision(internal code),Clear,Dark,Dry,Collector,true,-79.60059007854942,43.733644427323895,1,Automobile or Station Wagon,North,1,,None,Other Safety Equipment Used,Driving properly,Unknown,,,Going Ahead,,,,,driver,,Etobicoke North (1),23 Division,West Humber-Clairville,false,true,false,false,false,false,true,false,true,false,"{""coordinates"": [[-79.60059007854942, 43.733644427323895]], ""type"": ""MultiPoint""}"
6248,2010:1192618,2010-09-01T18:10:00,FINCH AVE W,PEARLDALE AVE,,3,Non-Fatal Injury,At Intersection,Traffic Signal,Pedestrian Collision(internal code),Clear,Daylight,Dry,Major Arterial,false,-79.56239100401392,43.747744376364885,1,Automobile or Station Wagon,North,2,26,None,Other Safety Equipment Used,Failed to yield right-of-way,Normal,,,Turning Left,,,,,driver,,Humber River-Black Creek (7),31 Division,Humbermede,true,false,false,false,false,false,true,false,false,false,"{""coordinates"": [[-79.56239100401392, 43.747744376364885]], ""type"": ""MultiPoint""}"
6249,2010:1192618,2010-09-01T18:10:00,FINCH AVE W,PEARLDALE AVE,,3,Non-Fatal Injury,At Intersection,Traffic Signal,Pedestrian Collision(internal code),Clear,Daylight,Dry,Major Arterial,false,-79.56239100401392,43.747744376364885,1,,South,1,2,Minor,No Equipment Available,,,Crossing with right-of-way (intersection),Normal,,Driver turns left into pedestrian crossing with right-of-way (at intersection),,,,pedestrian,,Humber River-Black Creek (7),31 Division,Humbermede,true,false,false,false,false,false,true,false,false,false,"{""coordinates"": [[-79.56239100401392, 43.747744376364885]], ""type"": ""MultiPoint""}"
6250,2010:1192618,2010-09-01T18:10:00,FINCH AVE W,PEARLDALE AVE,,3,Non-Fatal Injury,At Intersection,Traffic Signal,Pedestrian Collision(internal code),Clear,Daylight,Dry,Major Arterial,false,-79.56239100401392,43.747744376364885,2,,South,3,35,Major,No Equipment Available,,,Crossing with right-of-way (intersection),Normal,,Driver turns left into pedestrian crossing with right-of-way (at intersection),,,,pedestrian,,Humber River-Black Creek (7),31 Division,Humbermede,true,false,false,false,false,false,true,false,false,false,"{""coordinates"": [[-79.56239100401392, 43.747744376364885]], ""type"": ""MultiPoint""}"
6251,2010:1192624,2010-09-01T19:05:00,SHAFTESBURY ST,CODSELL AVE,,1,Non-Fatal Injury,,Stop Sign,SMV Other,Clear,Dusk,Dry,Local,false,-79.45608884185255,43.75484225033252,1,Moped,South,1,58,Major,Helmet,,,,,Going Ahead,,,,,motorcyclist,,York Centre (6),32 Division,Bathurst Manor,false,false,false,true,false,false,false,false,false,false,"{""coordinates"": [[-79.45608884185255, 43.75484225033252]], ""type"": ""MultiPoint""}"
6252,2010:1186908,2010-09-02T10:40:00,MILLWOOD Rd,VILLAGE STATION Rd,,2,Non-Fatal Injury,At Intersection,No Control,Angle,Clear,Daylight,Dry,Major Arterial,false,-79.35809075256512,43.701844136595575,1,Automobile or Station Wagon,East,1,46,Minimal,Lap and Shoulder Belt,Driving properly,Normal,,,Going Ahead,,,,,driver,,Don Valley West (15),53 Division,Leaside-Bennington,false,false,false,false,false,true,false,false,false,false,"{""coordinates"": [[-79.35809075256512, 43.701844136595575]], ""type"": ""MultiPoint""}"
6253,2010:1186908,2010-09-02T10:40:00,MILLWOOD Rd,VILLAGE STATION Rd,,2,Non-Fatal Injury,At Intersection,No Control,Angle,Clear,Daylight,Dry,Major Arterial,false,-79.35809075256512,43.701844136595575,2,Automobile or Station Wagon,South,2,87,Major,Lap and Shoulder Belt,Lost control,Unknown,,,Going Ahead,,,,,driver,,Don Valley West (15),53 Division,Leaside-Bennington,false,false,false,false,false,true,false,false,false,false,"{""coordinates"": [[-79.35809075256512, 43.701844136595575]], ""type"": ""MultiPoint""}"
6254,2010:1193217,2010-09-02T16:40:00,COLLEGE ST,GLADSTONE AVE,,2,Non-Fatal Injury,At Intersection,No Control,Cyclist Collision,Clear,Daylight,Dry,Major Arterial,false,-79.43109096627985,43.65284425234135,1,Automobile or Station Wagon,West,1,44,None,Other Safety Equipment Used,Driving properly,Normal,,,Going Ahead,,,,,driver,,Davenport (9),14 Division,Little Portugal,false,false,true,false,false,false,false,false,false,false,"{""coordinates"": [[-79.43109096627985, 43.65284425234135]], ""type"": ""MultiPoint""}"
6255,2010:1193217,2010-09-02T16:40:00,COLLEGE ST,GLADSTONE AVE,,2,Non-Fatal Injury,At Intersection,No Control,Cyclist Collision,Clear,Daylight,Dry,Major Arterial,false,-79.43109096627985,43.65284425234135,2,Bicycle,North,2,47,Major,No Equipment Available,,,,,Going Ahead,,"Cyclist without right-of-way rides into path of driver (at intersection, laneway, or driveway)",Other,Normal,cyclist,,Davenport (9),14 Division,Little Portugal,false,false,true,false,false,false,false,false,false,false,"{""coordinates"": [[-79.43109096627985, 43.65284425234135]], ""type"": ""MultiPoint""}"
6256,2010:1193206,2010-09-02T17:15:00,MCLEVIN AVE,HUPFIELD TRL,,3,Non-Fatal Injury,,No Control,Rear End,Clear,Daylight,Dry,Minor Arterial,false,-79.22049041337573,43.81004397524587,1,,West,1,45,Minimal,No Equipment Available,Driving properly,Unknown,,,Parked,,,,,driver,,Scarborough-Rouge Park (25),42 Division,Malvern East,true,false,false,false,false,false,false,false,false,false,"{""coordinates"": [[-79.22049041337573, 43.81004397524587]], ""type"": ""MultiPoint""}"
6257,2010:1193206,2010-09-02T17:15:00,MCLEVIN AVE,HUPFIELD TRL,,3,Non-Fatal Injury,,No Control,Rear End,Clear,Daylight,Dry,Minor Arterial,false,-79.22049041337573,43.81004397524587,2,,,2,25,Major,Lap and Shoulder Belt,,,,,,,,,,passenger,,Scarborough-Rouge Park (25),42 Division,Malvern East,true,false,false,false,false,false,false,false,false,false,"{""coordinates"": [[-79.22049041337573, 43.81004397524587]], ""type"": ""MultiPoint""}"
6258,2010:1193206,2010-09-02T17:15:00,MCLEVIN AVE,HUPFIELD TRL,,3,Non-Fatal Injury,,No Control,Rear End,Clear,Daylight,Dry,Minor Arterial,false,-79.22049041337573,43.81004397524587,2,Automobile or Station Wagon,West,3,23,Major,Lap and Shoulder Belt,Speed too fast for conditions,Normal,,,Going Ahead,,,,,driver,,Scarborough-Rouge Park (25),42 Division,Malvern East,true,false,false,false,false,false,false,false,false,false,"{""coordinates"": [[-79.22049041337573, 43.81004397524587]], ""type"": ""MultiPoint""}"
6259,2010:1198891,2010-09-03T11:40:00,KENNEDY RD,MERRIAN RD,,3,Non-Fatal Injury,At Intersection,Traffic Signal,Angle,Rain,Daylight,Wet,Major Arterial,false,-79.26589055410564,43.72744401232687,2,,,2,,,Other Safety Equipment Used,,,,,,,,,,owner,,Scarborough Southwest (20),41 Division,Kennedy Park,true,true,false,false,false,false,false,true,false,false,"{""coordinates"": [[-79.26589055410564, 43.72744401232687]], ""type"": ""MultiPoint""}"
6260,2010:1198891,2010-09-03T11:40:00,KENNEDY RD,MERRIAN RD,,3,Non-Fatal Injury,At Intersection,Traffic Signal,Angle,Rain,Daylight,Wet,Major Arterial,false,-79.26589055410564,43.72744401232687,2,Automobile or Station Wagon,West,1,49,Major,Lap and Shoulder Belt,Driving properly,Normal,,,Going Ahead,,,,,driver,,Scarborough Southwest (20),41 Division,Kennedy Park,true,true,false,false,false,false,false,true,false,false,"{""coordinates"": [[-79.26589055410564, 43.72744401232687]], ""type"": ""MultiPoint""}"
6261,2010:1198891,2010-09-03T11:40:00,KENNEDY RD,MERRIAN RD,,3,Non-Fatal Injury,At Intersection,Traffic Signal,Angle,Rain,Daylight,Wet,Major Arterial,false,-79.26589055410564,43.72744401232687,1,Automobile or Station Wagon,South,3,26,None,Lap and Shoulder Belt,Disobeyed traffic control,Inattentive,,,Going Ahead,,,,,driver,,Scarborough Southwest (20),41 Division,Kennedy Park,true,true,false,false,false,false,false,true,false,false,"{""coordinates"": [[-79.26589055410564, 43.72744401232687]], ""type"": ""MultiPoint""}"
6262,2010:1194416,2010-09-09T11:20:00,QUEEN ST W,BAY ST,,4,Non-Fatal Injury,,No Control,Pedestrian Collision(internal code),Clear,Daylight,Dry,Major Arterial,false,-79.38309087459116,43.65164418176735,2,Municipal Transit Bus (TTC),,4,45,None,Other Safety Equipment Used,,,,,,,,,,other,,Spadina-Fort York (10),52 Division,Yonge-Bay Corridor,true,true,false,false,false,false,true,false,false,true,"{""coordinates"": [[-79.38309087459116, 43.65164418176735]], ""type"": ""MultiPoint""}"
6263,2010:1194416,2010-09-09T11:20:00,QUEEN ST W,BAY ST,,4,Non-Fatal Injury,,No Control,Pedestrian Collision(internal code),Clear,Daylight,Dry,Major Arterial,false,-79.38309087459116,43.65164418176735,2,,,3,,,Other Safety Equipment Used,,,,,,,,,,owner,,Spadina-Fort York (10),52 Division,Yonge-Bay Corridor,true,true,false,false,false,false,true,false,false,true,"{""coordinates"": [[-79.38309087459116, 43.65164418176735]], ""type"": ""MultiPoint""}"
6264,2010:1194416,2010-09-09T11:20:00,QUEEN ST W,BAY ST,,4,Non-Fatal Injury,,No Control,Pedestrian Collision(internal code),Clear,Daylight,Dry,Major Arterial,false,-79.38309087459116,43.65164418176735,1,Automobile or Station Wagon,East,1,22,None,Other Safety Equipment Used,Improper passing,Inattentive,,,Overtaking,,,,,driver,,Spadina-Fort York (10),52 Division,Yonge-Bay Corridor,true,true,false,false,false,false,true,false,false,true,"{""coordinates"": [[-79.38309087459116, 43.65164418176735]], ""type"": ""MultiPoint""}"
6265,2010:1194416,2010-09-09T11:20:00,QUEEN ST W,BAY ST,,4,Non-Fatal Injury,,No Control,Pedestrian Collision(internal code),Clear,Daylight,Dry,Major Arterial,false,-79.38309087459116,43.65164418176735,2,,South,2,21,Major,Other Safety Equipment Used,,,Person getting on/off vehicle,Unknown,,Transit vehicle driver hits pedestrian anywhere along roadway,,,,pedestrian,,Spadina-Fort York (10),52 Division,Yonge-Bay Corridor,true,true,false,false,false,false,true,false,false,true,"{""coordinates"": [[-79.38309087459116, 43.65164418176735]], ""type"": ""MultiPoint""}"
6266,2010:1194386,2010-09-09T21:58:00,SQUIRES Aven,FERRIS Road,,3,Non-Fatal Injury,At Intersection,Stop Sign,Cyclist Collision,Clear,Dark,Dry,Collector,false,-79.29889064126796,43.7047440558941,1,Municipal Transit Bus (TTC),West,2,54,None,Other Safety Equipment Used,Driving properly,Normal,,,Going Ahead,,,,,driver,,Beaches-East York (19),55 Division,O'Connor-Parkview,false,true,true,false,false,false,false,false,false,true,"{""coordinates"": [[-79.29889064126796, 43.7047440558941]], ""type"": ""MultiPoint""}"
6267,2010:1194386,2010-09-09T21:58:00,SQUIRES Aven,FERRIS Road,,3,Non-Fatal Injury,At Intersection,Stop Sign,Cyclist Collision,Clear,Dark,Dry,Collector,false,-79.29889064126796,43.7047440558941,1,,,1,,,Other Safety Equipment Used,,,,,,,,,,owner,,Beaches-East York (19),55 Division,O'Connor-Parkview,false,true,true,false,false,false,false,false,false,true,"{""coordinates"": [[-79.29889064126796, 43.7047440558941]], ""type"": ""MultiPoint""}"
6268,2010:1194386,2010-09-09T21:58:00,SQUIRES Aven,FERRIS Road,,3,Non-Fatal Injury,At Intersection,Stop Sign,Cyclist Collision,Clear,Dark,Dry,Collector,false,-79.29889064126796,43.7047440558941,2,Bicycle,South,3,24,Major,No Equipment Available,,,,,Turning Left,,Cyclist turns left into path of driver,Failed to Yield Right of Way,Inattentive,cyclist,,Beaches-East York (19),55 Division,O'Connor-Parkview,false,true,true,false,false,false,false,false,false,true,"{""coordinates"": [[-79.29889064126796, 43.7047440558941]], ""type"": ""MultiPoint""}"
6269,2010:1194376,2010-09-10T09:40:00,2600 LESLIE St,,,1,Non-Fatal Injury,,No Control,Cyclist Collision,Clear,Daylight,Dry,Major Arterial,false,-79.36199067609452,43.76264413326163,1,Bicycle,South,1,49,Major,Helmet,,,,,Going Ahead,,Cyclist loses control and hits object (e.g. pole or TTC track),Driving Properly,Normal,cyclist,,Don Valley West (15),33 Division,St.Andrew-Windfields,false,false,true,false,false,false,false,false,false,false,"{""coordinates"": [[-79.36199067609452, 43.76264413326163]], ""type"": ""MultiPoint""}"
6270,2010:1199497,2010-09-11T16:09:00,QUEENS QUAY W,LOWER SIMCOE ST,,4,Non-Fatal Injury,,No Control,Sideswipe,Clear,Daylight,Dry,Minor Arterial,false,-79.3878909041217,43.638544191913624,1,,,1,,,Other Safety Equipment Used,,,,,,,,,,owner,,Spadina-Fort York (10),52 Division,Harbourfront-CityPlace,false,true,false,false,false,false,false,false,false,true,"{""coordinates"": [[-79.3878909041217, 43.638544191913624]], ""type"": ""MultiPoint""}"
6271,2010:1199497,2010-09-11T16:09:00,QUEENS QUAY W,LOWER SIMCOE ST,,4,Non-Fatal Injury,,No Control,Sideswipe,Clear,Daylight,Dry,Minor Arterial,false,-79.3878909041217,43.638544191913624,2,Municipal Transit Bus (TTC),West,4,42,None,Other Safety Equipment Used,Driving properly,Normal,,,Going Ahead,,,,,driver,,Spadina-Fort York (10),52 Division,Harbourfront-CityPlace,false,true,false,false,false,false,false,false,false,true,"{""coordinates"": [[-79.3878909041217, 43.638544191913624]], ""type"": ""MultiPoint""}"
6272,2010:1199497,2010-09-11T16:09:00,QUEENS QUAY W,LOWER SIMCOE ST,,4,Non-Fatal Injury,,No Control,Sideswipe,Clear,Daylight,Dry,Minor Arterial,false,-79.3878909041217,43.638544191913624,2,,,3,,,Other Safety Equipment Used,,,,,,,,,,owner,,Spadina-Fort York (10),52 Division,Harbourfront-CityPlace,false,true,false,false,false,false,false,false,false,true,"{""coordinates"": [[-79.3878909041217, 43.638544191913624]], ""type"": ""MultiPoint""}"
6273,2010:1199497,2010-09-11T16:09:00,QUEENS QUAY W,LOWER SIMCOE ST,,4,Non-Fatal Injury,,No Control,Sideswipe,Clear,Daylight,Dry,Minor Arterial,false,-79.3878909041217,43.638544191913624,1,Automobile or Station Wagon,West,2,58,Major,Use Unknown,Improper lane change,Inattentive,,,Turning Left,,,,,driver,,Spadina-Fort York (10),52 Division,Harbourfront-CityPlace,false,true,false,false,false,false,false,false,false,true,"{""coordinates"": [[-79.3878909041217, 43.638544191913624]], ""type"": ""MultiPoint""}"
6274,2010:1195361,2010-09-11T20:52:00,DUFFERIN ST,SHANLY ST,,4,Non-Fatal Injury,At Intersection,Traffic Signal,Turning Movement,Clear,Dark,Dry,Major Arterial,false,-79.43669096031752,43.66294425710967,1,,,1,27,Minimal,Equipment Not Used But Available,,,,,,,,,,motorcyclist,,Davenport (9),11 Division,Junction-Wallace Emerson,false,false,false,true,false,false,false,false,false,false,"{""coordinates"": [[-79.43669096031752, 43.66294425710967]], ""type"": ""MultiPoint""}"
6275,2010:1195361,2010-09-11T20:52:00,DUFFERIN ST,SHANLY ST,,4,Non-Fatal Injury,At Intersection,Traffic Signal,Turning Movement,Clear,Dark,Dry,Major Arterial,false,-79.43669096031752,43.66294425710967,2,Automobile or Station Wagon,South,4,43,None,Lap and Shoulder Belt,Improper turn,Normal,,,Turning Left,,,,,driver,,Davenport (9),11 Division,Junction-Wallace Emerson,false,false,false,true,false,false,false,false,false,false,"{""coordinates"": [[-79.43669096031752, 43.66294425710967]], ""type"": ""MultiPoint""}"
6276,2010:1195361,2010-09-11T20:52:00,DUFFERIN ST,SHANLY ST,,4,Non-Fatal Injury,At Intersection,Traffic Signal,Turning Movement,Clear,Dark,Dry,Major Arterial,false,-79.43669096031752,43.66294425710967,2,,,3,,,Other Safety Equipment Used,,,,,,,,,,owner,,Davenport (9),11 Division,Junction-Wallace Emerson,false,false,false,true,false,false,false,false,false,false,"{""coordinates"": [[-79.43669096031752, 43.66294425710967]], ""type"": ""MultiPoint""}"
6277,2010:1189375,2010-09-15T04:18:00,WESTON RD,CHURCH ST,,4,Fatal Injury,,No Control,SMV Unattended Vehicle,Clear,Dark,Dry,Minor Arterial,false,-79.52599104089254,43.70324435934148,3,,,4,,,Other Safety Equipment Used,,,,,,,,,,owner,,York South-Weston (5),12 Division,Weston,false,false,false,false,false,false,false,false,false,false,"{""coordinates"": [[-79.52599104089254, 43.70324435934148]], ""type"": ""MultiPoint""}"
6278,2010:1195361,2010-09-11T20:52:00,DUFFERIN ST,SHANLY ST,,4,Non-Fatal Injury,At Intersection,Traffic Signal,Turning Movement,Clear,Dark,Dry,Major Arterial,false,-79.43669096031752,43.66294425710967,1,Motorcycle,North,2,35,Major,Helmet,Driving properly,Normal,,,Going Ahead,,,,,motorcyclist,,Davenport (9),11 Division,Junction-Wallace Emerson,false,false,false,true,false,false,false,false,false,false,"{""coordinates"": [[-79.43669096031752, 43.66294425710967]], ""type"": ""MultiPoint""}"
6279,2010:1195510,2010-09-12T00:14:00,SPADINA AVE,OXFORD ST,,3,Non-Fatal Injury,,No Control,Pedestrian Collision(internal code),Rain,Dark,Wet,Major Arterial,false,-79.39979089806933,43.657444204949996,2,,East,3,59,Major,Other Safety Equipment Used,,,Crossing - no traffic control,Inattentive,,Transit vehicle driver hits pedestrian anywhere along roadway,,,,pedestrian,,University-Rosedale (11),52 Division,Kensington-Chinatown,false,true,false,false,false,false,true,false,false,true,"{""coordinates"": [[-79.39979089806933, 43.657444204949996]], ""type"": ""MultiPoint""}"
6280,2010:1195510,2010-09-12T00:14:00,SPADINA AVE,OXFORD ST,,3,Non-Fatal Injury,,No Control,Pedestrian Collision(internal code),Rain,Dark,Wet,Major Arterial,false,-79.39979089806933,43.657444204949996,1,,,1,,,Other Safety Equipment Used,,,,,,,,,,owner,,University-Rosedale (11),52 Division,Kensington-Chinatown,false,true,false,false,false,false,true,false,false,true,"{""coordinates"": [[-79.39979089806933, 43.657444204949996]], ""type"": ""MultiPoint""}"
6281,2010:1195510,2010-09-12T00:14:00,SPADINA AVE,OXFORD ST,,3,Non-Fatal Injury,,No Control,Pedestrian Collision(internal code),Rain,Dark,Wet,Major Arterial,false,-79.39979089806933,43.657444204949996,1,Municipal Transit Bus (TTC),North,2,44,None,Lap Belt Only,Driving properly,Normal,,,Going Ahead,,,,,driver,,University-Rosedale (11),52 Division,Kensington-Chinatown,false,true,false,false,false,false,true,false,false,true,"{""coordinates"": [[-79.39979089806933, 43.657444204949996]], ""type"": ""MultiPoint""}"