_id,collision_id,accdate,stname1,stname2,stname3,per_inv,acclass,accloc,traffictl,impactype,visible,light,rdsfcond,road_class,failtorem,longitude,latitude,veh_no,vehtype,initdir,per_no,invage,injury,safequip,drivact,drivcond,pedact,pedcond,manoeuvre,pedtype,cyclistype,cycact,cyccond,road_user,fatal_no,wardname,division,neighbourhood,aggressive,distracted,cyclist,motorcyclist,other_micromobility,older_adult,pedestrian,red_light,school_child,heavy_truck,geometry
6282,2010:1188832,2010-09-13T06:39:00,MARKHAM RD,ELLESMERE RD,,2,Non-Fatal Injury,At Intersection,Traffic Signal,Pedestrian Collision(internal code),Rain,Dawn,Wet,Major Arterial,false,-79.23179045395513,43.77644397978978,2,,North,2,23,Major,Other Safety Equipment Used,,,Crossing without right-of-way (intersection),Unknown,,Driver turns left into pedestrian crossing without right-of-way (at intersection),,,,pedestrian,,Scarborough-Guildwood (24),43 Division,Woburn North,false,false,false,false,false,false,true,false,false,false,"{""coordinates"": [[-79.23179045395513, 43.77644397978978]], ""type"": ""MultiPoint""}"
6283,2010:1188832,2010-09-13T06:39:00,MARKHAM RD,ELLESMERE RD,,2,Non-Fatal Injury,At Intersection,Traffic Signal,Pedestrian Collision(internal code),Rain,Dawn,Wet,Major Arterial,false,-79.23179045395513,43.77644397978978,1,Automobile or Station Wagon,East,1,38,None,Other Safety Equipment Used,Driving properly,Normal,,,Turning Left,,,,,driver,,Scarborough-Guildwood (24),43 Division,Woburn North,false,false,false,false,false,false,true,false,false,false,"{""coordinates"": [[-79.23179045395513, 43.77644397978978]], ""type"": ""MultiPoint""}"
6284,2010:1189019,2010-09-14T00:20:00,LAKE SHORE Boul W,ISLINGTON Aven,,4,Non-Fatal Injury,,No Control,SMV Unattended Vehicle,Clear,Dark,Dry,Major Arterial,false,-79.5046912024956,43.60084438570318,3,,,4,,,Other Safety Equipment Used,,,,,,,,,,owner,,Etobicoke-Lakeshore (3),22 Division,New Toronto,false,false,false,false,false,false,false,false,false,false,"{""coordinates"": [[-79.5046912024956, 43.60084438570318]], ""type"": ""MultiPoint""}"
6285,2010:1189019,2010-09-14T00:20:00,LAKE SHORE Boul W,ISLINGTON Aven,,4,Non-Fatal Injury,,No Control,SMV Unattended Vehicle,Clear,Dark,Dry,Major Arterial,false,-79.5046912024956,43.60084438570318,2,,,2,,,Other Safety Equipment Used,,,,,,,,,,owner,,Etobicoke-Lakeshore (3),22 Division,New Toronto,false,false,false,false,false,false,false,false,false,false,"{""coordinates"": [[-79.5046912024956, 43.60084438570318]], ""type"": ""MultiPoint""}"
6286,2010:1189019,2010-09-14T00:20:00,LAKE SHORE Boul W,ISLINGTON Aven,,4,Non-Fatal Injury,,No Control,SMV Unattended Vehicle,Clear,Dark,Dry,Major Arterial,false,-79.5046912024956,43.60084438570318,1,,,3,25,Minor,Lap and Shoulder Belt,,,,,,,,,,passenger,,Etobicoke-Lakeshore (3),22 Division,New Toronto,false,false,false,false,false,false,false,false,false,false,"{""coordinates"": [[-79.5046912024956, 43.60084438570318]], ""type"": ""MultiPoint""}"
6287,2010:1189019,2010-09-14T00:20:00,LAKE SHORE Boul W,ISLINGTON Aven,,4,Non-Fatal Injury,,No Control,SMV Unattended Vehicle,Clear,Dark,Dry,Major Arterial,false,-79.5046912024956,43.60084438570318,1,Automobile or Station Wagon,West,1,60,Major,Other Safety Equipment Used,Lost control,Medical or Physical Disability,,,Going Ahead,,,,,driver,,Etobicoke-Lakeshore (3),22 Division,New Toronto,false,false,false,false,false,false,false,false,false,false,"{""coordinates"": [[-79.5046912024956, 43.60084438570318]], ""type"": ""MultiPoint""}"
6288,2010:1196138,2010-09-14T00:35:00,26 FIRENZA DR,,,3,Non-Fatal Injury,,No Control,Pedestrian Collision(internal code),Clear,Dark,Dry,Local,false,-79.5656910021525,43.75134437827557,1,,West,1,,None,Other Safety Equipment Used,,,,,Parked,,,,,other,,Humber River-Black Creek (7),31 Division,Humber Summit,false,false,false,false,false,false,true,false,true,false,"{""coordinates"": [[-79.5656910021525, 43.75134437827557]], ""type"": ""MultiPoint""}"
6289,2010:1196138,2010-09-14T00:35:00,26 FIRENZA DR,,,3,Non-Fatal Injury,,No Control,Pedestrian Collision(internal code),Clear,Dark,Dry,Local,false,-79.5656910021525,43.75134437827557,2,Automobile or Station Wagon,West,2,18,None,Other Safety Equipment Used,Other,Unknown,,,Going Ahead,,,,,driver,,Humber River-Black Creek (7),31 Division,Humber Summit,false,false,false,false,false,false,true,false,true,false,"{""coordinates"": [[-79.5656910021525, 43.75134437827557]], ""type"": ""MultiPoint""}"
6290,2010:1196138,2010-09-14T00:35:00,26 FIRENZA DR,,,3,Non-Fatal Injury,,No Control,Pedestrian Collision(internal code),Clear,Dark,Dry,Local,false,-79.5656910021525,43.75134437827557,3,,Unknown,3,18,Major,No Equipment Available,,,Other,Had Been Drinking,,Driver hits pedestrian at private driveway,,,,pedestrian,,Humber River-Black Creek (7),31 Division,Humber Summit,false,false,false,false,false,false,true,false,true,false,"{""coordinates"": [[-79.5656910021525, 43.75134437827557]], ""type"": ""MultiPoint""}"
6291,2010:1189134,2010-09-14T10:55:00,SPADINA AVE,SULLIVAN ST,,3,Fatal Injury,,No Control,Pedestrian Collision(internal code),Clear,Daylight,Dry,Major Arterial,false,-79.39729090339856,43.650944202941986,2,,West,3,81,Fatal,Other Safety Equipment Used,,,Crossing - no traffic control,Unknown,,Transit vehicle driver hits pedestrian anywhere along roadway,,,,pedestrian,30,Spadina-Fort York (10),14 Division,Kensington-Chinatown,false,false,false,false,false,true,true,false,false,true,"{""coordinates"": [[-79.39729090339856, 43.650944202941986]], ""type"": ""MultiPoint""}"
6292,2010:1189134,2010-09-14T10:55:00,SPADINA AVE,SULLIVAN ST,,3,Fatal Injury,,No Control,Pedestrian Collision(internal code),Clear,Daylight,Dry,Major Arterial,false,-79.39729090339856,43.650944202941986,1,,,1,,,Other Safety Equipment Used,,,,,,,,,,owner,,Spadina-Fort York (10),14 Division,Kensington-Chinatown,false,false,false,false,false,true,true,false,false,true,"{""coordinates"": [[-79.39729090339856, 43.650944202941986]], ""type"": ""MultiPoint""}"
6293,2010:1189134,2010-09-14T10:55:00,SPADINA AVE,SULLIVAN ST,,3,Fatal Injury,,No Control,Pedestrian Collision(internal code),Clear,Daylight,Dry,Major Arterial,false,-79.39729090339856,43.650944202941986,1,Municipal Transit Bus (TTC),North,2,35,None,Other Safety Equipment Used,Driving properly,Normal,,,Going Ahead,,,,,driver,,Spadina-Fort York (10),14 Division,Kensington-Chinatown,false,false,false,false,false,true,true,false,false,true,"{""coordinates"": [[-79.39729090339856, 43.650944202941986]], ""type"": ""MultiPoint""}"
6294,2010:1189140,2010-09-14T11:00:00,KINGSTON RD,LAKESIDE AVE,,2,Non-Fatal Injury,At Intersection,Stop Sign,Turning Movement,Clear,Daylight,Dry,Major Arterial,false,-79.266090598903,43.6907440107385,2,Automobile or Station Wagon,East,2,72,None,Lap and Shoulder Belt,Driving properly,Normal,,,Going Ahead,,,,,driver,,Scarborough Southwest (20),41 Division,Birchcliffe-Cliffside,true,false,false,true,false,true,false,false,false,false,"{""coordinates"": [[-79.266090598903, 43.6907440107385]], ""type"": ""MultiPoint""}"
6295,2010:1189140,2010-09-14T11:00:00,KINGSTON RD,LAKESIDE AVE,,2,Non-Fatal Injury,At Intersection,Stop Sign,Turning Movement,Clear,Daylight,Dry,Major Arterial,false,-79.266090598903,43.6907440107385,1,Motorcycle,North,1,72,Major,Helmet,Failed to yield right-of-way,Normal,,,Turning Left,,,,,motorcyclist,,Scarborough Southwest (20),41 Division,Birchcliffe-Cliffside,true,false,false,true,false,true,false,false,false,false,"{""coordinates"": [[-79.266090598903, 43.6907440107385]], ""type"": ""MultiPoint""}"
6296,2010:1189375,2010-09-15T04:18:00,WESTON RD,CHURCH ST,,4,Fatal Injury,,No Control,SMV Unattended Vehicle,Clear,Dark,Dry,Minor Arterial,false,-79.52599104089254,43.70324435934148,2,Automobile or Station Wagon,North,3,25,Fatal,Equipment Not Used But Available,Lost control,Had Been Drinking,,,Going Ahead,,,,,driver,31,York South-Weston (5),12 Division,Weston,false,false,false,false,false,false,false,false,false,false,"{""coordinates"": [[-79.52599104089254, 43.70324435934148]], ""type"": ""MultiPoint""}"
6297,2010:1189375,2010-09-15T04:18:00,WESTON RD,CHURCH ST,,4,Fatal Injury,,No Control,SMV Unattended Vehicle,Clear,Dark,Dry,Minor Arterial,false,-79.52599104089254,43.70324435934148,2,,,2,,,Other Safety Equipment Used,,,,,,,,,,owner,,York South-Weston (5),12 Division,Weston,false,false,false,false,false,false,false,false,false,false,"{""coordinates"": [[-79.52599104089254, 43.70324435934148]], ""type"": ""MultiPoint""}"
6298,2010:1189375,2010-09-15T04:18:00,WESTON RD,CHURCH ST,,4,Fatal Injury,,No Control,SMV Unattended Vehicle,Clear,Dark,Dry,Minor Arterial,false,-79.52599104089254,43.70324435934148,1,,South,1,,None,Other Safety Equipment Used,,,,,Parked,,,,,other,,York South-Weston (5),12 Division,Weston,false,false,false,false,false,false,false,false,false,false,"{""coordinates"": [[-79.52599104089254, 43.70324435934148]], ""type"": ""MultiPoint""}"
6299,2010:1196331,2010-09-15T11:28:00,MAIN ST,DANFORTH AVE,,4,Non-Fatal Injury,,No Control,Turning Movement,Clear,Daylight,Dry,Minor Arterial,false,-79.3020906679845,43.688744060763554,1,Automobile or Station Wagon,North,2,42,None,Use Unknown,Driving properly,Normal,,,Going Ahead,,,,,driver,,Beaches-East York (19),55 Division,East End-Danforth,true,true,false,false,false,false,false,false,false,true,"{""coordinates"": [[-79.3020906679845, 43.688744060763554]], ""type"": ""MultiPoint""}"
6300,2010:1196331,2010-09-15T11:28:00,MAIN ST,DANFORTH AVE,,4,Non-Fatal Injury,,No Control,Turning Movement,Clear,Daylight,Dry,Minor Arterial,false,-79.3020906679845,43.688744060763554,1,,,1,,,Other Safety Equipment Used,,,,,,,,,,owner,,Beaches-East York (19),55 Division,East End-Danforth,true,true,false,false,false,false,false,false,false,true,"{""coordinates"": [[-79.3020906679845, 43.688744060763554]], ""type"": ""MultiPoint""}"
6301,2010:1196331,2010-09-15T11:28:00,MAIN ST,DANFORTH AVE,,4,Non-Fatal Injury,,No Control,Turning Movement,Clear,Daylight,Dry,Minor Arterial,false,-79.3020906679845,43.688744060763554,2,Municipal Transit Bus (TTC),West,4,46,Major,Use Unknown,Failed to yield right-of-way,Inattentive,,,Turning Right,,,,,driver,,Beaches-East York (19),55 Division,East End-Danforth,true,true,false,false,false,false,false,false,false,true,"{""coordinates"": [[-79.3020906679845, 43.688744060763554]], ""type"": ""MultiPoint""}"
6302,2010:1196331,2010-09-15T11:28:00,MAIN ST,DANFORTH AVE,,4,Non-Fatal Injury,,No Control,Turning Movement,Clear,Daylight,Dry,Minor Arterial,false,-79.3020906679845,43.688744060763554,2,,,3,,,Other Safety Equipment Used,,,,,,,,,,owner,,Beaches-East York (19),55 Division,East End-Danforth,true,true,false,false,false,false,false,false,false,true,"{""coordinates"": [[-79.3020906679845, 43.688744060763554]], ""type"": ""MultiPoint""}"
6303,2010:1205381,2010-09-15T19:52:00,QUEEN Stre W,SPADINA Aven,,2,Non-Fatal Injury,,No Control,Pedestrian Collision(internal code),Clear,Dark,Dry,Major Arterial,false,-79.39579090374531,43.64884420124892,2,,South,2,32,Major,Other Safety Equipment Used,,,Crossing without right-of-way (intersection),Ability Impaired - Alcohol,,Driver hits pedestrian at midblock,,,,pedestrian,,Spadina-Fort York (10),52 Division,Wellington Place,false,false,false,false,false,false,true,false,false,false,"{""coordinates"": [[-79.39579090374531, 43.64884420124892]], ""type"": ""MultiPoint""}"
6304,2010:1205381,2010-09-15T19:52:00,QUEEN Stre W,SPADINA Aven,,2,Non-Fatal Injury,,No Control,Pedestrian Collision(internal code),Clear,Dark,Dry,Major Arterial,false,-79.39579090374531,43.64884420124892,1,Automobile or Station Wagon,West,1,37,None,Lap and Shoulder Belt,Driving properly,Normal,,,Going Ahead,,,,,driver,,Spadina-Fort York (10),52 Division,Wellington Place,false,false,false,false,false,false,true,false,false,false,"{""coordinates"": [[-79.39579090374531, 43.64884420124892]], ""type"": ""MultiPoint""}"
6305,2010:1197199,2010-09-19T15:50:00,EGLINTON AVE E,VICTORIA PARK AVE,,2,Non-Fatal Injury,At Intersection,Traffic Signal,Turning Movement,Clear,Daylight,Dry,Major Arterial,false,-79.30259362177645,43.72474406022295,2,Automobile or Station Wagon,West,2,63,None,Use Unknown,Improper turn,Inattentive,,,Turning Left,,,,,driver,,Scarborough Centre (21),41 Division,Wexford/Maryvale,false,true,false,true,false,false,false,false,false,false,"{""coordinates"": [[-79.30259362177645, 43.72474406022295]], ""type"": ""MultiPoint""}"
6306,2010:1197199,2010-09-19T15:50:00,EGLINTON AVE E,VICTORIA PARK AVE,,2,Non-Fatal Injury,At Intersection,Traffic Signal,Turning Movement,Clear,Daylight,Dry,Major Arterial,false,-79.30259362177645,43.72474406022295,1,Motorcycle,East,1,43,Major,Helmet,Driving properly,Normal,,,Going Ahead,,,,,motorcyclist,,Scarborough Centre (21),41 Division,Wexford/Maryvale,false,true,false,true,false,false,false,false,false,false,"{""coordinates"": [[-79.30259362177645, 43.72474406022295]], ""type"": ""MultiPoint""}"
6307,2010:1190299,2010-09-20T10:08:00,PINEWAY BLVD,FINCH AVE E,,2,Non-Fatal Injury,At Intersection,Traffic Signal,Pedestrian Collision(internal code),Clear,Daylight,Dry,Major Arterial,false,-79.37329066751522,43.78914414594317,1,Automobile or Station Wagon,South,1,33,None,Other Safety Equipment Used,Failed to yield right-of-way,Normal,,,Turning Left,,,,,driver,,Don Valley North (17),33 Division,Bayview Village,true,false,false,false,false,true,true,false,false,false,"{""coordinates"": [[-79.37329066751522, 43.78914414594317]], ""type"": ""MultiPoint""}"
6308,2010:1190299,2010-09-20T10:08:00,PINEWAY BLVD,FINCH AVE E,,2,Non-Fatal Injury,At Intersection,Traffic Signal,Pedestrian Collision(internal code),Clear,Daylight,Dry,Major Arterial,false,-79.37329066751522,43.78914414594317,2,,North,2,74,Major,Other Safety Equipment Used,,,Crossing with right-of-way (intersection),Normal,,Driver turns left into pedestrian crossing with right-of-way (at intersection),,,,pedestrian,,Don Valley North (17),33 Division,Bayview Village,true,false,false,false,false,true,true,false,false,false,"{""coordinates"": [[-79.37329066751522, 43.78914414594317]], ""type"": ""MultiPoint""}"
6309,2010:1197305,2010-09-20T23:17:00,PASSMORE AVE,TAPSCOTT RD,,2,Non-Fatal Injury,At Intersection,Stop Sign,Angle,Clear,Dark,Dry,Minor Arterial,false,-79.24569042897443,43.83164400270929,1,Automobile or Station Wagon,North,1,32,Minor,Lap and Shoulder Belt,Driving properly,Normal,,,Going Ahead,,,,,driver,,Scarborough North (23),42 Division,Morningside Heights,true,false,false,false,false,false,false,false,false,false,"{""coordinates"": [[-79.24569042897443, 43.83164400270929]], ""type"": ""MultiPoint""}"
6310,2010:1197305,2010-09-20T23:17:00,PASSMORE AVE,TAPSCOTT RD,,2,Non-Fatal Injury,At Intersection,Stop Sign,Angle,Clear,Dark,Dry,Minor Arterial,false,-79.24569042897443,43.83164400270929,2,Automobile or Station Wagon,East,2,32,Major,Equipment Not Used But Available,Disobeyed traffic control,Ability Impaired - Alcohol,,,Going Ahead,,,,,driver,,Scarborough North (23),42 Division,Morningside Heights,true,false,false,false,false,false,false,false,false,false,"{""coordinates"": [[-79.24569042897443, 43.83164400270929]], ""type"": ""MultiPoint""}"
6311,2010:1198255,2010-09-22T14:48:00,YONGE ST,ELLERSLIE AVE,,2,Non-Fatal Injury,At Intersection,Stop Sign,Turning Movement,Clear,Daylight,Dry,Major Arterial,false,-79.41359075160729,43.7719441956265,2,Automobile or Station Wagon,East,2,67,None,Lap and Shoulder Belt,Failed to yield right-of-way,Inattentive,,,Turning Left,,,,,driver,,Willowdale (18),32 Division,Willowdale West,true,true,false,true,false,true,false,false,false,false,"{""coordinates"": [[-79.41359075160729, 43.7719441956265]], ""type"": ""MultiPoint""}"
6312,2010:1198255,2010-09-22T14:48:00,YONGE ST,ELLERSLIE AVE,,2,Non-Fatal Injury,At Intersection,Stop Sign,Turning Movement,Clear,Daylight,Dry,Major Arterial,false,-79.41359075160729,43.7719441956265,1,Motorcycle,South,1,30,Major,Helmet,Driving properly,Normal,,,Going Ahead,,,,,motorcyclist,,Willowdale (18),32 Division,Willowdale West,true,true,false,true,false,true,false,false,false,false,"{""coordinates"": [[-79.41359075160729, 43.7719441956265]], ""type"": ""MultiPoint""}"
6313,2010:1191013,2010-09-23T09:02:00,KENNEDY Road,BERTRAND Aven,,2,Non-Fatal Injury,At Intersection,Traffic Signal,Cyclist Collision,Clear,Daylight,Dry,Major Arterial,false,-79.27009054922594,43.73744401820787,1,Automobile or Station Wagon,North,1,29,None,Other Safety Equipment Used,Disobeyed traffic control,Inattentive,,,Going Ahead,,,,,driver,,Scarborough Centre (21),41 Division,Ionview,true,true,true,false,false,false,false,true,false,false,"{""coordinates"": [[-79.27009054922594, 43.73744401820787]], ""type"": ""MultiPoint""}"
6314,2010:1191013,2010-09-23T09:02:00,KENNEDY Road,BERTRAND Aven,,2,Non-Fatal Injury,At Intersection,Traffic Signal,Cyclist Collision,Clear,Daylight,Dry,Major Arterial,false,-79.27009054922594,43.73744401820787,2,Bicycle,West,2,50,Major,Helmet,,,,,Turning Left,,"Driver without right-of-way drives into path of cyclist (at intersection, laneway, or driveway)",Driving Properly,Normal,cyclist,,Scarborough Centre (21),41 Division,Ionview,true,true,true,false,false,false,false,true,false,false,"{""coordinates"": [[-79.27009054922594, 43.73744401820787]], ""type"": ""MultiPoint""}"
6315,2010:1197847,2010-09-23T17:55:00,2110 KEELE ST,,,7,Non-Fatal Injury,,No Control,Approaching Head On,Clear,Daylight,Dry,Major Arterial,false,-79.47609097027183,43.69994429813548,2,,,6,50,Minimal,Lap and Shoulder Belt,,,,,,,,,,passenger,,York South-Weston (5),12 Division,Brookhaven-Amesbury,false,true,false,false,false,false,false,false,true,false,"{""coordinates"": [[-79.47609097027183, 43.69994429813548]], ""type"": ""MultiPoint""}"
6316,2010:1197847,2010-09-23T17:55:00,2110 KEELE ST,,,7,Non-Fatal Injury,,No Control,Approaching Head On,Clear,Daylight,Dry,Major Arterial,false,-79.47609097027183,43.69994429813548,1,,,2,57,Minor,Lap and Shoulder Belt,,,,,,,,,,passenger,,York South-Weston (5),12 Division,Brookhaven-Amesbury,false,true,false,false,false,false,false,false,true,false,"{""coordinates"": [[-79.47609097027183, 43.69994429813548]], ""type"": ""MultiPoint""}"
6317,2010:1197847,2010-09-23T17:55:00,2110 KEELE ST,,,7,Non-Fatal Injury,,No Control,Approaching Head On,Clear,Daylight,Dry,Major Arterial,false,-79.47609097027183,43.69994429813548,2,,,5,12,Minimal,Lap and Shoulder Belt,,,,,,,,,,passenger,,York South-Weston (5),12 Division,Brookhaven-Amesbury,false,true,false,false,false,false,false,false,true,false,"{""coordinates"": [[-79.47609097027183, 43.69994429813548]], ""type"": ""MultiPoint""}"
6318,2010:1197847,2010-09-23T17:55:00,2110 KEELE ST,,,7,Non-Fatal Injury,,No Control,Approaching Head On,Clear,Daylight,Dry,Major Arterial,false,-79.47609097027183,43.69994429813548,2,Automobile or Station Wagon,North,7,45,Minor,Lap and Shoulder Belt,Lost control,Inattentive,,,Going Ahead,,,,,driver,,York South-Weston (5),12 Division,Brookhaven-Amesbury,false,true,false,false,false,false,false,false,true,false,"{""coordinates"": [[-79.47609097027183, 43.69994429813548]], ""type"": ""MultiPoint""}"
6319,2010:1197847,2010-09-23T17:55:00,2110 KEELE ST,,,7,Non-Fatal Injury,,No Control,Approaching Head On,Clear,Daylight,Dry,Major Arterial,false,-79.47609097027183,43.69994429813548,1,,,3,,,Other Safety Equipment Used,,,,,,,,,,owner,,York South-Weston (5),12 Division,Brookhaven-Amesbury,false,true,false,false,false,false,false,false,true,false,"{""coordinates"": [[-79.47609097027183, 43.69994429813548]], ""type"": ""MultiPoint""}"
6320,2010:1197847,2010-09-23T17:55:00,2110 KEELE ST,,,7,Non-Fatal Injury,,No Control,Approaching Head On,Clear,Daylight,Dry,Major Arterial,false,-79.47609097027183,43.69994429813548,1,Pickup Truck,South,4,27,Major,Lap and Shoulder Belt,Driving properly,Normal,,,Going Ahead,,,,,driver,,York South-Weston (5),12 Division,Brookhaven-Amesbury,false,true,false,false,false,false,false,false,true,false,"{""coordinates"": [[-79.47609097027183, 43.69994429813548]], ""type"": ""MultiPoint""}"
6321,2010:1197847,2010-09-23T17:55:00,2110 KEELE ST,,,7,Non-Fatal Injury,,No Control,Approaching Head On,Clear,Daylight,Dry,Major Arterial,false,-79.47609097027183,43.69994429813548,1,,,1,50,Minor,Lap and Shoulder Belt,,,,,,,,,,passenger,,York South-Weston (5),12 Division,Brookhaven-Amesbury,false,true,false,false,false,false,false,false,true,false,"{""coordinates"": [[-79.47609097027183, 43.69994429813548]], ""type"": ""MultiPoint""}"
6322,2010:1198068,2010-09-24T17:13:00,PAPE AVE,SELKIRK ST,,3,Non-Fatal Injury,,No Control,Rear End,Clear,Daylight,Dry,Major Arterial,false,-79.34609075887239,43.682144122923255,1,Automobile or Station Wagon,South,1,42,Major,Lap and Shoulder Belt,Driving properly,Normal,,,Slowing or Stopping,,,,,driver,,Toronto-Danforth (14),55 Division,Playter Estates-Danforth,true,true,false,false,false,false,false,false,false,true,"{""coordinates"": [[-79.34609075887239, 43.682144122923255]], ""type"": ""MultiPoint""}"
6323,2010:1198068,2010-09-24T17:13:00,PAPE AVE,SELKIRK ST,,3,Non-Fatal Injury,,No Control,Rear End,Clear,Daylight,Dry,Major Arterial,false,-79.34609075887239,43.682144122923255,2,Municipal Transit Bus (TTC),South,2,42,None,Other Safety Equipment Used,Following too closely,Inattentive,,,Going Ahead,,,,,driver,,Toronto-Danforth (14),55 Division,Playter Estates-Danforth,true,true,false,false,false,false,false,false,false,true,"{""coordinates"": [[-79.34609075887239, 43.682144122923255]], ""type"": ""MultiPoint""}"
6324,2010:1198068,2010-09-24T17:13:00,PAPE AVE,SELKIRK ST,,3,Non-Fatal Injury,,No Control,Rear End,Clear,Daylight,Dry,Major Arterial,false,-79.34609075887239,43.682144122923255,3,,,3,,,Other Safety Equipment Used,,,,,,,,,,owner,,Toronto-Danforth (14),55 Division,Playter Estates-Danforth,true,true,false,false,false,false,false,false,false,true,"{""coordinates"": [[-79.34609075887239, 43.682144122923255]], ""type"": ""MultiPoint""}"
6325,2010:1191325,2010-09-24T22:25:00,ALBION RD,TODD BROOK DR,,2,Non-Fatal Injury,,No Control,Rear End,Clear,Dark,Dry,Major Arterial,false,-79.57159103337067,43.73824439204811,2,Automobile or Station Wagon,East,2,50,None,Other Safety Equipment Used,Driving properly,Normal,,,Going Ahead,,,,,driver,,Etobicoke North (1),23 Division,Thistletown-Beaumond Heights,true,false,false,true,false,false,false,false,false,false,"{""coordinates"": [[-79.57159103337067, 43.73824439204811]], ""type"": ""MultiPoint""}"
6326,2010:1191325,2010-09-24T22:25:00,ALBION RD,TODD BROOK DR,,2,Non-Fatal Injury,,No Control,Rear End,Clear,Dark,Dry,Major Arterial,false,-79.57159103337067,43.73824439204811,1,Motorcycle,East,1,21,Major,Helmet,Exceeding speed limit,Normal,,,Going Ahead,,,,,motorcyclist,,Etobicoke North (1),23 Division,Thistletown-Beaumond Heights,true,false,false,true,false,false,false,false,false,false,"{""coordinates"": [[-79.57159103337067, 43.73824439204811]], ""type"": ""MultiPoint""}"
6327,2010:1198314,2010-09-25T17:04:00,CALEDONIA RD,BOWIE AVE,,3,Non-Fatal Injury,At Intersection,Stop Sign,Cyclist Collision,Clear,Daylight,Dry,Minor Arterial,false,-79.4627879547451,43.69494428199309,1,,,1,,,Other Safety Equipment Used,,,,,,,,,,other,,Eglinton-Lawrence (8),13 Division,Briar Hill-Belgravia,false,false,true,false,false,false,false,false,false,false,"{""coordinates"": [[-79.4627879547451, 43.69494428199309]], ""type"": ""MultiPoint""}"
6328,2010:1198314,2010-09-25T17:04:00,CALEDONIA RD,BOWIE AVE,,3,Non-Fatal Injury,At Intersection,Stop Sign,Cyclist Collision,Clear,Daylight,Dry,Minor Arterial,false,-79.4627879547451,43.69494428199309,1,Pickup Truck,West,2,22,None,Lap and Shoulder Belt,Driving properly,Normal,,,Turning Left,,,,,driver,,Eglinton-Lawrence (8),13 Division,Briar Hill-Belgravia,false,false,true,false,false,false,false,false,false,false,"{""coordinates"": [[-79.4627879547451, 43.69494428199309]], ""type"": ""MultiPoint""}"
6329,2010:1198314,2010-09-25T17:04:00,CALEDONIA RD,BOWIE AVE,,3,Non-Fatal Injury,At Intersection,Stop Sign,Cyclist Collision,Clear,Daylight,Dry,Minor Arterial,false,-79.4627879547451,43.69494428199309,2,Bicycle,East,3,50,Major,Equipment Not Used But Available,,,,,Going Ahead,,Driver turns left into path of cyclist,Failed to Yield Right of Way,Had Been Drinking,cyclist,,Eglinton-Lawrence (8),13 Division,Briar Hill-Belgravia,false,false,true,false,false,false,false,false,false,false,"{""coordinates"": [[-79.4627879547451, 43.69494428199309]], ""type"": ""MultiPoint""}"
6330,2010:1191508,2010-09-26T15:50:00,ROSEDALE VALLEY RD,BLOOR ST E,,2,Non-Fatal Injury,,No Control,SMV Other,Clear,Daylight,Dry,Minor Arterial,false,-79.36419080908512,43.671044150374996,1,,,1,23,Major,Helmet,,,,,,,,,,motorcyclist,,Toronto Centre (13),51 Division,Cabbagetown-South St.James Town,true,false,false,true,false,false,false,false,false,false,"{""coordinates"": [[-79.36419080908512, 43.671044150374996]], ""type"": ""MultiPoint""}"
6331,2010:1191508,2010-09-26T15:50:00,ROSEDALE VALLEY RD,BLOOR ST E,,2,Non-Fatal Injury,,No Control,SMV Other,Clear,Daylight,Dry,Minor Arterial,false,-79.36419080908512,43.671044150374996,1,Motorcycle,West,2,39,Major,Helmet,Improper passing,Unknown,,,Overtaking,,,,,motorcyclist,,Toronto Centre (13),51 Division,Cabbagetown-South St.James Town,true,false,false,true,false,false,false,false,false,false,"{""coordinates"": [[-79.36419080908512, 43.671044150374996]], ""type"": ""MultiPoint""}"
6332,2010:1198624,2010-09-26T19:37:00,DUFFERIN ST,KEYWEST AVE,,2,Non-Fatal Injury,At Intersection,No Control,Turning Movement,Clear,Dark,Dry,Major Arterial,false,-79.44899093351725,43.69254426388064,1,Motorcycle,North,1,30,Major,Helmet,Driving properly,Normal,,,Going Ahead,,,,,motorcyclist,,Davenport (9),13 Division,Caledonia-Fairbank,false,true,false,true,false,false,false,false,false,false,"{""coordinates"": [[-79.44899093351725, 43.69254426388064]], ""type"": ""MultiPoint""}"
6333,2010:1198624,2010-09-26T19:37:00,DUFFERIN ST,KEYWEST AVE,,2,Non-Fatal Injury,At Intersection,No Control,Turning Movement,Clear,Dark,Dry,Major Arterial,false,-79.44899093351725,43.69254426388064,2,Automobile or Station Wagon,South,2,43,None,Lap and Shoulder Belt,Improper turn,Inattentive,,,Turning Left,,,,,driver,,Davenport (9),13 Division,Caledonia-Fairbank,false,true,false,true,false,false,false,false,false,false,"{""coordinates"": [[-79.44899093351725, 43.69254426388064]], ""type"": ""MultiPoint""}"
6334,2010:1191546,2010-09-26T22:35:00,HIGHWAY 27 N,VICE REGENT BLVD,,7,Fatal Injury,At Intersection,Stop Sign,Turning Movement,Clear,Dark,Dry,Major Arterial,true,-79.592791110798,43.71134443198986,2,Automobile or Station Wagon,West,7,33,Minimal,Lap and Shoulder Belt,Driving properly,Normal,,,Turning Left,,,,,driver,,Etobicoke North (1),23 Division,West Humber-Clairville,true,false,false,false,false,false,false,false,true,false,"{""coordinates"": [[-79.592791110798, 43.71134443198986]], ""type"": ""MultiPoint""}"