_id,collision_id,accdate,stname1,stname2,stname3,per_inv,acclass,accloc,traffictl,impactype,visible,light,rdsfcond,road_class,failtorem,longitude,latitude,veh_no,vehtype,initdir,per_no,invage,injury,safequip,drivact,drivcond,pedact,pedcond,manoeuvre,pedtype,cyclistype,cycact,cyccond,road_user,fatal_no,wardname,division,neighbourhood,aggressive,distracted,cyclist,motorcyclist,other_micromobility,older_adult,pedestrian,red_light,school_child,heavy_truck,geometry
6387,2010:1193861,2010-10-08T08:15:00,ALBION RD,SANAGAN RD,,2,Non-Fatal Injury,At Intersection,Traffic Signal,Pedestrian Collision(internal code),Clear,Daylight,Dry,Major Arterial,false,-79.57619103784248,43.7389443967892,1,Automobile or Station Wagon,East,1,45,None,Other Safety Equipment Used,Disobeyed traffic control,Inattentive,,,Going Ahead,,,,,driver,,Etobicoke North (1),23 Division,Thistletown-Beaumond Heights,true,true,false,false,false,true,true,true,false,false,"{""coordinates"": [[-79.57619103784248, 43.7389443967892]], ""type"": ""MultiPoint""}"
6388,2010:1193897,2010-10-08T09:15:00,SHEPPARD AVE E,KENNEDY RD,,3,Non-Fatal Injury,,No Control,Pedestrian Collision(internal code),Clear,Daylight,Dry,Major Arterial,false,-79.28928753730031,43.78304404584335,1,,,1,,,Other Safety Equipment Used,,,,,,,,,,owner,,Scarborough-Agincourt (22),42 Division,Tam O'Shanter-Sullivan,true,false,false,false,false,true,true,false,false,true,"{""coordinates"": [[-79.28928753730031, 43.78304404584335]], ""type"": ""MultiPoint""}"
6389,2010:1193897,2010-10-08T09:15:00,SHEPPARD AVE E,KENNEDY RD,,3,Non-Fatal Injury,,No Control,Pedestrian Collision(internal code),Clear,Daylight,Dry,Major Arterial,false,-79.28928753730031,43.78304404584335,2,,Unknown,3,86,Major,Other Safety Equipment Used,,,Person getting on/off vehicle,Normal,,Transit vehicle driver hits pedestrian anywhere along roadway,,,,pedestrian,,Scarborough-Agincourt (22),42 Division,Tam O'Shanter-Sullivan,true,false,false,false,false,true,true,false,false,true,"{""coordinates"": [[-79.28928753730031, 43.78304404584335]], ""type"": ""MultiPoint""}"
6390,2010:1193897,2010-10-08T09:15:00,SHEPPARD AVE E,KENNEDY RD,,3,Non-Fatal Injury,,No Control,Pedestrian Collision(internal code),Clear,Daylight,Dry,Major Arterial,false,-79.28928753730031,43.78304404584335,1,Municipal Transit Bus (TTC),West,2,63,None,Other Safety Equipment Used,Failed to yield right-of-way,Normal,,,Pulling Away from Shoulder or Curb,,,,,driver,,Scarborough-Agincourt (22),42 Division,Tam O'Shanter-Sullivan,true,false,false,false,false,true,true,false,false,true,"{""coordinates"": [[-79.28928753730031, 43.78304404584335]], ""type"": ""MultiPoint""}"
6391,2010:1200323,2010-10-08T11:30:00,WILSON AVE,PRIVET RD,,2,Non-Fatal Injury,,No Control,Turning Movement,Clear,Daylight,Dry,Major Arterial,false,-79.49939097077248,43.722744318755765,2,Automobile or Station Wagon,West,2,75,None,Other Safety Equipment Used,Improper turn,Inattentive,,,Turning Left,,,,,driver,,York Centre (6),31 Division,Oakdale-Beverley Heights,false,true,false,true,false,true,false,false,false,false,"{""coordinates"": [[-79.49939097077248, 43.722744318755765]], ""type"": ""MultiPoint""}"
6392,2010:1200323,2010-10-08T11:30:00,WILSON AVE,PRIVET RD,,2,Non-Fatal Injury,,No Control,Turning Movement,Clear,Daylight,Dry,Major Arterial,false,-79.49939097077248,43.722744318755765,1,Motorcycle,East,1,25,Major,Helmet,Driving properly,Normal,,,Going Ahead,,,,,motorcyclist,,York Centre (6),31 Division,Oakdale-Beverley Heights,false,true,false,true,false,true,false,false,false,false,"{""coordinates"": [[-79.49939097077248, 43.722744318755765]], ""type"": ""MultiPoint""}"
6393,2010:1200416,2010-10-08T22:55:00,ST CLAIR AVE E,AVOCA AVE,,4,Non-Fatal Injury,At Intersection,Traffic Signal,Rear End,Clear,Dark,Dry,Major Arterial,false,-79.38989083025017,43.688944182967376,3,Automobile or Station Wagon,East,4,46,None,Other Safety Equipment Used,Following too closely,Normal,,,Going Ahead,,,,,driver,,Toronto-St. Paul's (12),53 Division,Rosedale-Moore Park,true,false,false,false,false,false,false,false,false,false,"{""coordinates"": [[-79.38989083025017, 43.688944182967376]], ""type"": ""MultiPoint""}"
6394,2010:1200416,2010-10-08T22:55:00,ST CLAIR AVE E,AVOCA AVE,,4,Non-Fatal Injury,At Intersection,Traffic Signal,Rear End,Clear,Dark,Dry,Major Arterial,false,-79.38989083025017,43.688944182967376,2,Automobile or Station Wagon,East,3,41,Major,Lap and Shoulder Belt,Driving properly,Normal,,,Stopped,,,,,driver,,Toronto-St. Paul's (12),53 Division,Rosedale-Moore Park,true,false,false,false,false,false,false,false,false,false,"{""coordinates"": [[-79.38989083025017, 43.688944182967376]], ""type"": ""MultiPoint""}"
6395,2010:1200416,2010-10-08T22:55:00,ST CLAIR AVE E,AVOCA AVE,,4,Non-Fatal Injury,At Intersection,Traffic Signal,Rear End,Clear,Dark,Dry,Major Arterial,false,-79.38989083025017,43.688944182967376,1,,,1,44,Minor,Lap and Shoulder Belt,,,,,,,,,,passenger,,Toronto-St. Paul's (12),53 Division,Rosedale-Moore Park,true,false,false,false,false,false,false,false,false,false,"{""coordinates"": [[-79.38989083025017, 43.688944182967376]], ""type"": ""MultiPoint""}"
6396,2010:1200416,2010-10-08T22:55:00,ST CLAIR AVE E,AVOCA AVE,,4,Non-Fatal Injury,At Intersection,Traffic Signal,Rear End,Clear,Dark,Dry,Major Arterial,false,-79.38989083025017,43.688944182967376,1,Automobile or Station Wagon,East,2,44,Minor,Lap and Shoulder Belt,Driving properly,Normal,,,Stopped,,,,,driver,,Toronto-St. Paul's (12),53 Division,Rosedale-Moore Park,true,false,false,false,false,false,false,false,false,false,"{""coordinates"": [[-79.38989083025017, 43.688944182967376]], ""type"": ""MultiPoint""}"
6397,2010:1193945,2010-10-09T02:03:00,HIGHWAY 27 N,BETHRIDGE Rd,,5,Non-Fatal Injury,,No Control,Rear End,Clear,Dark,Dry,Major Arterial,false,-79.59119111479944,43.708144432070476,3,,,3,,,Other Safety Equipment Used,,,,,,,,,,owner,,Etobicoke North (1),23 Division,West Humber-Clairville,true,false,false,false,false,false,false,false,false,true,"{""coordinates"": [[-79.59119111479944, 43.708144432070476]], ""type"": ""MultiPoint""}"
6398,2010:1193945,2010-10-09T02:03:00,HIGHWAY 27 N,BETHRIDGE Rd,,5,Non-Fatal Injury,,No Control,Rear End,Clear,Dark,Dry,Major Arterial,false,-79.59119111479944,43.708144432070476,3,Automobile or Station Wagon,North,4,23,Major,Lap and Shoulder Belt,Exceeding speed limit,Unknown,,,Going Ahead,,,,,driver,,Etobicoke North (1),23 Division,West Humber-Clairville,true,false,false,false,false,false,false,false,false,true,"{""coordinates"": [[-79.59119111479944, 43.708144432070476]], ""type"": ""MultiPoint""}"
6399,2010:1193945,2010-10-09T02:03:00,HIGHWAY 27 N,BETHRIDGE Rd,,5,Non-Fatal Injury,,No Control,Rear End,Clear,Dark,Dry,Major Arterial,false,-79.59119111479944,43.708144432070476,4,,,5,,None,Other Safety Equipment Used,,,,,Unknown,,,,,other,,Etobicoke North (1),23 Division,West Humber-Clairville,true,false,false,false,false,false,false,false,false,true,"{""coordinates"": [[-79.59119111479944, 43.708144432070476]], ""type"": ""MultiPoint""}"
6400,2010:1193945,2010-10-09T02:03:00,HIGHWAY 27 N,BETHRIDGE Rd,,5,Non-Fatal Injury,,No Control,Rear End,Clear,Dark,Dry,Major Arterial,false,-79.59119111479944,43.708144432070476,2,,,2,,,Other Safety Equipment Used,,,,,,,,,,owner,,Etobicoke North (1),23 Division,West Humber-Clairville,true,false,false,false,false,false,false,false,false,true,"{""coordinates"": [[-79.59119111479944, 43.708144432070476]], ""type"": ""MultiPoint""}"
6401,2010:1193945,2010-10-09T02:03:00,HIGHWAY 27 N,BETHRIDGE Rd,,5,Non-Fatal Injury,,No Control,Rear End,Clear,Dark,Dry,Major Arterial,false,-79.59119111479944,43.708144432070476,1,Truck - Open (Flatbed),North,1,31,Minimal,Lap and Shoulder Belt,Driving properly,Normal,,,Going Ahead,,,,,driver,,Etobicoke North (1),23 Division,West Humber-Clairville,true,false,false,false,false,false,false,false,false,true,"{""coordinates"": [[-79.59119111479944, 43.708144432070476]], ""type"": ""MultiPoint""}"
6402,2010:1193990,2010-10-09T11:23:00,FINCH AVE E,SKYMARK DR,,2,Non-Fatal Injury,At Intersection,Traffic Signal,Pedestrian Collision(internal code),Clear,Daylight,Dry,Major Arterial,false,-79.35225262964438,43.79308912097712,1,Automobile or Station Wagon,East,2,76,None,Other Safety Equipment Used,Driving properly,Normal,,,Going Ahead,,,,,driver,,Don Valley North (17),33 Division,Don Valley Village,false,false,false,false,false,true,true,false,false,false,"{""coordinates"": [[-79.35225262964438, 43.79308912097712]], ""type"": ""MultiPoint""}"
6403,2010:1193990,2010-10-09T11:23:00,FINCH AVE E,SKYMARK DR,,2,Non-Fatal Injury,At Intersection,Traffic Signal,Pedestrian Collision(internal code),Clear,Daylight,Dry,Major Arterial,false,-79.35225262964438,43.79308912097712,2,,North,1,80,Major,Other Safety Equipment Used,,,Crossing without right-of-way (intersection),Normal,,Driver going straight hits pedestrian crossing without right-of-way (at intersection),,,,pedestrian,,Don Valley North (17),33 Division,Don Valley Village,false,false,false,false,false,true,true,false,false,false,"{""coordinates"": [[-79.35225262964438, 43.79308912097712]], ""type"": ""MultiPoint""}"
6404,2010:1194056,2010-10-09T23:50:00,KINGSTON RD,KALMAR AVE,,2,Non-Fatal Injury,,No Control,Pedestrian Collision(internal code),Clear,Dark,Dry,Major Arterial,true,-79.26789060344224,43.68974401319023,1,,South,2,51,Major,Other Safety Equipment Used,,,Crossing without right-of-way (intersection),Unknown,,Driver going straight hits pedestrian crossing without right-of-way (at intersection),,,,pedestrian,,Scarborough Southwest (20),41 Division,Birchcliffe-Cliffside,false,false,false,false,false,false,true,false,false,false,"{""coordinates"": [[-79.26789060344224, 43.68974401319023]], ""type"": ""MultiPoint""}"
6405,2010:1194056,2010-10-09T23:50:00,KINGSTON RD,KALMAR AVE,,2,Non-Fatal Injury,,No Control,Pedestrian Collision(internal code),Clear,Dark,Dry,Major Arterial,true,-79.26789060344224,43.68974401319023,1,Automobile or Station Wagon,West,1,,None,Other Safety Equipment Used,Driving properly,Unknown,,,Going Ahead,,,,,driver,,Scarborough Southwest (20),41 Division,Birchcliffe-Cliffside,false,false,false,false,false,false,true,false,false,false,"{""coordinates"": [[-79.26789060344224, 43.68974401319023]], ""type"": ""MultiPoint""}"
6406,2010:1194057,2010-10-10T02:20:00,YONGE ST,AVONDALE AVE,,3,Non-Fatal Injury,,No Control,Sideswipe,Clear,Daylight,Dry,Major Arterial,true,-79.41009076115724,43.758044192864276,2,Automobile or Station Wagon,North,3,,None,Other Safety Equipment Used,Driving properly,Unknown,,,Going Ahead,,,,,driver,,Willowdale (18),32 Division,Lansing-Westgate,true,false,false,false,false,false,false,false,false,false,"{""coordinates"": [[-79.41009076115724, 43.758044192864276]], ""type"": ""MultiPoint""}"
6407,2010:1194057,2010-10-10T02:20:00,YONGE ST,AVONDALE AVE,,3,Non-Fatal Injury,,No Control,Sideswipe,Clear,Daylight,Dry,Major Arterial,true,-79.41009076115724,43.758044192864276,1,Automobile or Station Wagon,North,2,20,Major,Lap and Shoulder Belt,Exceeding speed limit,Unknown,,,Going Ahead,,,,,driver,,Willowdale (18),32 Division,Lansing-Westgate,true,false,false,false,false,false,false,false,false,false,"{""coordinates"": [[-79.41009076115724, 43.758044192864276]], ""type"": ""MultiPoint""}"
6408,2010:1194057,2010-10-10T02:20:00,YONGE ST,AVONDALE AVE,,3,Non-Fatal Injury,,No Control,Sideswipe,Clear,Daylight,Dry,Major Arterial,true,-79.41009076115724,43.758044192864276,1,,,1,,,Other Safety Equipment Used,,,,,,,,,,owner,,Willowdale (18),32 Division,Lansing-Westgate,true,false,false,false,false,false,false,false,false,false,"{""coordinates"": [[-79.41009076115724, 43.758044192864276]], ""type"": ""MultiPoint""}"
6409,2010:1197308,2010-10-11T20:50:00,KINGSTON RD,SANDOWN AVE,,2,Non-Fatal Injury,,No Control,Rear End,Clear,Dark,Dry,Major Arterial,true,-79.25009054892249,43.70824399006719,2,Automobile or Station Wagon,East,2,48,None,Other Safety Equipment Used,Other,Ability Impaired - Alcohol Over .08,,,Slowing or Stopping,,,,,driver,,Scarborough Southwest (20),41 Division,Birchcliffe-Cliffside,true,false,false,true,false,false,false,false,false,false,"{""coordinates"": [[-79.25009054892249, 43.70824399006719]], ""type"": ""MultiPoint""}"
6410,2010:1197308,2010-10-11T20:50:00,KINGSTON RD,SANDOWN AVE,,2,Non-Fatal Injury,,No Control,Rear End,Clear,Dark,Dry,Major Arterial,true,-79.25009054892249,43.70824399006719,1,Motorcycle,East,1,31,Major,Helmet,Following too closely,Had Been Drinking,,,Going Ahead,,,,,motorcyclist,,Scarborough Southwest (20),41 Division,Birchcliffe-Cliffside,true,false,false,true,false,false,false,false,false,false,"{""coordinates"": [[-79.25009054892249, 43.70824399006719]], ""type"": ""MultiPoint""}"
6411,2010:1200544,2010-10-12T09:55:00,STEELES AVE E,OLD KENNEDY RD,,3,Non-Fatal Injury,At Intersection,Traffic Signal,Pedestrian Collision(internal code),Clear,Daylight,Dry,Major Arterial,false,-79.3000905169299,43.825344061988766,2,,North,3,76,Major,Other Safety Equipment Used,,,Crossing with right-of-way (intersection),Normal,,Driver turns left into pedestrian crossing with right-of-way (at intersection),,,,pedestrian,,,,,true,true,false,false,false,true,true,false,false,false,"{""coordinates"": [[-79.3000905169299, 43.825344061988766]], ""type"": ""MultiPoint""}"
6412,2010:1200544,2010-10-12T09:55:00,STEELES AVE E,OLD KENNEDY RD,,3,Non-Fatal Injury,At Intersection,Traffic Signal,Pedestrian Collision(internal code),Clear,Daylight,Dry,Major Arterial,false,-79.3000905169299,43.825344061988766,2,,North,2,76,Minor,Other Safety Equipment Used,,,Crossing with right-of-way (intersection),Normal,,Driver turns left into pedestrian crossing with right-of-way (at intersection),,,,pedestrian,,,,,true,true,false,false,false,true,true,false,false,false,"{""coordinates"": [[-79.3000905169299, 43.825344061988766]], ""type"": ""MultiPoint""}"
6413,2010:1200544,2010-10-12T09:55:00,STEELES AVE E,OLD KENNEDY RD,,3,Non-Fatal Injury,At Intersection,Traffic Signal,Pedestrian Collision(internal code),Clear,Daylight,Dry,Major Arterial,false,-79.3000905169299,43.825344061988766,1,Automobile or Station Wagon,South,1,79,None,Other Safety Equipment Used,Failed to yield right-of-way,Inattentive,,,Turning Left,,,,,driver,,,,,true,true,false,false,false,true,true,false,false,false,"{""coordinates"": [[-79.3000905169299, 43.825344061988766]], ""type"": ""MultiPoint""}"
6414,2010:1194692,2010-10-13T22:24:00,LANSDOWNE Aven,WALLACE Aven,,3,Non-Fatal Injury,,No Control,Sideswipe,Rain,Dark,Wet,Minor Arterial,false,-79.44519097596978,43.66334426930831,2,Automobile or Station Wagon,North,3,74,Major,Other Safety Equipment Used,Improper passing,Unknown,,,Overtaking,,,,,driver,,Davenport (9),11 Division,Junction-Wallace Emerson,true,false,false,false,false,true,false,false,false,true,"{""coordinates"": [[-79.44519097596978, 43.66334426930831]], ""type"": ""MultiPoint""}"
6415,2010:1194692,2010-10-13T22:24:00,LANSDOWNE Aven,WALLACE Aven,,3,Non-Fatal Injury,,No Control,Sideswipe,Rain,Dark,Wet,Minor Arterial,false,-79.44519097596978,43.66334426930831,1,,,1,,,Other Safety Equipment Used,,,,,,,,,,owner,,Davenport (9),11 Division,Junction-Wallace Emerson,true,false,false,false,false,true,false,false,false,true,"{""coordinates"": [[-79.44519097596978, 43.66334426930831]], ""type"": ""MultiPoint""}"
6416,2010:1194692,2010-10-13T22:24:00,LANSDOWNE Aven,WALLACE Aven,,3,Non-Fatal Injury,,No Control,Sideswipe,Rain,Dark,Wet,Minor Arterial,false,-79.44519097596978,43.66334426930831,1,Truck - Open (Flatbed),North,2,39,None,Other Safety Equipment Used,Driving properly,Normal,,,Stopped,,,,,driver,,Davenport (9),11 Division,Junction-Wallace Emerson,true,false,false,false,false,true,false,false,false,true,"{""coordinates"": [[-79.44519097596978, 43.66334426930831]], ""type"": ""MultiPoint""}"
6417,2010:1200942,2010-10-14T06:22:00,STEELES AVE W,GERRY FITZGERALD DR,,2,Non-Fatal Injury,At Intersection,Traffic Signal,Pedestrian Collision(internal code),Rain,Dark,Wet,Major Arterial,false,-79.47479083497866,43.786144266840076,2,,South,2,63,Major,No Equipment Available,,,Crossing without right-of-way (intersection),Inattentive,,Driver going straight hits pedestrian crossing without right-of-way (at intersection),,,,pedestrian,,York Centre (6),32 Division,York University Heights,false,true,false,false,false,false,true,false,false,false,"{""coordinates"": [[-79.47479083497866, 43.786144266840076]], ""type"": ""MultiPoint""}"
6418,2010:1200942,2010-10-14T06:22:00,STEELES AVE W,GERRY FITZGERALD DR,,2,Non-Fatal Injury,At Intersection,Traffic Signal,Pedestrian Collision(internal code),Rain,Dark,Wet,Major Arterial,false,-79.47479083497866,43.786144266840076,1,Automobile or Station Wagon,East,1,47,None,Other Safety Equipment Used,Driving properly,Normal,,,Going Ahead,,,,,driver,,York Centre (6),32 Division,York University Heights,false,true,false,false,false,false,true,false,false,false,"{""coordinates"": [[-79.47479083497866, 43.786144266840076]], ""type"": ""MultiPoint""}"
6419,2010:1205176,2010-10-14T17:03:00,BLOOR ST E,CASTLE FRANK RD,,4,Non-Fatal Injury,,No Control,Approaching Head On,Rain,Daylight,Wet,Major Arterial,false,-79.36769081127845,43.67404415483499,2,,,3,,,Other Safety Equipment Used,,,,,,,,,,owner,,University-Rosedale (11),51 Division,Cabbagetown-South St.James Town,true,true,false,false,false,false,false,false,true,false,"{""coordinates"": [[-79.36769081127845, 43.67404415483499]], ""type"": ""MultiPoint""}"
6420,2010:1205176,2010-10-14T17:03:00,BLOOR ST E,CASTLE FRANK RD,,4,Non-Fatal Injury,,No Control,Approaching Head On,Rain,Daylight,Wet,Major Arterial,false,-79.36769081127845,43.67404415483499,2,Automobile or Station Wagon,West,4,30,Major,Lap and Shoulder Belt,Driving properly,Normal,,,Going Ahead,,,,,driver,,University-Rosedale (11),51 Division,Cabbagetown-South St.James Town,true,true,false,false,false,false,false,false,true,false,"{""coordinates"": [[-79.36769081127845, 43.67404415483499]], ""type"": ""MultiPoint""}"
6421,2010:1205176,2010-10-14T17:03:00,BLOOR ST E,CASTLE FRANK RD,,4,Non-Fatal Injury,,No Control,Approaching Head On,Rain,Daylight,Wet,Major Arterial,false,-79.36769081127845,43.67404415483499,1,,,1,,,Other Safety Equipment Used,,,,,,,,,,owner,,University-Rosedale (11),51 Division,Cabbagetown-South St.James Town,true,true,false,false,false,false,false,false,true,false,"{""coordinates"": [[-79.36769081127845, 43.67404415483499]], ""type"": ""MultiPoint""}"
6422,2010:1205176,2010-10-14T17:03:00,BLOOR ST E,CASTLE FRANK RD,,4,Non-Fatal Injury,,No Control,Approaching Head On,Rain,Daylight,Wet,Major Arterial,false,-79.36769081127845,43.67404415483499,1,Automobile or Station Wagon,East,2,17,Minimal,Lap and Shoulder Belt,Speed too fast for conditions,Inattentive,,,Going Ahead,,,,,driver,,University-Rosedale (11),51 Division,Cabbagetown-South St.James Town,true,true,false,false,false,false,false,false,true,false,"{""coordinates"": [[-79.36769081127845, 43.67404415483499]], ""type"": ""MultiPoint""}"
6423,2010:1201798,2010-10-16T15:53:00,CHURCH ST,MC GILL ST,,2,Non-Fatal Injury,,No Control,Turning Movement,Clear,Daylight,Dry,Minor Arterial,false,-79.37889085276025,43.660644173650766,2,Automobile or Station Wagon,South,2,22,None,Lap and Shoulder Belt,Improper turn,Normal,,,Turning Left,,,,,driver,,Toronto Centre (13),51 Division,Downtown Yonge East,false,false,false,true,false,false,false,false,false,false,"{""coordinates"": [[-79.37889085276025, 43.660644173650766]], ""type"": ""MultiPoint""}"
6424,2010:1201798,2010-10-16T15:53:00,CHURCH ST,MC GILL ST,,2,Non-Fatal Injury,,No Control,Turning Movement,Clear,Daylight,Dry,Minor Arterial,false,-79.37889085276025,43.660644173650766,1,Motorcycle,North,1,46,Major,Helmet,Driving properly,Normal,,,Going Ahead,,,,,motorcyclist,,Toronto Centre (13),51 Division,Downtown Yonge East,false,false,false,true,false,false,false,false,false,false,"{""coordinates"": [[-79.37889085276025, 43.660644173650766]], ""type"": ""MultiPoint""}"
6425,2010:1201223,2010-10-18T08:59:00,VICTORIA PARK AVE,ROWENA DR,,3,Non-Fatal Injury,At Intersection,Traffic Signal,Pedestrian Collision(internal code),Clear,Daylight,Dry,Major Arterial,false,-79.31299060491281,43.751444072428114,2,,West,2,15,Minor,Other Safety Equipment Used,,,Crossing without right-of-way (intersection),Inattentive,,Driver going straight hits pedestrian crossing without right-of-way (at intersection),,,,pedestrian,,Scarborough Centre (21),41 Division,Wexford/Maryvale,false,true,false,false,false,false,true,false,true,false,"{""coordinates"": [[-79.31299060491281, 43.751444072428114]], ""type"": ""MultiPoint""}"
6426,2010:1201223,2010-10-18T08:59:00,VICTORIA PARK AVE,ROWENA DR,,3,Non-Fatal Injury,At Intersection,Traffic Signal,Pedestrian Collision(internal code),Clear,Daylight,Dry,Major Arterial,false,-79.31299060491281,43.751444072428114,2,,West,3,16,Major,Other Safety Equipment Used,,,Crossing without right-of-way (intersection),Inattentive,,Driver going straight hits pedestrian crossing without right-of-way (at intersection),,,,pedestrian,,Scarborough Centre (21),41 Division,Wexford/Maryvale,false,true,false,false,false,false,true,false,true,false,"{""coordinates"": [[-79.31299060491281, 43.751444072428114]], ""type"": ""MultiPoint""}"
6427,2010:1201223,2010-10-18T08:59:00,VICTORIA PARK AVE,ROWENA DR,,3,Non-Fatal Injury,At Intersection,Traffic Signal,Pedestrian Collision(internal code),Clear,Daylight,Dry,Major Arterial,false,-79.31299060491281,43.751444072428114,1,Automobile or Station Wagon,North,1,32,None,Other Safety Equipment Used,Driving properly,Normal,,,Going Ahead,,,,,driver,,Scarborough Centre (21),41 Division,Wexford/Maryvale,false,true,false,false,false,false,true,false,true,false,"{""coordinates"": [[-79.31299060491281, 43.751444072428114]], ""type"": ""MultiPoint""}"
6428,2010:1201907,2010-10-20T18:25:00,QUEEN Stre E,KENILWORTH Aven,,2,Non-Fatal Injury,,No Control,Cyclist Collision,Clear,Dark,Dry,Minor Arterial,false,-79.30189069258807,43.66964406111228,1,Automobile or Station Wagon,West,1,28,None,Other Safety Equipment Used,Other,Normal,,,Parked,,,,,driver,,Beaches-East York (19),55 Division,The Beaches,false,false,true,false,false,false,false,false,false,false,"{""coordinates"": [[-79.30189069258807, 43.66964406111228]], ""type"": ""MultiPoint""}"
6429,2010:1201907,2010-10-20T18:25:00,QUEEN Stre E,KENILWORTH Aven,,2,Non-Fatal Injury,,No Control,Cyclist Collision,Clear,Dark,Dry,Minor Arterial,false,-79.30189069258807,43.66964406111228,2,Bicycle,West,2,50,Major,Helmet,,,,,Going Ahead,,Dooring,Other,Normal,cyclist,,Beaches-East York (19),55 Division,The Beaches,false,false,true,false,false,false,false,false,false,false,"{""coordinates"": [[-79.30189069258807, 43.66964406111228]], ""type"": ""MultiPoint""}"
6430,2010:1196444,2010-10-21T13:15:00,STEELES AVE W,CARPENTER RD,,3,Non-Fatal Injury,At Intersection,Traffic Signal,Pedestrian Collision(internal code),Clear,Daylight,Dry,Major Arterial,false,-79.44759078402157,43.792044233479686,1,Automobile or Station Wagon,South,2,23,None,Other Safety Equipment Used,Failed to yield right-of-way,Normal,,,Turning Left,,,,,driver,,York Centre (6),32 Division,,true,false,false,false,false,false,true,false,false,false,"{""coordinates"": [[-79.44759078402157, 43.792044233479686]], ""type"": ""MultiPoint""}"
6431,2010:1196444,2010-10-21T13:15:00,STEELES AVE W,CARPENTER RD,,3,Non-Fatal Injury,At Intersection,Traffic Signal,Pedestrian Collision(internal code),Clear,Daylight,Dry,Major Arterial,false,-79.44759078402157,43.792044233479686,1,,,1,,,Other Safety Equipment Used,,,,,,,,,,owner,,York Centre (6),32 Division,,true,false,false,false,false,false,true,false,false,false,"{""coordinates"": [[-79.44759078402157, 43.792044233479686]], ""type"": ""MultiPoint""}"
6432,2010:1196444,2010-10-21T13:15:00,STEELES AVE W,CARPENTER RD,,3,Non-Fatal Injury,At Intersection,Traffic Signal,Pedestrian Collision(internal code),Clear,Daylight,Dry,Major Arterial,false,-79.44759078402157,43.792044233479686,2,,North,3,64,Major,Other Safety Equipment Used,,,Crossing with right-of-way (intersection),Normal,,Driver turns left into pedestrian crossing with right-of-way (at intersection),,,,pedestrian,,York Centre (6),32 Division,,true,false,false,false,false,false,true,false,false,false,"{""coordinates"": [[-79.44759078402157, 43.792044233479686]], ""type"": ""MultiPoint""}"
6433,2010:1201944,2010-10-21T20:50:00,EGLINTON AVE E,BIRCHMOUNT RD,,2,Non-Fatal Injury,,No Control,Pedestrian Collision(internal code),Clear,Dark,Dry,Major Arterial,false,-79.27709057032668,43.73014402698105,2,,South,2,40,Major,Other Safety Equipment Used,,,Crossing - no traffic control,Inattentive,,Driver hits pedestrian at midblock,,,,pedestrian,,Scarborough Centre (21),41 Division,Ionview,false,true,false,false,false,false,true,false,false,false,"{""coordinates"": [[-79.27709057032668, 43.73014402698105]], ""type"": ""MultiPoint""}"
6434,2010:1201944,2010-10-21T20:50:00,EGLINTON AVE E,BIRCHMOUNT RD,,2,Non-Fatal Injury,,No Control,Pedestrian Collision(internal code),Clear,Dark,Dry,Major Arterial,false,-79.27709057032668,43.73014402698105,1,Automobile or Station Wagon,East,1,32,None,Lap and Shoulder Belt,Driving properly,Normal,,,Going Ahead,,,,,driver,,Scarborough Centre (21),41 Division,Ionview,false,true,false,false,false,false,true,false,false,false,"{""coordinates"": [[-79.27709057032668, 43.73014402698105]], ""type"": ""MultiPoint""}"
6435,2010:1196492,2010-10-21T23:28:00,120 MOUNT PLEASANT RD,,,2,Non-Fatal Injury,,No Control,Pedestrian Collision(internal code),Clear,Dark,Dry,Major Arterial,true,-79.38049083366323,43.675244172836216,1,Automobile or Station Wagon,South,1,49,None,Other Safety Equipment Used,Driving properly,Other Condition,,,Going Ahead,,,,,driver,,University-Rosedale (11),53 Division,Rosedale-Moore Park,false,false,false,false,false,false,true,false,false,false,"{""coordinates"": [[-79.38049083366323, 43.675244172836216]], ""type"": ""MultiPoint""}"
6436,2010:1196492,2010-10-21T23:28:00,120 MOUNT PLEASANT RD,,,2,Non-Fatal Injury,,No Control,Pedestrian Collision(internal code),Clear,Dark,Dry,Major Arterial,true,-79.38049083366323,43.675244172836216,2,,Unknown,2,37,Major,Other Safety Equipment Used,,,Crossing - no traffic control,Had Been Drinking,,Driver hits pedestrian at midblock,,,,pedestrian,,University-Rosedale (11),53 Division,Rosedale-Moore Park,false,false,false,false,false,false,true,false,false,false,"{""coordinates"": [[-79.38049083366323, 43.675244172836216]], ""type"": ""MultiPoint""}"
6437,2010:1196819,2010-10-22T08:17:00,INTERNATIONAL BLVD,CARLINGVIEW DR,,2,Non-Fatal Injury,At Intersection,Traffic Signal,Pedestrian Collision(internal code),Clear,Daylight,Dry,Major Arterial,false,-79.59109117370548,43.676844450754295,2,,North,2,58,Major,Other Safety Equipment Used,,,Crossing with right-of-way (intersection),Normal,,Driver turns left into pedestrian crossing with right-of-way (at intersection),,,,pedestrian,,Etobicoke North (1),23 Division,West Humber-Clairville,true,false,false,false,false,false,true,false,false,false,"{""coordinates"": [[-79.59109117370548, 43.676844450754295]], ""type"": ""MultiPoint""}"