_id,collision_id,accdate,stname1,stname2,stname3,per_inv,acclass,accloc,traffictl,impactype,visible,light,rdsfcond,road_class,failtorem,longitude,latitude,veh_no,vehtype,initdir,per_no,invage,injury,safequip,drivact,drivcond,pedact,pedcond,manoeuvre,pedtype,cyclistype,cycact,cyccond,road_user,fatal_no,wardname,division,neighbourhood,aggressive,distracted,cyclist,motorcyclist,other_micromobility,older_adult,pedestrian,red_light,school_child,heavy_truck,geometry
6438,2010:1196819,2010-10-22T08:17:00,INTERNATIONAL BLVD,CARLINGVIEW DR,,2,Non-Fatal Injury,At Intersection,Traffic Signal,Pedestrian Collision(internal code),Clear,Daylight,Dry,Major Arterial,false,-79.59109117370548,43.676844450754295,1,Automobile or Station Wagon,South,1,57,None,Other Safety Equipment Used,Failed to yield right-of-way,Normal,,,Turning Left,,,,,driver,,Etobicoke North (1),23 Division,West Humber-Clairville,true,false,false,false,false,false,true,false,false,false,"{""coordinates"": [[-79.59109117370548, 43.676844450754295]], ""type"": ""MultiPoint""}"
6439,2010:1202238,2010-10-23T02:32:00,BEVERLEY ST,CECIL ST,,5,Non-Fatal Injury,,No Control,Pedestrian Collision(internal code),Clear,Dark,Dry,Minor Arterial,false,-79.39499089017924,43.656544198141646,3,Automobile or Station Wagon,North,4,21,None,Lap and Shoulder Belt,Other,Ability Impaired - Alcohol Over .08,,,Going Ahead,,,,,driver,,University-Rosedale (11),52 Division,Kensington-Chinatown,false,false,false,false,false,false,true,false,false,false,"{""coordinates"": [[-79.39499089017924, 43.656544198141646]], ""type"": ""MultiPoint""}"
6440,2010:1202238,2010-10-23T02:32:00,BEVERLEY ST,CECIL ST,,5,Non-Fatal Injury,,No Control,Pedestrian Collision(internal code),Clear,Dark,Dry,Minor Arterial,false,-79.39499089017924,43.656544198141646,1,,North,1,,None,Other Safety Equipment Used,,,,,Parked,,,,,other,,University-Rosedale (11),52 Division,Kensington-Chinatown,false,false,false,false,false,false,true,false,false,false,"{""coordinates"": [[-79.39499089017924, 43.656544198141646]], ""type"": ""MultiPoint""}"
6441,2010:1202238,2010-10-23T02:32:00,BEVERLEY ST,CECIL ST,,5,Non-Fatal Injury,,No Control,Pedestrian Collision(internal code),Clear,Dark,Dry,Minor Arterial,false,-79.39499089017924,43.656544198141646,4,,Unknown,5,22,Major,Other Safety Equipment Used,,,Coming from behind parked vehicle or object,Normal,,Driver hits pedestrian walking or running out from between parked vehicles (at midblock),,,,pedestrian,,University-Rosedale (11),52 Division,Kensington-Chinatown,false,false,false,false,false,false,true,false,false,false,"{""coordinates"": [[-79.39499089017924, 43.656544198141646]], ""type"": ""MultiPoint""}"
6442,2010:1202238,2010-10-23T02:32:00,BEVERLEY ST,CECIL ST,,5,Non-Fatal Injury,,No Control,Pedestrian Collision(internal code),Clear,Dark,Dry,Minor Arterial,false,-79.39499089017924,43.656544198141646,2,,North,2,,None,Other Safety Equipment Used,,,,,Parked,,,,,other,,University-Rosedale (11),52 Division,Kensington-Chinatown,false,false,false,false,false,false,true,false,false,false,"{""coordinates"": [[-79.39499089017924, 43.656544198141646]], ""type"": ""MultiPoint""}"
6443,2010:1202238,2010-10-23T02:32:00,BEVERLEY ST,CECIL ST,,5,Non-Fatal Injury,,No Control,Pedestrian Collision(internal code),Clear,Dark,Dry,Minor Arterial,false,-79.39499089017924,43.656544198141646,3,,,3,,,Other Safety Equipment Used,,,,,,,,,,owner,,University-Rosedale (11),52 Division,Kensington-Chinatown,false,false,false,false,false,false,true,false,false,false,"{""coordinates"": [[-79.39499089017924, 43.656544198141646]], ""type"": ""MultiPoint""}"
6444,2010:1197862,2010-10-23T20:01:00,6212 YONGE ST,,,2,Non-Fatal Injury,,No Control,Pedestrian Collision(internal code),Rain,Dark,Wet,Major Arterial,false,-79.4191907353242,43.79474419964046,1,Automobile or Station Wagon,East,1,72,None,Other Safety Equipment Used,Failed to yield right-of-way,Normal,,,Going Ahead,,,,,driver,,Willowdale (18),32 Division,Newtonbrook East,true,false,false,false,false,true,true,false,false,false,"{""coordinates"": [[-79.4191907353242, 43.79474419964046]], ""type"": ""MultiPoint""}"
6445,2010:1197862,2010-10-23T20:01:00,6212 YONGE ST,,,2,Non-Fatal Injury,,No Control,Pedestrian Collision(internal code),Rain,Dark,Wet,Major Arterial,false,-79.4191907353242,43.79474419964046,2,,North,2,30,Major,No Equipment Available,,,On sidewalk or shoulder,Unknown,,Driver hits pedestrian at private driveway,,,,pedestrian,,Willowdale (18),32 Division,Newtonbrook East,true,false,false,false,false,true,true,false,false,false,"{""coordinates"": [[-79.4191907353242, 43.79474419964046]], ""type"": ""MultiPoint""}"
6446,2010:1202163,2010-10-23T22:50:00,DIXON RD,KIPLING AVE,,3,Non-Fatal Injury,At Intersection,Traffic Signal,Pedestrian Collision(internal code),Rain,Dark,Wet,Major Arterial,false,-79.55859109929708,43.69424440223883,1,Automobile or Station Wagon,East,1,23,None,Lap and Shoulder Belt,Lost control,Unknown,,,Turning Left,,,,,driver,,Etobicoke Centre (2),23 Division,Kingsview Village-The Westway,false,false,false,false,false,false,true,false,false,false,"{""coordinates"": [[-79.55859109929708, 43.69424440223883]], ""type"": ""MultiPoint""}"
6447,2010:1202163,2010-10-23T22:50:00,DIXON RD,KIPLING AVE,,3,Non-Fatal Injury,At Intersection,Traffic Signal,Pedestrian Collision(internal code),Rain,Dark,Wet,Major Arterial,false,-79.55859109929708,43.69424440223883,1,,,3,,,Other Safety Equipment Used,,,,,,,,,,owner,,Etobicoke Centre (2),23 Division,Kingsview Village-The Westway,false,false,false,false,false,false,true,false,false,false,"{""coordinates"": [[-79.55859109929708, 43.69424440223883]], ""type"": ""MultiPoint""}"
6448,2010:1202163,2010-10-23T22:50:00,DIXON RD,KIPLING AVE,,3,Non-Fatal Injury,At Intersection,Traffic Signal,Pedestrian Collision(internal code),Rain,Dark,Wet,Major Arterial,false,-79.55859109929708,43.69424440223883,2,,East,2,49,Major,Other Safety Equipment Used,,,Crossing with right-of-way (intersection),Normal,,Driver turns left into pedestrian crossing with right-of-way (at intersection),,,,pedestrian,,Etobicoke Centre (2),23 Division,Kingsview Village-The Westway,false,false,false,false,false,false,true,false,false,false,"{""coordinates"": [[-79.55859109929708, 43.69424440223883]], ""type"": ""MultiPoint""}"
6449,2010:1202192,2010-10-24T19:45:00,PARLIAMENT ST,GERRARD ST E,,2,Non-Fatal Injury,At Intersection,Traffic Signal,Pedestrian Collision(internal code),Clear,Dark,Dry,Minor Arterial,false,-79.36699082789733,43.66194415606473,1,Automobile or Station Wagon,South,1,50,None,Other Safety Equipment Used,Failed to yield right-of-way,Normal,,,Turning Left,,,,,driver,,Toronto Centre (13),51 Division,Regent Park,true,false,false,false,false,false,true,false,false,false,"{""coordinates"": [[-79.36699082789733, 43.66194415606473]], ""type"": ""MultiPoint""}"
6450,2010:1202192,2010-10-24T19:45:00,PARLIAMENT ST,GERRARD ST E,,2,Non-Fatal Injury,At Intersection,Traffic Signal,Pedestrian Collision(internal code),Clear,Dark,Dry,Minor Arterial,false,-79.36699082789733,43.66194415606473,2,,North,2,52,Major,Other Safety Equipment Used,,,Crossing with right-of-way (intersection),Normal,,Driver turns left into pedestrian crossing with right-of-way (at intersection),,,,pedestrian,,Toronto Centre (13),51 Division,Regent Park,true,false,false,false,false,false,true,false,false,false,"{""coordinates"": [[-79.36699082789733, 43.66194415606473]], ""type"": ""MultiPoint""}"
6451,2010:1202126,2010-10-24T20:22:00,KEELE ST,MURRAY ROSS PKWY,,2,Non-Fatal Injury,At Intersection,Traffic Signal,Turning Movement,Rain,Dark,Wet,Major Arterial,false,-79.49199088640628,43.767344291878274,2,Automobile or Station Wagon,North,2,23,Major,Lap and Shoulder Belt,Driving properly,Normal,,,Turning Left,,,,,driver,,York Centre (6),31 Division,York University Heights,true,false,false,false,false,false,false,true,false,false,"{""coordinates"": [[-79.49199088640628, 43.767344291878274]], ""type"": ""MultiPoint""}"
6452,2010:1202126,2010-10-24T20:22:00,KEELE ST,MURRAY ROSS PKWY,,2,Non-Fatal Injury,At Intersection,Traffic Signal,Turning Movement,Rain,Dark,Wet,Major Arterial,false,-79.49199088640628,43.767344291878274,1,Automobile or Station Wagon,South,1,54,None,Other Safety Equipment Used,Disobeyed traffic control,Unknown,,,Going Ahead,,,,,driver,,York Centre (6),31 Division,York University Heights,true,false,false,false,false,false,false,true,false,false,"{""coordinates"": [[-79.49199088640628, 43.767344291878274]], ""type"": ""MultiPoint""}"
6453,2010:1201108,2010-10-25T17:40:00,SHEPPARD AVE E,REAN DR,,4,Non-Fatal Injury,At Intersection,Traffic Signal,Turning Movement,Clear,Dark,Dry,Major Arterial,false,-79.38309070582534,43.767744158876674,2,,,2,,,Other Safety Equipment Used,,,,,,,,,,owner,,Don Valley North (17),33 Division,Bayview Village,true,true,false,false,false,false,false,false,false,false,"{""coordinates"": [[-79.38309070582534, 43.767744158876674]], ""type"": ""MultiPoint""}"
6454,2010:1201108,2010-10-25T17:40:00,SHEPPARD AVE E,REAN DR,,4,Non-Fatal Injury,At Intersection,Traffic Signal,Turning Movement,Clear,Dark,Dry,Major Arterial,false,-79.38309070582534,43.767744158876674,4,,,4,,,Other Safety Equipment Used,,,,,,,,,,owner,,Don Valley North (17),33 Division,Bayview Village,true,true,false,false,false,false,false,false,false,false,"{""coordinates"": [[-79.38309070582534, 43.767744158876674]], ""type"": ""MultiPoint""}"
6455,2010:1201108,2010-10-25T17:40:00,SHEPPARD AVE E,REAN DR,,4,Non-Fatal Injury,At Intersection,Traffic Signal,Turning Movement,Clear,Dark,Dry,Major Arterial,false,-79.38309070582534,43.767744158876674,3,Automobile or Station Wagon,East,3,33,Major,Lap and Shoulder Belt,Failed to yield right-of-way,Inattentive,,,Turning Left,,,,,driver,,Don Valley North (17),33 Division,Bayview Village,true,true,false,false,false,false,false,false,false,false,"{""coordinates"": [[-79.38309070582534, 43.767744158876674]], ""type"": ""MultiPoint""}"
6456,2010:1201108,2010-10-25T17:40:00,SHEPPARD AVE E,REAN DR,,4,Non-Fatal Injury,At Intersection,Traffic Signal,Turning Movement,Clear,Dark,Dry,Major Arterial,false,-79.38309070582534,43.767744158876674,1,Automobile or Station Wagon,West,1,49,Minor,Lap and Shoulder Belt,Driving properly,Normal,,,Going Ahead,,,,,driver,,Don Valley North (17),33 Division,Bayview Village,true,true,false,false,false,false,false,false,false,false,"{""coordinates"": [[-79.38309070582534, 43.767744158876674]], ""type"": ""MultiPoint""}"
6457,2010:1202550,2010-10-25T20:22:00,SHEPPARD AVE E,BIRCHMOUNT RD,,6,Non-Fatal Injury,At Intersection,Traffic Signal,Turning Movement,Clear,Dark,Dry,Major Arterial,false,-79.2980905533921,43.78104405620256,2,Automobile or Station Wagon,East,6,26,Minimal,Other Safety Equipment Used,Improper turn,Normal,,,Turning Left,,,,,driver,,Scarborough-Agincourt (22),42 Division,Tam O'Shanter-Sullivan,false,false,false,false,false,false,false,false,false,false,"{""coordinates"": [[-79.2980905533921, 43.78104405620256]], ""type"": ""MultiPoint""}"
6458,2010:1202550,2010-10-25T20:22:00,SHEPPARD AVE E,BIRCHMOUNT RD,,6,Non-Fatal Injury,At Intersection,Traffic Signal,Turning Movement,Clear,Dark,Dry,Major Arterial,false,-79.2980905533921,43.78104405620256,2,,,4,28,Major,Lap and Shoulder Belt,,,,,,,,,,passenger,,Scarborough-Agincourt (22),42 Division,Tam O'Shanter-Sullivan,false,false,false,false,false,false,false,false,false,false,"{""coordinates"": [[-79.2980905533921, 43.78104405620256]], ""type"": ""MultiPoint""}"
6459,2010:1202550,2010-10-25T20:22:00,SHEPPARD AVE E,BIRCHMOUNT RD,,6,Non-Fatal Injury,At Intersection,Traffic Signal,Turning Movement,Clear,Dark,Dry,Major Arterial,false,-79.2980905533921,43.78104405620256,2,,,3,,Major,Lap and Shoulder Belt,,,,,,,,,,passenger,,Scarborough-Agincourt (22),42 Division,Tam O'Shanter-Sullivan,false,false,false,false,false,false,false,false,false,false,"{""coordinates"": [[-79.2980905533921, 43.78104405620256]], ""type"": ""MultiPoint""}"
6460,2010:1202550,2010-10-25T20:22:00,SHEPPARD AVE E,BIRCHMOUNT RD,,6,Non-Fatal Injury,At Intersection,Traffic Signal,Turning Movement,Clear,Dark,Dry,Major Arterial,false,-79.2980905533921,43.78104405620256,1,,,1,45,Minor,Other Safety Equipment Used,,,,,,,,,,passenger,,Scarborough-Agincourt (22),42 Division,Tam O'Shanter-Sullivan,false,false,false,false,false,false,false,false,false,false,"{""coordinates"": [[-79.2980905533921, 43.78104405620256]], ""type"": ""MultiPoint""}"
6461,2010:1202550,2010-10-25T20:22:00,SHEPPARD AVE E,BIRCHMOUNT RD,,6,Non-Fatal Injury,At Intersection,Traffic Signal,Turning Movement,Clear,Dark,Dry,Major Arterial,false,-79.2980905533921,43.78104405620256,2,,,5,26,Major,Lap and Shoulder Belt,,,,,,,,,,passenger,,Scarborough-Agincourt (22),42 Division,Tam O'Shanter-Sullivan,false,false,false,false,false,false,false,false,false,false,"{""coordinates"": [[-79.2980905533921, 43.78104405620256]], ""type"": ""MultiPoint""}"
6462,2010:1202550,2010-10-25T20:22:00,SHEPPARD AVE E,BIRCHMOUNT RD,,6,Non-Fatal Injury,At Intersection,Traffic Signal,Turning Movement,Clear,Dark,Dry,Major Arterial,false,-79.2980905533921,43.78104405620256,2,,,2,,Minor,Other Safety Equipment Used,,,,,,,,,,passenger,,Scarborough-Agincourt (22),42 Division,Tam O'Shanter-Sullivan,false,false,false,false,false,false,false,false,false,false,"{""coordinates"": [[-79.2980905533921, 43.78104405620256]], ""type"": ""MultiPoint""}"
6463,2010:1202672,2010-10-27T07:26:00,DON MILLS RD,STEELES AVE E,,2,Non-Fatal Injury,At Intersection,Traffic Signal,Turning Movement,Clear,Daylight,Wet,Major Arterial,false,-79.36079062513082,43.811144130591394,2,Automobile or Station Wagon,South,2,32,None,Lap and Shoulder Belt,Driving properly,Normal,,,Turning Left,,,,,driver,,Don Valley North (17),33 Division,Hillcrest Village,true,false,false,true,false,false,false,true,false,false,"{""coordinates"": [[-79.36079062513082, 43.811144130591394]], ""type"": ""MultiPoint""}"
6464,2010:1202672,2010-10-27T07:26:00,DON MILLS RD,STEELES AVE E,,2,Non-Fatal Injury,At Intersection,Traffic Signal,Turning Movement,Clear,Daylight,Wet,Major Arterial,false,-79.36079062513082,43.811144130591394,1,Motorcycle,North,1,37,Major,Helmet,Disobeyed traffic control,Normal,,,Going Ahead,,,,,motorcyclist,,Don Valley North (17),33 Division,Hillcrest Village,true,false,false,true,false,false,false,true,false,false,"{""coordinates"": [[-79.36079062513082, 43.811144130591394]], ""type"": ""MultiPoint""}"
6465,2010:1202582,2010-10-27T09:10:00,BLOOR ST W,MARKLAND DR,,2,Non-Fatal Injury,At Intersection,Traffic Signal,Pedestrian Collision(internal code),Clear,Daylight,Dry,Major Arterial,false,-79.57079122878501,43.63354445153393,2,,North,2,85,Major,Other Safety Equipment Used,,,Crossing with right-of-way (intersection),Normal,,Driver turns left into pedestrian crossing with right-of-way (at intersection),,,,pedestrian,,Etobicoke Centre (2),22 Division,Markland Wood,true,false,false,false,false,true,true,false,false,false,"{""coordinates"": [[-79.57079122878501, 43.63354445153393]], ""type"": ""MultiPoint""}"
6466,2010:1202582,2010-10-27T09:10:00,BLOOR ST W,MARKLAND DR,,2,Non-Fatal Injury,At Intersection,Traffic Signal,Pedestrian Collision(internal code),Clear,Daylight,Dry,Major Arterial,false,-79.57079122878501,43.63354445153393,1,Automobile or Station Wagon,South,1,71,None,Lap and Shoulder Belt,Failed to yield right-of-way,Normal,,,Turning Left,,,,,driver,,Etobicoke Centre (2),22 Division,Markland Wood,true,false,false,false,false,true,true,false,false,false,"{""coordinates"": [[-79.57079122878501, 43.63354445153393]], ""type"": ""MultiPoint""}"
6467,2010:1198247,2010-10-29T18:34:00,1000 GERRARD St E,,,3,Non-Fatal Injury,,No Control,Pedestrian Collision(internal code),Clear,Dusk,Dry,Minor Arterial,false,-79.33859076383786,43.66864411396027,1,,,3,,Major,Other Safety Equipment Used,,,,,Other,,,,,pedestrian,,Toronto-Danforth (14),55 Division,South Riverdale,false,false,false,false,false,false,true,false,false,false,"{""coordinates"": [[-79.33859076383786, 43.66864411396027]], ""type"": ""MultiPoint""}"
6468,2010:1198247,2010-10-29T18:34:00,1000 GERRARD St E,,,3,Non-Fatal Injury,,No Control,Pedestrian Collision(internal code),Clear,Dusk,Dry,Minor Arterial,false,-79.33859076383786,43.66864411396027,1,Automobile or Station Wagon,,1,,None,Other Safety Equipment Used,,,,,Unknown,,,,,driver,,Toronto-Danforth (14),55 Division,South Riverdale,false,false,false,false,false,false,true,false,false,false,"{""coordinates"": [[-79.33859076383786, 43.66864411396027]], ""type"": ""MultiPoint""}"
6469,2010:1198247,2010-10-29T18:34:00,1000 GERRARD St E,,,3,Non-Fatal Injury,,No Control,Pedestrian Collision(internal code),Clear,Dusk,Dry,Minor Arterial,false,-79.33859076383786,43.66864411396027,1,,,2,,None,Other Safety Equipment Used,,,,,Going Ahead,,,,,other,,Toronto-Danforth (14),55 Division,South Riverdale,false,false,false,false,false,false,true,false,false,false,"{""coordinates"": [[-79.33859076383786, 43.66864411396027]], ""type"": ""MultiPoint""}"
6470,2010:1209188,2010-10-29T22:42:00,DUNDAS ST E,GEORGE ST,,1,Non-Fatal Injury,,No Control,SMV Other,Clear,Dark,Dry,Major Arterial,false,-79.37299084573621,43.657744165624834,1,Motorcycle,East,1,42,Major,Helmet,Lost control,Unknown,,,Going Ahead,,,,,motorcyclist,,Toronto Centre (13),51 Division,Moss Park,false,false,false,true,false,false,false,false,false,false,"{""coordinates"": [[-79.37299084573621, 43.657744165624834]], ""type"": ""MultiPoint""}"
6471,2010:1198672,2010-11-01T11:00:00,LAWRENCE AVE E,MCCOWAN RD,,2,Non-Fatal Injury,,No Control,Pedestrian Collision(internal code),Clear,Daylight,Dry,Major Arterial,false,-79.2452904889519,43.755543989701735,1,Automobile or Station Wagon,West,2,50,None,Other Safety Equipment Used,Driving properly,Normal,,,Going Ahead,,,,,driver,,Scarborough Centre (21),43 Division,Bendale South,false,false,false,false,false,false,true,false,false,false,"{""coordinates"": [[-79.2452904889519, 43.755543989701735]], ""type"": ""MultiPoint""}"
6472,2010:1198672,2010-11-01T11:00:00,LAWRENCE AVE E,MCCOWAN RD,,2,Non-Fatal Injury,,No Control,Pedestrian Collision(internal code),Clear,Daylight,Dry,Major Arterial,false,-79.2452904889519,43.755543989701735,1,,South,1,49,Major,Other Safety Equipment Used,,,Crossing - no traffic control,Unknown,,Driver hits pedestrian at midblock,,,,pedestrian,,Scarborough Centre (21),43 Division,Bendale South,false,false,false,false,false,false,true,false,false,false,"{""coordinates"": [[-79.2452904889519, 43.755543989701735]], ""type"": ""MultiPoint""}"
6473,2010:1203098,2010-11-01T14:10:00,ROYAL YORK RD,NEWCASTLE ST,,2,Non-Fatal Injury,,Traffic Signal,Pedestrian Collision(internal code),Clear,Daylight,Dry,Minor Arterial,false,-79.49889116344663,43.61744436977539,2,,East,2,69,Major,Other Safety Equipment Used,,,Crossing with right-of-way (intersection),Normal,,Driver turns left into pedestrian crossing with right-of-way (at intersection),,,,pedestrian,,Etobicoke-Lakeshore (3),22 Division,Mimico-Queensway,true,false,false,false,false,true,true,false,false,false,"{""coordinates"": [[-79.49889116344663, 43.61744436977539]], ""type"": ""MultiPoint""}"
6474,2010:1203098,2010-11-01T14:10:00,ROYAL YORK RD,NEWCASTLE ST,,2,Non-Fatal Injury,,Traffic Signal,Pedestrian Collision(internal code),Clear,Daylight,Dry,Minor Arterial,false,-79.49889116344663,43.61744436977539,1,Automobile or Station Wagon,West,1,85,None,Lap and Shoulder Belt,Failed to yield right-of-way,Normal,,,Turning Left,,,,,driver,,Etobicoke-Lakeshore (3),22 Division,Mimico-Queensway,true,false,false,false,false,true,true,false,false,false,"{""coordinates"": [[-79.49889116344663, 43.61744436977539]], ""type"": ""MultiPoint""}"
6475,2010:1203088,2010-11-01T17:40:00,AVENUE RD,ST CLAIR AVE W,,7,Non-Fatal Injury,,No Control,Rear End,Clear,Daylight,Dry,Major Arterial,false,-79.4018908546711,43.6875442000418,5,Automobile or Station Wagon,South,5,68,Major,Lap and Shoulder Belt,Lost control,Medical or Physical Disability,,,Going Ahead,,,,,driver,,Toronto-St. Paul's (12),53 Division,Casa Loma,false,false,false,false,false,true,false,false,false,false,"{""coordinates"": [[-79.4018908546711, 43.6875442000418]], ""type"": ""MultiPoint""}"
6476,2010:1203088,2010-11-01T17:40:00,AVENUE RD,ST CLAIR AVE W,,7,Non-Fatal Injury,,No Control,Rear End,Clear,Daylight,Dry,Major Arterial,false,-79.4018908546711,43.6875442000418,6,Automobile or Station Wagon,South,7,33,Minimal,Lap and Shoulder Belt,Driving properly,Normal,,,Stopped,,,,,driver,,Toronto-St. Paul's (12),53 Division,Casa Loma,false,false,false,false,false,true,false,false,false,false,"{""coordinates"": [[-79.4018908546711, 43.6875442000418]], ""type"": ""MultiPoint""}"
6477,2010:1203088,2010-11-01T17:40:00,AVENUE RD,ST CLAIR AVE W,,7,Non-Fatal Injury,,No Control,Rear End,Clear,Daylight,Dry,Major Arterial,false,-79.4018908546711,43.6875442000418,6,,,6,22,Minimal,Lap and Shoulder Belt,,,,,,,,,,passenger,,Toronto-St. Paul's (12),53 Division,Casa Loma,false,false,false,false,false,true,false,false,false,false,"{""coordinates"": [[-79.4018908546711, 43.6875442000418]], ""type"": ""MultiPoint""}"
6478,2010:1203088,2010-11-01T17:40:00,AVENUE RD,ST CLAIR AVE W,,7,Non-Fatal Injury,,No Control,Rear End,Clear,Daylight,Dry,Major Arterial,false,-79.4018908546711,43.6875442000418,1,Automobile or Station Wagon,South,1,37,None,Lap and Shoulder Belt,Driving properly,Normal,,,Going Ahead,,,,,driver,,Toronto-St. Paul's (12),53 Division,Casa Loma,false,false,false,false,false,true,false,false,false,false,"{""coordinates"": [[-79.4018908546711, 43.6875442000418]], ""type"": ""MultiPoint""}"
6479,2010:1203088,2010-11-01T17:40:00,AVENUE RD,ST CLAIR AVE W,,7,Non-Fatal Injury,,No Control,Rear End,Clear,Daylight,Dry,Major Arterial,false,-79.4018908546711,43.6875442000418,4,Automobile or Station Wagon,South,4,43,None,Lap and Shoulder Belt,Driving properly,Normal,,,Stopped,,,,,driver,,Toronto-St. Paul's (12),53 Division,Casa Loma,false,false,false,false,false,true,false,false,false,false,"{""coordinates"": [[-79.4018908546711, 43.6875442000418]], ""type"": ""MultiPoint""}"
6480,2010:1203088,2010-11-01T17:40:00,AVENUE RD,ST CLAIR AVE W,,7,Non-Fatal Injury,,No Control,Rear End,Clear,Daylight,Dry,Major Arterial,false,-79.4018908546711,43.6875442000418,2,Automobile or Station Wagon,South,2,59,None,Lap and Shoulder Belt,Driving properly,Normal,,,Going Ahead,,,,,driver,,Toronto-St. Paul's (12),53 Division,Casa Loma,false,false,false,false,false,true,false,false,false,false,"{""coordinates"": [[-79.4018908546711, 43.6875442000418]], ""type"": ""MultiPoint""}"
6481,2010:1203088,2010-11-01T17:40:00,AVENUE RD,ST CLAIR AVE W,,7,Non-Fatal Injury,,No Control,Rear End,Clear,Daylight,Dry,Major Arterial,false,-79.4018908546711,43.6875442000418,3,Automobile or Station Wagon,South,3,28,None,Lap and Shoulder Belt,Driving properly,Normal,,,Going Ahead,,,,,driver,,Toronto-St. Paul's (12),53 Division,Casa Loma,false,false,false,false,false,true,false,false,false,false,"{""coordinates"": [[-79.4018908546711, 43.6875442000418]], ""type"": ""MultiPoint""}"
6482,2010:1198936,2010-11-02T09:56:00,STEELES AVE E,PUTNAM GT,,2,Non-Fatal Injury,,Traffic Signal,Pedestrian Collision(internal code),Clear,Daylight,Dry,Major Arterial,false,-79.31229053846154,43.82244407554382,2,,North,2,78,Major,Use Unknown,,,Crossing with right-of-way (intersection),Normal,,Driver turns left into pedestrian crossing with right-of-way (at intersection),,,,pedestrian,,Scarborough-Agincourt (22),42 Division,Steeles,false,true,false,false,false,true,true,false,false,false,"{""coordinates"": [[-79.31229053846154, 43.82244407554382]], ""type"": ""MultiPoint""}"
6483,2010:1198936,2010-11-02T09:56:00,STEELES AVE E,PUTNAM GT,,2,Non-Fatal Injury,,Traffic Signal,Pedestrian Collision(internal code),Clear,Daylight,Dry,Major Arterial,false,-79.31229053846154,43.82244407554382,1,Automobile or Station Wagon,South,1,56,None,Other Safety Equipment Used,Improper turn,Inattentive,,,Turning Left,,,,,driver,,Scarborough-Agincourt (22),42 Division,Steeles,false,true,false,false,false,true,true,false,false,false,"{""coordinates"": [[-79.31229053846154, 43.82244407554382]], ""type"": ""MultiPoint""}"
6484,2010:1199249,2010-11-03T08:58:00,MOUNT PLEASANT RD,LAWRENCE AVE E,,3,Non-Fatal Injury,At Intersection,Traffic Signal,Pedestrian Collision(internal code),Clear,Daylight,Dry,Major Arterial,false,-79.39639078386153,43.726344182571445,1,,,2,2,None,Other Safety Equipment Used,,,,,,,,,,passenger,,Don Valley West (15),53 Division,Lawrence Park South,true,false,false,false,false,false,true,false,false,false,"{""coordinates"": [[-79.39639078386153, 43.726344182571445]], ""type"": ""MultiPoint""}"
6485,2010:1199249,2010-11-03T08:58:00,MOUNT PLEASANT RD,LAWRENCE AVE E,,3,Non-Fatal Injury,At Intersection,Traffic Signal,Pedestrian Collision(internal code),Clear,Daylight,Dry,Major Arterial,false,-79.39639078386153,43.726344182571445,1,Automobile or Station Wagon,South,3,37,None,Other Safety Equipment Used,Failed to yield right-of-way,Normal,,,Turning Left,,,,,driver,,Don Valley West (15),53 Division,Lawrence Park South,true,false,false,false,false,false,true,false,false,false,"{""coordinates"": [[-79.39639078386153, 43.726344182571445]], ""type"": ""MultiPoint""}"
6486,2010:1199249,2010-11-03T08:58:00,MOUNT PLEASANT RD,LAWRENCE AVE E,,3,Non-Fatal Injury,At Intersection,Traffic Signal,Pedestrian Collision(internal code),Clear,Daylight,Dry,Major Arterial,false,-79.39639078386153,43.726344182571445,1,,North,1,22,Major,Other Safety Equipment Used,,,Crossing with right-of-way (intersection),Normal,,Driver turns left into pedestrian crossing with right-of-way (at intersection),,,,pedestrian,,Don Valley West (15),53 Division,Lawrence Park South,true,false,false,false,false,false,true,false,false,false,"{""coordinates"": [[-79.39639078386153, 43.726344182571445]], ""type"": ""MultiPoint""}"
6487,2010:1203535,2010-11-03T10:50:00,MIDLAND AVE,BENJAMIN BLVD,,3,Non-Fatal Injury,At Intersection,No Control,Rear End,Clear,Daylight,Dry,Minor Arterial,false,-79.2570905330314,43.73224400120773,1,Automobile or Station Wagon,North,2,72,Minor,Lap and Shoulder Belt,Lost control,Normal,,,Going Ahead,,,,,driver,,Scarborough Southwest (20),41 Division,Kennedy Park,false,false,false,false,false,true,false,false,false,false,"{""coordinates"": [[-79.2570905330314, 43.73224400120773]], ""type"": ""MultiPoint""}"
6488,2010:1203535,2010-11-03T10:50:00,MIDLAND AVE,BENJAMIN BLVD,,3,Non-Fatal Injury,At Intersection,No Control,Rear End,Clear,Daylight,Dry,Minor Arterial,false,-79.2570905330314,43.73224400120773,2,Automobile or Station Wagon,North,3,20,Major,Lap and Shoulder Belt,Driving properly,Normal,,,Stopped,,,,,driver,,Scarborough Southwest (20),41 Division,Kennedy Park,false,false,false,false,false,true,false,false,false,false,"{""coordinates"": [[-79.2570905330314, 43.73224400120773]], ""type"": ""MultiPoint""}"
6489,2010:1203535,2010-11-03T10:50:00,MIDLAND AVE,BENJAMIN BLVD,,3,Non-Fatal Injury,At Intersection,No Control,Rear End,Clear,Daylight,Dry,Minor Arterial,false,-79.2570905330314,43.73224400120773,1,,,1,,,Other Safety Equipment Used,,,,,,,,,,owner,,Scarborough Southwest (20),41 Division,Kennedy Park,false,false,false,false,false,true,false,false,false,false,"{""coordinates"": [[-79.2570905330314, 43.73224400120773]], ""type"": ""MultiPoint""}"