_id,collision_id,accdate,stname1,stname2,stname3,per_inv,acclass,accloc,traffictl,impactype,visible,light,rdsfcond,road_class,failtorem,longitude,latitude,veh_no,vehtype,initdir,per_no,invage,injury,safequip,drivact,drivcond,pedact,pedcond,manoeuvre,pedtype,cyclistype,cycact,cyccond,road_user,fatal_no,wardname,division,neighbourhood,aggressive,distracted,cyclist,motorcyclist,other_micromobility,older_adult,pedestrian,red_light,school_child,heavy_truck,geometry
6490,2010:1204248,2010-11-07T00:15:00,AUGUSTA AVE,COLLEGE ST,,3,Non-Fatal Injury,,No Control,Pedestrian Collision(internal code),Clear,Dark,Dry,Collector,true,-79.40288990548885,43.656545209731036,3,,East,3,47,Major,Other Safety Equipment Used,,,Crossing - no traffic control,Had Been Drinking,,Driver hits pedestrian at midblock,,,,pedestrian,,University-Rosedale (11),14 Division,Kensington-Chinatown,false,false,false,false,false,false,true,false,true,false,"{""coordinates"": [[-79.40288990548885, 43.656545209731036]], ""type"": ""MultiPoint""}"
6491,2010:1204248,2010-11-07T00:15:00,AUGUSTA AVE,COLLEGE ST,,3,Non-Fatal Injury,,No Control,Pedestrian Collision(internal code),Clear,Dark,Dry,Collector,true,-79.40288990548885,43.656545209731036,2,Automobile or Station Wagon,South,2,19,None,Lap and Shoulder Belt,Wrong way on one-way road,Unknown,,,Going Ahead,,,,,driver,,University-Rosedale (11),14 Division,Kensington-Chinatown,false,false,false,false,false,false,true,false,true,false,"{""coordinates"": [[-79.40288990548885, 43.656545209731036]], ""type"": ""MultiPoint""}"
6492,2010:1204248,2010-11-07T00:15:00,AUGUSTA AVE,COLLEGE ST,,3,Non-Fatal Injury,,No Control,Pedestrian Collision(internal code),Clear,Dark,Dry,Collector,true,-79.40288990548885,43.656545209731036,1,,,1,,,Other Safety Equipment Used,,,,,,,,,,other,,University-Rosedale (11),14 Division,Kensington-Chinatown,false,false,false,false,false,false,true,false,true,false,"{""coordinates"": [[-79.40288990548885, 43.656545209731036]], ""type"": ""MultiPoint""}"
6493,2010:1199895,2010-11-07T04:43:00,96 JAMESON Aven,,,1,Non-Fatal Injury,,No Control,Other,Clear,Dark,Dry,Minor Arterial,false,-79.43529100429906,43.63494426467809,1,Automobile or Station Wagon,,1,36,Major,Other Safety Equipment Used,,,,,Unknown,,,,,driver,,Parkdale-High Park (4),14 Division,South Parkdale,false,false,false,false,false,false,false,false,false,false,"{""coordinates"": [[-79.43529100429906, 43.63494426467809]], ""type"": ""MultiPoint""}"
6494,2010:1200535,2010-11-09T21:46:00,KIPLING AVE,ALBION RD,,2,Non-Fatal Injury,,No Control,Pedestrian Collision(internal code),Clear,Dark,Dry,Major Arterial,false,-79.5797910431223,43.738544401051,1,,East,1,68,Major,Other Safety Equipment Used,,,Crossing - no traffic control,Inattentive,,Driver hits pedestrian at midblock,,,,pedestrian,,Etobicoke North (1),23 Division,Thistletown-Beaumond Heights,false,true,false,false,false,true,true,false,false,false,"{""coordinates"": [[-79.5797910431223, 43.738544401051]], ""type"": ""MultiPoint""}"
6495,2010:1200535,2010-11-09T21:46:00,KIPLING AVE,ALBION RD,,2,Non-Fatal Injury,,No Control,Pedestrian Collision(internal code),Clear,Dark,Dry,Major Arterial,false,-79.5797910431223,43.738544401051,1,,East,3,68,Major,Other Safety Equipment Used,,,Crossing - no traffic control,Inattentive,,Driver hits pedestrian at midblock,,,,pedestrian,,Etobicoke North (1),23 Division,Thistletown-Beaumond Heights,false,true,false,false,false,true,true,false,false,false,"{""coordinates"": [[-79.5797910431223, 43.738544401051]], ""type"": ""MultiPoint""}"
6496,2010:1200535,2010-11-09T21:46:00,KIPLING AVE,ALBION RD,,2,Non-Fatal Injury,,No Control,Pedestrian Collision(internal code),Clear,Dark,Dry,Major Arterial,false,-79.5797910431223,43.738544401051,2,Automobile or Station Wagon,North,2,68,None,Other Safety Equipment Used,Other,Ability Impaired - Alcohol,,,Going Ahead,,,,,driver,,Etobicoke North (1),23 Division,Thistletown-Beaumond Heights,false,true,false,false,false,true,true,false,false,false,"{""coordinates"": [[-79.5797910431223, 43.738544401051]], ""type"": ""MultiPoint""}"
6497,2010:1200931,2010-11-11T09:34:00,F G GARDINER Expr W,DON VALLEY PARKWAY N,,1,Non-Fatal Injury,,No Control,SMV Other,Clear,Daylight,Dry,,false,-79.34899080933359,43.650744131474475,1,Motorcycle,West,1,27,Major,Helmet,Lost control,Normal,,,Going Ahead,,,,,motorcyclist,,Spadina-Fort York (10),51 Division,St Lawrence-East Bayfront-The Islands,false,false,false,true,false,false,false,false,false,false,"{""coordinates"": [[-79.34899080933359, 43.650744131474475]], ""type"": ""MultiPoint""}"
6498,2010:1207710,2010-11-11T12:25:00,KINGSTON RD,MARKHAM RD,,2,Non-Fatal Injury,At Intersection,Traffic Signal,Turning Movement,Clear,Daylight,Dry,Major Arterial,false,-79.21699046542852,43.73874395790104,2,Automobile or Station Wagon,West,2,24,None,Lap and Shoulder Belt,Improper turn,Normal,,,Turning Left,,,,,driver,,Scarborough-Guildwood (24),43 Division,Scarborough Village,false,false,false,true,false,false,false,false,false,false,"{""coordinates"": [[-79.21699046542852, 43.73874395790104]], ""type"": ""MultiPoint""}"
6499,2010:1207710,2010-11-11T12:25:00,KINGSTON RD,MARKHAM RD,,2,Non-Fatal Injury,At Intersection,Traffic Signal,Turning Movement,Clear,Daylight,Dry,Major Arterial,false,-79.21699046542852,43.73874395790104,1,Motorcycle,East,1,48,Major,Other Safety Equipment Used,Driving properly,Normal,,,Going Ahead,,,,,motorcyclist,,Scarborough-Guildwood (24),43 Division,Scarborough Village,false,false,false,true,false,false,false,false,false,false,"{""coordinates"": [[-79.21699046542852, 43.73874395790104]], ""type"": ""MultiPoint""}"
6500,2010:1207741,2010-11-12T18:20:00,322 THE WESTWAY,,,3,Non-Fatal Injury,,No Control,Pedestrian Collision(internal code),Clear,Dark,Dry,Minor Arterial,false,-79.5576911147845,43.68534440618012,1,,,1,,,Other Safety Equipment Used,,,,,,,,,,owner,,Etobicoke Centre (2),23 Division,Willowridge-Martingrove-Richview,false,false,false,false,false,false,true,false,false,false,"{""coordinates"": [[-79.5576911147845, 43.68534440618012]], ""type"": ""MultiPoint""}"
6501,2010:1207741,2010-11-12T18:20:00,322 THE WESTWAY,,,3,Non-Fatal Injury,,No Control,Pedestrian Collision(internal code),Clear,Dark,Dry,Minor Arterial,false,-79.5576911147845,43.68534440618012,2,,South,3,46,Major,Other Safety Equipment Used,,,Crossing - no traffic control,Had Been Drinking,,Driver hits pedestrian at midblock,,,,pedestrian,,Etobicoke Centre (2),23 Division,Willowridge-Martingrove-Richview,false,false,false,false,false,false,true,false,false,false,"{""coordinates"": [[-79.5576911147845, 43.68534440618012]], ""type"": ""MultiPoint""}"
6502,2010:1204378,2010-11-28T05:45:00,BLOOR RAMP,CASTLE FRANK RD,,4,Non-Fatal Injury,,No Control,SMV Other,Clear,Dark,Dry,,false,-79.36809080832037,43.67654415493882,2,,,2,,,No Equipment Available,,,,,,,,,,owner,,University-Rosedale (11),53 Division,Rosedale-Moore Park,false,false,false,false,false,false,false,false,false,false,"{""coordinates"": [[-79.36809080832037, 43.67654415493882]], ""type"": ""MultiPoint""}"
6503,2010:1207741,2010-11-12T18:20:00,322 THE WESTWAY,,,3,Non-Fatal Injury,,No Control,Pedestrian Collision(internal code),Clear,Dark,Dry,Minor Arterial,false,-79.5576911147845,43.68534440618012,1,Automobile or Station Wagon,West,2,43,None,Lap and Shoulder Belt,Driving properly,Normal,,,Going Ahead,,,,,driver,,Etobicoke Centre (2),23 Division,Willowridge-Martingrove-Richview,false,false,false,false,false,false,true,false,false,false,"{""coordinates"": [[-79.5576911147845, 43.68534440618012]], ""type"": ""MultiPoint""}"
6504,2010:1205839,2010-11-13T14:30:00,LAKE SHORE Boul W,ONTARIO Driv,,2,Non-Fatal Injury,At Intersection,Traffic Signal,Turning Movement,Clear,Daylight,Dry,Major Arterial,false,-79.41979098066541,43.63044424253879,1,Motorcycle,West,1,29,Major,Helmet,Driving properly,Normal,,,Going Ahead,,,,,motorcyclist,,Spadina-Fort York (10),14 Division,Fort York-Liberty Village,false,false,false,true,false,true,false,false,false,false,"{""coordinates"": [[-79.41979098066541, 43.63044424253879]], ""type"": ""MultiPoint""}"
6505,2010:1205839,2010-11-13T14:30:00,LAKE SHORE Boul W,ONTARIO Driv,,2,Non-Fatal Injury,At Intersection,Traffic Signal,Turning Movement,Clear,Daylight,Dry,Major Arterial,false,-79.41979098066541,43.63044424253879,2,Automobile or Station Wagon,East,2,70,None,Other Safety Equipment Used,Improper turn,Normal,,,Turning Left,,,,,driver,,Spadina-Fort York (10),14 Division,Fort York-Liberty Village,false,false,false,true,false,true,false,false,false,false,"{""coordinates"": [[-79.41979098066541, 43.63044424253879]], ""type"": ""MultiPoint""}"
6506,2010:1203754,2010-11-14T03:30:00,SPADINA Rd,BLOOR St W,,2,Non-Fatal Injury,At Intersection,Traffic Signal,Pedestrian Collision(internal code),Clear,Dark,Dry,Major Arterial,true,-79.40389089144998,43.666644208473706,1,,North,2,21,Major,Other Safety Equipment Used,,,Crossing with right-of-way (intersection),Had Been Drinking,,Driver going straight hits pedestrian crossing with right-of-way (at intersection),,,,pedestrian,,University-Rosedale (11),14 Division,University,true,false,false,false,false,false,true,false,false,false,"{""coordinates"": [[-79.40389089144998, 43.666644208473706]], ""type"": ""MultiPoint""}"
6507,2010:1203754,2010-11-14T03:30:00,SPADINA Rd,BLOOR St W,,2,Non-Fatal Injury,At Intersection,Traffic Signal,Pedestrian Collision(internal code),Clear,Dark,Dry,Major Arterial,true,-79.40389089144998,43.666644208473706,1,Automobile or Station Wagon,North,1,,None,Other Safety Equipment Used,Failed to yield right-of-way,Unknown,,,Going Ahead,,,,,driver,,University-Rosedale (11),14 Division,University,true,false,false,false,false,false,true,false,false,false,"{""coordinates"": [[-79.40389089144998, 43.666644208473706]], ""type"": ""MultiPoint""}"
6508,2010:1207328,2010-11-14T18:50:00,JANE ST,EGLINTON AVE W,,2,Non-Fatal Injury,At Intersection,Traffic Signal,Pedestrian Collision(internal code),Clear,Dark,Dry,Major Arterial,true,-79.49879104010617,43.68444433675469,1,Automobile or Station Wagon,South,1,39,None,Other Safety Equipment Used,Driving properly,Normal,,,Going Ahead,,,,,driver,,York South-Weston (5),12 Division,Mount Dennis,false,false,false,false,false,false,true,false,false,false,"{""coordinates"": [[-79.49879104010617, 43.68444433675469]], ""type"": ""MultiPoint""}"
6509,2010:1207328,2010-11-14T18:50:00,JANE ST,EGLINTON AVE W,,2,Non-Fatal Injury,At Intersection,Traffic Signal,Pedestrian Collision(internal code),Clear,Dark,Dry,Major Arterial,true,-79.49879104010617,43.68444433675469,2,,East,2,41,Major,No Equipment Available,,,Crossing without right-of-way (intersection),Unknown,,Driver going straight hits pedestrian crossing without right-of-way (at intersection),,,,pedestrian,,York South-Weston (5),12 Division,Mount Dennis,false,false,false,false,false,false,true,false,false,false,"{""coordinates"": [[-79.49879104010617, 43.68444433675469]], ""type"": ""MultiPoint""}"
6510,2010:1207434,2010-11-14T19:58:00,FALMOUTH Aven,DANFORTH Road,,4,Non-Fatal Injury,At Intersection,Stop Sign,Turning Movement,Clear,Dark,Dry,Major Arterial,false,-79.25099052444078,43.73054399318568,1,Automobile or Station Wagon,West,2,53,Major,Lap and Shoulder Belt,Driving properly,Unknown,,,Going Ahead,,,,,driver,,Scarborough Southwest (20),41 Division,Kennedy Park,true,true,false,false,false,true,false,false,false,false,"{""coordinates"": [[-79.25099052444078, 43.73054399318568]], ""type"": ""MultiPoint""}"
6511,2010:1207434,2010-11-14T19:58:00,FALMOUTH Aven,DANFORTH Road,,4,Non-Fatal Injury,At Intersection,Stop Sign,Turning Movement,Clear,Dark,Dry,Major Arterial,false,-79.25099052444078,43.73054399318568,3,Automobile or Station Wagon,South,4,85,Minimal,Lap and Shoulder Belt,Failed to yield right-of-way,Inattentive,,,Turning Left,,,,,driver,,Scarborough Southwest (20),41 Division,Kennedy Park,true,true,false,false,false,true,false,false,false,false,"{""coordinates"": [[-79.25099052444078, 43.73054399318568]], ""type"": ""MultiPoint""}"
6512,2010:1207434,2010-11-14T19:58:00,FALMOUTH Aven,DANFORTH Road,,4,Non-Fatal Injury,At Intersection,Stop Sign,Turning Movement,Clear,Dark,Dry,Major Arterial,false,-79.25099052444078,43.73054399318568,1,,,1,46,Major,Lap and Shoulder Belt,,,,,,,,,,passenger,,Scarborough Southwest (20),41 Division,Kennedy Park,true,true,false,false,false,true,false,false,false,false,"{""coordinates"": [[-79.25099052444078, 43.73054399318568]], ""type"": ""MultiPoint""}"
6513,2010:1207434,2010-11-14T19:58:00,FALMOUTH Aven,DANFORTH Road,,4,Non-Fatal Injury,At Intersection,Stop Sign,Turning Movement,Clear,Dark,Dry,Major Arterial,false,-79.25099052444078,43.73054399318568,2,Automobile or Station Wagon,East,3,41,Minimal,Lap and Shoulder Belt,Driving properly,Normal,,,Going Ahead,,,,,driver,,Scarborough Southwest (20),41 Division,Kennedy Park,true,true,false,false,false,true,false,false,false,false,"{""coordinates"": [[-79.25099052444078, 43.73054399318568]], ""type"": ""MultiPoint""}"
6514,2010:1201760,2010-11-15T23:03:00,STEELES Aven W,HIGHWAY 400 N,,2,Non-Fatal Injury,At Intersection,Traffic Signal,Turning Movement,Clear,Dark,Dry,Major Arterial,false,-79.53789094051702,43.77204434126208,1,Motorcycle,West,1,23,Major,Helmet,Driving properly,Normal,,,Going Ahead,,,,,motorcyclist,,Humber River-Black Creek (7),31 Division,Humber Summit,false,true,false,true,false,false,false,false,false,false,"{""coordinates"": [[-79.53789094051702, 43.77204434126208]], ""type"": ""MultiPoint""}"
6515,2010:1201760,2010-11-15T23:03:00,STEELES Aven W,HIGHWAY 400 N,,2,Non-Fatal Injury,At Intersection,Traffic Signal,Turning Movement,Clear,Dark,Dry,Major Arterial,false,-79.53789094051702,43.77204434126208,2,Automobile or Station Wagon,East,2,22,Minor,Lap and Shoulder Belt,Improper turn,Inattentive,,,Turning Left,,,,,driver,,Humber River-Black Creek (7),31 Division,Humber Summit,false,true,false,true,false,false,false,false,false,false,"{""coordinates"": [[-79.53789094051702, 43.77204434126208]], ""type"": ""MultiPoint""}"
6516,2010:1205226,2010-11-16T18:20:00,PARKSIDE DR,HOWARD PARK AVE,,3,Non-Fatal Injury,At Intersection,Traffic Signal,Pedestrian Collision(internal code),Rain,Dark,Wet,Major Arterial,false,-79.45779102555565,43.64864429340598,1,Automobile or Station Wagon,South,1,39,None,Other Safety Equipment Used,Failed to yield right-of-way,Normal,,,Turning Left,,,,,driver,,Parkdale-High Park (4),11 Division,High Park-Swansea,true,false,false,false,false,false,true,false,false,false,"{""coordinates"": [[-79.45779102555565, 43.64864429340598]], ""type"": ""MultiPoint""}"
6517,2010:1205226,2010-11-16T18:20:00,PARKSIDE DR,HOWARD PARK AVE,,3,Non-Fatal Injury,At Intersection,Traffic Signal,Pedestrian Collision(internal code),Rain,Dark,Wet,Major Arterial,false,-79.45779102555565,43.64864429340598,2,,South,2,25,Major,No Equipment Available,,,Crossing with right-of-way (intersection),Normal,,Driver turns left into pedestrian crossing with right-of-way (at intersection),,,,pedestrian,,Parkdale-High Park (4),11 Division,High Park-Swansea,true,false,false,false,false,false,true,false,false,false,"{""coordinates"": [[-79.45779102555565, 43.64864429340598]], ""type"": ""MultiPoint""}"
6518,2010:1205226,2010-11-16T18:20:00,PARKSIDE DR,HOWARD PARK AVE,,3,Non-Fatal Injury,At Intersection,Traffic Signal,Pedestrian Collision(internal code),Rain,Dark,Wet,Major Arterial,false,-79.45779102555565,43.64864429340598,2,,South,3,60,Major,No Equipment Available,,,Crossing with right-of-way (intersection),Normal,,Driver turns left into pedestrian crossing with right-of-way (at intersection),,,,pedestrian,,Parkdale-High Park (4),11 Division,High Park-Swansea,true,false,false,false,false,false,true,false,false,false,"{""coordinates"": [[-79.45779102555565, 43.64864429340598]], ""type"": ""MultiPoint""}"
6519,2010:1205411,2010-11-16T20:01:00,50 YORK GATE BLVD,,,2,Non-Fatal Injury,,No Control,Pedestrian Collision(internal code),Rain,Dark,Wet,Minor Arterial,false,-79.52149093772563,43.75844432746723,2,,East,2,25,Major,No Equipment Available,,,Crossing - no traffic control,Had Been Drinking,,Driver going straight hits pedestrian crossing without right-of-way (at intersection),,,,pedestrian,,Humber River-Black Creek (7),31 Division,Black Creek,false,false,false,false,false,false,true,false,false,false,"{""coordinates"": [[-79.52149093772563, 43.75844432746723]], ""type"": ""MultiPoint""}"
6520,2010:1205411,2010-11-16T20:01:00,50 YORK GATE BLVD,,,2,Non-Fatal Injury,,No Control,Pedestrian Collision(internal code),Rain,Dark,Wet,Minor Arterial,false,-79.52149093772563,43.75844432746723,1,Automobile or Station Wagon,South,1,44,None,Other Safety Equipment Used,Driving properly,Normal,,,Going Ahead,,,,,driver,,Humber River-Black Creek (7),31 Division,Black Creek,false,false,false,false,false,false,true,false,false,false,"{""coordinates"": [[-79.52149093772563, 43.75844432746723]], ""type"": ""MultiPoint""}"
6521,2010:1202173,2010-11-17T08:18:00,DUNDAS ST W,KENNETH AVE,,3,Fatal Injury,,No Control,Pedestrian Collision(internal code),Rain,Daylight,Wet,Minor Arterial,false,-79.45589099806448,43.662444285190276,1,,,1,,,Other Safety Equipment Used,,,,,,,,,,owner,,Parkdale-High Park (4),11 Division,High Park North,false,false,false,false,false,false,true,false,false,true,"{""coordinates"": [[-79.45589099806448, 43.662444285190276]], ""type"": ""MultiPoint""}"
6522,2010:1202173,2010-11-17T08:18:00,DUNDAS ST W,KENNETH AVE,,3,Fatal Injury,,No Control,Pedestrian Collision(internal code),Rain,Daylight,Wet,Minor Arterial,false,-79.45589099806448,43.662444285190276,1,Truck - Open (Flatbed),North,2,34,None,Lap and Shoulder Belt,Driving properly,Normal,,,Going Ahead,,,,,driver,,Parkdale-High Park (4),11 Division,High Park North,false,false,false,false,false,false,true,false,false,true,"{""coordinates"": [[-79.45589099806448, 43.662444285190276]], ""type"": ""MultiPoint""}"
6523,2010:1202173,2010-11-17T08:18:00,DUNDAS ST W,KENNETH AVE,,3,Fatal Injury,,No Control,Pedestrian Collision(internal code),Rain,Daylight,Wet,Minor Arterial,false,-79.45589099806448,43.662444285190276,2,,West,3,50,Fatal,Other Safety Equipment Used,,,Crossing - no traffic control,Unknown,,Driver going straight hits pedestrian crossing without right-of-way (at intersection),,,,pedestrian,35,Parkdale-High Park (4),11 Division,High Park North,false,false,false,false,false,false,true,false,false,true,"{""coordinates"": [[-79.45589099806448, 43.662444285190276]], ""type"": ""MultiPoint""}"
6524,2010:1205539,2010-11-17T15:34:00,DANFORTH RD,MIDLAND AVE,,3,Non-Fatal Injury,At Intersection,Traffic Signal,Pedestrian Collision(internal code),Clear,Daylight,Dry,Major Arterial,false,-79.25399053637558,43.72484399662387,2,,West,3,25,Major,No Equipment Available,,,Running onto roadway,Unknown,Unknown,Driver turns right into pedestrian crossing without right-of-way (at intersection),,,,pedestrian,,Scarborough Southwest (20),41 Division,Kennedy Park,false,false,false,false,false,false,true,false,false,false,"{""coordinates"": [[-79.25399053637558, 43.72484399662387]], ""type"": ""MultiPoint""}"
6525,2010:1205539,2010-11-17T15:34:00,DANFORTH RD,MIDLAND AVE,,3,Non-Fatal Injury,At Intersection,Traffic Signal,Pedestrian Collision(internal code),Clear,Daylight,Dry,Major Arterial,false,-79.25399053637558,43.72484399662387,1,Automobile or Station Wagon,North,2,54,None,Other Safety Equipment Used,Driving properly,Unknown,,,Turning Right,,,,,driver,,Scarborough Southwest (20),41 Division,Kennedy Park,false,false,false,false,false,false,true,false,false,false,"{""coordinates"": [[-79.25399053637558, 43.72484399662387]], ""type"": ""MultiPoint""}"
6526,2010:1205539,2010-11-17T15:34:00,DANFORTH RD,MIDLAND AVE,,3,Non-Fatal Injury,At Intersection,Traffic Signal,Pedestrian Collision(internal code),Clear,Daylight,Dry,Major Arterial,false,-79.25399053637558,43.72484399662387,1,,,1,,,Other Safety Equipment Used,,,,,,,,,,owner,,Scarborough Southwest (20),41 Division,Kennedy Park,false,false,false,false,false,false,true,false,false,false,"{""coordinates"": [[-79.25399053637558, 43.72484399662387]], ""type"": ""MultiPoint""}"
6527,2010:1202322,2010-11-17T18:53:00,FINCH Ave W,VIRGILWOOD Dr,,3,Non-Fatal Injury,At Intersection,Traffic Signal,Pedestrian Collision(internal code),Clear,Daylight,Dry,Major Arterial,false,-79.44819080749681,43.77284423745772,1,,,1,11,None,Lap and Shoulder Belt,,,,,,,,,,passenger,,York Centre (6),32 Division,Westminster-Branson,false,true,false,false,false,true,true,false,true,false,"{""coordinates"": [[-79.44819080749681, 43.77284423745772]], ""type"": ""MultiPoint""}"
6528,2010:1202322,2010-11-17T18:53:00,FINCH Ave W,VIRGILWOOD Dr,,3,Non-Fatal Injury,At Intersection,Traffic Signal,Pedestrian Collision(internal code),Clear,Daylight,Dry,Major Arterial,false,-79.44819080749681,43.77284423745772,1,Automobile or Station Wagon,East,2,76,None,Other Safety Equipment Used,Driving properly,Normal,,,Going Ahead,,,,,driver,,York Centre (6),32 Division,Westminster-Branson,false,true,false,false,false,true,true,false,true,false,"{""coordinates"": [[-79.44819080749681, 43.77284423745772]], ""type"": ""MultiPoint""}"
6529,2010:1202322,2010-11-17T18:53:00,FINCH Ave W,VIRGILWOOD Dr,,3,Non-Fatal Injury,At Intersection,Traffic Signal,Pedestrian Collision(internal code),Clear,Daylight,Dry,Major Arterial,false,-79.44819080749681,43.77284423745772,2,,North,3,20,Major,Other Safety Equipment Used,,,Crossing without right-of-way (intersection),Inattentive,,Driver going straight hits pedestrian crossing without right-of-way (at intersection),,,,pedestrian,,York Centre (6),32 Division,Westminster-Branson,false,true,false,false,false,true,true,false,true,false,"{""coordinates"": [[-79.44819080749681, 43.77284423745772]], ""type"": ""MultiPoint""}"
6530,2010:1206111,2010-11-18T20:41:00,PARLIAMENT St,FRONT St E,,4,Non-Fatal Injury,At Intersection,Traffic Signal,Angle,Clear,Dark,Dry,Minor Arterial,false,-79.36269083492627,43.651544151620904,1,Automobile or Station Wagon,East,1,77,Minor,Lap and Shoulder Belt,Disobeyed traffic control,Unknown,,,Going Ahead,,,,,driver,,Toronto Centre (13),51 Division,St Lawrence-East Bayfront-The Islands,true,false,false,false,false,true,false,true,false,false,"{""coordinates"": [[-79.36269083492627, 43.651544151620904]], ""type"": ""MultiPoint""}"
6531,2010:1206111,2010-11-18T20:41:00,PARLIAMENT St,FRONT St E,,4,Non-Fatal Injury,At Intersection,Traffic Signal,Angle,Clear,Dark,Dry,Minor Arterial,false,-79.36269083492627,43.651544151620904,2,,,2,,Minimal,Lap and Shoulder Belt,,,,,,,,,,passenger,,Toronto Centre (13),51 Division,St Lawrence-East Bayfront-The Islands,true,false,false,false,false,true,false,true,false,false,"{""coordinates"": [[-79.36269083492627, 43.651544151620904]], ""type"": ""MultiPoint""}"
6532,2010:1206111,2010-11-18T20:41:00,PARLIAMENT St,FRONT St E,,4,Non-Fatal Injury,At Intersection,Traffic Signal,Angle,Clear,Dark,Dry,Minor Arterial,false,-79.36269083492627,43.651544151620904,2,,,3,,Major,Lap and Shoulder Belt,,,,,,,,,,passenger,,Toronto Centre (13),51 Division,St Lawrence-East Bayfront-The Islands,true,false,false,false,false,true,false,true,false,false,"{""coordinates"": [[-79.36269083492627, 43.651544151620904]], ""type"": ""MultiPoint""}"
6533,2010:1206111,2010-11-18T20:41:00,PARLIAMENT St,FRONT St E,,4,Non-Fatal Injury,At Intersection,Traffic Signal,Angle,Clear,Dark,Dry,Minor Arterial,false,-79.36269083492627,43.651544151620904,2,Automobile or Station Wagon,North,4,25,Minor,Lap and Shoulder Belt,Driving properly,Unknown,,,Going Ahead,,,,,driver,,Toronto Centre (13),51 Division,St Lawrence-East Bayfront-The Islands,true,false,false,false,false,true,false,true,false,false,"{""coordinates"": [[-79.36269083492627, 43.651544151620904]], ""type"": ""MultiPoint""}"
6534,2010:1202989,2010-11-19T07:44:00,LOWER SPADINA AVE,LAKE SHORE BLVD W,,3,Fatal Injury,At Intersection,Traffic Signal,Cyclist Collision,Clear,Daylight,Dry,Major Arterial,false,-79.39219091282024,43.638444198426896,2,Bicycle,East,3,60,Fatal,No Equipment Available,,,,,Pulling Away from Shoulder or Curb,,"Cyclist without right-of-way rides into path of driver (at intersection, laneway, or driveway)",Disobeyed Traffic Control,Normal,cyclist,36,Spadina-Fort York (10),52 Division,Harbourfront-CityPlace,false,false,true,false,false,false,false,false,false,true,"{""coordinates"": [[-79.39219091282024, 43.638444198426896]], ""type"": ""MultiPoint""}"
6535,2010:1202989,2010-11-19T07:44:00,LOWER SPADINA AVE,LAKE SHORE BLVD W,,3,Fatal Injury,At Intersection,Traffic Signal,Cyclist Collision,Clear,Daylight,Dry,Major Arterial,false,-79.39219091282024,43.638444198426896,1,,,1,,,Other Safety Equipment Used,,,,,,,,,,owner,,Spadina-Fort York (10),52 Division,Harbourfront-CityPlace,false,false,true,false,false,false,false,false,false,true,"{""coordinates"": [[-79.39219091282024, 43.638444198426896]], ""type"": ""MultiPoint""}"
6536,2010:1202989,2010-11-19T07:44:00,LOWER SPADINA AVE,LAKE SHORE BLVD W,,3,Fatal Injury,At Intersection,Traffic Signal,Cyclist Collision,Clear,Daylight,Dry,Major Arterial,false,-79.39219091282024,43.638444198426896,1,Municipal Transit Bus (TTC),South,2,30,None,Other Safety Equipment Used,Driving properly,Normal,,,Going Ahead,,,,,driver,,Spadina-Fort York (10),52 Division,Harbourfront-CityPlace,false,false,true,false,false,false,false,false,false,true,"{""coordinates"": [[-79.39219091282024, 43.638444198426896]], ""type"": ""MultiPoint""}"
6537,2010:1203855,2010-11-22T15:42:00,THORNCLIFFE PARK DR,OVERLEA BLVD,,2,Non-Fatal Injury,At Intersection,Traffic Signal,Pedestrian Collision(internal code),Rain,Daylight,Wet,Major Arterial,false,-79.34989073307312,43.7050441249656,2,,North,2,67,Major,Other Safety Equipment Used,,,Crossing with right-of-way (intersection),Normal,,Driver turns left into pedestrian crossing with right-of-way (at intersection),,,,pedestrian,,Don Valley West (15),53 Division,Thorncliffe Park,true,false,false,false,false,true,true,false,false,false,"{""coordinates"": [[-79.34989073307312, 43.7050441249656]], ""type"": ""MultiPoint""}"
6538,2010:1203855,2010-11-22T15:42:00,THORNCLIFFE PARK DR,OVERLEA BLVD,,2,Non-Fatal Injury,At Intersection,Traffic Signal,Pedestrian Collision(internal code),Rain,Daylight,Wet,Major Arterial,false,-79.34989073307312,43.7050441249656,1,Automobile or Station Wagon,North,1,27,None,Other Safety Equipment Used,Failed to yield right-of-way,Normal,,,Turning Left,,,,,driver,,Don Valley West (15),53 Division,Thorncliffe Park,true,false,false,false,false,true,true,false,false,false,"{""coordinates"": [[-79.34989073307312, 43.7050441249656]], ""type"": ""MultiPoint""}"
6539,2010:1203435,2010-11-22T18:18:00,GLENCAIRN AVE,AVENUE RD,,2,Non-Fatal Injury,At Intersection,Stop Sign,Pedestrian Collision(internal code),Rain,Dark,Wet,Major Arterial,false,-79.41229082838326,43.715944206331045,2,,North,2,23,Major,Other Safety Equipment Used,,,Crossing without right-of-way (intersection),Normal,,Driver going straight hits pedestrian crossing without right-of-way (at intersection),,,,pedestrian,,Eglinton-Lawrence (8),53 Division,Lawrence Park South,false,false,false,false,false,false,true,false,false,false,"{""coordinates"": [[-79.41229082838326, 43.715944206331045]], ""type"": ""MultiPoint""}"