_id,collision_id,accdate,stname1,stname2,stname3,per_inv,acclass,accloc,traffictl,impactype,visible,light,rdsfcond,road_class,failtorem,longitude,latitude,veh_no,vehtype,initdir,per_no,invage,injury,safequip,drivact,drivcond,pedact,pedcond,manoeuvre,pedtype,cyclistype,cycact,cyccond,road_user,fatal_no,wardname,division,neighbourhood,aggressive,distracted,cyclist,motorcyclist,other_micromobility,older_adult,pedestrian,red_light,school_child,heavy_truck,geometry
6591,2010:1206537,2010-12-08T20:55:00,SHEPPARD Aven W,JANE Stre,,1,Non-Fatal Injury,,No Control,SMV Other,Clear,Dark,Dry,Major Arterial,false,-79.51179095592467,43.73944432449931,1,Automobile or Station Wagon,West,1,41,Major,Lap and Shoulder Belt,Lost control,Medical or Physical Disability,,,Going Ahead,,,,,driver,,York Centre (6),31 Division,Glenfield-Jane Heights,false,false,false,false,false,false,false,false,false,false,"{""coordinates"": [[-79.51179095592467, 43.73944432449931]], ""type"": ""MultiPoint""}"
6592,2010:1215424,2010-12-15T21:15:00,1251 BRIDLETOWNE Circ,,,2,Non-Fatal Injury,,Pedestrian Crossover,SMV Other,Snow,Dark,Wet,Collector,false,-79.31209056461717,43.79364407369028,2,,,2,,,Other Safety Equipment Used,,,,,,,,,,owner,,Scarborough-Agincourt (22),42 Division,East L'Amoreaux,true,false,false,false,false,false,false,false,false,false,"{""coordinates"": [[-79.31209056461717, 43.79364407369028]], ""type"": ""MultiPoint""}"
6593,2010:1212585,2010-12-09T06:31:00,RIVALDA RD,SHEPPARD AVE W,,2,Non-Fatal Injury,At Intersection,Traffic Signal,Pedestrian Collision(internal code),Clear,Dark,Dry,Major Arterial,false,-79.53389099263144,43.73464435176641,2,,West,1,21,Major,No Equipment Available,,,Crossing with right-of-way (intersection),Normal,,Driver turns right into pedestrian crossing with right-of-way (at intersection),,,,pedestrian,,Humber River-Black Creek (7),31 Division,Pelmo Park-Humberlea,true,false,false,false,false,false,true,false,false,false,"{""coordinates"": [[-79.53389099263144, 43.73464435176641]], ""type"": ""MultiPoint""}"
6594,2010:1212585,2010-12-09T06:31:00,RIVALDA RD,SHEPPARD AVE W,,2,Non-Fatal Injury,At Intersection,Traffic Signal,Pedestrian Collision(internal code),Clear,Dark,Dry,Major Arterial,false,-79.53389099263144,43.73464435176641,1,Automobile or Station Wagon,North,2,55,None,Other Safety Equipment Used,Failed to yield right-of-way,Normal,,,Turning Right,,,,,driver,,Humber River-Black Creek (7),31 Division,Pelmo Park-Humberlea,true,false,false,false,false,false,true,false,false,false,"{""coordinates"": [[-79.53389099263144, 43.73464435176641]], ""type"": ""MultiPoint""}"
6595,2010:1213166,2010-12-10T17:00:00,911 BRIMORTON Dr,,,1,Non-Fatal Injury,,No Control,SMV Other,Snow,Dark,Slush,Collector,false,-79.21269043191406,43.771043959730356,1,Automobile or Station Wagon,West,1,34,Major,Use Unknown,Lost control,Unknown,,,Going Ahead,,,,,driver,,Scarborough-Guildwood (24),43 Division,Golfdale-Cedarbrae-Woburn,false,false,false,false,false,false,false,false,false,false,"{""coordinates"": [[-79.21269043191406, 43.771043959730356]], ""type"": ""MultiPoint""}"
6596,2010:1213789,2010-12-11T09:37:00,349 HULLMAR DR,,,2,Non-Fatal Injury,,No Control,Pedestrian Collision(internal code),Snow,Daylight,Other,Collector,false,-79.52539092339579,43.773344327422684,2,,West,2,78,Major,No Equipment Available,,,Other,Normal,,Driver hits pedestrian at private driveway,,,,pedestrian,,Humber River-Black Creek (7),31 Division,Black Creek,false,false,false,false,false,true,true,false,false,false,"{""coordinates"": [[-79.52539092339579, 43.773344327422684]], ""type"": ""MultiPoint""}"
6597,2010:1213789,2010-12-11T09:37:00,349 HULLMAR DR,,,2,Non-Fatal Injury,,No Control,Pedestrian Collision(internal code),Snow,Daylight,Other,Collector,false,-79.52539092339579,43.773344327422684,1,Automobile or Station Wagon,South,1,38,None,Other Safety Equipment Used,Other,Normal,,,Reversing,,,,,driver,,Humber River-Black Creek (7),31 Division,Black Creek,false,false,false,false,false,true,true,false,false,false,"{""coordinates"": [[-79.52539092339579, 43.773344327422684]], ""type"": ""MultiPoint""}"
6598,2010:1206992,2010-12-11T19:35:00,ST CLAIR AVE E,DANFORTH RD,,3,Fatal Injury,At Intersection,Traffic Signal,Pedestrian Collision(internal code),Clear,Dark,Dry,Major Arterial,false,-79.25989055628196,43.716844003825535,1,,,1,,,Other Safety Equipment Used,,,,,,,,,,owner,,Scarborough Southwest (20),41 Division,Clairlea-Birchmount,false,true,false,false,false,true,true,false,false,true,"{""coordinates"": [[-79.25989055628196, 43.716844003825535]], ""type"": ""MultiPoint""}"
6599,2010:1206992,2010-12-11T19:35:00,ST CLAIR AVE E,DANFORTH RD,,3,Fatal Injury,At Intersection,Traffic Signal,Pedestrian Collision(internal code),Clear,Dark,Dry,Major Arterial,false,-79.25989055628196,43.716844003825535,2,,East,3,66,Fatal,Other Safety Equipment Used,,,Crossing without right-of-way (intersection),Inattentive,,Transit vehicle driver hits pedestrian anywhere along roadway,,,,pedestrian,40,Scarborough Southwest (20),41 Division,Clairlea-Birchmount,false,true,false,false,false,true,true,false,false,true,"{""coordinates"": [[-79.25989055628196, 43.716844003825535]], ""type"": ""MultiPoint""}"
6600,2010:1206992,2010-12-11T19:35:00,ST CLAIR AVE E,DANFORTH RD,,3,Fatal Injury,At Intersection,Traffic Signal,Pedestrian Collision(internal code),Clear,Dark,Dry,Major Arterial,false,-79.25989055628196,43.716844003825535,1,Municipal Transit Bus (TTC),South,2,45,None,Other Safety Equipment Used,Driving properly,Normal,,,Going Ahead,,,,,driver,,Scarborough Southwest (20),41 Division,Clairlea-Birchmount,false,true,false,false,false,true,true,false,false,true,"{""coordinates"": [[-79.25989055628196, 43.716844003825535]], ""type"": ""MultiPoint""}"
6601,2010:1213957,2010-12-13T17:25:00,LAKE SHORE BLVD W,HILLSIDE AVE,,2,Non-Fatal Injury,At Intersection,Traffic Signal,Pedestrian Collision(internal code),Clear,Dark,Dry,Major Arterial,false,-79.48999115668701,43.61114435886956,2,,North,2,82,Minor,Other Safety Equipment Used,,,Crossing without right-of-way (intersection),Had Been Drinking,,Driver going straight hits pedestrian crossing without right-of-way (at intersection),,,,pedestrian,,Etobicoke-Lakeshore (3),22 Division,Humber Bay Shores,false,false,false,false,false,true,true,false,false,false,"{""coordinates"": [[-79.48999115668701, 43.61114435886956]], ""type"": ""MultiPoint""}"
6602,2010:1213957,2010-12-13T17:25:00,LAKE SHORE BLVD W,HILLSIDE AVE,,2,Non-Fatal Injury,At Intersection,Traffic Signal,Pedestrian Collision(internal code),Clear,Dark,Dry,Major Arterial,false,-79.48999115668701,43.61114435886956,1,Automobile or Station Wagon,West,1,66,Major,Lap and Shoulder Belt,Driving properly,Unknown,,,Going Ahead,,,,,driver,,Etobicoke-Lakeshore (3),22 Division,Humber Bay Shores,false,false,false,false,false,true,true,false,false,false,"{""coordinates"": [[-79.48999115668701, 43.61114435886956]], ""type"": ""MultiPoint""}"
6603,2010:1207370,2010-12-14T02:16:00,KINGSTON RD,ST QUENTIN AVE,,3,Fatal Injury,,No Control,SMV Other,Snow,Dark,Packed Snow,Major Arterial,false,-79.23929051988938,43.7191439791465,2,,,3,,,Other Safety Equipment Used,,,,,,,,,,owner,,Scarborough Southwest (20),43 Division,Cliffcrest,false,false,false,false,false,false,false,false,true,false,"{""coordinates"": [[-79.23929051988938, 43.7191439791465]], ""type"": ""MultiPoint""}"
6604,2010:1207370,2010-12-14T02:16:00,KINGSTON RD,ST QUENTIN AVE,,3,Fatal Injury,,No Control,SMV Other,Snow,Dark,Packed Snow,Major Arterial,false,-79.23929051988938,43.7191439791465,1,,,1,19,Minimal,Lap and Shoulder Belt,,,,,,,,,,passenger,,Scarborough Southwest (20),43 Division,Cliffcrest,false,false,false,false,false,false,false,false,true,false,"{""coordinates"": [[-79.23929051988938, 43.7191439791465]], ""type"": ""MultiPoint""}"
6605,2010:1207370,2010-12-14T02:16:00,KINGSTON RD,ST QUENTIN AVE,,3,Fatal Injury,,No Control,SMV Other,Snow,Dark,Packed Snow,Major Arterial,false,-79.23929051988938,43.7191439791465,1,Automobile or Station Wagon,West,2,20,Fatal,Equipment Not Used But Available,Lost control,Unknown,,,Going Ahead,,,,,driver,39,Scarborough Southwest (20),43 Division,Cliffcrest,false,false,false,false,false,false,false,false,true,false,"{""coordinates"": [[-79.23929051988938, 43.7191439791465]], ""type"": ""MultiPoint""}"
6606,2010:1207896,2010-12-15T13:18:00,DUNDAS ST W,CHELSEA AVE,,2,Non-Fatal Injury,,No Control,Pedestrian Collision(internal code),Clear,Daylight,Wet,Minor Arterial,false,-79.4531909990479,43.65884428265008,2,,East,2,85,Major,Other Safety Equipment Used,,,Coming from behind parked vehicle or object,Inattentive,,Driver hits pedestrian walking or running out from between parked vehicles (at midblock),,,,pedestrian,,Parkdale-High Park (4),11 Division,High Park North,false,true,false,false,false,true,true,false,false,false,"{""coordinates"": [[-79.4531909990479, 43.65884428265008]], ""type"": ""MultiPoint""}"
6607,2010:1207896,2010-12-15T13:18:00,DUNDAS ST W,CHELSEA AVE,,2,Non-Fatal Injury,,No Control,Pedestrian Collision(internal code),Clear,Daylight,Wet,Minor Arterial,false,-79.4531909990479,43.65884428265008,1,Automobile or Station Wagon,South,1,76,None,Other Safety Equipment Used,Driving properly,Normal,,,Going Ahead,,,,,driver,,Parkdale-High Park (4),11 Division,High Park North,false,true,false,false,false,true,true,false,false,false,"{""coordinates"": [[-79.4531909990479, 43.65884428265008]], ""type"": ""MultiPoint""}"
6608,2010:1207898,2010-12-15T16:02:00,HORNER Aven,CONNELL Cour,,3,Non-Fatal Injury,,Stop Sign,Turning Movement,Clear,Daylight,Dry,Minor Arterial,false,-79.5172911946005,43.61414439501448,1,Automobile or Station Wagon,East,1,52,Major,Lap and Shoulder Belt,Failed to yield right-of-way,Inattentive,,,Turning Left,,,,,driver,,Etobicoke-Lakeshore (3),22 Division,Mimico-Queensway,true,true,false,false,false,false,false,false,false,false,"{""coordinates"": [[-79.5172911946005, 43.61414439501448]], ""type"": ""MultiPoint""}"
6609,2010:1207898,2010-12-15T16:02:00,HORNER Aven,CONNELL Cour,,3,Non-Fatal Injury,,Stop Sign,Turning Movement,Clear,Daylight,Dry,Minor Arterial,false,-79.5172911946005,43.61414439501448,2,,,2,,,Other Safety Equipment Used,,,,,,,,,,owner,,Etobicoke-Lakeshore (3),22 Division,Mimico-Queensway,true,true,false,false,false,false,false,false,false,false,"{""coordinates"": [[-79.5172911946005, 43.61414439501448]], ""type"": ""MultiPoint""}"
6610,2010:1207898,2010-12-15T16:02:00,HORNER Aven,CONNELL Cour,,3,Non-Fatal Injury,,Stop Sign,Turning Movement,Clear,Daylight,Dry,Minor Arterial,false,-79.5172911946005,43.61414439501448,2,Automobile or Station Wagon,South,3,22,None,Lap and Shoulder Belt,Driving properly,Normal,,,Going Ahead,,,,,driver,,Etobicoke-Lakeshore (3),22 Division,Mimico-Queensway,true,true,false,false,false,false,false,false,false,false,"{""coordinates"": [[-79.5172911946005, 43.61414439501448]], ""type"": ""MultiPoint""}"
6611,2010:1215424,2010-12-15T21:15:00,1251 BRIDLETOWNE Circ,,,2,Non-Fatal Injury,,Pedestrian Crossover,SMV Other,Snow,Dark,Wet,Collector,false,-79.31209056461717,43.79364407369028,1,Automobile or Station Wagon,North,1,43,Major,Air Bag Deployed,Speed too fast for conditions,Ability Impaired - Alcohol,,,Going Ahead,,,,,driver,,Scarborough-Agincourt (22),42 Division,East L'Amoreaux,true,false,false,false,false,false,false,false,false,false,"{""coordinates"": [[-79.31209056461717, 43.79364407369028]], ""type"": ""MultiPoint""}"
6612,2010:1208694,2010-12-18T22:56:00,MCCOWAN RD,MELDAZY DR,,3,Fatal Injury,,No Control,Approaching Head On,Clear,Dark,Dry,Major Arterial,false,-79.24839048664826,43.76384399420402,1,,,1,,,Other Safety Equipment Used,,,,,,,,,,owner,,Scarborough Centre (21),43 Division,Bendale-Glen Andrew,false,true,false,false,false,false,false,false,false,false,"{""coordinates"": [[-79.24839048664826, 43.76384399420402]], ""type"": ""MultiPoint""}"
6613,2010:1208694,2010-12-18T22:56:00,MCCOWAN RD,MELDAZY DR,,3,Fatal Injury,,No Control,Approaching Head On,Clear,Dark,Dry,Major Arterial,false,-79.24839048664826,43.76384399420402,1,Automobile or Station Wagon,South,2,36,Minor,Lap and Shoulder Belt,Other,Other Condition,,,Going Ahead,,,,,driver,,Scarborough Centre (21),43 Division,Bendale-Glen Andrew,false,true,false,false,false,false,false,false,false,false,"{""coordinates"": [[-79.24839048664826, 43.76384399420402]], ""type"": ""MultiPoint""}"
6614,2010:1208694,2010-12-18T22:56:00,MCCOWAN RD,MELDAZY DR,,3,Fatal Injury,,No Control,Approaching Head On,Clear,Dark,Dry,Major Arterial,false,-79.24839048664826,43.76384399420402,2,Automobile or Station Wagon,North,3,55,Fatal,Equipment Not Used But Available,Driving properly,Inattentive,,,Going Ahead,,,,,driver,41,Scarborough Centre (21),43 Division,Bendale-Glen Andrew,false,true,false,false,false,false,false,false,false,false,"{""coordinates"": [[-79.24839048664826, 43.76384399420402]], ""type"": ""MultiPoint""}"
6615,2010:1216616,2010-12-19T02:11:00,DUNDAS ST W,MANNING AVE,,3,Non-Fatal Injury,At Intersection,Traffic Signal,Pedestrian Collision(internal code),Clear,Dark,Dry,Major Arterial,false,-79.4108909293251,43.65134422295887,1,,,1,,,Other Safety Equipment Used,,,,,,,,,,owner,,University-Rosedale (11),14 Division,Trinity-Bellwoods,false,false,false,false,false,false,true,false,false,false,"{""coordinates"": [[-79.4108909293251, 43.65134422295887]], ""type"": ""MultiPoint""}"
6616,2010:1216616,2010-12-19T02:11:00,DUNDAS ST W,MANNING AVE,,3,Non-Fatal Injury,At Intersection,Traffic Signal,Pedestrian Collision(internal code),Clear,Dark,Dry,Major Arterial,false,-79.4108909293251,43.65134422295887,2,,South,3,30,Major,Other Safety Equipment Used,,,Crossing without right-of-way (intersection),Ability Impaired - Alcohol,,Driver going straight hits pedestrian crossing without right-of-way (at intersection),,,,pedestrian,,University-Rosedale (11),14 Division,Trinity-Bellwoods,false,false,false,false,false,false,true,false,false,false,"{""coordinates"": [[-79.4108909293251, 43.65134422295887]], ""type"": ""MultiPoint""}"
6617,2010:1216616,2010-12-19T02:11:00,DUNDAS ST W,MANNING AVE,,3,Non-Fatal Injury,At Intersection,Traffic Signal,Pedestrian Collision(internal code),Clear,Dark,Dry,Major Arterial,false,-79.4108909293251,43.65134422295887,1,Automobile or Station Wagon,East,2,56,None,Lap and Shoulder Belt,Driving properly,Normal,,,Going Ahead,,,,,driver,,University-Rosedale (11),14 Division,Trinity-Bellwoods,false,false,false,false,false,false,true,false,false,false,"{""coordinates"": [[-79.4108909293251, 43.65134422295887]], ""type"": ""MultiPoint""}"
6618,2010:1216368,2010-12-20T15:40:00,VICTORIA PARK AVE,PACHINO BLVD,,2,Non-Fatal Injury,,No Control,Pedestrian Collision(internal code),Clear,Daylight,Wet,Major Arterial,false,-79.31699060199665,43.761844077921324,2,,West,2,45,Major,Other Safety Equipment Used,,,Running onto roadway,Medical or Physical Disability,,Driver hits pedestrian at midblock,,,,pedestrian,,Scarborough Centre (21),41 Division,Wexford/Maryvale,false,false,false,false,false,false,true,false,false,false,"{""coordinates"": [[-79.31699060199665, 43.761844077921324]], ""type"": ""MultiPoint""}"
6619,2010:1216368,2010-12-20T15:40:00,VICTORIA PARK AVE,PACHINO BLVD,,2,Non-Fatal Injury,,No Control,Pedestrian Collision(internal code),Clear,Daylight,Wet,Major Arterial,false,-79.31699060199665,43.761844077921324,1,Automobile or Station Wagon,North,1,46,None,Lap and Shoulder Belt,Driving properly,Normal,,,Going Ahead,,,,,driver,,Scarborough Centre (21),41 Division,Wexford/Maryvale,false,false,false,false,false,false,true,false,false,false,"{""coordinates"": [[-79.31699060199665, 43.761844077921324]], ""type"": ""MultiPoint""}"
6620,2010:1208896,2010-12-21T16:39:00,DANFORTH Ave,BROADVIEW Ave,,3,Non-Fatal Injury,,No Control,Cyclist Collision,Clear,Daylight,Dry,Major Arterial,false,-79.35889079156733,43.676144141934124,1,,,1,,,Other Safety Equipment Used,,,,,,,,,,owner,,Toronto-Danforth (14),55 Division,North Riverdale,false,true,true,false,false,false,false,false,false,false,"{""coordinates"": [[-79.35889079156733, 43.676144141934124]], ""type"": ""MultiPoint""}"
6621,2010:1208896,2010-12-21T16:39:00,DANFORTH Ave,BROADVIEW Ave,,3,Non-Fatal Injury,,No Control,Cyclist Collision,Clear,Daylight,Dry,Major Arterial,false,-79.35889079156733,43.676144141934124,2,Bicycle,East,3,57,Major,Other Safety Equipment Used,,,,,Going Ahead,,Rear end with cyclist and driver travelling in same direction,Driving Properly,Normal,cyclist,,Toronto-Danforth (14),55 Division,North Riverdale,false,true,true,false,false,false,false,false,false,false,"{""coordinates"": [[-79.35889079156733, 43.676144141934124]], ""type"": ""MultiPoint""}"
6622,2010:1208896,2010-12-21T16:39:00,DANFORTH Ave,BROADVIEW Ave,,3,Non-Fatal Injury,,No Control,Cyclist Collision,Clear,Daylight,Dry,Major Arterial,false,-79.35889079156733,43.676144141934124,1,Automobile or Station Wagon,East,2,34,None,Lap and Shoulder Belt,Improper lane change,Inattentive,,,Pulling Onto Shoulder or Toward Curb,,,,,driver,,Toronto-Danforth (14),55 Division,North Riverdale,false,true,true,false,false,false,false,false,false,false,"{""coordinates"": [[-79.35889079156733, 43.676144141934124]], ""type"": ""MultiPoint""}"
6623,2010:1209207,2010-12-23T20:27:00,BATHURST ST,BRIDGMAN AVE,,5,Fatal Injury,,No Control,Pedestrian Collision(internal code),Clear,Dark,Dry,Major Arterial,false,-79.4146909003278,43.673944221912485,2,,,2,,,Other Safety Equipment Used,,,,,,,,,,owner,,Toronto-St. Paul's (12),13 Division,Casa Loma,true,false,false,false,false,false,true,false,false,true,"{""coordinates"": [[-79.4146909003278, 43.673944221912485]], ""type"": ""MultiPoint""}"
6624,2010:1209207,2010-12-23T20:27:00,BATHURST ST,BRIDGMAN AVE,,5,Fatal Injury,,No Control,Pedestrian Collision(internal code),Clear,Dark,Dry,Major Arterial,false,-79.4146909003278,43.673944221912485,1,,,1,51,Major,Other Safety Equipment Used,,,,,,,,,,passenger,,Toronto-St. Paul's (12),13 Division,Casa Loma,true,false,false,false,false,false,true,false,false,true,"{""coordinates"": [[-79.4146909003278, 43.673944221912485]], ""type"": ""MultiPoint""}"
6625,2010:1209207,2010-12-23T20:27:00,BATHURST ST,BRIDGMAN AVE,,5,Fatal Injury,,No Control,Pedestrian Collision(internal code),Clear,Dark,Dry,Major Arterial,false,-79.4146909003278,43.673944221912485,1,,South,3,,None,Other Safety Equipment Used,,,,,Parked,,,,,other,,Toronto-St. Paul's (12),13 Division,Casa Loma,true,false,false,false,false,false,true,false,false,true,"{""coordinates"": [[-79.4146909003278, 43.673944221912485]], ""type"": ""MultiPoint""}"
6626,2010:1209207,2010-12-23T20:27:00,BATHURST ST,BRIDGMAN AVE,,5,Fatal Injury,,No Control,Pedestrian Collision(internal code),Clear,Dark,Dry,Major Arterial,false,-79.4146909003278,43.673944221912485,3,,Unknown,5,42,Fatal,Other Safety Equipment Used,,,Playing or working on highway,Normal,,Transit vehicle driver hits pedestrian anywhere along roadway,,,,pedestrian,42,Toronto-St. Paul's (12),13 Division,Casa Loma,true,false,false,false,false,false,true,false,false,true,"{""coordinates"": [[-79.4146909003278, 43.673944221912485]], ""type"": ""MultiPoint""}"
6627,2010:1209207,2010-12-23T20:27:00,BATHURST ST,BRIDGMAN AVE,,5,Fatal Injury,,No Control,Pedestrian Collision(internal code),Clear,Dark,Dry,Major Arterial,false,-79.4146909003278,43.673944221912485,2,Municipal Transit Bus (TTC),South,4,50,None,Other Safety Equipment Used,Improper passing,Normal,,,Going Ahead,,,,,driver,,Toronto-St. Paul's (12),13 Division,Casa Loma,true,false,false,false,false,false,true,false,false,true,"{""coordinates"": [[-79.4146909003278, 43.673944221912485]], ""type"": ""MultiPoint""}"
6628,2010:1209440,2010-12-28T17:34:00,STEELES AVE E,SILVER STAR BLVD,,3,Fatal Injury,At Intersection,Traffic Signal,Pedestrian Collision(internal code),Snow,Dark,Wet,Major Arterial,true,-79.29999051677528,43.82534406187632,1,Automobile or Station Wagon,East,2,75,None,Other Safety Equipment Used,Driving properly,Normal,,,Going Ahead,,,,,driver,,,,,false,false,false,false,false,true,true,false,false,false,"{""coordinates"": [[-79.29999051677528, 43.82534406187632]], ""type"": ""MultiPoint""}"
6629,2010:1209440,2010-12-28T17:34:00,STEELES AVE E,SILVER STAR BLVD,,3,Fatal Injury,At Intersection,Traffic Signal,Pedestrian Collision(internal code),Snow,Dark,Wet,Major Arterial,true,-79.29999051677528,43.82534406187632,1,,,1,71,None,Other Safety Equipment Used,,,,,,,,,,passenger,,,,,false,false,false,false,false,true,true,false,false,false,"{""coordinates"": [[-79.29999051677528, 43.82534406187632]], ""type"": ""MultiPoint""}"
6630,2010:1209440,2010-12-28T17:34:00,STEELES AVE E,SILVER STAR BLVD,,3,Fatal Injury,At Intersection,Traffic Signal,Pedestrian Collision(internal code),Snow,Dark,Wet,Major Arterial,true,-79.29999051677528,43.82534406187632,2,,North,3,30,Fatal,Other Safety Equipment Used,,,Crossing - no traffic control,Unknown,,Driver hits pedestrian at midblock,,,,pedestrian,43,,,,false,false,false,false,false,true,true,false,false,false,"{""coordinates"": [[-79.29999051677528, 43.82534406187632]], ""type"": ""MultiPoint""}"
6631,2010:1209441,2010-12-28T17:50:00,STEELES AVE E,MIDLAND AVE,,2,Non-Fatal Injury,At Intersection,Traffic Signal,Pedestrian Collision(internal code),Snow,Dark,Wet,Major Arterial,true,-79.29729051206526,43.825944058889085,1,,Unknown,2,30,Major,Other Safety Equipment Used,,,Crossing - no traffic control,Other Condition,,Driver turns right into pedestrian crossing without right-of-way (at intersection),,,,pedestrian,,Scarborough North (23),42 Division,Milliken,false,false,false,false,false,false,true,false,false,false,"{""coordinates"": [[-79.29729051206526, 43.825944058889085]], ""type"": ""MultiPoint""}"
6632,2010:1209441,2010-12-28T17:50:00,STEELES AVE E,MIDLAND AVE,,2,Non-Fatal Injury,At Intersection,Traffic Signal,Pedestrian Collision(internal code),Snow,Dark,Wet,Major Arterial,true,-79.29729051206526,43.825944058889085,1,Automobile or Station Wagon,North,1,,None,Other Safety Equipment Used,Improper turn,Unknown,,,Turning Right,,,,,driver,,Scarborough North (23),42 Division,Milliken,false,false,false,false,false,false,true,false,false,false,"{""coordinates"": [[-79.29729051206526, 43.825944058889085]], ""type"": ""MultiPoint""}"
6633,2010:1219081,2010-12-29T21:59:00,DANFORTH AVE,BOWDEN ST,,3,Non-Fatal Injury,,No Control,Pedestrian Collision(internal code),Clear,Dark,Dry,Major Arterial,false,-79.35458778215205,43.67704213567718,2,Automobile or Station Wagon,East,3,32,None,Other Safety Equipment Used,Improper passing,Ability Impaired - Alcohol,,,Changing Lanes,,,,,driver,,Toronto-Danforth (14),55 Division,Playter Estates-Danforth,true,false,false,false,false,false,true,false,false,false,"{""coordinates"": [[-79.35458778215205, 43.67704213567718]], ""type"": ""MultiPoint""}"
6634,2010:1219081,2010-12-29T21:59:00,DANFORTH AVE,BOWDEN ST,,3,Non-Fatal Injury,,No Control,Pedestrian Collision(internal code),Clear,Dark,Dry,Major Arterial,false,-79.35458778215205,43.67704213567718,2,,,2,,,Other Safety Equipment Used,,,,,,,,,,owner,,Toronto-Danforth (14),55 Division,Playter Estates-Danforth,true,false,false,false,false,false,true,false,false,false,"{""coordinates"": [[-79.35458778215205, 43.67704213567718]], ""type"": ""MultiPoint""}"
6635,2010:1219081,2010-12-29T21:59:00,DANFORTH AVE,BOWDEN ST,,3,Non-Fatal Injury,,No Control,Pedestrian Collision(internal code),Clear,Dark,Dry,Major Arterial,false,-79.35458778215205,43.67704213567718,1,,,1,60,Major,Other Safety Equipment Used,,,Person getting on/off vehicle,Normal,,Driver hits pedestrian at midblock,,,,pedestrian,,Toronto-Danforth (14),55 Division,Playter Estates-Danforth,true,false,false,false,false,false,true,false,false,false,"{""coordinates"": [[-79.35458778215205, 43.67704213567718]], ""type"": ""MultiPoint""}"
6636,2011:1220521,2011-01-01T03:28:00,HIGH PARK AVE,DUNDAS ST W,,2,Non-Fatal Injury,,No Control,Pedestrian Collision(internal code),Clear,Dark,Wet,Local,false,-79.47019102097781,43.66504430487306,2,,Unknown,2,29,Major,Other Safety Equipment Used,,,Other,Ability Impaired - Alcohol,,Other,,,,pedestrian,,Parkdale-High Park (4),11 Division,Junction Area,false,false,false,false,false,false,true,false,false,false,"{""coordinates"": [[-79.47019102097781, 43.66504430487306]], ""type"": ""MultiPoint""}"
6637,2011:1220521,2011-01-01T03:28:00,HIGH PARK AVE,DUNDAS ST W,,2,Non-Fatal Injury,,No Control,Pedestrian Collision(internal code),Clear,Dark,Wet,Local,false,-79.47019102097781,43.66504430487306,1,Automobile or Station Wagon,South,1,56,None,Lap and Shoulder Belt,Driving properly,Normal,,,Going Ahead,,,,,driver,,Parkdale-High Park (4),11 Division,Junction Area,false,false,false,false,false,false,true,false,false,false,"{""coordinates"": [[-79.47019102097781, 43.66504430487306]], ""type"": ""MultiPoint""}"
6638,2011:1210091,2011-01-01T05:13:00,SPADINA RD,DUPONT ST,,2,Non-Fatal Injury,At Intersection,Traffic Signal,Cyclist Collision,Clear,Dark,Wet,Major Arterial,false,-79.40709088452056,43.67484421081928,2,Bicycle,North,2,22,Major,No Equipment Available,,,,,Going Ahead,,Driver turns left into path of cyclist,Driving Properly,Had Been Drinking,cyclist,,University-Rosedale (11),53 Division,Annex,true,false,true,false,false,false,false,false,false,false,"{""coordinates"": [[-79.40709088452056, 43.67484421081928]], ""type"": ""MultiPoint""}"
6639,2011:1210091,2011-01-01T05:13:00,SPADINA RD,DUPONT ST,,2,Non-Fatal Injury,At Intersection,Traffic Signal,Cyclist Collision,Clear,Dark,Wet,Major Arterial,false,-79.40709088452056,43.67484421081928,1,Automobile or Station Wagon,South,1,63,None,Other Safety Equipment Used,Failed to yield right-of-way,Normal,,,Turning Left,,,,,driver,,University-Rosedale (11),53 Division,Annex,true,false,true,false,false,false,false,false,false,false,"{""coordinates"": [[-79.40709088452056, 43.67484421081928]], ""type"": ""MultiPoint""}"
6640,2011:1210132,2011-01-02T01:05:00,MCCOWAN RD,ELLESMERE RD,,2,Non-Fatal Injury,At Intersection,Traffic Signal,Turning Movement,Clear,Dark,Dry,Major Arterial,false,-79.25149048466187,43.77214399896183,1,Automobile or Station Wagon,South,1,59,None,Lap and Shoulder Belt,Improper turn,Normal,,,Turning Left,,,,,driver,,Scarborough-Guildwood (24),43 Division,Woburn North,true,false,false,true,false,false,false,false,false,false,"{""coordinates"": [[-79.25149048466187, 43.77214399896183]], ""type"": ""MultiPoint""}"
6641,2011:1210132,2011-01-02T01:05:00,MCCOWAN RD,ELLESMERE RD,,2,Non-Fatal Injury,At Intersection,Traffic Signal,Turning Movement,Clear,Dark,Dry,Major Arterial,false,-79.25149048466187,43.77214399896183,2,Motorcycle,North,2,20,Major,Helmet,Exceeding speed limit,Normal,,,Going Ahead,,,,,motorcyclist,,Scarborough-Guildwood (24),43 Division,Woburn North,true,false,false,true,false,false,false,false,false,false,"{""coordinates"": [[-79.25149048466187, 43.77214399896183]], ""type"": ""MultiPoint""}"
6642,2011:1219581,2011-01-04T16:40:00,DUFFERIN ST,PRESTON RD,,3,Non-Fatal Injury,,No Control,Approaching Head On,Clear,Dusk,Dry,Major Arterial,false,-79.44829093478101,43.69104426347185,1,Automobile or Station Wagon,North,1,61,Major,Lap Belt Only of Combined Assembly,Driving properly,Normal,,,Going Ahead,,,,,driver,,Toronto-St. Paul's (12),13 Division,Oakwood Village,false,true,false,false,false,false,false,false,false,false,"{""coordinates"": [[-79.44829093478101, 43.69104426347185]], ""type"": ""MultiPoint""}"