_id,collision_id,accdate,stname1,stname2,stname3,per_inv,acclass,accloc,traffictl,impactype,visible,light,rdsfcond,road_class,failtorem,longitude,latitude,veh_no,vehtype,initdir,per_no,invage,injury,safequip,drivact,drivcond,pedact,pedcond,manoeuvre,pedtype,cyclistype,cycact,cyccond,road_user,fatal_no,wardname,division,neighbourhood,aggressive,distracted,cyclist,motorcyclist,other_micromobility,older_adult,pedestrian,red_light,school_child,heavy_truck,geometry
6956,2011:1232602,2011-05-09T08:15:00,WILLIAM R ALLEN Road,RIMROCK Road,,3,Non-Fatal Injury,At Intersection,Traffic Signal,Turning Movement,Clear,Daylight,Dry,Major Arterial,false,-79.46499085329384,43.75774426081265,2,,,3,,,Other Safety Equipment Used,,,,,,,,,,owner,,York Centre (6),32 Division,York University Heights,false,true,false,false,false,true,false,false,false,false,"{""coordinates"": [[-79.46499085329384, 43.75774426081265]], ""type"": ""MultiPoint""}"
6957,2011:1232602,2011-05-09T08:15:00,WILLIAM R ALLEN Road,RIMROCK Road,,3,Non-Fatal Injury,At Intersection,Traffic Signal,Turning Movement,Clear,Daylight,Dry,Major Arterial,false,-79.46499085329384,43.75774426081265,3,Automobile or Station Wagon,East,5,53,None,Other Safety Equipment Used,Other,Inattentive,,,Turning Right,,,,,driver,,York Centre (6),32 Division,York University Heights,false,true,false,false,false,true,false,false,false,false,"{""coordinates"": [[-79.46499085329384, 43.75774426081265]], ""type"": ""MultiPoint""}"
6958,2011:1232571,2011-05-10T11:34:00,F G GARDINER XY Expr W,KIPLING AVE,,12,Non-Fatal Injury,,No Control,Rear End,Clear,Daylight,Dry,,false,-79.5268912005895,43.61774440527386,2,,,5,,,Other Safety Equipment Used,,,,,,,,,,owner,,Etobicoke-Lakeshore (3),22 Division,Mimico-Queensway,true,false,false,false,false,true,false,false,false,false,"{""coordinates"": [[-79.5268912005895, 43.61774440527386]], ""type"": ""MultiPoint""}"
6959,2011:1232571,2011-05-10T11:34:00,F G GARDINER XY Expr W,KIPLING AVE,,12,Non-Fatal Injury,,No Control,Rear End,Clear,Daylight,Dry,,false,-79.5268912005895,43.61774440527386,1,Automobile or Station Wagon,West,2,51,None,Other Safety Equipment Used,Driving properly,Normal,,,Slowing or Stopping,,,,,driver,,Etobicoke-Lakeshore (3),22 Division,Mimico-Queensway,true,false,false,false,false,true,false,false,false,false,"{""coordinates"": [[-79.5268912005895, 43.61774440527386]], ""type"": ""MultiPoint""}"
6960,2011:1232571,2011-05-10T11:34:00,F G GARDINER XY Expr W,KIPLING AVE,,12,Non-Fatal Injury,,No Control,Rear End,Clear,Daylight,Dry,,false,-79.5268912005895,43.61774440527386,4,Automobile or Station Wagon,West,7,28,Major,Lap and Shoulder Belt,Driving properly,Normal,,,Slowing or Stopping,,,,,driver,,Etobicoke-Lakeshore (3),22 Division,Mimico-Queensway,true,false,false,false,false,true,false,false,false,false,"{""coordinates"": [[-79.5268912005895, 43.61774440527386]], ""type"": ""MultiPoint""}"
6961,2011:1232571,2011-05-10T11:34:00,F G GARDINER XY Expr W,KIPLING AVE,,12,Non-Fatal Injury,,No Control,Rear End,Clear,Daylight,Dry,,false,-79.5268912005895,43.61774440527386,5,,,8,,,Other Safety Equipment Used,,,,,,,,,,owner,,Etobicoke-Lakeshore (3),22 Division,Mimico-Queensway,true,false,false,false,false,true,false,false,false,false,"{""coordinates"": [[-79.5268912005895, 43.61774440527386]], ""type"": ""MultiPoint""}"
6962,2011:1232571,2011-05-10T11:34:00,F G GARDINER XY Expr W,KIPLING AVE,,12,Non-Fatal Injury,,No Control,Rear End,Clear,Daylight,Dry,,false,-79.5268912005895,43.61774440527386,6,,,11,,,Other Safety Equipment Used,,,,,,,,,,owner,,Etobicoke-Lakeshore (3),22 Division,Mimico-Queensway,true,false,false,false,false,true,false,false,false,false,"{""coordinates"": [[-79.5268912005895, 43.61774440527386]], ""type"": ""MultiPoint""}"
6963,2011:1232571,2011-05-10T11:34:00,F G GARDINER XY Expr W,KIPLING AVE,,12,Non-Fatal Injury,,No Control,Rear End,Clear,Daylight,Dry,,false,-79.5268912005895,43.61774440527386,6,,,10,26,Minimal,Lap and Shoulder Belt,,,,,,,,,,passenger,,Etobicoke-Lakeshore (3),22 Division,Mimico-Queensway,true,false,false,false,false,true,false,false,false,false,"{""coordinates"": [[-79.5268912005895, 43.61774440527386]], ""type"": ""MultiPoint""}"
6964,2011:1232571,2011-05-10T11:34:00,F G GARDINER XY Expr W,KIPLING AVE,,12,Non-Fatal Injury,,No Control,Rear End,Clear,Daylight,Dry,,false,-79.5268912005895,43.61774440527386,2,Automobile or Station Wagon,West,4,65,Minor,Lap and Shoulder Belt,Driving properly,Normal,,,Going Ahead,,,,,driver,,Etobicoke-Lakeshore (3),22 Division,Mimico-Queensway,true,false,false,false,false,true,false,false,false,false,"{""coordinates"": [[-79.5268912005895, 43.61774440527386]], ""type"": ""MultiPoint""}"
6965,2011:1232571,2011-05-10T11:34:00,F G GARDINER XY Expr W,KIPLING AVE,,12,Non-Fatal Injury,,No Control,Rear End,Clear,Daylight,Dry,,false,-79.5268912005895,43.61774440527386,2,,,3,43,Minimal,Lap and Shoulder Belt,,,,,,,,,,passenger,,Etobicoke-Lakeshore (3),22 Division,Mimico-Queensway,true,false,false,false,false,true,false,false,false,false,"{""coordinates"": [[-79.5268912005895, 43.61774440527386]], ""type"": ""MultiPoint""}"
6966,2011:1232571,2011-05-10T11:34:00,F G GARDINER XY Expr W,KIPLING AVE,,12,Non-Fatal Injury,,No Control,Rear End,Clear,Daylight,Dry,,false,-79.5268912005895,43.61774440527386,6,Automobile or Station Wagon,West,12,27,Minimal,Other Safety Equipment Used,Exceeding speed limit,Unknown,,,Going Ahead,,,,,driver,,Etobicoke-Lakeshore (3),22 Division,Mimico-Queensway,true,false,false,false,false,true,false,false,false,false,"{""coordinates"": [[-79.5268912005895, 43.61774440527386]], ""type"": ""MultiPoint""}"
6967,2011:1232571,2011-05-10T11:34:00,F G GARDINER XY Expr W,KIPLING AVE,,12,Non-Fatal Injury,,No Control,Rear End,Clear,Daylight,Dry,,false,-79.5268912005895,43.61774440527386,5,Automobile or Station Wagon,West,9,25,Major,Lap and Shoulder Belt,Driving properly,Normal,,,Slowing or Stopping,,,,,driver,,Etobicoke-Lakeshore (3),22 Division,Mimico-Queensway,true,false,false,false,false,true,false,false,false,false,"{""coordinates"": [[-79.5268912005895, 43.61774440527386]], ""type"": ""MultiPoint""}"
6968,2011:1232571,2011-05-10T11:34:00,F G GARDINER XY Expr W,KIPLING AVE,,12,Non-Fatal Injury,,No Control,Rear End,Clear,Daylight,Dry,,false,-79.5268912005895,43.61774440527386,3,Automobile or Station Wagon,West,6,50,Minor,Lap and Shoulder Belt,Driving properly,Normal,,,Going Ahead,,,,,driver,,Etobicoke-Lakeshore (3),22 Division,Mimico-Queensway,true,false,false,false,false,true,false,false,false,false,"{""coordinates"": [[-79.5268912005895, 43.61774440527386]], ""type"": ""MultiPoint""}"
6969,2011:1232571,2011-05-10T11:34:00,F G GARDINER XY Expr W,KIPLING AVE,,12,Non-Fatal Injury,,No Control,Rear End,Clear,Daylight,Dry,,false,-79.5268912005895,43.61774440527386,1,,,1,,,Other Safety Equipment Used,,,,,,,,,,owner,,Etobicoke-Lakeshore (3),22 Division,Mimico-Queensway,true,false,false,false,false,true,false,false,false,false,"{""coordinates"": [[-79.5268912005895, 43.61774440527386]], ""type"": ""MultiPoint""}"
6970,2011:1233062,2011-05-14T13:56:00,QUEEN ST W,GLADSTONE AVE,,1,Non-Fatal Injury,At Intersection,Traffic Signal,Turning Movement,"Airborne Matter (Fog, Mist, Smoke, Dust)",Daylight,Dry,Major Arterial,false,-79.42719097562495,43.642544249923745,2,Automobile or Station Wagon,East,2,69,None,Other Safety Equipment Used,Failed to yield right-of-way,Unknown,,,Turning Left,,,,,driver,,Davenport (9),14 Division,Little Portugal,true,true,false,true,false,true,false,false,false,false,"{""coordinates"": [[-79.42719097562495, 43.642544249923745]], ""type"": ""MultiPoint""}"
6971,2011:1233062,2011-05-14T13:56:00,QUEEN ST W,GLADSTONE AVE,,1,Non-Fatal Injury,At Intersection,Traffic Signal,Turning Movement,"Airborne Matter (Fog, Mist, Smoke, Dust)",Daylight,Dry,Major Arterial,false,-79.42719097562495,43.642544249923745,1,Motorcycle,West,1,26,Major,Lap and Shoulder Belt,Exceeding speed limit,Inattentive,,,Going Ahead,,,,,motorcyclist,,Davenport (9),14 Division,Little Portugal,true,true,false,true,false,true,false,false,false,false,"{""coordinates"": [[-79.42719097562495, 43.642544249923745]], ""type"": ""MultiPoint""}"
6972,2011:1246412,2011-05-14T17:05:00,DIXON RD,ISLINGTON AVE,,4,Non-Fatal Injury,At Intersection,Traffic Signal,Turning Movement,Rain,Daylight,Wet,Major Arterial,false,-79.5466910788487,43.69704438676599,1,,,1,18,Major,Helmet,,,,,,,,,,passenger,,Etobicoke Centre (2),23 Division,Kingsview Village-The Westway,true,false,false,true,false,false,false,false,true,false,"{""coordinates"": [[-79.5466910788487, 43.69704438676599]], ""type"": ""MultiPoint""}"
6973,2011:1246412,2011-05-14T17:05:00,DIXON RD,ISLINGTON AVE,,4,Non-Fatal Injury,At Intersection,Traffic Signal,Turning Movement,Rain,Daylight,Wet,Major Arterial,false,-79.5466910788487,43.69704438676599,1,Motorcycle,West,2,19,Major,Other Safety Equipment Used,Driving properly,Normal,,,Going Ahead,,,,,motorcyclist,,Etobicoke Centre (2),23 Division,Kingsview Village-The Westway,true,false,false,true,false,false,false,false,true,false,"{""coordinates"": [[-79.5466910788487, 43.69704438676599]], ""type"": ""MultiPoint""}"
6974,2011:1246412,2011-05-14T17:05:00,DIXON RD,ISLINGTON AVE,,4,Non-Fatal Injury,At Intersection,Traffic Signal,Turning Movement,Rain,Daylight,Wet,Major Arterial,false,-79.5466910788487,43.69704438676599,3,Automobile or Station Wagon,East,4,,None,Other Safety Equipment Used,Failed to yield right-of-way,Unknown,,,Turning Left,,,,,driver,,Etobicoke Centre (2),23 Division,Kingsview Village-The Westway,true,false,false,true,false,false,false,false,true,false,"{""coordinates"": [[-79.5466910788487, 43.69704438676599]], ""type"": ""MultiPoint""}"
6975,2011:1246412,2011-05-14T17:05:00,DIXON RD,ISLINGTON AVE,,4,Non-Fatal Injury,At Intersection,Traffic Signal,Turning Movement,Rain,Daylight,Wet,Major Arterial,false,-79.5466910788487,43.69704438676599,2,Automobile or Station Wagon,East,3,32,None,Other Safety Equipment Used,Driving properly,Normal,,,Slowing or Stopping,,,,,driver,,Etobicoke Centre (2),23 Division,Kingsview Village-The Westway,true,false,false,true,false,false,false,false,true,false,"{""coordinates"": [[-79.5466910788487, 43.69704438676599]], ""type"": ""MultiPoint""}"
6976,2011:1233108,2011-05-15T10:47:00,PAPE Aven,COSBURN Aven,,1,Non-Fatal Injury,At Intersection,Traffic Signal,Pedestrian Collision(internal code),Rain,Daylight,Wet,Major Arterial,false,-79.34879075345272,43.68944412568858,2,,East,2,84,Major,Other Safety Equipment Used,,,Crossing with right-of-way (intersection),Normal,,Driver turns left into pedestrian crossing with right-of-way (at intersection),,,,pedestrian,,Toronto-Danforth (14),55 Division,Old East York,true,true,false,false,false,true,true,false,false,false,"{""coordinates"": [[-79.34879075345272, 43.68944412568858]], ""type"": ""MultiPoint""}"
6977,2011:1233108,2011-05-15T10:47:00,PAPE Aven,COSBURN Aven,,1,Non-Fatal Injury,At Intersection,Traffic Signal,Pedestrian Collision(internal code),Rain,Daylight,Wet,Major Arterial,false,-79.34879075345272,43.68944412568858,1,Automobile or Station Wagon,West,1,74,None,Other Safety Equipment Used,Failed to yield right-of-way,Inattentive,,,Turning Left,,,,,driver,,Toronto-Danforth (14),55 Division,Old East York,true,true,false,false,false,true,true,false,false,false,"{""coordinates"": [[-79.34879075345272, 43.68944412568858]], ""type"": ""MultiPoint""}"
6978,2011:1233231,2011-05-16T00:17:00,F G GARDINER Expr E,DOWLING Ave,,3,Non-Fatal Injury,,No Control,SMV Other,Rain,Dark with Artificial Lighting,Wet,Major Arterial,false,-79.44079101443926,43.63544427284615,1,Automobile or Station Wagon,East,2,30,Major,Air Bag Deployed,Speed too fast for conditions,Normal,,,Going Ahead,,,,,driver,,Parkdale-High Park (4),14 Division,South Parkdale,true,false,false,false,false,false,false,false,false,false,"{""coordinates"": [[-79.44079101443926, 43.63544427284615]], ""type"": ""MultiPoint""}"
6979,2011:1233231,2011-05-16T00:17:00,F G GARDINER Expr E,DOWLING Ave,,3,Non-Fatal Injury,,No Control,SMV Other,Rain,Dark with Artificial Lighting,Wet,Major Arterial,false,-79.44079101443926,43.63544427284615,1,,,1,21,Minor,Lap and Shoulder Belt,,,,,,,,,,passenger,,Parkdale-High Park (4),14 Division,South Parkdale,true,false,false,false,false,false,false,false,false,false,"{""coordinates"": [[-79.44079101443926, 43.63544427284615]], ""type"": ""MultiPoint""}"
6980,2011:1233231,2011-05-16T00:17:00,F G GARDINER Expr E,DOWLING Ave,,3,Non-Fatal Injury,,No Control,SMV Other,Rain,Dark with Artificial Lighting,Wet,Major Arterial,false,-79.44079101443926,43.63544427284615,2,,,3,,,Other Safety Equipment Used,,,,,,,,,,owner,,Parkdale-High Park (4),14 Division,South Parkdale,true,false,false,false,false,false,false,false,false,false,"{""coordinates"": [[-79.44079101443926, 43.63544427284615]], ""type"": ""MultiPoint""}"
6981,2011:1242638,2011-05-18T09:34:00,WARDEN AVE,BRIDLETOWNE CRCL,,2,Non-Fatal Injury,At Intersection,Traffic Signal,Rear End,Rain,Daylight,Wet,Major Arterial,false,-79.318690567949,43.80144408181522,2,Automobile or Station Wagon,North,2,41,Minor,Lap and Shoulder Belt,Driving properly,Normal,,,Stopped,,,,,driver,,Scarborough-Agincourt (22),42 Division,East L'Amoreaux,true,false,false,false,false,false,false,false,false,false,"{""coordinates"": [[-79.318690567949, 43.80144408181522]], ""type"": ""MultiPoint""}"
6982,2011:1242638,2011-05-18T09:34:00,WARDEN AVE,BRIDLETOWNE CRCL,,2,Non-Fatal Injury,At Intersection,Traffic Signal,Rear End,Rain,Daylight,Wet,Major Arterial,false,-79.318690567949,43.80144408181522,1,Automobile or Station Wagon,North,1,45,Major,Air Bag Deployed,Speed too fast for conditions,Normal,,,Going Ahead,,,,,driver,,Scarborough-Agincourt (22),42 Division,East L'Amoreaux,true,false,false,false,false,false,false,false,false,false,"{""coordinates"": [[-79.318690567949, 43.80144408181522]], ""type"": ""MultiPoint""}"
6983,2011:1233797,2011-05-18T12:45:00,PAPE Aven,COSBURN Aven,,1,Non-Fatal Injury,At Intersection,Traffic Signal,Pedestrian Collision(internal code),Clear,Daylight,Wet,Major Arterial,false,-79.34879075345272,43.68944412568858,1,Automobile or Station Wagon,West,1,43,None,Other Safety Equipment Used,Failed to yield right-of-way,Inattentive,,,Turning Left,,,,,driver,,Toronto-Danforth (14),55 Division,Old East York,true,true,false,false,false,true,true,false,false,false,"{""coordinates"": [[-79.34879075345272, 43.68944412568858]], ""type"": ""MultiPoint""}"
6984,2011:1233797,2011-05-18T12:45:00,PAPE Aven,COSBURN Aven,,1,Non-Fatal Injury,At Intersection,Traffic Signal,Pedestrian Collision(internal code),Clear,Daylight,Wet,Major Arterial,false,-79.34879075345272,43.68944412568858,2,,East,2,94,Major,Other Safety Equipment Used,,,Crossing with right-of-way (intersection),Normal,,Driver turns left into pedestrian crossing with right-of-way (at intersection),,,,pedestrian,,Toronto-Danforth (14),55 Division,Old East York,true,true,false,false,false,true,true,false,false,false,"{""coordinates"": [[-79.34879075345272, 43.68944412568858]], ""type"": ""MultiPoint""}"
6985,2011:1234066,2011-05-20T16:20:00,JANE ST,HOMEVIEW AVE,,2,Non-Fatal Injury,,No Control,Pedestrian Collision(internal code),Rain,Daylight,Wet,Major Arterial,false,-79.49239105694721,43.668644335294644,2,,Unknown,2,54,Major,Other Safety Equipment Used,,,Crossing - no traffic control,Normal,,Driver turns left into pedestrian crossing with right-of-way (at intersection),,,,pedestrian,,York South-Weston (5),12 Division,Rockcliffe-Smythe,true,false,false,false,false,false,true,false,false,false,"{""coordinates"": [[-79.49239105694721, 43.668644335294644]], ""type"": ""MultiPoint""}"
6986,2011:1234066,2011-05-20T16:20:00,JANE ST,HOMEVIEW AVE,,2,Non-Fatal Injury,,No Control,Pedestrian Collision(internal code),Rain,Daylight,Wet,Major Arterial,false,-79.49239105694721,43.668644335294644,1,Automobile or Station Wagon,North,1,27,None,Lap and Shoulder Belt,Failed to yield right-of-way,Normal,,,Turning Left,,,,,driver,,York South-Weston (5),12 Division,Rockcliffe-Smythe,true,false,false,false,false,false,true,false,false,false,"{""coordinates"": [[-79.49239105694721, 43.668644335294644]], ""type"": ""MultiPoint""}"
6987,2011:1242807,2011-05-20T17:38:00,MCCOWAN Road,BRIDLEY Driv,,8,Non-Fatal Injury,,No Control,Rear End,Clear,Daylight,Dry,Major Arterial,false,-79.27009048037591,43.813644026775776,2,,,5,,,Other Safety Equipment Used,,,,,,,,,,owner,,Scarborough North (23),42 Division,Agincourt North,true,false,false,false,false,false,false,false,true,false,"{""coordinates"": [[-79.27009048037591, 43.813644026775776]], ""type"": ""MultiPoint""}"
6988,2011:1242807,2011-05-20T17:38:00,MCCOWAN Road,BRIDLEY Driv,,8,Non-Fatal Injury,,No Control,Rear End,Clear,Daylight,Dry,Major Arterial,false,-79.27009048037591,43.813644026775776,2,,,3,19,Major,Air Bag Deployed,,,,,,,,,,passenger,,Scarborough North (23),42 Division,Agincourt North,true,false,false,false,false,false,false,false,true,false,"{""coordinates"": [[-79.27009048037591, 43.813644026775776]], ""type"": ""MultiPoint""}"
6989,2011:1242807,2011-05-20T17:38:00,MCCOWAN Road,BRIDLEY Driv,,8,Non-Fatal Injury,,No Control,Rear End,Clear,Daylight,Dry,Major Arterial,false,-79.27009048037591,43.813644026775776,2,Automobile or Station Wagon,South,6,19,Minor,Air Bag Deployed,Following too closely,Had Been Drinking,,,Changing Lanes,,,,,driver,,Scarborough North (23),42 Division,Agincourt North,true,false,false,false,false,false,false,false,true,false,"{""coordinates"": [[-79.27009048037591, 43.813644026775776]], ""type"": ""MultiPoint""}"
6990,2011:1242807,2011-05-20T17:38:00,MCCOWAN Road,BRIDLEY Driv,,8,Non-Fatal Injury,,No Control,Rear End,Clear,Daylight,Dry,Major Arterial,false,-79.27009048037591,43.813644026775776,3,,,7,,,Other Safety Equipment Used,,,,,,,,,,owner,,Scarborough North (23),42 Division,Agincourt North,true,false,false,false,false,false,false,false,true,false,"{""coordinates"": [[-79.27009048037591, 43.813644026775776]], ""type"": ""MultiPoint""}"
6991,2011:1242807,2011-05-20T17:38:00,MCCOWAN Road,BRIDLEY Driv,,8,Non-Fatal Injury,,No Control,Rear End,Clear,Daylight,Dry,Major Arterial,false,-79.27009048037591,43.813644026775776,2,,,2,20,Minor,Air Bag Deployed,,,,,,,,,,passenger,,Scarborough North (23),42 Division,Agincourt North,true,false,false,false,false,false,false,false,true,false,"{""coordinates"": [[-79.27009048037591, 43.813644026775776]], ""type"": ""MultiPoint""}"
6992,2011:1242807,2011-05-20T17:38:00,MCCOWAN Road,BRIDLEY Driv,,8,Non-Fatal Injury,,No Control,Rear End,Clear,Daylight,Dry,Major Arterial,false,-79.27009048037591,43.813644026775776,3,,,8,,,Other Safety Equipment Used,,,,,,,,,,owner,,Scarborough North (23),42 Division,Agincourt North,true,false,false,false,false,false,false,false,true,false,"{""coordinates"": [[-79.27009048037591, 43.813644026775776]], ""type"": ""MultiPoint""}"
6993,2011:1242807,2011-05-20T17:38:00,MCCOWAN Road,BRIDLEY Driv,,8,Non-Fatal Injury,,No Control,Rear End,Clear,Daylight,Dry,Major Arterial,false,-79.27009048037591,43.813644026775776,1,Automobile or Station Wagon,South,1,37,None,Other Safety Equipment Used,Driving properly,Normal,,,Going Ahead,,,,,driver,,Scarborough North (23),42 Division,Agincourt North,true,false,false,false,false,false,false,false,true,false,"{""coordinates"": [[-79.27009048037591, 43.813644026775776]], ""type"": ""MultiPoint""}"
6994,2011:1242807,2011-05-20T17:38:00,MCCOWAN Road,BRIDLEY Driv,,8,Non-Fatal Injury,,No Control,Rear End,Clear,Daylight,Dry,Major Arterial,false,-79.27009048037591,43.813644026775776,2,,,4,19,Minimal,Air Bag Deployed,,,,,,,,,,passenger,,Scarborough North (23),42 Division,Agincourt North,true,false,false,false,false,false,false,false,true,false,"{""coordinates"": [[-79.27009048037591, 43.813644026775776]], ""type"": ""MultiPoint""}"
6995,2011:1242543,2011-05-20T18:19:00,DAVENPORT RD,FOUNDRY AVE,,2,Non-Fatal Injury,,No Control,Pedestrian Collision(internal code),Clear,Daylight,Dry,Minor Arterial,false,-79.44939097039561,43.67134427239875,1,Automobile or Station Wagon,West,1,19,None,Lap and Shoulder Belt,Failed to yield right-of-way,Normal,,,Going Ahead,,,,,driver,,Davenport (9),13 Division,Junction-Wallace Emerson,true,false,false,false,false,false,true,false,true,false,"{""coordinates"": [[-79.44939097039561, 43.67134427239875]], ""type"": ""MultiPoint""}"
6996,2011:1242543,2011-05-20T18:19:00,DAVENPORT RD,FOUNDRY AVE,,2,Non-Fatal Injury,,No Control,Pedestrian Collision(internal code),Clear,Daylight,Dry,Minor Arterial,false,-79.44939097039561,43.67134427239875,2,,North,2,7,Major,Other Safety Equipment Used,,,Running onto roadway,Normal,,Driver going straight hits pedestrian crossing without right-of-way (at intersection),,,,pedestrian,,Davenport (9),13 Division,Junction-Wallace Emerson,true,false,false,false,false,false,true,false,true,false,"{""coordinates"": [[-79.44939097039561, 43.67134427239875]], ""type"": ""MultiPoint""}"
6997,2011:1234067,2011-05-20T19:32:00,180 BROOKSIDE DR,,,2,Non-Fatal Injury,,No Control,Pedestrian Collision(internal code),Clear,Daylight,Dry,Local,false,-79.30679068566822,43.681944067608505,1,Automobile or Station Wagon,West,1,50,None,Other Safety Equipment Used,Other,Normal,,,Reversing,,,,,driver,,Beaches-East York (19),55 Division,East End-Danforth,false,false,false,false,false,true,true,false,false,false,"{""coordinates"": [[-79.30679068566822, 43.681944067608505]], ""type"": ""MultiPoint""}"
6998,2011:1234067,2011-05-20T19:32:00,180 BROOKSIDE DR,,,2,Non-Fatal Injury,,No Control,Pedestrian Collision(internal code),Clear,Daylight,Dry,Local,false,-79.30679068566822,43.681944067608505,2,,East,2,89,Major,Other Safety Equipment Used,,,Other,Medical or Physical Disability,,Driver hits pedestrian at private driveway,,,,pedestrian,,Beaches-East York (19),55 Division,East End-Danforth,false,false,false,false,false,true,true,false,false,false,"{""coordinates"": [[-79.30679068566822, 43.681944067608505]], ""type"": ""MultiPoint""}"
6999,2011:1234265,2011-05-21T11:22:00,FINCH AVE E,SANDHURST CRCL,,2,Non-Fatal Injury,,No Control,SMV Other,Clear,Daylight,Dry,Major Arterial,false,-79.26279047289876,43.80884401775944,2,,,2,,,Other Safety Equipment Used,,,,,,,,,,owner,,Scarborough North (23),42 Division,Agincourt North,false,false,false,false,false,false,false,false,false,false,"{""coordinates"": [[-79.26279047289876, 43.80884401775944]], ""type"": ""MultiPoint""}"
7000,2011:1234265,2011-05-21T11:22:00,FINCH AVE E,SANDHURST CRCL,,2,Non-Fatal Injury,,No Control,SMV Other,Clear,Daylight,Dry,Major Arterial,false,-79.26279047289876,43.80884401775944,1,Automobile or Station Wagon,East,1,49,Major,Lap and Shoulder Belt,Lost control,Medical or Physical Disability,,,Going Ahead,,,,,driver,,Scarborough North (23),42 Division,Agincourt North,false,false,false,false,false,false,false,false,false,false,"{""coordinates"": [[-79.26279047289876, 43.80884401775944]], ""type"": ""MultiPoint""}"
7001,2011:1242717,2011-05-21T11:59:00,FINCH AVE E,PHARMACY AVE,,2,Non-Fatal Injury,,No Control,Turning Movement,Clear,Daylight,Dry,Major Arterial,false,-79.32609058643112,43.79434409019513,2,Automobile or Station Wagon,South,2,41,None,Other Safety Equipment Used,Improper turn,Normal,,,Turning Left,,,,,driver,,Scarborough-Agincourt (22),42 Division,L'Amoreaux West,false,false,false,true,false,false,false,false,false,false,"{""coordinates"": [[-79.32609058643112, 43.79434409019513]], ""type"": ""MultiPoint""}"
7002,2011:1242717,2011-05-21T11:59:00,FINCH AVE E,PHARMACY AVE,,2,Non-Fatal Injury,,No Control,Turning Movement,Clear,Daylight,Dry,Major Arterial,false,-79.32609058643112,43.79434409019513,1,Motorcycle,West,1,31,Major,Helmet,Driving properly,Normal,,,Going Ahead,,,,,motorcyclist,,Scarborough-Agincourt (22),42 Division,L'Amoreaux West,false,false,false,true,false,false,false,false,false,false,"{""coordinates"": [[-79.32609058643112, 43.79434409019513]], ""type"": ""MultiPoint""}"
7003,2011:1234879,2011-05-22T14:30:00,FINCH AVE E,DORIS AVE,,2,Non-Fatal Injury,At Intersection,Traffic Signal,Pedestrian Collision(internal code),Clear,Daylight,Wet,Major Arterial,true,-79.41229074007055,43.78044419310994,1,,North,2,59,Major,Other Safety Equipment Used,,,Crossing - no traffic control,Normal,,Driver hits pedestrian at midblock,,,,pedestrian,,Willowdale (18),32 Division,East Willowdale,false,false,false,false,false,false,true,false,false,false,"{""coordinates"": [[-79.41229074007055, 43.78044419310994]], ""type"": ""MultiPoint""}"
7004,2011:1234879,2011-05-22T14:30:00,FINCH AVE E,DORIS AVE,,2,Non-Fatal Injury,At Intersection,Traffic Signal,Pedestrian Collision(internal code),Clear,Daylight,Wet,Major Arterial,true,-79.41229074007055,43.78044419310994,1,Automobile or Station Wagon,North,1,,None,Other Safety Equipment Used,Improper turn,Unknown,,,Turning Right,,,,,driver,,Willowdale (18),32 Division,East Willowdale,false,false,false,false,false,false,true,false,false,false,"{""coordinates"": [[-79.41229074007055, 43.78044419310994]], ""type"": ""MultiPoint""}"
7005,2011:1242750,2011-05-22T20:04:00,ALDWYCH AVE,DEWHURST BLVD,,2,Non-Fatal Injury,,No Control,Pedestrian Collision(internal code),Clear,Dark,Dry,Local,false,-79.34049074473373,43.68474411472134,2,,North,2,13,Major,No Equipment Available,,,Coming from behind parked vehicle or object,Normal,,Driver hits pedestrian walking or running out from between parked vehicles (at midblock),,,,pedestrian,,Toronto-Danforth (14),55 Division,Danforth East York,false,false,false,false,false,false,true,false,true,false,"{""coordinates"": [[-79.34049074473373, 43.68474411472134]], ""type"": ""MultiPoint""}"
7006,2011:1242750,2011-05-22T20:04:00,ALDWYCH AVE,DEWHURST BLVD,,2,Non-Fatal Injury,,No Control,Pedestrian Collision(internal code),Clear,Dark,Dry,Local,false,-79.34049074473373,43.68474411472134,1,Automobile or Station Wagon,East,1,55,None,Other Safety Equipment Used,Driving properly,Normal,,,Going Ahead,,,,,driver,,Toronto-Danforth (14),55 Division,Danforth East York,false,false,false,false,false,false,true,false,true,false,"{""coordinates"": [[-79.34049074473373, 43.68474411472134]], ""type"": ""MultiPoint""}"
7007,2011:1234453,2011-05-23T11:15:00,VICTORIA PARK AVE,SHEPPARD AVE E,,4,Non-Fatal Injury,At Intersection,Traffic Signal,Angle,Clear,Daylight,Dry,Major Arterial,false,-79.32300959944067,43.77523208583926,3,Automobile or Station Wagon,North,2,29,None,Other Safety Equipment Used,Driving properly,Normal,,,Going Ahead,,,,,driver,,Scarborough-Agincourt (22),42 Division,Tam O'Shanter-Sullivan,true,false,false,false,false,false,false,true,false,false,"{""coordinates"": [[-79.32300959944067, 43.77523208583926]], ""type"": ""MultiPoint""}"
7008,2011:1234453,2011-05-23T11:15:00,VICTORIA PARK AVE,SHEPPARD AVE E,,4,Non-Fatal Injury,At Intersection,Traffic Signal,Angle,Clear,Daylight,Dry,Major Arterial,false,-79.32300959944067,43.77523208583926,2,Automobile or Station Wagon,North,1,37,None,Other Safety Equipment Used,Driving properly,Normal,,,Going Ahead,,,,,driver,,Scarborough-Agincourt (22),42 Division,Tam O'Shanter-Sullivan,true,false,false,false,false,false,false,true,false,false,"{""coordinates"": [[-79.32300959944067, 43.77523208583926]], ""type"": ""MultiPoint""}"