_id,collision_id,accdate,stname1,stname2,stname3,per_inv,acclass,accloc,traffictl,impactype,visible,light,rdsfcond,road_class,failtorem,longitude,latitude,veh_no,vehtype,initdir,per_no,invage,injury,safequip,drivact,drivcond,pedact,pedcond,manoeuvre,pedtype,cyclistype,cycact,cyccond,road_user,fatal_no,wardname,division,neighbourhood,aggressive,distracted,cyclist,motorcyclist,other_micromobility,older_adult,pedestrian,red_light,school_child,heavy_truck,geometry
7747,2011:1278387,2011-12-05T18:30:00,BRIMWOOD BLVD,SANDHURST CRCL,,3,Non-Fatal Injury,,Stop Sign,Pedestrian Collision(internal code),Rain,Dark,Wet,Collector,true,-79.27099048406176,43.81094402746776,1,Automobile or Station Wagon,South,2,27,None,Lap and Shoulder Belt,Failed to yield right-of-way,Inattentive,,,Turning Left,,,,,driver,,Scarborough North (23),42 Division,Agincourt North,true,true,false,false,false,false,true,false,false,false,"{""coordinates"": [[-79.27099048406176, 43.81094402746776]], ""type"": ""MultiPoint""}"
7748,2011:1278387,2011-12-05T18:30:00,BRIMWOOD BLVD,SANDHURST CRCL,,3,Non-Fatal Injury,,Stop Sign,Pedestrian Collision(internal code),Rain,Dark,Wet,Collector,true,-79.27099048406176,43.81094402746776,1,,,1,,,Other Safety Equipment Used,,,,,,,,,,owner,,Scarborough North (23),42 Division,Agincourt North,true,true,false,false,false,false,true,false,false,false,"{""coordinates"": [[-79.27099048406176, 43.81094402746776]], ""type"": ""MultiPoint""}"
7749,2011:1268173,2011-12-08T19:54:00,SHEPPARD AVE E,VICTORIA PARK AVE,,3,Non-Fatal Injury,At Intersection,Traffic Signal,Pedestrian Collision(internal code),Clear,Dark,Dry,Major Arterial,false,-79.32299059939824,43.775244085816766,1,Municipal Transit Bus (TTC),South,2,55,None,Other Safety Equipment Used,Driving properly,Normal,,,Turning Right,,,,,driver,,Scarborough-Agincourt (22),42 Division,Tam O'Shanter-Sullivan,false,false,false,false,false,false,true,false,false,true,"{""coordinates"": [[-79.32299059939824, 43.775244085816766]], ""type"": ""MultiPoint""}"
7750,2011:1268173,2011-12-08T19:54:00,SHEPPARD AVE E,VICTORIA PARK AVE,,3,Non-Fatal Injury,At Intersection,Traffic Signal,Pedestrian Collision(internal code),Clear,Dark,Dry,Major Arterial,false,-79.32299059939824,43.775244085816766,1,,,1,,,Other Safety Equipment Used,,,,,,,,,,owner,,Scarborough-Agincourt (22),42 Division,Tam O'Shanter-Sullivan,false,false,false,false,false,false,true,false,false,true,"{""coordinates"": [[-79.32299059939824, 43.775244085816766]], ""type"": ""MultiPoint""}"
7751,2011:1268173,2011-12-08T19:54:00,SHEPPARD AVE E,VICTORIA PARK AVE,,3,Non-Fatal Injury,At Intersection,Traffic Signal,Pedestrian Collision(internal code),Clear,Dark,Dry,Major Arterial,false,-79.32299059939824,43.775244085816766,2,,South,3,22,Major,Other Safety Equipment Used,,,Crossing without right-of-way (intersection),Unknown,,Transit vehicle driver hits pedestrian anywhere along roadway,,,,pedestrian,,Scarborough-Agincourt (22),42 Division,Tam O'Shanter-Sullivan,false,false,false,false,false,false,true,false,false,true,"{""coordinates"": [[-79.32299059939824, 43.775244085816766]], ""type"": ""MultiPoint""}"
7752,2011:1276036,2011-12-10T15:33:00,O CONNOR DR,PAPE AVE,,3,Non-Fatal Injury,At Intersection,Traffic Signal,Pedestrian Collision(internal code),Clear,Daylight,Dry,Major Arterial,false,-79.35029075076336,43.69324412722242,1,Automobile or Station Wagon,West,1,26,None,Lap and Shoulder Belt,Failed to yield right-of-way,Inattentive,,,Turning Left,,,,,driver,,Toronto-Danforth (14),55 Division,Old East York,true,true,false,false,false,false,true,false,false,false,"{""coordinates"": [[-79.35029075076336, 43.69324412722242]], ""type"": ""MultiPoint""}"
7753,2011:1276036,2011-12-10T15:33:00,O CONNOR DR,PAPE AVE,,3,Non-Fatal Injury,At Intersection,Traffic Signal,Pedestrian Collision(internal code),Clear,Daylight,Dry,Major Arterial,false,-79.35029075076336,43.69324412722242,2,,East,3,25,Major,Other Safety Equipment Used,,,Crossing with right-of-way (intersection),Normal,,Driver turns left into pedestrian crossing with right-of-way (at intersection),,,,pedestrian,,Toronto-Danforth (14),55 Division,Old East York,true,true,false,false,false,false,true,false,false,false,"{""coordinates"": [[-79.35029075076336, 43.69324412722242]], ""type"": ""MultiPoint""}"
7754,2011:1276036,2011-12-10T15:33:00,O CONNOR DR,PAPE AVE,,3,Non-Fatal Injury,At Intersection,Traffic Signal,Pedestrian Collision(internal code),Clear,Daylight,Dry,Major Arterial,false,-79.35029075076336,43.69324412722242,2,,East,2,32,Minimal,Other Safety Equipment Used,,,Crossing with right-of-way (intersection),Normal,,Driver turns left into pedestrian crossing with right-of-way (at intersection),,,,pedestrian,,Toronto-Danforth (14),55 Division,Old East York,true,true,false,false,false,false,true,false,false,false,"{""coordinates"": [[-79.35029075076336, 43.69324412722242]], ""type"": ""MultiPoint""}"
7755,2011:1278436,2011-12-10T16:22:00,SPADINA AVE,NASSAU ST,,3,Non-Fatal Injury,,No Control,Pedestrian Collision(internal code),Clear,Daylight,Dry,Major Arterial,false,-79.39919089941911,43.65584420448532,1,Automobile or Station Wagon,South,2,21,None,Lap and Shoulder Belt,Driving properly,Normal,,,Going Ahead,,,,,driver,,University-Rosedale (11),52 Division,Kensington-Chinatown,false,true,false,false,false,false,true,false,true,false,"{""coordinates"": [[-79.39919089941911, 43.65584420448532]], ""type"": ""MultiPoint""}"
7756,2011:1278436,2011-12-10T16:22:00,SPADINA AVE,NASSAU ST,,3,Non-Fatal Injury,,No Control,Pedestrian Collision(internal code),Clear,Daylight,Dry,Major Arterial,false,-79.39919089941911,43.65584420448532,2,,East,3,19,Major,Other Safety Equipment Used,,,Running onto roadway,Inattentive,,Driver hits pedestrian at midblock,,,,pedestrian,,University-Rosedale (11),52 Division,Kensington-Chinatown,false,true,false,false,false,false,true,false,true,false,"{""coordinates"": [[-79.39919089941911, 43.65584420448532]], ""type"": ""MultiPoint""}"
7757,2011:1278436,2011-12-10T16:22:00,SPADINA AVE,NASSAU ST,,3,Non-Fatal Injury,,No Control,Pedestrian Collision(internal code),Clear,Daylight,Dry,Major Arterial,false,-79.39919089941911,43.65584420448532,1,,,1,,,Other Safety Equipment Used,,,,,,,,,,owner,,University-Rosedale (11),52 Division,Kensington-Chinatown,false,true,false,false,false,false,true,false,true,false,"{""coordinates"": [[-79.39919089941911, 43.65584420448532]], ""type"": ""MultiPoint""}"
7758,2011:1278799,2011-12-10T17:24:00,FRONT St E,SCOTT St,,1,Non-Fatal Injury,,No Control,SMV Other,Clear,Dark with Artificial Lighting,Dry,Minor Arterial,false,-79.3757908666723,43.647444171832795,1,Motorcycle,East,1,35,Major,Helmet,Lost control,Normal,,,Pulling Away from Shoulder or Curb,,,,,motorcyclist,,Toronto Centre (13),51 Division,St Lawrence-East Bayfront-The Islands,false,false,false,true,false,false,false,false,false,false,"{""coordinates"": [[-79.3757908666723, 43.647444171832795]], ""type"": ""MultiPoint""}"
7759,2011:1278438,2011-12-10T22:52:00,BROADVIEW AVE,GERRARD ST E,,2,Non-Fatal Injury,At Intersection,Traffic Signal,Pedestrian Collision(internal code),Clear,Dark,Dry,Minor Arterial,false,-79.35259079514134,43.66544313459009,2,,East,2,21,Major,Other Safety Equipment Used,,,Crossing with right-of-way (intersection),Normal,,Driver going straight hits pedestrian crossing with right-of-way (at intersection),,,,pedestrian,,Toronto-Danforth (14),55 Division,South Riverdale,true,false,false,false,false,false,true,true,false,false,"{""coordinates"": [[-79.35259079514134, 43.66544313459009]], ""type"": ""MultiPoint""}"
7760,2011:1278438,2011-12-10T22:52:00,BROADVIEW AVE,GERRARD ST E,,2,Non-Fatal Injury,At Intersection,Traffic Signal,Pedestrian Collision(internal code),Clear,Dark,Dry,Minor Arterial,false,-79.35259079514134,43.66544313459009,1,Automobile or Station Wagon,South,1,46,None,Lap and Shoulder Belt,Disobeyed traffic control,Normal,,,Going Ahead,,,,,driver,,Toronto-Danforth (14),55 Division,South Riverdale,true,false,false,false,false,false,true,true,false,false,"{""coordinates"": [[-79.35259079514134, 43.66544313459009]], ""type"": ""MultiPoint""}"
7761,2011:1279732,2011-12-15T07:11:00,STEELES AVE E,MARKHAM RD,,2,Non-Fatal Injury,,Traffic Signal,Pedestrian Collision(internal code),Rain,Dark with Artificial Lighting,Wet,Major Arterial,true,-79.25117843223713,43.83658800876786,1,,West,2,45,Major,Other Safety Equipment Used,,,Crossing with right-of-way (intersection),Normal,,Driver turns left into pedestrian crossing with right-of-way (at intersection),,,,pedestrian,,Scarborough North (23),42 Division,Morningside Heights,true,false,false,false,false,false,true,false,false,true,"{""coordinates"": [[-79.25117843223713, 43.83658800876786]], ""type"": ""MultiPoint""}"
7762,2011:1279732,2011-12-15T07:11:00,STEELES AVE E,MARKHAM RD,,2,Non-Fatal Injury,,Traffic Signal,Pedestrian Collision(internal code),Rain,Dark with Artificial Lighting,Wet,Major Arterial,true,-79.25117843223713,43.83658800876786,1,Municipal Transit Bus (TTC),West,1,,None,Other Safety Equipment Used,Failed to yield right-of-way,Unknown,,,Turning Left,,,,,driver,,Scarborough North (23),42 Division,Morningside Heights,true,false,false,false,false,false,true,false,false,true,"{""coordinates"": [[-79.25117843223713, 43.83658800876786]], ""type"": ""MultiPoint""}"
7763,2011:1279742,2011-12-15T09:50:00,ADELAIDE St W,BAY St,,3,Non-Fatal Injury,At Intersection,Traffic Signal,Cyclist Collision,Rain,Daylight,Wet,Major Arterial,false,-79.3807908728386,43.64984417875575,1,,,1,,,Other Safety Equipment Used,,,,,,,,,,owner,,Spadina-Fort York (10),52 Division,Yonge-Bay Corridor,false,true,true,false,false,false,false,false,false,false,"{""coordinates"": [[-79.3807908728386, 43.64984417875575]], ""type"": ""MultiPoint""}"
7764,2011:1279742,2011-12-15T09:50:00,ADELAIDE St W,BAY St,,3,Non-Fatal Injury,At Intersection,Traffic Signal,Cyclist Collision,Rain,Daylight,Wet,Major Arterial,false,-79.3807908728386,43.64984417875575,1,Automobile or Station Wagon,East,2,44,None,Lap Belt Only,Driving properly,Normal,,,Going Ahead,,,,,driver,,Spadina-Fort York (10),52 Division,Yonge-Bay Corridor,false,true,true,false,false,false,false,false,false,false,"{""coordinates"": [[-79.3807908728386, 43.64984417875575]], ""type"": ""MultiPoint""}"
7765,2011:1279742,2011-12-15T09:50:00,ADELAIDE St W,BAY St,,3,Non-Fatal Injury,At Intersection,Traffic Signal,Cyclist Collision,Rain,Daylight,Wet,Major Arterial,false,-79.3807908728386,43.64984417875575,2,Bicycle,East,3,44,Major,Helmet,,,,,Merging,,Sideswipe with cyclist and driver travelling in same direction,Lost control,Inattentive,cyclist,,Spadina-Fort York (10),52 Division,Yonge-Bay Corridor,false,true,true,false,false,false,false,false,false,false,"{""coordinates"": [[-79.3807908728386, 43.64984417875575]], ""type"": ""MultiPoint""}"
7766,2011:1270054,2011-12-15T15:03:00,FAIRVIEW MALL DR,GODSTONE RD,,3,Non-Fatal Injury,,Traffic Signal,Pedestrian Collision(internal code),Rain,Daylight,Wet,Minor Arterial,false,-79.34569063229968,43.77964411323893,2,,,2,,,Other Safety Equipment Used,,,,,,,,,,owner,,Don Valley North (17),33 Division,Don Valley Village,true,true,false,false,false,true,true,false,false,true,"{""coordinates"": [[-79.34569063229968, 43.77964411323893]], ""type"": ""MultiPoint""}"
7767,2011:1270054,2011-12-15T15:03:00,FAIRVIEW MALL DR,GODSTONE RD,,3,Non-Fatal Injury,,Traffic Signal,Pedestrian Collision(internal code),Rain,Daylight,Wet,Minor Arterial,false,-79.34569063229968,43.77964411323893,1,,North,1,79,Major,Other Safety Equipment Used,,,Crossing with right-of-way (intersection),Normal,,Driver turns left into pedestrian crossing with right-of-way (at intersection),,,,pedestrian,,Don Valley North (17),33 Division,Don Valley Village,true,true,false,false,false,true,true,false,false,true,"{""coordinates"": [[-79.34569063229968, 43.77964411323893]], ""type"": ""MultiPoint""}"
7768,2011:1270054,2011-12-15T15:03:00,FAIRVIEW MALL DR,GODSTONE RD,,3,Non-Fatal Injury,,Traffic Signal,Pedestrian Collision(internal code),Rain,Daylight,Wet,Minor Arterial,false,-79.34569063229968,43.77964411323893,2,Truck - Open (Flatbed),South,3,60,None,Other Safety Equipment Used,Failed to yield right-of-way,Inattentive,,,Turning Left,,,,,driver,,Don Valley North (17),33 Division,Don Valley Village,true,true,false,false,false,true,true,false,false,true,"{""coordinates"": [[-79.34569063229968, 43.77964411323893]], ""type"": ""MultiPoint""}"
7769,2011:1280448,2011-12-20T14:30:00,QUEEN St W,CAMERON St,,2,Non-Fatal Injury,,No Control,Cyclist Collision,Clear,Daylight,Dry,Major Arterial,false,-79.39779090828985,43.648444204321486,1,Automobile or Station Wagon,East,1,20,None,Other Safety Equipment Used,Other,Unknown,,,Parked,,,,,driver,,Spadina-Fort York (10),14 Division,Wellington Place,false,false,true,false,false,false,false,false,false,false,"{""coordinates"": [[-79.39779090828985, 43.648444204321486]], ""type"": ""MultiPoint""}"
7770,2011:1280448,2011-12-20T14:30:00,QUEEN St W,CAMERON St,,2,Non-Fatal Injury,,No Control,Cyclist Collision,Clear,Daylight,Dry,Major Arterial,false,-79.39779090828985,43.648444204321486,2,Bicycle,East,2,39,Major,Helmet,,,,,Going Ahead,,Dooring,Driving Properly,Unknown,cyclist,,Spadina-Fort York (10),14 Division,Wellington Place,false,false,true,false,false,false,false,false,false,false,"{""coordinates"": [[-79.39779090828985, 43.648444204321486]], ""type"": ""MultiPoint""}"
7771,2011:1270884,2011-12-21T07:06:00,JANE ST,DRIFTWOOD AVE,,3,Fatal Injury,At Intersection,Traffic Signal,Pedestrian Collision(internal code),Rain,Dark with Artificial Lighting,Wet,Major Arterial,false,-79.51967292589406,43.765897323374624,2,Municipal Transit Bus (TTC),West,3,43,None,Other Safety Equipment Used,Failed to yield right-of-way,Inattentive,,,Turning Left,,,,,driver,,Humber River-Black Creek (7),31 Division,Black Creek,true,true,false,false,false,false,true,false,false,true,"{""coordinates"": [[-79.51967292589406, 43.765897323374624]], ""type"": ""MultiPoint""}"
7772,2011:1270884,2011-12-21T07:06:00,JANE ST,DRIFTWOOD AVE,,3,Fatal Injury,At Intersection,Traffic Signal,Pedestrian Collision(internal code),Rain,Dark with Artificial Lighting,Wet,Major Arterial,false,-79.51967292589406,43.765897323374624,2,,,2,,,Other Safety Equipment Used,,,,,,,,,,owner,,Humber River-Black Creek (7),31 Division,Black Creek,true,true,false,false,false,false,true,false,false,true,"{""coordinates"": [[-79.51967292589406, 43.765897323374624]], ""type"": ""MultiPoint""}"
7773,2011:1270884,2011-12-21T07:06:00,JANE ST,DRIFTWOOD AVE,,3,Fatal Injury,At Intersection,Traffic Signal,Pedestrian Collision(internal code),Rain,Dark with Artificial Lighting,Wet,Major Arterial,false,-79.51967292589406,43.765897323374624,1,,East,1,28,Fatal,Other Safety Equipment Used,,,Crossing with right-of-way (intersection),Normal,,Driver turns left into pedestrian crossing with right-of-way (at intersection),,,,pedestrian,34,Humber River-Black Creek (7),31 Division,Black Creek,true,true,false,false,false,false,true,false,false,true,"{""coordinates"": [[-79.51967292589406, 43.765897323374624]], ""type"": ""MultiPoint""}"
7774,2011:1281411,2011-12-21T17:10:00,CHICOUTIMI AVE,LAWRENCE AVE W,,2,Non-Fatal Injury,,No Control,Pedestrian Collision(internal code),Rain,Dark,Wet,Major Arterial,false,-79.4243908426969,43.720344221016504,1,Automobile or Station Wagon,West,1,71,None,Lap and Shoulder Belt,Driving properly,Normal,,,Turning Left,,,,,driver,,Eglinton-Lawrence (8),53 Division,Bedford Park-Nortown,false,true,false,false,false,true,true,false,false,false,"{""coordinates"": [[-79.4243908426969, 43.720344221016504]], ""type"": ""MultiPoint""}"
7775,2011:1281411,2011-12-21T17:10:00,CHICOUTIMI AVE,LAWRENCE AVE W,,2,Non-Fatal Injury,,No Control,Pedestrian Collision(internal code),Rain,Dark,Wet,Major Arterial,false,-79.4243908426969,43.720344221016504,2,,West,2,62,Major,Other Safety Equipment Used,,,Crossing - no traffic control,Inattentive,,Driver hits pedestrian at midblock,,,,pedestrian,,Eglinton-Lawrence (8),53 Division,Bedford Park-Nortown,false,true,false,false,false,true,true,false,false,false,"{""coordinates"": [[-79.4243908426969, 43.720344221016504]], ""type"": ""MultiPoint""}"
7776,2011:1281373,2011-12-21T18:07:00,EGLINTON AVE W,KANE AVE,,3,Non-Fatal Injury,,No Control,Pedestrian Collision(internal code),Clear,Dark,Dry,Major Arterial,false,-79.47099097667278,43.691044294957614,1,Automobile or Station Wagon,East,2,48,None,Lap and Shoulder Belt,Driving properly,Normal,,,Going Ahead,,,,,driver,,York South-Weston (5),12 Division,Keelesdale-Eglinton West,false,true,false,false,false,false,true,false,false,false,"{""coordinates"": [[-79.47099097667278, 43.691044294957614]], ""type"": ""MultiPoint""}"
7777,2011:1281373,2011-12-21T18:07:00,EGLINTON AVE W,KANE AVE,,3,Non-Fatal Injury,,No Control,Pedestrian Collision(internal code),Clear,Dark,Dry,Major Arterial,false,-79.47099097667278,43.691044294957614,1,,,1,,,Other Safety Equipment Used,,,,,,,,,,owner,,York South-Weston (5),12 Division,Keelesdale-Eglinton West,false,true,false,false,false,false,true,false,false,false,"{""coordinates"": [[-79.47099097667278, 43.691044294957614]], ""type"": ""MultiPoint""}"
7778,2011:1281373,2011-12-21T18:07:00,EGLINTON AVE W,KANE AVE,,3,Non-Fatal Injury,,No Control,Pedestrian Collision(internal code),Clear,Dark,Dry,Major Arterial,false,-79.47099097667278,43.691044294957614,2,,South,3,28,Major,Other Safety Equipment Used,,,Running onto roadway,Inattentive,,Driver hits pedestrian at midblock,,,,pedestrian,,York South-Weston (5),12 Division,Keelesdale-Eglinton West,false,true,false,false,false,false,true,false,false,false,"{""coordinates"": [[-79.47099097667278, 43.691044294957614]], ""type"": ""MultiPoint""}"
7779,2011:1281493,2011-12-22T11:28:00,LAIRD DR,EGLINTON AVE E,,2,Non-Fatal Injury,At Intersection,Traffic Signal,Pedestrian Collision(internal code),Clear,Daylight,Dry,Major Arterial,false,-79.36479074745449,43.71354414362571,1,Automobile or Station Wagon,South,1,74,None,Lap and Shoulder Belt,Failed to yield right-of-way,Inattentive,,,Turning Left,,,,,driver,,Don Valley West (15),53 Division,Thorncliffe Park,true,true,false,false,false,true,true,false,false,false,"{""coordinates"": [[-79.36479074745449, 43.71354414362571]], ""type"": ""MultiPoint""}"
7780,2011:1281493,2011-12-22T11:28:00,LAIRD DR,EGLINTON AVE E,,2,Non-Fatal Injury,At Intersection,Traffic Signal,Pedestrian Collision(internal code),Clear,Daylight,Dry,Major Arterial,false,-79.36479074745449,43.71354414362571,2,,North,2,65,Major,Other Safety Equipment Used,,,Crossing with right-of-way (intersection),Normal,,Driver turns left into pedestrian crossing with right-of-way (at intersection),,,,pedestrian,,Don Valley West (15),53 Division,Thorncliffe Park,true,true,false,false,false,true,true,false,false,false,"{""coordinates"": [[-79.36479074745449, 43.71354414362571]], ""type"": ""MultiPoint""}"
7781,2011:1271043,2011-12-22T13:45:00,JANE ST,YORKWOODS GT,,3,Non-Fatal Injury,,No Control,Pedestrian Collision(internal code),Clear,Daylight,Dry,Major Arterial,false,-79.51619094034531,43.75124432366443,1,Municipal Transit Bus (TTC),North,2,41,None,Other Safety Equipment Used,Driving properly,Normal,,,Going Ahead,,,,,driver,,Humber River-Black Creek (7),31 Division,Glenfield-Jane Heights,false,false,false,false,false,false,true,false,false,true,"{""coordinates"": [[-79.51619094034531, 43.75124432366443]], ""type"": ""MultiPoint""}"
7782,2011:1271043,2011-12-22T13:45:00,JANE ST,YORKWOODS GT,,3,Non-Fatal Injury,,No Control,Pedestrian Collision(internal code),Clear,Daylight,Dry,Major Arterial,false,-79.51619094034531,43.75124432366443,2,,North,3,32,Major,Other Safety Equipment Used,,,Other,Had Been Drinking,,Transit vehicle driver hits pedestrian anywhere along roadway,,,,pedestrian,,Humber River-Black Creek (7),31 Division,Glenfield-Jane Heights,false,false,false,false,false,false,true,false,false,true,"{""coordinates"": [[-79.51619094034531, 43.75124432366443]], ""type"": ""MultiPoint""}"
7783,2011:1271043,2011-12-22T13:45:00,JANE ST,YORKWOODS GT,,3,Non-Fatal Injury,,No Control,Pedestrian Collision(internal code),Clear,Daylight,Dry,Major Arterial,false,-79.51619094034531,43.75124432366443,1,,,1,,,Other Safety Equipment Used,,,,,,,,,,owner,,Humber River-Black Creek (7),31 Division,Glenfield-Jane Heights,false,false,false,false,false,false,true,false,false,true,"{""coordinates"": [[-79.51619094034531, 43.75124432366443]], ""type"": ""MultiPoint""}"
7784,2011:1271163,2011-12-23T05:47:00,LAWRENCE AVE E,CURLEW DR,,3,Fatal Injury,At Intersection,Traffic Signal,Turning Movement,Clear,Dark with Artificial Lighting,Wet,Major Arterial,false,-79.31929062886232,43.741144080872544,1,Automobile or Station Wagon,West,1,27,Minimal,Lap and Shoulder Belt,Driving properly,Normal,,,Going Ahead,,,,,driver,,Don Valley East (16),33 Division,Victoria Village,false,true,false,false,false,false,false,false,false,false,"{""coordinates"": [[-79.31929062886232, 43.741144080872544]], ""type"": ""MultiPoint""}"
7785,2011:1271163,2011-12-23T05:47:00,LAWRENCE AVE E,CURLEW DR,,3,Fatal Injury,At Intersection,Traffic Signal,Turning Movement,Clear,Dark with Artificial Lighting,Wet,Major Arterial,false,-79.31929062886232,43.741144080872544,3,,,3,,,Other Safety Equipment Used,,,,,,,,,,owner,,Don Valley East (16),33 Division,Victoria Village,false,true,false,false,false,false,false,false,false,false,"{""coordinates"": [[-79.31929062886232, 43.741144080872544]], ""type"": ""MultiPoint""}"
7786,2011:1271163,2011-12-23T05:47:00,LAWRENCE AVE E,CURLEW DR,,3,Fatal Injury,At Intersection,Traffic Signal,Turning Movement,Clear,Dark with Artificial Lighting,Wet,Major Arterial,false,-79.31929062886232,43.741144080872544,2,Automobile or Station Wagon,East,2,36,Fatal,Use Unknown,Improper turn,Inattentive,,,Turning Left,,,,,driver,35,Don Valley East (16),33 Division,Victoria Village,false,true,false,false,false,false,false,false,false,false,"{""coordinates"": [[-79.31929062886232, 43.741144080872544]], ""type"": ""MultiPoint""}"
7787,2011:1283294,2011-12-25T10:00:00,1971 KEELE St,,,2,Non-Fatal Injury,,No Control,Pedestrian Collision(internal code),Clear,Daylight,Dry,Major Arterial,true,-79.47489098617557,43.68974430093251,1,Automobile or Station Wagon,West,1,26,None,Lap Belt Only,Other,Had Been Drinking,,,Going Ahead,,,,,driver,,York South-Weston (5),12 Division,Keelesdale-Eglinton West,false,false,false,false,false,false,true,false,false,false,"{""coordinates"": [[-79.47489098617557, 43.68974430093251]], ""type"": ""MultiPoint""}"
7788,2011:1283294,2011-12-25T10:00:00,1971 KEELE St,,,2,Non-Fatal Injury,,No Control,Pedestrian Collision(internal code),Clear,Daylight,Dry,Major Arterial,true,-79.47489098617557,43.68974430093251,2,,Unknown,2,31,Major,Other Safety Equipment Used,,,Crossing - no traffic control,,,Driver hits pedestrian at midblock,,,,pedestrian,,York South-Weston (5),12 Division,Keelesdale-Eglinton West,false,false,false,false,false,false,true,false,false,false,"{""coordinates"": [[-79.47489098617557, 43.68974430093251]], ""type"": ""MultiPoint""}"
7789,2011:1281688,2011-12-25T17:40:00,DUFFERIN ST,ROSECLIFFE AVE,,3,Non-Fatal Injury,,No Control,SMV Unattended Vehicle,Clear,Dark with Artificial Lighting,Dry,Major Arterial,false,-79.44509094259065,43.68294426199549,1,,,1,,None,Other Safety Equipment Used,,,,,Parked,,,,,other,,Davenport (9),13 Division,Corso Italia-Davenport,false,false,false,false,false,false,false,false,true,false,"{""coordinates"": [[-79.44509094259065, 43.68294426199549]], ""type"": ""MultiPoint""}"
7790,2011:1281688,2011-12-25T17:40:00,DUFFERIN ST,ROSECLIFFE AVE,,3,Non-Fatal Injury,,No Control,SMV Unattended Vehicle,Clear,Dark with Artificial Lighting,Dry,Major Arterial,false,-79.44509094259065,43.68294426199549,2,,,2,18,Major,Lap and Shoulder Belt,,,,,,,,,,passenger,,Davenport (9),13 Division,Corso Italia-Davenport,false,false,false,false,false,false,false,false,true,false,"{""coordinates"": [[-79.44509094259065, 43.68294426199549]], ""type"": ""MultiPoint""}"
7791,2011:1281688,2011-12-25T17:40:00,DUFFERIN ST,ROSECLIFFE AVE,,3,Non-Fatal Injury,,No Control,SMV Unattended Vehicle,Clear,Dark with Artificial Lighting,Dry,Major Arterial,false,-79.44509094259065,43.68294426199549,2,Automobile or Station Wagon,North,3,20,Major,Equipment Not Used But Available,Lost control,Normal,,,Going Ahead,,,,,driver,,Davenport (9),13 Division,Corso Italia-Davenport,false,false,false,false,false,false,false,false,true,false,"{""coordinates"": [[-79.44509094259065, 43.68294426199549]], ""type"": ""MultiPoint""}"
7792,2011:1282186,2011-12-27T14:04:00,ST CLAIR Ave W,EARLSCOURT Ave,,2,Non-Fatal Injury,,Traffic Signal,Cyclist Collision,Rain,Daylight,Wet,Major Arterial,false,-79.44739095691192,43.67704426741814,1,Automobile or Station Wagon,West,1,27,Major,Lap Belt Only,Improper lane change,Inattentive,,,Changing Lanes,,,,,driver,,Davenport (9),13 Division,Corso Italia-Davenport,false,true,true,false,false,false,false,false,false,false,"{""coordinates"": [[-79.44739095691192, 43.67704426741814]], ""type"": ""MultiPoint""}"
7793,2011:1282186,2011-12-27T14:04:00,ST CLAIR Ave W,EARLSCOURT Ave,,2,Non-Fatal Injury,,Traffic Signal,Cyclist Collision,Rain,Daylight,Wet,Major Arterial,false,-79.44739095691192,43.67704426741814,2,Bicycle,West,2,,Minimal,Equipment Not Used But Available,,,,,Going Ahead,,Sideswipe with cyclist and driver travelling in same direction,Speed too Fast For Condition,Normal,cyclist,,Davenport (9),13 Division,Corso Italia-Davenport,false,true,true,false,false,false,false,false,false,false,"{""coordinates"": [[-79.44739095691192, 43.67704426741814]], ""type"": ""MultiPoint""}"
7794,2011:1282206,2011-12-27T17:40:00,THE EAST MALL,EAST MALL CRES,,2,Non-Fatal Injury,,Traffic Signal,Pedestrian Collision(internal code),Rain,Dark,Wet,Minor Arterial,false,-79.55229120847656,43.631444429709056,2,,West,2,24,Major,Other Safety Equipment Used,,,Crossing with right-of-way (intersection),Unknown,,Driver turns left into pedestrian crossing with right-of-way (at intersection),,,,pedestrian,,Etobicoke-Lakeshore (3),22 Division,Etobicoke City Centre,true,false,false,false,false,true,true,false,false,false,"{""coordinates"": [[-79.55229120847656, 43.631444429709056]], ""type"": ""MultiPoint""}"
7795,2011:1282206,2011-12-27T17:40:00,THE EAST MALL,EAST MALL CRES,,2,Non-Fatal Injury,,Traffic Signal,Pedestrian Collision(internal code),Rain,Dark,Wet,Minor Arterial,false,-79.55229120847656,43.631444429709056,1,Automobile or Station Wagon,East,1,65,None,Lap Belt Only,Failed to yield right-of-way,Normal,,,Turning Left,,,,,driver,,Etobicoke-Lakeshore (3),22 Division,Etobicoke City Centre,true,false,false,false,false,true,true,false,false,false,"{""coordinates"": [[-79.55229120847656, 43.631444429709056]], ""type"": ""MultiPoint""}"
7796,2011:1282189,2011-12-27T19:20:00,GRANDSTAND ENT RD,HIGHWAY 27 S,,2,Non-Fatal Injury,,No Control,SMV Other,Snow,Dark,Loose Snow,Other,false,-79.5913911186378,43.70624443344329,1,,,1,64,Major,Lap Belt Only,,,,,,,,,,passenger,,Etobicoke North (1),23 Division,West Humber-Clairville,true,false,false,false,false,true,false,false,false,false,"{""coordinates"": [[-79.5913911186378, 43.70624443344329]], ""type"": ""MultiPoint""}"