_id,collision_id,accdate,stname1,stname2,stname3,per_inv,acclass,accloc,traffictl,impactype,visible,light,rdsfcond,road_class,failtorem,longitude,latitude,veh_no,vehtype,initdir,per_no,invage,injury,safequip,drivact,drivcond,pedact,pedcond,manoeuvre,pedtype,cyclistype,cycact,cyccond,road_user,fatal_no,wardname,division,neighbourhood,aggressive,distracted,cyclist,motorcyclist,other_micromobility,older_adult,pedestrian,red_light,school_child,heavy_truck,geometry
8318,2012:1305265,2012-06-04T17:39:00,O CONNOR DR,WOODMOUNT AVE,,1,Non-Fatal Injury,,No Control,Other,Rain,Daylight,Wet,Major Arterial,false,-79.32139068916871,43.699444086800206,1,Automobile or Station Wagon,East,1,57,Major,Helmet,Lost control,Normal,,,Going Ahead,,,,,motorcyclist,,Beaches-East York (19),55 Division,Old East York,false,false,false,true,false,false,false,false,false,false,"{""coordinates"": [[-79.32139068916871, 43.699444086800206]], ""type"": ""MultiPoint""}"
8319,2012:1305424,2012-06-05T06:47:00,SHERBOURNE ST,HOWARD ST,,3,Non-Fatal Injury,At Intersection,Traffic Signal,Other,Clear,Daylight,Dry,Minor Arterial,false,-79.37639083195515,43.67124416782282,1,Municipal Transit Bus (TTC),North,2,58,None,Lap and Shoulder Belt,Driving properly,Normal,,,Slowing or Stopping,,,,,driver,,Toronto Centre (13),51 Division,North St.James Town,false,false,false,false,false,true,false,false,false,true,"{""coordinates"": [[-79.37639083195515, 43.67124416782282]], ""type"": ""MultiPoint""}"
8320,2012:1305424,2012-06-05T06:47:00,SHERBOURNE ST,HOWARD ST,,3,Non-Fatal Injury,At Intersection,Traffic Signal,Other,Clear,Daylight,Dry,Minor Arterial,false,-79.37639083195515,43.67124416782282,1,,,1,,,Other Safety Equipment Used,,,,,,,,,,owner,,Toronto Centre (13),51 Division,North St.James Town,false,false,false,false,false,true,false,false,false,true,"{""coordinates"": [[-79.37639083195515, 43.67124416782282]], ""type"": ""MultiPoint""}"
8321,2012:1305424,2012-06-05T06:47:00,SHERBOURNE ST,HOWARD ST,,3,Non-Fatal Injury,At Intersection,Traffic Signal,Other,Clear,Daylight,Dry,Minor Arterial,false,-79.37639083195515,43.67124416782282,2,,,3,69,Major,Other Safety Equipment Used,,,,,,,,,,passenger,,Toronto Centre (13),51 Division,North St.James Town,false,false,false,false,false,true,false,false,false,true,"{""coordinates"": [[-79.37639083195515, 43.67124416782282]], ""type"": ""MultiPoint""}"
8322,2012:1305359,2012-06-05T17:25:00,BLOOR ST W,DUFFERIN ST,,5,Non-Fatal Injury,,Traffic Signal,Cyclist Collision,Clear,Daylight,Dry,Major Arterial,false,-79.43539096298804,43.659844256285375,1,,,1,,None,Other Safety Equipment Used,,,,,,,,,,passenger,,Davenport (9),11 Division,Dufferin Grove,false,false,true,false,false,false,false,false,false,false,"{""coordinates"": [[-79.43539096298804, 43.659844256285375]], ""type"": ""MultiPoint""}"
8323,2012:1305359,2012-06-05T17:25:00,BLOOR ST W,DUFFERIN ST,,5,Non-Fatal Injury,,Traffic Signal,Cyclist Collision,Clear,Daylight,Dry,Major Arterial,false,-79.43539096298804,43.659844256285375,1,,,3,,,Other Safety Equipment Used,,,,,,,,,,owner,,Davenport (9),11 Division,Dufferin Grove,false,false,true,false,false,false,false,false,false,false,"{""coordinates"": [[-79.43539096298804, 43.659844256285375]], ""type"": ""MultiPoint""}"
8324,2012:1305359,2012-06-05T17:25:00,BLOOR ST W,DUFFERIN ST,,5,Non-Fatal Injury,,Traffic Signal,Cyclist Collision,Clear,Daylight,Dry,Major Arterial,false,-79.43539096298804,43.659844256285375,1,,,2,,None,Other Safety Equipment Used,,,,,,,,,,passenger,,Davenport (9),11 Division,Dufferin Grove,false,false,true,false,false,false,false,false,false,false,"{""coordinates"": [[-79.43539096298804, 43.659844256285375]], ""type"": ""MultiPoint""}"
8325,2012:1305359,2012-06-05T17:25:00,BLOOR ST W,DUFFERIN ST,,5,Non-Fatal Injury,,Traffic Signal,Cyclist Collision,Clear,Daylight,Dry,Major Arterial,false,-79.43539096298804,43.659844256285375,2,Bicycle,West,5,36,Major,Helmet,,,,,Going Ahead,,Dooring,Driving Properly,Normal,cyclist,,Davenport (9),11 Division,Dufferin Grove,false,false,true,false,false,false,false,false,false,false,"{""coordinates"": [[-79.43539096298804, 43.659844256285375]], ""type"": ""MultiPoint""}"
8326,2012:1305359,2012-06-05T17:25:00,BLOOR ST W,DUFFERIN ST,,5,Non-Fatal Injury,,Traffic Signal,Cyclist Collision,Clear,Daylight,Dry,Major Arterial,false,-79.43539096298804,43.659844256285375,1,Automobile or Station Wagon,West,4,50,None,Lap and Shoulder Belt,Other,Normal,,,Stopped,,,,,driver,,Davenport (9),11 Division,Dufferin Grove,false,false,true,false,false,false,false,false,false,false,"{""coordinates"": [[-79.43539096298804, 43.659844256285375]], ""type"": ""MultiPoint""}"
8327,2012:1305406,2012-06-05T18:07:00,QUEEN ST W,PETER ST,,4,Non-Fatal Injury,Intersection-Related,Streetcar (Stop for),Pedestrian Collision(internal code),Clear,Daylight,Dry,Major Arterial,false,-79.39366589890744,43.649278197986185,1,Streetcar,East,2,36,None,Booster Seat Used,,,,,,,,,,other,,Spadina-Fort York (10),52 Division,Wellington Place,false,true,true,false,false,false,true,false,false,true,"{""coordinates"": [[-79.39366589890744, 43.649278197986185]], ""type"": ""MultiPoint""}"
8328,2012:1305406,2012-06-05T18:07:00,QUEEN ST W,PETER ST,,4,Non-Fatal Injury,Intersection-Related,Streetcar (Stop for),Pedestrian Collision(internal code),Clear,Daylight,Dry,Major Arterial,false,-79.39366589890744,43.649278197986185,2,Bicycle,East,4,20,None,No Equipment Available,,,,,Going Ahead,,Cyclist hits pedestrian,Failed to Yield Right of Way,Inattentive,cyclist,,Spadina-Fort York (10),52 Division,Wellington Place,false,true,true,false,false,false,true,false,false,true,"{""coordinates"": [[-79.39366589890744, 43.649278197986185]], ""type"": ""MultiPoint""}"
8329,2012:1305406,2012-06-05T18:07:00,QUEEN ST W,PETER ST,,4,Non-Fatal Injury,Intersection-Related,Streetcar (Stop for),Pedestrian Collision(internal code),Clear,Daylight,Dry,Major Arterial,false,-79.39366589890744,43.649278197986185,1,,,1,,,Other Safety Equipment Used,,,,,,,,,,other,,Spadina-Fort York (10),52 Division,Wellington Place,false,true,true,false,false,false,true,false,false,true,"{""coordinates"": [[-79.39366589890744, 43.649278197986185]], ""type"": ""MultiPoint""}"
8330,2012:1305406,2012-06-05T18:07:00,QUEEN ST W,PETER ST,,4,Non-Fatal Injury,Intersection-Related,Streetcar (Stop for),Pedestrian Collision(internal code),Clear,Daylight,Dry,Major Arterial,false,-79.39366589890744,43.649278197986185,2,,South,3,60,Major,Other Safety Equipment Used,,,Person getting on/off vehicle,Normal,,Driver hits pedestrian at midblock,,,,pedestrian,,Spadina-Fort York (10),52 Division,Wellington Place,false,true,true,false,false,false,true,false,false,true,"{""coordinates"": [[-79.39366589890744, 43.649278197986185]], ""type"": ""MultiPoint""}"
8331,2012:1305383,2012-06-05T20:45:00,DUFFERIN ST,BLOOR ST W,,4,Non-Fatal Injury,At Intersection,Traffic Signal,Cyclist Collision,Clear,Dusk,Dry,Major Arterial,false,-79.43539096298804,43.659844256285375,2,Bicycle,West,4,22,Major,Use Unknown,,,,,Going Ahead,,"Cyclist without right-of-way rides into path of driver (at intersection, laneway, or driveway)",Disobeyed Traffic Control,Unknown,cyclist,,Davenport (9),11 Division,Dufferin Grove,false,false,true,false,false,false,false,false,false,false,"{""coordinates"": [[-79.43539096298804, 43.659844256285375]], ""type"": ""MultiPoint""}"
8332,2012:1305383,2012-06-05T20:45:00,DUFFERIN ST,BLOOR ST W,,4,Non-Fatal Injury,At Intersection,Traffic Signal,Cyclist Collision,Clear,Dusk,Dry,Major Arterial,false,-79.43539096298804,43.659844256285375,2,,,2,34,None,Other Safety Equipment Used,,,,,,,,,,passenger,,Davenport (9),11 Division,Dufferin Grove,false,false,true,false,false,false,false,false,false,false,"{""coordinates"": [[-79.43539096298804, 43.659844256285375]], ""type"": ""MultiPoint""}"
8333,2012:1305383,2012-06-05T20:45:00,DUFFERIN ST,BLOOR ST W,,4,Non-Fatal Injury,At Intersection,Traffic Signal,Cyclist Collision,Clear,Dusk,Dry,Major Arterial,false,-79.43539096298804,43.659844256285375,2,,,3,24,None,Other Safety Equipment Used,,,,,,,,,,passenger,,Davenport (9),11 Division,Dufferin Grove,false,false,true,false,false,false,false,false,false,false,"{""coordinates"": [[-79.43539096298804, 43.659844256285375]], ""type"": ""MultiPoint""}"
8334,2012:1305383,2012-06-05T20:45:00,DUFFERIN ST,BLOOR ST W,,4,Non-Fatal Injury,At Intersection,Traffic Signal,Cyclist Collision,Clear,Dusk,Dry,Major Arterial,false,-79.43539096298804,43.659844256285375,1,Automobile or Station Wagon,North,1,25,None,Lap and Shoulder Belt,Driving properly,Normal,,,Going Ahead,,,,,driver,,Davenport (9),11 Division,Dufferin Grove,false,false,true,false,false,false,false,false,false,false,"{""coordinates"": [[-79.43539096298804, 43.659844256285375]], ""type"": ""MultiPoint""}"
8335,2012:1305685,2012-06-06T22:31:00,YONGE ST,CARLTON ST,,2,Non-Fatal Injury,,No Control,Pedestrian Collision(internal code),Clear,Dark with Artificial Lighting,Dry,Major Arterial,false,-79.382890860317,43.660744179459456,2,,East,2,18,Major,Other Safety Equipment Used,,,Running onto roadway,Unknown,,Driver hits pedestrian at midblock,,,,pedestrian,,University-Rosedale (11),52 Division,Yonge-Bay Corridor,false,false,false,false,false,false,true,false,true,false,"{""coordinates"": [[-79.382890860317, 43.660744179459456]], ""type"": ""MultiPoint""}"
8336,2012:1305685,2012-06-06T22:31:00,YONGE ST,CARLTON ST,,2,Non-Fatal Injury,,No Control,Pedestrian Collision(internal code),Clear,Dark with Artificial Lighting,Dry,Major Arterial,false,-79.382890860317,43.660744179459456,1,Automobile or Station Wagon,North,1,60,None,Use Unknown,Driving properly,Normal,,,Going Ahead,,,,,driver,,University-Rosedale (11),52 Division,Yonge-Bay Corridor,false,false,false,false,false,false,true,false,true,false,"{""coordinates"": [[-79.382890860317, 43.660744179459456]], ""type"": ""MultiPoint""}"
8337,2012:1305695,2012-06-07T09:30:00,PARLIAMENT ST,QUEEN ST E,,3,Non-Fatal Injury,,No Control,Other,Clear,Daylight,Dry,Minor Arterial,false,-79.36479083178808,43.65644415384917,1,,,2,,,Other Safety Equipment Used,,,,,,,,,,owner,,Toronto Centre (13),51 Division,Regent Park,false,false,false,false,false,false,false,false,false,true,"{""coordinates"": [[-79.36479083178808, 43.65644415384917]], ""type"": ""MultiPoint""}"
8338,2012:1305695,2012-06-07T09:30:00,PARLIAMENT ST,QUEEN ST E,,3,Non-Fatal Injury,,No Control,Other,Clear,Daylight,Dry,Minor Arterial,false,-79.36479083178808,43.65644415384917,1,Municipal Transit Bus (TTC),South,3,53,None,Other Safety Equipment Used,Driving properly,Normal,,,Going Ahead,,,,,driver,,Toronto Centre (13),51 Division,Regent Park,false,false,false,false,false,false,false,false,false,true,"{""coordinates"": [[-79.36479083178808, 43.65644415384917]], ""type"": ""MultiPoint""}"
8339,2012:1305695,2012-06-07T09:30:00,PARLIAMENT ST,QUEEN ST E,,3,Non-Fatal Injury,,No Control,Other,Clear,Daylight,Dry,Minor Arterial,false,-79.36479083178808,43.65644415384917,1,,,1,45,Major,Lap and Shoulder Belt,,,,,,,,,,passenger,,Toronto Centre (13),51 Division,Regent Park,false,false,false,false,false,false,false,false,false,true,"{""coordinates"": [[-79.36479083178808, 43.65644415384917]], ""type"": ""MultiPoint""}"
8340,2012:1305650,2012-06-07T20:00:00,WALLACE AVE,PERTH AVE,,2,Non-Fatal Injury,At Intersection,Stop Sign,Cyclist Collision,Clear,Dark with Artificial Lighting,Dry,Local,true,-79.45059099026656,43.66104427801652,1,Automobile or Station Wagon,North,1,,None,Other Safety Equipment Used,Failed to yield right-of-way,Unknown,,,Going Ahead,,,,,driver,,Davenport (9),11 Division,Junction-Wallace Emerson,true,false,true,false,false,false,false,false,false,false,"{""coordinates"": [[-79.45059099026656, 43.66104427801652]], ""type"": ""MultiPoint""}"
8341,2012:1305650,2012-06-07T20:00:00,WALLACE AVE,PERTH AVE,,2,Non-Fatal Injury,At Intersection,Stop Sign,Cyclist Collision,Clear,Dark with Artificial Lighting,Dry,Local,true,-79.45059099026656,43.66104427801652,1,Bicycle,East,2,46,Major,No Equipment Available,,,,,Going Ahead,,"Driver without right-of-way drives into path of cyclist (at intersection, laneway, or driveway)",Driving Properly,Had Been Drinking,cyclist,,Davenport (9),11 Division,Junction-Wallace Emerson,true,false,true,false,false,false,false,false,false,false,"{""coordinates"": [[-79.45059099026656, 43.66104427801652]], ""type"": ""MultiPoint""}"
8342,2012:1298038,2012-06-08T15:20:00,LAWRENCE AVE E,KARL FRASER RD,,2,Fatal Injury,,No Control,Turning Movement,Clear,Daylight,Dry,Major Arterial,false,-79.34499067894416,43.73684411409851,1,Automobile or Station Wagon,West,1,38,None,Lap and Shoulder Belt,Failed to yield right-of-way,Normal,,,Turning Left,,,,,driver,,Don Valley East (16),33 Division,Banbury-Don Mills,true,false,false,true,false,false,false,false,false,false,"{""coordinates"": [[-79.34499067894416, 43.73684411409851]], ""type"": ""MultiPoint""}"
8343,2012:1298038,2012-06-08T15:20:00,LAWRENCE AVE E,KARL FRASER RD,,2,Fatal Injury,,No Control,Turning Movement,Clear,Daylight,Dry,Major Arterial,false,-79.34499067894416,43.73684411409851,2,Motorcycle,East,2,41,Fatal,Other Safety Equipment Used,Driving properly,Normal,,,Going Ahead,,,,,motorcyclist,17,Don Valley East (16),33 Division,Banbury-Don Mills,true,false,false,true,false,false,false,false,false,false,"{""coordinates"": [[-79.34499067894416, 43.73684411409851]], ""type"": ""MultiPoint""}"
8344,2012:1298041,2012-06-08T23:01:00,ST CLAIR AVE W,EARLSCOURT AVE,,3,Non-Fatal Injury,At Intersection,No Control,SMV Unattended Vehicle,Clear,Dark,Dry,Major Arterial,false,-79.44679095561224,43.67714426652943,3,Motorcycle,East,4,36,Major,Helmet,Exceeding speed limit,Inattentive,,,Going Ahead,,,,,motorcyclist,,Davenport (9),13 Division,Corso Italia-Davenport,true,true,false,true,false,false,false,false,false,false,"{""coordinates"": [[-79.44679095561224, 43.67714426652943]], ""type"": ""MultiPoint""}"
8345,2012:1298041,2012-06-08T23:01:00,ST CLAIR AVE W,EARLSCOURT AVE,,3,Non-Fatal Injury,At Intersection,No Control,SMV Unattended Vehicle,Clear,Dark,Dry,Major Arterial,false,-79.44679095561224,43.67714426652943,2,,East,2,,None,Other Safety Equipment Used,,,,,Parked,,,,,other,,Davenport (9),13 Division,Corso Italia-Davenport,true,true,false,true,false,false,false,false,false,false,"{""coordinates"": [[-79.44679095561224, 43.67714426652943]], ""type"": ""MultiPoint""}"
8346,2012:1298041,2012-06-08T23:01:00,ST CLAIR AVE W,EARLSCOURT AVE,,3,Non-Fatal Injury,At Intersection,No Control,SMV Unattended Vehicle,Clear,Dark,Dry,Major Arterial,false,-79.44679095561224,43.67714426652943,3,,,3,,,Other Safety Equipment Used,,,,,,,,,,owner,,Davenport (9),13 Division,Corso Italia-Davenport,true,true,false,true,false,false,false,false,false,false,"{""coordinates"": [[-79.44679095561224, 43.67714426652943]], ""type"": ""MultiPoint""}"
8347,2012:1298041,2012-06-08T23:01:00,ST CLAIR AVE W,EARLSCOURT AVE,,3,Non-Fatal Injury,At Intersection,No Control,SMV Unattended Vehicle,Clear,Dark,Dry,Major Arterial,false,-79.44679095561224,43.67714426652943,1,Automobile or Station Wagon,East,1,45,None,Lap and Shoulder Belt,Improper lane change,Normal,,,Changing Lanes,,,,,driver,,Davenport (9),13 Division,Corso Italia-Davenport,true,true,false,true,false,false,false,false,false,false,"{""coordinates"": [[-79.44679095561224, 43.67714426652943]], ""type"": ""MultiPoint""}"
8348,2012:1298136,2012-06-09T10:25:00,STEELES AVE W,FOUNDERS RD,,2,Non-Fatal Injury,At Intersection,No Control,Pedestrian Collision(internal code),Rain,Daylight,Wet,Major Arterial,false,-79.50419088971331,43.779244303078684,2,,North,2,20,Major,Other Safety Equipment Used,,,Crossing - no traffic control,Inattentive,,Driver hits pedestrian at midblock,,,,pedestrian,,Humber River-Black Creek (7),31 Division,York University Heights,false,true,false,false,false,false,true,false,false,false,"{""coordinates"": [[-79.50419088971331, 43.779244303078684]], ""type"": ""MultiPoint""}"
8349,2012:1298136,2012-06-09T10:25:00,STEELES AVE W,FOUNDERS RD,,2,Non-Fatal Injury,At Intersection,No Control,Pedestrian Collision(internal code),Rain,Daylight,Wet,Major Arterial,false,-79.50419088971331,43.779244303078684,1,Automobile or Station Wagon,West,1,64,None,Other Safety Equipment Used,Driving properly,Normal,,,Going Ahead,,,,,driver,,Humber River-Black Creek (7),31 Division,York University Heights,false,true,false,false,false,false,true,false,false,false,"{""coordinates"": [[-79.50419088971331, 43.779244303078684]], ""type"": ""MultiPoint""}"
8350,2012:1305919,2012-06-10T19:16:00,BLOOR Stre W,PALMERSTON Boul,,2,Non-Fatal Injury,,Traffic Signal,Cyclist Collision,Clear,Daylight,Dry,Major Arterial,false,-79.41379091374927,43.66454422338204,1,Automobile or Station Wagon,East,1,52,None,Lap and Shoulder Belt,Other,Normal,,,Parked,,,,,driver,,University-Rosedale (11),14 Division,Palmerston-Little Italy,false,false,true,false,false,false,false,false,false,false,"{""coordinates"": [[-79.41379091374927, 43.66454422338204]], ""type"": ""MultiPoint""}"
8351,2012:1305919,2012-06-10T19:16:00,BLOOR Stre W,PALMERSTON Boul,,2,Non-Fatal Injury,,Traffic Signal,Cyclist Collision,Clear,Daylight,Dry,Major Arterial,false,-79.41379091374927,43.66454422338204,2,Bicycle,East,2,48,Major,No Equipment Available,,,,,Overtaking,,Dooring,Driving Properly,Normal,cyclist,,University-Rosedale (11),14 Division,Palmerston-Little Italy,false,false,true,false,false,false,false,false,false,false,"{""coordinates"": [[-79.41379091374927, 43.66454422338204]], ""type"": ""MultiPoint""}"
8352,2025:5001780286,2025-08-24T20:08:00,KIPLING AVE,2116 KIPLING AVE,1 m East of,2,Non-Fatal Injury,At/Near Private Drive,No Control,Angle,Clear,Dusk,Dry,,false,-79.56974506893569,43.718043401606884,1,Automobile or Station Wagon,East,1,61,None,Lap and Shoulder Belt,Failed to yield right-of-way,Normal,,,Going Ahead,,,,,driver,,Etobicoke North (1),23 Division,Rexdale-Kipling,true,false,false,true,false,false,false,false,false,false,"{""coordinates"": [[-79.56974506893569, 43.718043401606884]], ""type"": ""MultiPoint""}"
8353,2012:1298554,2012-06-12T20:32:00,DAVENPORT RD,OSSINGTON AVE,,3,Non-Fatal Injury,At Intersection,Traffic Signal,Pedestrian Collision(internal code),Clear,Dark with Artificial Lighting,Dry,Minor Arterial,false,-79.43099092983518,43.67474424490276,1,Municipal Transit Bus (TTC),North,2,24,None,Other Safety Equipment Used,Failed to yield right-of-way,Inattentive,,,Turning Left,,,,,driver,,Davenport (9),13 Division,Wychwood,true,true,false,false,false,true,true,false,false,true,"{""coordinates"": [[-79.43099092983518, 43.67474424490276]], ""type"": ""MultiPoint""}"
8354,2012:1298554,2012-06-12T20:32:00,DAVENPORT RD,OSSINGTON AVE,,3,Non-Fatal Injury,At Intersection,Traffic Signal,Pedestrian Collision(internal code),Clear,Dark with Artificial Lighting,Dry,Minor Arterial,false,-79.43099092983518,43.67474424490276,2,,North,3,82,Major,Other Safety Equipment Used,,,Crossing with right-of-way (intersection),Normal,,Transit vehicle driver hits pedestrian anywhere along roadway,,,,pedestrian,,Davenport (9),13 Division,Wychwood,true,true,false,false,false,true,true,false,false,true,"{""coordinates"": [[-79.43099092983518, 43.67474424490276]], ""type"": ""MultiPoint""}"
8355,2012:1298554,2012-06-12T20:32:00,DAVENPORT RD,OSSINGTON AVE,,3,Non-Fatal Injury,At Intersection,Traffic Signal,Pedestrian Collision(internal code),Clear,Dark with Artificial Lighting,Dry,Minor Arterial,false,-79.43099092983518,43.67474424490276,1,,,1,,,Other Safety Equipment Used,,,,,,,,,,owner,,Davenport (9),13 Division,Wychwood,true,true,false,false,false,true,true,false,false,true,"{""coordinates"": [[-79.43099092983518, 43.67474424490276]], ""type"": ""MultiPoint""}"
8356,2012:1298747,2012-06-13T09:05:00,LAWRENCE AVE E,TOWER DR,,4,Non-Fatal Injury,At Intersection,No Control,Turning Movement,Clear,Daylight,Dry,Major Arterial,false,-79.29829058852884,43.7445440541071,3,,,3,23,Minor,Other Safety Equipment Used,,,,,,,,,,passenger,,Scarborough Centre (21),41 Division,Wexford/Maryvale,true,true,false,false,false,false,false,false,false,true,"{""coordinates"": [[-79.29829058852884, 43.7445440541071]], ""type"": ""MultiPoint""}"
8357,2012:1298747,2012-06-13T09:05:00,LAWRENCE AVE E,TOWER DR,,4,Non-Fatal Injury,At Intersection,No Control,Turning Movement,Clear,Daylight,Dry,Major Arterial,false,-79.29829058852884,43.7445440541071,3,,,5,,,Other Safety Equipment Used,,,,,,,,,,owner,,Scarborough Centre (21),41 Division,Wexford/Maryvale,true,true,false,false,false,false,false,false,false,true,"{""coordinates"": [[-79.29829058852884, 43.7445440541071]], ""type"": ""MultiPoint""}"
8358,2012:1298747,2012-06-13T09:05:00,LAWRENCE AVE E,TOWER DR,,4,Non-Fatal Injury,At Intersection,No Control,Turning Movement,Clear,Daylight,Dry,Major Arterial,false,-79.29829058852884,43.7445440541071,3,,,4,,,Other Safety Equipment Used,,,,,,,,,,owner,,Scarborough Centre (21),41 Division,Wexford/Maryvale,true,true,false,false,false,false,false,false,false,true,"{""coordinates"": [[-79.29829058852884, 43.7445440541071]], ""type"": ""MultiPoint""}"
8359,2012:1298747,2012-06-13T09:05:00,LAWRENCE AVE E,TOWER DR,,4,Non-Fatal Injury,At Intersection,No Control,Turning Movement,Clear,Daylight,Dry,Major Arterial,false,-79.29829058852884,43.7445440541071,1,,,1,,,Other Safety Equipment Used,,,,,,,,,,owner,,Scarborough Centre (21),41 Division,Wexford/Maryvale,true,true,false,false,false,false,false,false,false,true,"{""coordinates"": [[-79.29829058852884, 43.7445440541071]], ""type"": ""MultiPoint""}"
8360,2012:1298747,2012-06-13T09:05:00,LAWRENCE AVE E,TOWER DR,,4,Non-Fatal Injury,At Intersection,No Control,Turning Movement,Clear,Daylight,Dry,Major Arterial,false,-79.29829058852884,43.7445440541071,3,Municipal Transit Bus (TTC),West,6,52,Minor,Lap and Shoulder Belt,Driving properly,Normal,,,Going Ahead,,,,,driver,,Scarborough Centre (21),41 Division,Wexford/Maryvale,true,true,false,false,false,false,false,false,false,true,"{""coordinates"": [[-79.29829058852884, 43.7445440541071]], ""type"": ""MultiPoint""}"
8361,2012:1298747,2012-06-13T09:05:00,LAWRENCE AVE E,TOWER DR,,4,Non-Fatal Injury,At Intersection,No Control,Turning Movement,Clear,Daylight,Dry,Major Arterial,false,-79.29829058852884,43.7445440541071,2,Automobile or Station Wagon,East,2,43,Major,Other Safety Equipment Used,Failed to yield right-of-way,Inattentive,,,Turning Left,,,,,driver,,Scarborough Centre (21),41 Division,Wexford/Maryvale,true,true,false,false,false,false,false,false,false,true,"{""coordinates"": [[-79.29829058852884, 43.7445440541071]], ""type"": ""MultiPoint""}"
8362,2012:1299440,2012-06-13T11:11:00,GERRARD Stre E,RIVER Stre,,2,Non-Fatal Injury,,Traffic Signal,Cyclist Collision,Clear,Daylight,Dry,Minor Arterial,true,-79.35929081059822,43.663644144581056,1,Automobile or Station Wagon,North,1,,None,Other Safety Equipment Used,Disobeyed traffic control,Unknown,,,Going Ahead,,,,,driver,,Toronto Centre (13),51 Division,Regent Park,true,false,true,false,false,false,false,true,false,false,"{""coordinates"": [[-79.35929081059822, 43.663644144581056]], ""type"": ""MultiPoint""}"
8363,2012:1299440,2012-06-13T11:11:00,GERRARD Stre E,RIVER Stre,,2,Non-Fatal Injury,,Traffic Signal,Cyclist Collision,Clear,Daylight,Dry,Minor Arterial,true,-79.35929081059822,43.663644144581056,1,Bicycle,West,2,53,Major,Other Safety Equipment Used,,,,,Going Ahead,,"Driver without right-of-way drives into path of cyclist (at intersection, laneway, or driveway)",Driving Properly,Normal,cyclist,,Toronto Centre (13),51 Division,Regent Park,true,false,true,false,false,false,false,true,false,false,"{""coordinates"": [[-79.35929081059822, 43.663644144581056]], ""type"": ""MultiPoint""}"
8364,2012:1306426,2012-06-13T12:39:00,WESTON RD,SHEPPARD AVE W,,3,Non-Fatal Injury,At Intersection,Traffic Signal,Pedestrian Collision(internal code),Clear,Daylight,Dry,Major Arterial,false,-79.53819099972253,43.73374435708254,1,,,1,,,Other Safety Equipment Used,,,,,,,,,,owner,,Humber River-Black Creek (7),31 Division,Pelmo Park-Humberlea,true,true,false,false,false,true,true,false,false,false,"{""coordinates"": [[-79.53819099972253, 43.73374435708254]], ""type"": ""MultiPoint""}"
8365,2012:1306426,2012-06-13T12:39:00,WESTON RD,SHEPPARD AVE W,,3,Non-Fatal Injury,At Intersection,Traffic Signal,Pedestrian Collision(internal code),Clear,Daylight,Dry,Major Arterial,false,-79.53819099972253,43.73374435708254,1,Automobile or Station Wagon,West,2,23,None,Lap and Shoulder Belt,Failed to yield right-of-way,Inattentive,,,Turning Right,,,,,driver,,Humber River-Black Creek (7),31 Division,Pelmo Park-Humberlea,true,true,false,false,false,true,true,false,false,false,"{""coordinates"": [[-79.53819099972253, 43.73374435708254]], ""type"": ""MultiPoint""}"
8366,2012:1306426,2012-06-13T12:39:00,WESTON RD,SHEPPARD AVE W,,3,Non-Fatal Injury,At Intersection,Traffic Signal,Pedestrian Collision(internal code),Clear,Daylight,Dry,Major Arterial,false,-79.53819099972253,43.73374435708254,2,,West,3,72,Major,Other Safety Equipment Used,,,Crossing with right-of-way (intersection),Normal,,Driver turns right into pedestrian crossing with right-of-way (at intersection),,,,pedestrian,,Humber River-Black Creek (7),31 Division,Pelmo Park-Humberlea,true,true,false,false,false,true,true,false,false,false,"{""coordinates"": [[-79.53819099972253, 43.73374435708254]], ""type"": ""MultiPoint""}"
8367,2012:1306296,2012-06-13T17:52:00,DON JAIL Road,BROADVIEW Aven,,2,Non-Fatal Injury,At Intersection,No Control,Cyclist Collision,Clear,Daylight,Dry,Minor Arterial,false,-79.35289079470279,43.666144134917936,2,Bicycle,South,2,44,Major,Equipment Not Used But Available,,,,,Going Ahead,,"Driver without right-of-way drives into path of cyclist (at intersection, laneway, or driveway)",Driving Properly,Normal,cyclist,,Toronto-Danforth (14),55 Division,North Riverdale,true,true,true,false,false,false,false,false,false,false,"{""coordinates"": [[-79.35289079470279, 43.666144134917936]], ""type"": ""MultiPoint""}"
8368,2012:1306296,2012-06-13T17:52:00,DON JAIL Road,BROADVIEW Aven,,2,Non-Fatal Injury,At Intersection,No Control,Cyclist Collision,Clear,Daylight,Dry,Minor Arterial,false,-79.35289079470279,43.666144134917936,1,Automobile or Station Wagon,West,1,63,None,Lap and Shoulder Belt,Failed to yield right-of-way,Inattentive,,,Going Ahead,,,,,driver,,Toronto-Danforth (14),55 Division,North Riverdale,true,true,true,false,false,false,false,false,false,false,"{""coordinates"": [[-79.35289079470279, 43.666144134917936]], ""type"": ""MultiPoint""}"
8369,2012:1308881,2012-06-13T18:27:00,SEWELLS RD,MORNINGSIDE AVE,,3,Non-Fatal Injury,,No Control,SMV Other,Clear,Daylight,Dry,Minor Arterial,false,-79.2106903957238,43.816743967369106,2,,,3,,,Other Safety Equipment Used,,,,,,,,,,owner,,Scarborough-Rouge Park (25),42 Division,Morningside Heights,false,false,false,false,false,false,false,false,false,false,"{""coordinates"": [[-79.2106903957238, 43.816743967369106]], ""type"": ""MultiPoint""}"