_id,collision_id,accdate,stname1,stname2,stname3,per_inv,acclass,accloc,traffictl,impactype,visible,light,rdsfcond,road_class,failtorem,longitude,latitude,veh_no,vehtype,initdir,per_no,invage,injury,safequip,drivact,drivcond,pedact,pedcond,manoeuvre,pedtype,cyclistype,cycact,cyccond,road_user,fatal_no,wardname,division,neighbourhood,aggressive,distracted,cyclist,motorcyclist,other_micromobility,older_adult,pedestrian,red_light,school_child,heavy_truck,geometry
8634,2012:1318798,2012-08-27T13:14:00,TORBARRIE RD,SHEPPARD AVE W,,4,Non-Fatal Injury,At Intersection,No Control,Approaching Head On,Rain,Daylight,Wet,Collector,false,-79.52609097779927,43.73734434158705,2,Automobile or Station Wagon,North,3,30,Major,No Equipment Available,Speed too fast for conditions,Inattentive,,,Going Ahead,,,,,driver,,Humber River-Black Creek (7),31 Division,Glenfield-Jane Heights,true,true,false,false,false,false,false,false,false,true,"{""coordinates"": [[-79.52609097779927, 43.73734434158705]], ""type"": ""MultiPoint""}"
8635,2012:1318798,2012-08-27T13:14:00,TORBARRIE RD,SHEPPARD AVE W,,4,Non-Fatal Injury,At Intersection,No Control,Approaching Head On,Rain,Daylight,Wet,Collector,false,-79.52609097779927,43.73734434158705,3,,,4,,,Other Safety Equipment Used,,,,,,,,,,owner,,Humber River-Black Creek (7),31 Division,Glenfield-Jane Heights,true,true,false,false,false,false,false,false,false,true,"{""coordinates"": [[-79.52609097779927, 43.73734434158705]], ""type"": ""MultiPoint""}"
8636,2012:1318798,2012-08-27T13:14:00,TORBARRIE RD,SHEPPARD AVE W,,4,Non-Fatal Injury,At Intersection,No Control,Approaching Head On,Rain,Daylight,Wet,Collector,false,-79.52609097779927,43.73734434158705,1,,,1,,,Other Safety Equipment Used,,,,,,,,,,owner,,Humber River-Black Creek (7),31 Division,Glenfield-Jane Heights,true,true,false,false,false,false,false,false,false,true,"{""coordinates"": [[-79.52609097779927, 43.73734434158705]], ""type"": ""MultiPoint""}"
8637,2012:1318799,2012-08-27T15:58:00,OAKWOOD AVE,CONWAY AVE,,3,Non-Fatal Injury,,Pedestrian Crossover,Pedestrian Collision(internal code),Clear,Daylight,Dry,Minor Arterial,false,-79.43689092778041,43.682644250571386,2,,East,3,52,Major,Other Safety Equipment Used,,,Crossing - pedestrian crossover,Normal,,Driver hits pedestrian at PXO/pedestrian midblock signal,,,,pedestrian,,Davenport (9),13 Division,Oakwood Village,true,false,false,false,false,false,true,false,false,false,"{""coordinates"": [[-79.43689092778041, 43.682644250571386]], ""type"": ""MultiPoint""}"
8638,2012:1318799,2012-08-27T15:58:00,OAKWOOD AVE,CONWAY AVE,,3,Non-Fatal Injury,,Pedestrian Crossover,Pedestrian Collision(internal code),Clear,Daylight,Dry,Minor Arterial,false,-79.43689092778041,43.682644250571386,1,Automobile or Station Wagon,South,2,41,None,Other Safety Equipment Used,Disobeyed traffic control,Normal,,,Going Ahead,,,,,driver,,Davenport (9),13 Division,Oakwood Village,true,false,false,false,false,false,true,false,false,false,"{""coordinates"": [[-79.43689092778041, 43.682644250571386]], ""type"": ""MultiPoint""}"
8639,2012:1318799,2012-08-27T15:58:00,OAKWOOD AVE,CONWAY AVE,,3,Non-Fatal Injury,,Pedestrian Crossover,Pedestrian Collision(internal code),Clear,Daylight,Dry,Minor Arterial,false,-79.43689092778041,43.682644250571386,1,,,1,,,Other Safety Equipment Used,,,,,,,,,,owner,,Davenport (9),13 Division,Oakwood Village,true,false,false,false,false,false,true,false,false,false,"{""coordinates"": [[-79.43689092778041, 43.682644250571386]], ""type"": ""MultiPoint""}"
8640,2012:1319075,2012-08-28T14:04:00,VICTORIA PARK AVE,SOUTHMEAD RD,,3,Non-Fatal Injury,,No Control,Other,Clear,Daylight,Dry,Major Arterial,false,-79.30189062302722,43.72284405936532,1,,,1,87,Major,Use Unknown,,,,,,,,,,passenger,,Don Valley East (16),55 Division,Victoria Village,false,false,false,false,false,true,false,false,false,true,"{""coordinates"": [[-79.30189062302722, 43.72284405936532]], ""type"": ""MultiPoint""}"
8641,2012:1319075,2012-08-28T14:04:00,VICTORIA PARK AVE,SOUTHMEAD RD,,3,Non-Fatal Injury,,No Control,Other,Clear,Daylight,Dry,Major Arterial,false,-79.30189062302722,43.72284405936532,1,,,2,,,Other Safety Equipment Used,,,,,,,,,,owner,,Don Valley East (16),55 Division,Victoria Village,false,false,false,false,false,true,false,false,false,true,"{""coordinates"": [[-79.30189062302722, 43.72284405936532]], ""type"": ""MultiPoint""}"
8642,2012:1319075,2012-08-28T14:04:00,VICTORIA PARK AVE,SOUTHMEAD RD,,3,Non-Fatal Injury,,No Control,Other,Clear,Daylight,Dry,Major Arterial,false,-79.30189062302722,43.72284405936532,1,Municipal Transit Bus (TTC),South,3,38,None,Other Safety Equipment Used,Driving properly,Unknown,,,Slowing or Stopping,,,,,driver,,Don Valley East (16),55 Division,Victoria Village,false,false,false,false,false,true,false,false,false,true,"{""coordinates"": [[-79.30189062302722, 43.72284405936532]], ""type"": ""MultiPoint""}"
8643,2012:1319211,2012-08-29T01:12:00,YORKSHIRE RD,IONVIEW RD,,4,Non-Fatal Injury,At Intersection,Stop Sign,SMV Other,Clear,Dark with Artificial Lighting,Dry,Local,false,-79.27479055410237,43.74004402429843,1,Automobile or Station Wagon,North,3,26,Minimal,Use Unknown,Lost control,Unknown,,,Going Ahead,,,,,driver,,Scarborough Centre (21),41 Division,Ionview,false,false,false,false,false,false,false,false,false,false,"{""coordinates"": [[-79.27479055410237, 43.74004402429843]], ""type"": ""MultiPoint""}"
8644,2012:1319211,2012-08-29T01:12:00,YORKSHIRE RD,IONVIEW RD,,4,Non-Fatal Injury,At Intersection,Stop Sign,SMV Other,Clear,Dark with Artificial Lighting,Dry,Local,false,-79.27479055410237,43.74004402429843,1,,,2,,,Other Safety Equipment Used,,,,,,,,,,owner,,Scarborough Centre (21),41 Division,Ionview,false,false,false,false,false,false,false,false,false,false,"{""coordinates"": [[-79.27479055410237, 43.74004402429843]], ""type"": ""MultiPoint""}"
8645,2012:1319211,2012-08-29T01:12:00,YORKSHIRE RD,IONVIEW RD,,4,Non-Fatal Injury,At Intersection,Stop Sign,SMV Other,Clear,Dark with Artificial Lighting,Dry,Local,false,-79.27479055410237,43.74004402429843,1,,,1,26,Major,Use Unknown,,,,,,,,,,passenger,,Scarborough Centre (21),41 Division,Ionview,false,false,false,false,false,false,false,false,false,false,"{""coordinates"": [[-79.27479055410237, 43.74004402429843]], ""type"": ""MultiPoint""}"
8646,2012:1319211,2012-08-29T01:12:00,YORKSHIRE RD,IONVIEW RD,,4,Non-Fatal Injury,At Intersection,Stop Sign,SMV Other,Clear,Dark with Artificial Lighting,Dry,Local,false,-79.27479055410237,43.74004402429843,2,,,4,,,Other Safety Equipment Used,,,,,,,,,,owner,,Scarborough Centre (21),41 Division,Ionview,false,false,false,false,false,false,false,false,false,false,"{""coordinates"": [[-79.27479055410237, 43.74004402429843]], ""type"": ""MultiPoint""}"
8647,2012:1319184,2012-08-29T08:40:00,STEELES AVE E,KELVIN GROVE AVE,,2,Non-Fatal Injury,At Intersection,Traffic Signal,Pedestrian Collision(internal code),Clear,Daylight,Dry,Major Arterial,false,-79.31229053846154,43.82244407554382,1,Automobile or Station Wagon,South,1,49,None,Other Safety Equipment Used,Failed to yield right-of-way,Inattentive,,,Turning Left,,,,,driver,,Scarborough-Agincourt (22),42 Division,Steeles,true,true,false,false,false,false,true,false,false,false,"{""coordinates"": [[-79.31229053846154, 43.82244407554382]], ""type"": ""MultiPoint""}"
8648,2012:1319184,2012-08-29T08:40:00,STEELES AVE E,KELVIN GROVE AVE,,2,Non-Fatal Injury,At Intersection,Traffic Signal,Pedestrian Collision(internal code),Clear,Daylight,Dry,Major Arterial,false,-79.31229053846154,43.82244407554382,2,,North,2,56,Major,No Equipment Available,,,Crossing with right-of-way (intersection),Normal,,Driver turns left into pedestrian crossing with right-of-way (at intersection),,,,pedestrian,,Scarborough-Agincourt (22),42 Division,Steeles,true,true,false,false,false,false,true,false,false,false,"{""coordinates"": [[-79.31229053846154, 43.82244407554382]], ""type"": ""MultiPoint""}"
8649,2012:1319292,2012-08-30T09:52:00,BATHURST ST,ADELAIDE ST W,,3,Non-Fatal Injury,At Intersection,Traffic Signal,Pedestrian Collision(internal code),Clear,Daylight,Dry,Major Arterial,false,-79.4031909240901,43.6451442132316,2,Truck - Open (Flatbed),South,1,49,None,Other Safety Equipment Used,Improper turn,Normal,,,Turning Left,,,,,driver,,Spadina-Fort York (10),14 Division,Wellington Place,false,false,false,false,false,false,true,false,false,true,"{""coordinates"": [[-79.4031909240901, 43.6451442132316]], ""type"": ""MultiPoint""}"
8650,2012:1319292,2012-08-30T09:52:00,BATHURST ST,ADELAIDE ST W,,3,Non-Fatal Injury,At Intersection,Traffic Signal,Pedestrian Collision(internal code),Clear,Daylight,Dry,Major Arterial,false,-79.4031909240901,43.6451442132316,3,,South,2,54,Major,Other Safety Equipment Used,,,Crossing with right-of-way (intersection),Normal,,Driver turns left into pedestrian crossing with right-of-way (at intersection),,,,pedestrian,,Spadina-Fort York (10),14 Division,Wellington Place,false,false,false,false,false,false,true,false,false,true,"{""coordinates"": [[-79.4031909240901, 43.6451442132316]], ""type"": ""MultiPoint""}"
8651,2012:1319292,2012-08-30T09:52:00,BATHURST ST,ADELAIDE ST W,,3,Non-Fatal Injury,At Intersection,Traffic Signal,Pedestrian Collision(internal code),Clear,Daylight,Dry,Major Arterial,false,-79.4031909240901,43.6451442132316,1,,,3,,,Other Safety Equipment Used,,,,,,,,,,owner,,Spadina-Fort York (10),14 Division,Wellington Place,false,false,false,false,false,false,true,false,false,true,"{""coordinates"": [[-79.4031909240901, 43.6451442132316]], ""type"": ""MultiPoint""}"
8652,2012:1312366,2012-08-30T10:19:00,RATHBURN RD,THE EAST MALL,,2,Non-Fatal Injury,At Intersection,Traffic Signal,Pedestrian Collision(internal code),Clear,Daylight,Other,Minor Arterial,false,-79.56429118019364,43.654944431278565,2,,North,2,85,Major,Other Safety Equipment Used,,,Crossing with right-of-way (intersection),Normal,,Driver turns left into pedestrian crossing with right-of-way (at intersection),,,,pedestrian,,Etobicoke Centre (2),22 Division,Eringate-Centennial-West Deane,true,false,false,false,false,true,true,false,false,false,"{""coordinates"": [[-79.56429118019364, 43.654944431278565]], ""type"": ""MultiPoint""}"
8653,2012:1312366,2012-08-30T10:19:00,RATHBURN RD,THE EAST MALL,,2,Non-Fatal Injury,At Intersection,Traffic Signal,Pedestrian Collision(internal code),Clear,Daylight,Other,Minor Arterial,false,-79.56429118019364,43.654944431278565,1,Automobile or Station Wagon,South,1,57,None,Lap and Shoulder Belt,Failed to yield right-of-way,Normal,,,Turning Left,,,,,driver,,Etobicoke Centre (2),22 Division,Eringate-Centennial-West Deane,true,false,false,false,false,true,true,false,false,false,"{""coordinates"": [[-79.56429118019364, 43.654944431278565]], ""type"": ""MultiPoint""}"
8654,2012:1319338,2012-08-30T16:30:00,DUNDAS ST W,HOWARD PARK AVE,,2,Non-Fatal Injury,At Intersection,Traffic Signal,Cyclist Collision,Clear,Daylight,Dry,Minor Arterial,false,-79.44809100059251,43.652144277691356,1,Automobile or Station Wagon,West,1,65,None,Other Safety Equipment Used,Driving properly,Normal,,,Going Ahead,,,,,driver,,Parkdale-High Park (4),11 Division,Roncesvalles,false,false,true,false,false,true,false,false,true,false,"{""coordinates"": [[-79.44809100059251, 43.652144277691356]], ""type"": ""MultiPoint""}"
8655,2012:1319338,2012-08-30T16:30:00,DUNDAS ST W,HOWARD PARK AVE,,2,Non-Fatal Injury,At Intersection,Traffic Signal,Cyclist Collision,Clear,Daylight,Dry,Minor Arterial,false,-79.44809100059251,43.652144277691356,2,Bicycle,East,2,17,Major,No Equipment Available,,,,,Turning Left,,Cyclist turns left into path of driver,Improper Turn,Normal,cyclist,,Parkdale-High Park (4),11 Division,Roncesvalles,false,false,true,false,false,true,false,false,true,false,"{""coordinates"": [[-79.44809100059251, 43.652144277691356]], ""type"": ""MultiPoint""}"
8656,2012:1319386,2012-08-31T16:40:00,ST CLAIR AVE E,WARDEN AVE,,4,Non-Fatal Injury,At Intersection,Traffic Signal,Turning Movement,Clear,Daylight,Dry,Major Arterial,false,-79.28099059976076,43.712044031751084,2,,,2,68,Major,Other Safety Equipment Used,,,,,,,,,,passenger,,Scarborough Southwest (20),41 Division,Clairlea-Birchmount,true,false,false,false,false,true,false,true,true,false,"{""coordinates"": [[-79.28099059976076, 43.712044031751084]], ""type"": ""MultiPoint""}"
8657,2012:1319386,2012-08-31T16:40:00,ST CLAIR AVE E,WARDEN AVE,,4,Non-Fatal Injury,At Intersection,Traffic Signal,Turning Movement,Clear,Daylight,Dry,Major Arterial,false,-79.28099059976076,43.712044031751084,3,Automobile or Station Wagon,West,4,43,Minor,Lap and Shoulder Belt,Disobeyed traffic control,Normal,,,Going Ahead,,,,,driver,,Scarborough Southwest (20),41 Division,Clairlea-Birchmount,true,false,false,false,false,true,false,true,true,false,"{""coordinates"": [[-79.28099059976076, 43.712044031751084]], ""type"": ""MultiPoint""}"
8658,2012:1319386,2012-08-31T16:40:00,ST CLAIR AVE E,WARDEN AVE,,4,Non-Fatal Injury,At Intersection,Traffic Signal,Turning Movement,Clear,Daylight,Dry,Major Arterial,false,-79.28099059976076,43.712044031751084,2,Automobile or Station Wagon,East,3,16,Minimal,Lap and Shoulder Belt,Driving properly,Normal,,,Turning Left,,,,,driver,,Scarborough Southwest (20),41 Division,Clairlea-Birchmount,true,false,false,false,false,true,false,true,true,false,"{""coordinates"": [[-79.28099059976076, 43.712044031751084]], ""type"": ""MultiPoint""}"
8659,2012:1319386,2012-08-31T16:40:00,ST CLAIR AVE E,WARDEN AVE,,4,Non-Fatal Injury,At Intersection,Traffic Signal,Turning Movement,Clear,Daylight,Dry,Major Arterial,false,-79.28099059976076,43.712044031751084,1,Automobile or Station Wagon,South,1,49,None,Other Safety Equipment Used,Driving properly,Normal,,,Stopped,,,,,driver,,Scarborough Southwest (20),41 Division,Clairlea-Birchmount,true,false,false,false,false,true,false,true,true,false,"{""coordinates"": [[-79.28099059976076, 43.712044031751084]], ""type"": ""MultiPoint""}"
8660,2012:1319682,2012-09-01T00:36:00,PAPE AVE,COSBURN AVE,,2,Non-Fatal Injury,At Intersection,Traffic Signal,Pedestrian Collision(internal code),Clear,Dark with Artificial Lighting,Dry,Major Arterial,true,-79.34879075345272,43.68944412568858,1,Automobile or Station Wagon,North,1,21,None,Other Safety Equipment Used,Failed to yield right-of-way,Ability Impaired - Alcohol,,,Going Ahead,,,,,driver,,Toronto-Danforth (14),55 Division,Old East York,true,false,false,false,false,false,true,false,false,false,"{""coordinates"": [[-79.34879075345272, 43.68944412568858]], ""type"": ""MultiPoint""}"
8661,2012:1319682,2012-09-01T00:36:00,PAPE AVE,COSBURN AVE,,2,Non-Fatal Injury,At Intersection,Traffic Signal,Pedestrian Collision(internal code),Clear,Dark with Artificial Lighting,Dry,Major Arterial,true,-79.34879075345272,43.68944412568858,2,,North,2,25,Major,Other Safety Equipment Used,,,Crossing with right-of-way (intersection),Had Been Drinking,,Driver going straight hits pedestrian crossing with right-of-way (at intersection),,,,pedestrian,,Toronto-Danforth (14),55 Division,Old East York,true,false,false,false,false,false,true,false,false,false,"{""coordinates"": [[-79.34879075345272, 43.68944412568858]], ""type"": ""MultiPoint""}"
8662,2012:1319679,2012-09-01T03:20:00,DANFORTH Ave,PAPE Ave,,2,Non-Fatal Injury,At Intersection,Traffic Signal,Pedestrian Collision(internal code),Clear,Dark,Dry,Major Arterial,false,-79.344790760996,43.6789441215174,1,Automobile or Station Wagon,West,1,20,None,Lap Belt Only,Driving properly,Normal,,,Going Ahead,,,,,driver,,Toronto-Danforth (14),55 Division,Blake-Jones,false,false,false,false,false,false,true,false,false,false,"{""coordinates"": [[-79.344790760996, 43.6789441215174]], ""type"": ""MultiPoint""}"
8663,2012:1319679,2012-09-01T03:20:00,DANFORTH Ave,PAPE Ave,,2,Non-Fatal Injury,At Intersection,Traffic Signal,Pedestrian Collision(internal code),Clear,Dark,Dry,Major Arterial,false,-79.344790760996,43.6789441215174,2,,North,2,21,Major,Other Safety Equipment Used,,,Crossing without right-of-way (intersection),Had Been Drinking,,Driver going straight hits pedestrian crossing without right-of-way (at intersection),,,,pedestrian,,Toronto-Danforth (14),55 Division,Blake-Jones,false,false,false,false,false,false,true,false,false,false,"{""coordinates"": [[-79.344790760996, 43.6789441215174]], ""type"": ""MultiPoint""}"
8664,2012:1319584,2012-09-02T01:15:00,COLLEGE ST,LIPPINCOTT ST,,3,Non-Fatal Injury,At Intersection,No Control,Cyclist Collision,Clear,Dark with Artificial Lighting,Dry,Major Arterial,false,-79.40648291228973,43.65664821497436,2,Bicycle,West,3,20,Major,No Equipment Available,,,,,Overtaking,,Driver makes U-turn in front of cyclist,Driving Properly,Normal,cyclist,,University-Rosedale (11),14 Division,Kensington-Chinatown,false,true,true,false,false,false,false,false,false,false,"{""coordinates"": [[-79.40648291228973, 43.65664821497436]], ""type"": ""MultiPoint""}"
8665,2012:1319584,2012-09-02T01:15:00,COLLEGE ST,LIPPINCOTT ST,,3,Non-Fatal Injury,At Intersection,No Control,Cyclist Collision,Clear,Dark with Artificial Lighting,Dry,Major Arterial,false,-79.40648291228973,43.65664821497436,1,,,1,,,Other Safety Equipment Used,,,,,,,,,,other,,University-Rosedale (11),14 Division,Kensington-Chinatown,false,true,true,false,false,false,false,false,false,false,"{""coordinates"": [[-79.40648291228973, 43.65664821497436]], ""type"": ""MultiPoint""}"
8666,2012:1319584,2012-09-02T01:15:00,COLLEGE ST,LIPPINCOTT ST,,3,Non-Fatal Injury,At Intersection,No Control,Cyclist Collision,Clear,Dark with Artificial Lighting,Dry,Major Arterial,false,-79.40648291228973,43.65664821497436,1,Automobile or Station Wagon,West,2,59,None,Lap and Shoulder Belt,Improper turn,Inattentive,,,Making U-Turn,,,,,driver,,University-Rosedale (11),14 Division,Kensington-Chinatown,false,true,true,false,false,false,false,false,false,false,"{""coordinates"": [[-79.40648291228973, 43.65664821497436]], ""type"": ""MultiPoint""}"
8667,2012:1319643,2012-09-02T18:55:00,WESTON RD,GLENVALLEY DR,,2,Non-Fatal Injury,At Intersection,Stop Sign,Cyclist Collision,Clear,Daylight,Dry,Minor Arterial,false,-79.49259102181588,43.688144326298335,2,Bicycle,South,2,47,Major,No Equipment Available,,,,,Going Ahead,,Driver turns left into path of cyclist,Driving Properly,Normal,cyclist,,York South-Weston (5),12 Division,Mount Dennis,true,true,true,false,false,false,false,false,false,false,"{""coordinates"": [[-79.49259102181588, 43.688144326298335]], ""type"": ""MultiPoint""}"
8668,2012:1319643,2012-09-02T18:55:00,WESTON RD,GLENVALLEY DR,,2,Non-Fatal Injury,At Intersection,Stop Sign,Cyclist Collision,Clear,Daylight,Dry,Minor Arterial,false,-79.49259102181588,43.688144326298335,1,Automobile or Station Wagon,North,1,47,None,Lap and Shoulder Belt,Failed to yield right-of-way,Inattentive,,,Turning Left,,,,,driver,,York South-Weston (5),12 Division,Mount Dennis,true,true,true,false,false,false,false,false,false,false,"{""coordinates"": [[-79.49259102181588, 43.688144326298335]], ""type"": ""MultiPoint""}"
8669,2012:1316598,2012-09-03T17:55:00,PINE ST,WILLIAM ST,,2,Non-Fatal Injury,,Stop Sign,Pedestrian Collision(internal code),Clear,Daylight,Dry,Collector,true,-79.50949101726616,43.704644339484894,1,Motorcycle,South,1,,None,Other Safety Equipment Used,Lost control,Unknown,,,Going Ahead,,,,,motorcyclist,,York South-Weston (5),12 Division,Weston,false,false,false,true,false,false,true,false,false,false,"{""coordinates"": [[-79.50949101726616, 43.704644339484894]], ""type"": ""MultiPoint""}"
8670,2012:1316598,2012-09-03T17:55:00,PINE ST,WILLIAM ST,,2,Non-Fatal Injury,,Stop Sign,Pedestrian Collision(internal code),Clear,Daylight,Dry,Collector,true,-79.50949101726616,43.704644339484894,1,,Unknown,2,63,Major,Other Safety Equipment Used,,,Other,Normal,,Other,,,,pedestrian,,York South-Weston (5),12 Division,Weston,false,false,false,true,false,false,true,false,false,false,"{""coordinates"": [[-79.50949101726616, 43.704644339484894]], ""type"": ""MultiPoint""}"
8671,2007:958563,2007-03-13T12:35:00,22 MAYALL AVE,,,1,Non-Fatal Injury,,No Control,Other,Clear,Daylight,Dry,Local,false,-79.51983929348366,43.72461974115705,1,Automobile or Station Wagon,East,1,43,Major,Other Safety Equipment Used,,,,,Unknown,,,,,driver,,Humber River-Black Creek (7),31 Division,Oakdale-Beverley Heights,false,false,false,false,false,false,false,false,false,false,"{""coordinates"": [[-79.51983929348366, 43.72461974115705]], ""type"": ""MultiPoint""}"
8672,2012:1313400,2012-09-05T16:15:00,KENNETH AVE,PEMBERTON AVE,,2,Non-Fatal Injury,,No Control,Pedestrian Collision(internal code),Clear,Daylight,Dry,Local,false,-79.41269073972686,43.78134419348961,2,,East,2,4,Major,Other Safety Equipment Used,,,Crossing with right-of-way (intersection),Other Condition,,Driver going straight hits pedestrian crossing with right-of-way (at intersection),,,,pedestrian,,Willowdale (18),32 Division,Newtonbrook East,true,false,false,false,false,true,true,false,true,false,"{""coordinates"": [[-79.41269073972686, 43.78134419348961]], ""type"": ""MultiPoint""}"
8673,2012:1313400,2012-09-05T16:15:00,KENNETH AVE,PEMBERTON AVE,,2,Non-Fatal Injury,,No Control,Pedestrian Collision(internal code),Clear,Daylight,Dry,Local,false,-79.41269073972686,43.78134419348961,1,Automobile or Station Wagon,North,1,66,None,Other Safety Equipment Used,Failed to yield right-of-way,Normal,,,Going Ahead,,,,,driver,,Willowdale (18),32 Division,Newtonbrook East,true,false,false,false,false,true,true,false,true,false,"{""coordinates"": [[-79.41269073972686, 43.78134419348961]], ""type"": ""MultiPoint""}"
8674,2012:1320057,2012-09-06T06:15:00,KENNEDY RD,FOXRIDGE DR,,2,Non-Fatal Injury,At Intersection,No Control,Cyclist Collision,Clear,Daylight with Artificial Lighting,Dry,Major Arterial,false,-79.2644905557624,43.72404401031954,2,Bicycle,South,2,39,Major,Use Unknown,,,,,Going Ahead,,Driver turns left into path of cyclist,Driving Properly,Normal,cyclist,,Scarborough Southwest (20),41 Division,Kennedy Park,true,false,true,false,false,false,false,false,false,false,"{""coordinates"": [[-79.2644905557624, 43.72404401031954]], ""type"": ""MultiPoint""}"
8675,2012:1320057,2012-09-06T06:15:00,KENNEDY RD,FOXRIDGE DR,,2,Non-Fatal Injury,At Intersection,No Control,Cyclist Collision,Clear,Daylight with Artificial Lighting,Dry,Major Arterial,false,-79.2644905557624,43.72404401031954,1,Automobile or Station Wagon,North,1,54,None,Other Safety Equipment Used,Failed to yield right-of-way,Normal,,,Turning Left,,,,,driver,,Scarborough Southwest (20),41 Division,Kennedy Park,true,false,true,false,false,false,false,false,false,false,"{""coordinates"": [[-79.2644905557624, 43.72404401031954]], ""type"": ""MultiPoint""}"
8676,2012:1316027,2012-09-06T14:40:00,KING ST E,VICTORIA ST,,3,Non-Fatal Injury,At Intersection,No Control,Cyclist Collision,Clear,Daylight,Dry,Major Arterial,true,-79.3766908655718,43.6493441727796,1,,,1,,,Other Safety Equipment Used,,,,,,,,,,owner,,Toronto Centre (13),51 Division,Downtown Yonge East,true,false,true,false,false,false,false,false,false,false,"{""coordinates"": [[-79.3766908655718, 43.6493441727796]], ""type"": ""MultiPoint""}"
8677,2012:1316027,2012-09-06T14:40:00,KING ST E,VICTORIA ST,,3,Non-Fatal Injury,At Intersection,No Control,Cyclist Collision,Clear,Daylight,Dry,Major Arterial,true,-79.3766908655718,43.6493441727796,2,Bicycle,West,3,24,Major,Helmet,,,,,Going Ahead,,Driver turns left into path of cyclist,Driving Properly,Normal,cyclist,,Toronto Centre (13),51 Division,Downtown Yonge East,true,false,true,false,false,false,false,false,false,false,"{""coordinates"": [[-79.3766908655718, 43.6493441727796]], ""type"": ""MultiPoint""}"
8678,2012:1316027,2012-09-06T14:40:00,KING ST E,VICTORIA ST,,3,Non-Fatal Injury,At Intersection,No Control,Cyclist Collision,Clear,Daylight,Dry,Major Arterial,true,-79.3766908655718,43.6493441727796,1,Automobile or Station Wagon,East,2,63,None,Other Safety Equipment Used,Failed to yield right-of-way,Unknown,,,Turning Left,,,,,driver,,Toronto Centre (13),51 Division,Downtown Yonge East,true,false,true,false,false,false,false,false,false,false,"{""coordinates"": [[-79.3766908655718, 43.6493441727796]], ""type"": ""MultiPoint""}"
8679,2012:1313728,2012-09-07T05:25:00,ROYAL YORK RD,EVANS AVE,,3,Non-Fatal Injury,At Intersection,Traffic Signal,Turning Movement,Clear,Dark with Artificial Lighting,Dry,Minor Arterial,false,-79.5003911596003,43.621044370219295,1,Motorcycle,South,1,56,Major,Helmet,Other,Unknown,,,Going Ahead,,,,,motorcyclist,,Etobicoke-Lakeshore (3),22 Division,Mimico-Queensway,true,true,false,true,false,false,false,false,false,false,"{""coordinates"": [[-79.5003911596003, 43.621044370219295]], ""type"": ""MultiPoint""}"
8680,2012:1313728,2012-09-07T05:25:00,ROYAL YORK RD,EVANS AVE,,3,Non-Fatal Injury,At Intersection,Traffic Signal,Turning Movement,Clear,Dark with Artificial Lighting,Dry,Minor Arterial,false,-79.5003911596003,43.621044370219295,2,Automobile or Station Wagon,North,3,57,None,Other Safety Equipment Used,Failed to yield right-of-way,Inattentive,,,Turning Left,,,,,driver,,Etobicoke-Lakeshore (3),22 Division,Mimico-Queensway,true,true,false,true,false,false,false,false,false,false,"{""coordinates"": [[-79.5003911596003, 43.621044370219295]], ""type"": ""MultiPoint""}"
8681,2012:1313728,2012-09-07T05:25:00,ROYAL YORK RD,EVANS AVE,,3,Non-Fatal Injury,At Intersection,Traffic Signal,Turning Movement,Clear,Dark with Artificial Lighting,Dry,Minor Arterial,false,-79.5003911596003,43.621044370219295,2,,,2,,,Other Safety Equipment Used,,,,,,,,,,owner,,Etobicoke-Lakeshore (3),22 Division,Mimico-Queensway,true,true,false,true,false,false,false,false,false,false,"{""coordinates"": [[-79.5003911596003, 43.621044370219295]], ""type"": ""MultiPoint""}"
8682,2012:1322166,2012-09-07T20:40:00,BYNG AVE,DORIS AVE,,3,Non-Fatal Injury,,Traffic Signal,Pedestrian Collision(internal code),Clear,Dark with Artificial Lighting,Dry,Minor Arterial,false,-79.41319074541282,43.77694419458122,1,,,1,,,Other Safety Equipment Used,,,,,,,,,,owner,,Willowdale (18),32 Division,Yonge-Doris,true,false,false,false,false,false,true,false,false,false,"{""coordinates"": [[-79.41319074541282, 43.77694419458122]], ""type"": ""MultiPoint""}"
8683,2012:1322166,2012-09-07T20:40:00,BYNG AVE,DORIS AVE,,3,Non-Fatal Injury,,Traffic Signal,Pedestrian Collision(internal code),Clear,Dark with Artificial Lighting,Dry,Minor Arterial,false,-79.41319074541282,43.77694419458122,2,,East,3,55,Major,Other Safety Equipment Used,,,Crossing with right-of-way (intersection),Normal,,Driver turns left into pedestrian crossing with right-of-way (at intersection),,,,pedestrian,,Willowdale (18),32 Division,Yonge-Doris,true,false,false,false,false,false,true,false,false,false,"{""coordinates"": [[-79.41319074541282, 43.77694419458122]], ""type"": ""MultiPoint""}"