_id,collision_id,accdate,stname1,stname2,stname3,per_inv,acclass,accloc,traffictl,impactype,visible,light,rdsfcond,road_class,failtorem,longitude,latitude,veh_no,vehtype,initdir,per_no,invage,injury,safequip,drivact,drivcond,pedact,pedcond,manoeuvre,pedtype,cyclistype,cycact,cyccond,road_user,fatal_no,wardname,division,neighbourhood,aggressive,distracted,cyclist,motorcyclist,other_micromobility,older_adult,pedestrian,red_light,school_child,heavy_truck,geometry
8684,2012:1322166,2012-09-07T20:40:00,BYNG AVE,DORIS AVE,,3,Non-Fatal Injury,,Traffic Signal,Pedestrian Collision(internal code),Clear,Dark with Artificial Lighting,Dry,Minor Arterial,false,-79.41319074541282,43.77694419458122,1,Automobile or Station Wagon,East,2,62,None,Lap and Shoulder Belt,Failed to yield right-of-way,Normal,,,Turning Left,,,,,driver,,Willowdale (18),32 Division,Yonge-Doris,true,false,false,false,false,false,true,false,false,false,"{""coordinates"": [[-79.41319074541282, 43.77694419458122]], ""type"": ""MultiPoint""}"
8685,2012:1320320,2012-09-08T13:45:00,BRAHMS AVE,CRESTHAVEN DR,,2,Non-Fatal Injury,,No Control,Pedestrian Collision(internal code),Rain,Daylight,Wet,Collector,false,-79.36059063743221,43.798644130665735,1,,Unknown,1,25,Major,No Equipment Available,,,Other,,,Driver hits pedestrian at midblock,,,,pedestrian,,Don Valley North (17),33 Division,Hillcrest Village,false,false,false,false,false,false,true,false,false,false,"{""coordinates"": [[-79.36059063743221, 43.798644130665735]], ""type"": ""MultiPoint""}"
8686,2012:1320320,2012-09-08T13:45:00,BRAHMS AVE,CRESTHAVEN DR,,2,Non-Fatal Injury,,No Control,Pedestrian Collision(internal code),Rain,Daylight,Wet,Collector,false,-79.36059063743221,43.798644130665735,1,Automobile or Station Wagon,North,2,25,None,Lap and Shoulder Belt,Other,Normal,,,Going Ahead,,,,,driver,,Don Valley North (17),33 Division,Hillcrest Village,false,false,false,false,false,false,true,false,false,false,"{""coordinates"": [[-79.36059063743221, 43.798644130665735]], ""type"": ""MultiPoint""}"
8687,2012:1320520,2012-09-09T14:38:00,1265 WILSON AVE,,,3,Non-Fatal Injury,,No Control,Turning Movement,Clear,Daylight,Dry,Major Arterial,false,-79.49190195454942,43.724416308126685,2,,,2,21,Minimal,Lap and Shoulder Belt,,,,,,,,,,passenger,,York Centre (6),31 Division,Oakdale-Beverley Heights,true,false,false,true,false,false,false,false,false,false,"{""coordinates"": [[-79.49190195454942, 43.724416308126685]], ""type"": ""MultiPoint""}"
8688,2012:1320520,2012-09-09T14:38:00,1265 WILSON AVE,,,3,Non-Fatal Injury,,No Control,Turning Movement,Clear,Daylight,Dry,Major Arterial,false,-79.49190195454942,43.724416308126685,1,Motorcycle,North,1,39,Major,Helmet,Failed to yield right-of-way,Unknown,,,Turning Left,,,,,motorcyclist,,York Centre (6),31 Division,Oakdale-Beverley Heights,true,false,false,true,false,false,false,false,false,false,"{""coordinates"": [[-79.49190195454942, 43.724416308126685]], ""type"": ""MultiPoint""}"
8689,2012:1320520,2012-09-09T14:38:00,1265 WILSON AVE,,,3,Non-Fatal Injury,,No Control,Turning Movement,Clear,Daylight,Dry,Major Arterial,false,-79.49190195454942,43.724416308126685,2,Automobile or Station Wagon,East,3,44,Minimal,Lap and Shoulder Belt,Driving properly,Normal,,,Going Ahead,,,,,driver,,York Centre (6),31 Division,Oakdale-Beverley Heights,true,false,false,true,false,false,false,false,false,false,"{""coordinates"": [[-79.49190195454942, 43.724416308126685]], ""type"": ""MultiPoint""}"
8690,2012:1320459,2012-09-09T22:25:00,YONGE ST,COLLEGE ST,,3,Non-Fatal Injury,At Intersection,Traffic Signal,Pedestrian Collision(internal code),Clear,Dark with Artificial Lighting,Dry,Major Arterial,false,-79.38309085978669,43.661344179618,2,,East,3,62,Major,Use Unknown,,,Crossing with right-of-way (intersection),Normal,,Driver turns right into pedestrian crossing with right-of-way (at intersection),,,,pedestrian,,Toronto Centre (13),51 Division,Downtown Yonge East,true,true,false,false,false,false,true,false,false,false,"{""coordinates"": [[-79.38309085978669, 43.661344179618]], ""type"": ""MultiPoint""}"
8691,2012:1320459,2012-09-09T22:25:00,YONGE ST,COLLEGE ST,,3,Non-Fatal Injury,At Intersection,Traffic Signal,Pedestrian Collision(internal code),Clear,Dark with Artificial Lighting,Dry,Major Arterial,false,-79.38309085978669,43.661344179618,1,,,1,,,Other Safety Equipment Used,,,,,,,,,,owner,,Toronto Centre (13),51 Division,Downtown Yonge East,true,true,false,false,false,false,true,false,false,false,"{""coordinates"": [[-79.38309085978669, 43.661344179618]], ""type"": ""MultiPoint""}"
8692,2012:1320459,2012-09-09T22:25:00,YONGE ST,COLLEGE ST,,3,Non-Fatal Injury,At Intersection,Traffic Signal,Pedestrian Collision(internal code),Clear,Dark with Artificial Lighting,Dry,Major Arterial,false,-79.38309085978669,43.661344179618,1,Automobile or Station Wagon,South,2,49,None,Other Safety Equipment Used,Failed to yield right-of-way,Inattentive,,,Turning Right,,,,,driver,,Toronto Centre (13),51 Division,Downtown Yonge East,true,true,false,false,false,false,true,false,false,false,"{""coordinates"": [[-79.38309085978669, 43.661344179618]], ""type"": ""MultiPoint""}"
8693,2012:1316023,2012-09-10T09:15:00,ALBION RD,FINCH AVE W,,2,Non-Fatal Injury,At Intersection,Traffic Signal,Rear End,Clear,Daylight,Dry,Major Arterial,true,-79.58921505019016,43.741083410077536,2,Automobile or Station Wagon,East,2,,None,Other Safety Equipment Used,Following too closely,Unknown,,,Going Ahead,,,,,driver,,Etobicoke North (1),23 Division,Mount Olive-Silverstone-Jamestown,true,false,false,false,false,false,false,false,false,false,"{""coordinates"": [[-79.58921505019016, 43.741083410077536]], ""type"": ""MultiPoint""}"
8694,2012:1316023,2012-09-10T09:15:00,ALBION RD,FINCH AVE W,,2,Non-Fatal Injury,At Intersection,Traffic Signal,Rear End,Clear,Daylight,Dry,Major Arterial,true,-79.58921505019016,43.741083410077536,1,Automobile or Station Wagon,East,1,49,Major,Other Safety Equipment Used,Driving properly,Normal,,,Stopped,,,,,driver,,Etobicoke North (1),23 Division,Mount Olive-Silverstone-Jamestown,true,false,false,false,false,false,false,false,false,false,"{""coordinates"": [[-79.58921505019016, 43.741083410077536]], ""type"": ""MultiPoint""}"
8695,2012:1314089,2012-09-10T09:43:00,3133 BAYVIEW AVE,BYNG AVE,,3,Fatal Injury,,No Control,Pedestrian Collision(internal code),Clear,Daylight,Dry,Major Arterial,false,-79.39149070446024,43.78204416804407,2,,West,3,75,Fatal,Other Safety Equipment Used,,,Walking on roadway against traffic,Normal,,Driver hits pedestrian at midblock,,,,pedestrian,29,Don Valley North (17),33 Division,Bayview Village,true,true,false,false,false,true,true,false,false,false,"{""coordinates"": [[-79.39149070446024, 43.78204416804407]], ""type"": ""MultiPoint""}"
8696,2012:1314089,2012-09-10T09:43:00,3133 BAYVIEW AVE,BYNG AVE,,3,Fatal Injury,,No Control,Pedestrian Collision(internal code),Clear,Daylight,Dry,Major Arterial,false,-79.39149070446024,43.78204416804407,1,Automobile or Station Wagon,West,2,54,None,Other Safety Equipment Used,Failed to yield right-of-way,Inattentive,,,Turning Right,,,,,driver,,Don Valley North (17),33 Division,Bayview Village,true,true,false,false,false,true,true,false,false,false,"{""coordinates"": [[-79.39149070446024, 43.78204416804407]], ""type"": ""MultiPoint""}"
8697,2012:1314089,2012-09-10T09:43:00,3133 BAYVIEW AVE,BYNG AVE,,3,Fatal Injury,,No Control,Pedestrian Collision(internal code),Clear,Daylight,Dry,Major Arterial,false,-79.39149070446024,43.78204416804407,1,,,1,,,Other Safety Equipment Used,,,,,,,,,,owner,,Don Valley North (17),33 Division,Bayview Village,true,true,false,false,false,true,true,false,false,false,"{""coordinates"": [[-79.39149070446024, 43.78204416804407]], ""type"": ""MultiPoint""}"
8698,2012:1320431,2012-09-10T18:25:00,DANFORTH Road,HUNTINGTON Aven,,2,Non-Fatal Injury,,No Control,Rear End,Clear,Daylight,Dry,Major Arterial,false,-79.25249053033795,43.72774399489893,2,Automobile or Station Wagon,East,2,56,Minor,Lap and Shoulder Belt,Failed to yield right-of-way,Normal,,,Turning Right,,,,,driver,,Scarborough Southwest (20),41 Division,Kennedy Park,true,false,false,true,false,false,false,false,false,false,"{""coordinates"": [[-79.25249053033795, 43.72774399489893]], ""type"": ""MultiPoint""}"
8699,2012:1320431,2012-09-10T18:25:00,DANFORTH Road,HUNTINGTON Aven,,2,Non-Fatal Injury,,No Control,Rear End,Clear,Daylight,Dry,Major Arterial,false,-79.25249053033795,43.72774399489893,1,Motorcycle,South,1,50,Major,Helmet,Driving properly,Normal,,,Going Ahead,,,,,motorcyclist,,Scarborough Southwest (20),41 Division,Kennedy Park,true,false,false,true,false,false,false,false,false,false,"{""coordinates"": [[-79.25249053033795, 43.72774399489893]], ""type"": ""MultiPoint""}"
8700,2012:1314296,2012-09-11T08:40:00,GLENGROVE AVE,MARLEE AVE,,3,Fatal Injury,At Intersection,Stop Sign,Angle,Clear,Daylight,Dry,Minor Arterial,false,-79.44449089444369,43.710744251024344,2,Automobile or Station Wagon,West,3,46,None,Other Safety Equipment Used,Failed to yield right-of-way,Normal,,,Going Ahead,,,,,driver,,Eglinton-Lawrence (8),13 Division,Yorkdale-Glen Park,true,false,false,true,false,false,false,false,false,false,"{""coordinates"": [[-79.44449089444369, 43.710744251024344]], ""type"": ""MultiPoint""}"
8701,2012:1314296,2012-09-11T08:40:00,GLENGROVE AVE,MARLEE AVE,,3,Fatal Injury,At Intersection,Stop Sign,Angle,Clear,Daylight,Dry,Minor Arterial,false,-79.44449089444369,43.710744251024344,2,,,2,,,Other Safety Equipment Used,,,,,,,,,,owner,,Eglinton-Lawrence (8),13 Division,Yorkdale-Glen Park,true,false,false,true,false,false,false,false,false,false,"{""coordinates"": [[-79.44449089444369, 43.710744251024344]], ""type"": ""MultiPoint""}"
8702,2012:1314296,2012-09-11T08:40:00,GLENGROVE AVE,MARLEE AVE,,3,Fatal Injury,At Intersection,Stop Sign,Angle,Clear,Daylight,Dry,Minor Arterial,false,-79.44449089444369,43.710744251024344,1,Motorcycle,North,1,24,Fatal,Helmet,Speed too fast for conditions,Normal,,,Going Ahead,,,,,motorcyclist,30,Eglinton-Lawrence (8),13 Division,Yorkdale-Glen Park,true,false,false,true,false,false,false,false,false,false,"{""coordinates"": [[-79.44449089444369, 43.710744251024344]], ""type"": ""MultiPoint""}"
8703,2012:1316385,2012-09-13T06:47:00,VICTORIA PARK AVE,TERRAVIEW BLVD,,2,Non-Fatal Injury,,No Control,Pedestrian Collision(internal code),Clear,Daylight,Dry,Major Arterial,false,-79.31809060140937,43.76444407939555,2,,West,2,47,Major,Other Safety Equipment Used,,,Running onto roadway,Normal,,Driver hits pedestrian at midblock,,,,pedestrian,,Scarborough Centre (21),41 Division,Wexford/Maryvale,false,false,false,true,false,false,true,false,false,false,"{""coordinates"": [[-79.31809060140937, 43.76444407939555]], ""type"": ""MultiPoint""}"
8704,2012:1316385,2012-09-13T06:47:00,VICTORIA PARK AVE,TERRAVIEW BLVD,,2,Non-Fatal Injury,,No Control,Pedestrian Collision(internal code),Clear,Daylight,Dry,Major Arterial,false,-79.31809060140937,43.76444407939555,1,Motorcycle,North,1,23,Minor,Helmet,Driving properly,Normal,,,Going Ahead,,,,,motorcyclist,,Scarborough Centre (21),41 Division,Wexford/Maryvale,false,false,false,true,false,false,true,false,false,false,"{""coordinates"": [[-79.31809060140937, 43.76444407939555]], ""type"": ""MultiPoint""}"
8705,2012:1315100,2012-09-14T01:02:00,F G GARDINER XY E,SOUTH KINGSWAY,,4,Fatal Injury,,No Control,SMV Other,Clear,Dark with Artificial Lighting,Dry,,false,-79.4702490743726,43.63478631779174,2,,,3,,,Other Safety Equipment Used,,,,,,,,,,other,,Parkdale-High Park (4),11 Division,South Parkdale,false,false,false,true,false,false,false,false,false,false,"{""coordinates"": [[-79.4702490743726, 43.63478631779174]], ""type"": ""MultiPoint""}"
8706,2012:1315100,2012-09-14T01:02:00,F G GARDINER XY E,SOUTH KINGSWAY,,4,Fatal Injury,,No Control,SMV Other,Clear,Dark with Artificial Lighting,Dry,,false,-79.4702490743726,43.63478631779174,2,Motorcycle,East,4,31,Fatal,Helmet,Lost control,Had Been Drinking,,,Going Ahead,,,,,motorcyclist,31,Parkdale-High Park (4),11 Division,South Parkdale,false,false,false,true,false,false,false,false,false,false,"{""coordinates"": [[-79.4702490743726, 43.63478631779174]], ""type"": ""MultiPoint""}"
8707,2012:1315100,2012-09-14T01:02:00,F G GARDINER XY E,SOUTH KINGSWAY,,4,Fatal Injury,,No Control,SMV Other,Clear,Dark with Artificial Lighting,Dry,,false,-79.4702490743726,43.63478631779174,1,Automobile or Station Wagon,West,2,38,None,Other Safety Equipment Used,Driving properly,Normal,,,Going Ahead,,,,,driver,,Parkdale-High Park (4),11 Division,South Parkdale,false,false,false,true,false,false,false,false,false,false,"{""coordinates"": [[-79.4702490743726, 43.63478631779174]], ""type"": ""MultiPoint""}"
8708,2012:1315100,2012-09-14T01:02:00,F G GARDINER XY E,SOUTH KINGSWAY,,4,Fatal Injury,,No Control,SMV Other,Clear,Dark with Artificial Lighting,Dry,,false,-79.4702490743726,43.63478631779174,1,,,1,,,Other Safety Equipment Used,,,,,,,,,,other,,Parkdale-High Park (4),11 Division,South Parkdale,false,false,false,true,false,false,false,false,false,false,"{""coordinates"": [[-79.4702490743726, 43.63478631779174]], ""type"": ""MultiPoint""}"
8709,2012:1320816,2012-09-15T08:58:00,EGLINTON AVE E,BIRCHMOUNT RD,,2,Non-Fatal Injury,At Intersection,Traffic Signal,Pedestrian Collision(internal code),Clear,Daylight,Dry,Major Arterial,false,-79.27789057196738,43.72994402801338,2,,North,2,72,Major,No Equipment Available,,,Crossing with right-of-way (intersection),Normal,,Driver turns left into pedestrian crossing with right-of-way (at intersection),,,,pedestrian,,Scarborough Southwest (20),41 Division,Clairlea-Birchmount,true,true,false,false,false,true,true,false,false,false,"{""coordinates"": [[-79.27789057196738, 43.72994402801338]], ""type"": ""MultiPoint""}"
8710,2012:1320816,2012-09-15T08:58:00,EGLINTON AVE E,BIRCHMOUNT RD,,2,Non-Fatal Injury,At Intersection,Traffic Signal,Pedestrian Collision(internal code),Clear,Daylight,Dry,Major Arterial,false,-79.27789057196738,43.72994402801338,1,Automobile or Station Wagon,South,1,32,None,Other Safety Equipment Used,Failed to yield right-of-way,Inattentive,,,Turning Left,,,,,driver,,Scarborough Southwest (20),41 Division,Clairlea-Birchmount,true,true,false,false,false,true,true,false,false,false,"{""coordinates"": [[-79.27789057196738, 43.72994402801338]], ""type"": ""MultiPoint""}"
8711,2012:1320814,2012-09-15T12:25:00,PHARMACY AVE,TEESDALE PL,,2,Non-Fatal Injury,At Intersection,Traffic Signal,SMV Other,Clear,Daylight,Dry,Minor Arterial,false,-79.28538862664918,43.69698503755346,1,,,1,,,Other Safety Equipment Used,,,,,,,,,,owner,,Scarborough Southwest (20),41 Division,Oakridge,false,false,false,true,false,false,false,false,false,false,"{""coordinates"": [[-79.28538862664918, 43.69698503755346]], ""type"": ""MultiPoint""}"
8712,2012:1320814,2012-09-15T12:25:00,PHARMACY AVE,TEESDALE PL,,2,Non-Fatal Injury,At Intersection,Traffic Signal,SMV Other,Clear,Daylight,Dry,Minor Arterial,false,-79.28538862664918,43.69698503755346,1,Motorcycle,East,2,46,Major,Helmet,Lost control,Normal,,,Turning Left,,,,,motorcyclist,,Scarborough Southwest (20),41 Division,Oakridge,false,false,false,true,false,false,false,false,false,false,"{""coordinates"": [[-79.28538862664918, 43.69698503755346]], ""type"": ""MultiPoint""}"
8713,2012:1320874,2012-09-15T16:38:00,DANFORTH Aven,CARLAW Aven,,2,Non-Fatal Injury,At Intersection,Traffic Signal,Pedestrian Collision(internal code),Clear,Daylight,Dry,Major Arterial,false,-79.34729076640599,43.678444125124486,2,,West,2,81,Major,No Equipment Available,,,Crossing with right-of-way (intersection),Normal,,Driver turns right into pedestrian crossing with right-of-way (at intersection),,,,pedestrian,,Toronto-Danforth (14),55 Division,North Riverdale,true,true,false,false,false,true,true,false,false,false,"{""coordinates"": [[-79.34729076640599, 43.678444125124486]], ""type"": ""MultiPoint""}"
8714,2012:1320874,2012-09-15T16:38:00,DANFORTH Aven,CARLAW Aven,,2,Non-Fatal Injury,At Intersection,Traffic Signal,Pedestrian Collision(internal code),Clear,Daylight,Dry,Major Arterial,false,-79.34729076640599,43.678444125124486,1,Automobile or Station Wagon,East,1,47,None,Other Safety Equipment Used,Failed to yield right-of-way,Inattentive,,,Turning Right,,,,,driver,,Toronto-Danforth (14),55 Division,North Riverdale,true,true,false,false,false,true,true,false,false,false,"{""coordinates"": [[-79.34729076640599, 43.678444125124486]], ""type"": ""MultiPoint""}"
8715,2012:1321287,2012-09-16T01:01:00,DAVENPORT Rd,MOUNT ROYAL Ave,,2,Non-Fatal Injury,At Intersection,No Control,Cyclist Collision,Clear,Dark with Artificial Lighting,Dry,Minor Arterial,false,-79.43259093319006,43.67454424724996,1,Moped,East,1,61,Major,Helmet,Following too closely,Had Been Drinking,,,Going Ahead,,,,,motorcyclist,,Davenport (9),13 Division,Wychwood,true,false,true,true,false,false,false,false,false,false,"{""coordinates"": [[-79.43259093319006, 43.67454424724996]], ""type"": ""MultiPoint""}"
8716,2012:1321287,2012-09-16T01:01:00,DAVENPORT Rd,MOUNT ROYAL Ave,,2,Non-Fatal Injury,At Intersection,No Control,Cyclist Collision,Clear,Dark with Artificial Lighting,Dry,Minor Arterial,false,-79.43259093319006,43.67454424724996,2,Bicycle,East,2,34,Minor,Helmet,,,,,Turning Left,,Rear end with cyclist and driver travelling in same direction,Driving Properly,Had Been Drinking,cyclist,,Davenport (9),13 Division,Wychwood,true,false,true,true,false,false,false,false,false,false,"{""coordinates"": [[-79.43259093319006, 43.67454424724996]], ""type"": ""MultiPoint""}"
8717,2012:1321399,2012-09-16T01:03:00,DAVENPORT RD,MOUNT ROYAL AVE,,2,Non-Fatal Injury,,No Control,Pedestrian Collision(internal code),Clear,Dark,Dry,Minor Arterial,false,-79.4325909331917,43.6745432472503,2,,Unknown,2,61,Major,Other Safety Equipment Used,,,Other,Medical or Physical Disability,,Driver going straight hits pedestrian crossing without right-of-way (at intersection),,,,pedestrian,,Davenport (9),13 Division,Wychwood,false,false,false,false,false,false,true,false,false,false,"{""coordinates"": [[-79.4325909331917, 43.6745432472503]], ""type"": ""MultiPoint""}"
8718,2012:1321399,2012-09-16T01:03:00,DAVENPORT RD,MOUNT ROYAL AVE,,2,Non-Fatal Injury,,No Control,Pedestrian Collision(internal code),Clear,Dark,Dry,Minor Arterial,false,-79.4325909331917,43.6745432472503,1,Automobile or Station Wagon,East,1,26,None,Lap and Shoulder Belt,Other,Normal,,,Going Ahead,,,,,driver,,Davenport (9),13 Division,Wychwood,false,false,false,false,false,false,true,false,false,false,"{""coordinates"": [[-79.4325909331917, 43.6745432472503]], ""type"": ""MultiPoint""}"
8719,2012:1321409,2012-09-16T01:38:00,DUFFERIN St,SPRINGHURST Ave,,4,Non-Fatal Injury,,Traffic Signal,SMV Other,Clear,Dark with Artificial Lighting,Dry,Local,false,-79.42550298616764,43.634084250100734,2,,,4,44,Major,Equipment Not Used But Available,,,,,,,,,,passenger,,Parkdale-High Park (4),14 Division,Fort York-Liberty Village,false,false,false,false,false,false,false,false,false,false,"{""coordinates"": [[-79.42550298616764, 43.634084250100734]], ""type"": ""MultiPoint""}"
8720,2012:1321409,2012-09-16T01:38:00,DUFFERIN St,SPRINGHURST Ave,,4,Non-Fatal Injury,,Traffic Signal,SMV Other,Clear,Dark with Artificial Lighting,Dry,Local,false,-79.42550298616764,43.634084250100734,2,,,1,,,Other Safety Equipment Used,,,,,,,,,,owner,,Parkdale-High Park (4),14 Division,Fort York-Liberty Village,false,false,false,false,false,false,false,false,false,false,"{""coordinates"": [[-79.42550298616764, 43.634084250100734]], ""type"": ""MultiPoint""}"
8721,2012:1321409,2012-09-16T01:38:00,DUFFERIN St,SPRINGHURST Ave,,4,Non-Fatal Injury,,Traffic Signal,SMV Other,Clear,Dark with Artificial Lighting,Dry,Local,false,-79.42550298616764,43.634084250100734,1,,,2,,,Other Safety Equipment Used,,,,,,,,,,owner,,Parkdale-High Park (4),14 Division,Fort York-Liberty Village,false,false,false,false,false,false,false,false,false,false,"{""coordinates"": [[-79.42550298616764, 43.634084250100734]], ""type"": ""MultiPoint""}"
8722,2012:1321409,2012-09-16T01:38:00,DUFFERIN St,SPRINGHURST Ave,,4,Non-Fatal Injury,,Traffic Signal,SMV Other,Clear,Dark with Artificial Lighting,Dry,Local,false,-79.42550298616764,43.634084250100734,1,Automobile or Station Wagon,North,3,39,Minimal,Lap and Shoulder Belt,Lost control,Ability Impaired - Alcohol,,,Going Ahead,,,,,driver,,Parkdale-High Park (4),14 Division,Fort York-Liberty Village,false,false,false,false,false,false,false,false,false,false,"{""coordinates"": [[-79.42550298616764, 43.634084250100734]], ""type"": ""MultiPoint""}"
8723,2012:1326460,2012-09-17T08:50:00,BAYVIEW AVE,ROSEDALE VALLEY RD,,2,Non-Fatal Injury,,No Control,Other,Other,Other,Other,Major Arterial,false,-79.36179080393919,43.67144414686571,1,,,1,,,Other Safety Equipment Used,,,,,,,,,,owner,,University-Rosedale (11),51 Division,Cabbagetown-South St.James Town,false,false,false,true,false,false,false,false,false,false,"{""coordinates"": [[-79.36179080393919, 43.67144414686571]], ""type"": ""MultiPoint""}"
8724,2012:1326460,2012-09-17T08:50:00,BAYVIEW AVE,ROSEDALE VALLEY RD,,2,Non-Fatal Injury,,No Control,Other,Other,Other,Other,Major Arterial,false,-79.36179080393919,43.67144414686571,1,Motorcycle,South,2,30,Major,Helmet,Other,Unknown,,,Going Ahead,,,,,motorcyclist,,University-Rosedale (11),51 Division,Cabbagetown-South St.James Town,false,false,false,true,false,false,false,false,false,false,"{""coordinates"": [[-79.36179080393919, 43.67144414686571]], ""type"": ""MultiPoint""}"
8725,2012:1321368,2012-09-17T08:51:00,BAY St,FRONT St W,,5,Non-Fatal Injury,At Intersection,Traffic Signal,Cyclist Collision,Clear,Daylight,Dry,Major Arterial,false,-79.37909087542299,43.64594417706289,3,Bicycle,North,5,25,Major,Helmet,,,,,Going Ahead,,Sideswipe with cyclist and driver travelling in same direction,Driving Properly,Normal,cyclist,,Spadina-Fort York (10),52 Division,St Lawrence-East Bayfront-The Islands,true,true,true,false,false,false,false,false,false,true,"{""coordinates"": [[-79.37909087542299, 43.64594417706289]], ""type"": ""MultiPoint""}"
8726,2012:1321368,2012-09-17T08:51:00,BAY St,FRONT St W,,5,Non-Fatal Injury,At Intersection,Traffic Signal,Cyclist Collision,Clear,Daylight,Dry,Major Arterial,false,-79.37909087542299,43.64594417706289,1,,,1,,,Other Safety Equipment Used,,,,,,,,,,owner,,Spadina-Fort York (10),52 Division,St Lawrence-East Bayfront-The Islands,true,true,true,false,false,false,false,false,false,true,"{""coordinates"": [[-79.37909087542299, 43.64594417706289]], ""type"": ""MultiPoint""}"
8727,2012:1321368,2012-09-17T08:51:00,BAY St,FRONT St W,,5,Non-Fatal Injury,At Intersection,Traffic Signal,Cyclist Collision,Clear,Daylight,Dry,Major Arterial,false,-79.37909087542299,43.64594417706289,1,Truck - Open (Flatbed),North,2,45,None,Other Safety Equipment Used,Improper passing,Inattentive,,,Overtaking,,,,,driver,,Spadina-Fort York (10),52 Division,St Lawrence-East Bayfront-The Islands,true,true,true,false,false,false,false,false,false,true,"{""coordinates"": [[-79.37909087542299, 43.64594417706289]], ""type"": ""MultiPoint""}"
8728,2012:1321368,2012-09-17T08:51:00,BAY St,FRONT St W,,5,Non-Fatal Injury,At Intersection,Traffic Signal,Cyclist Collision,Clear,Daylight,Dry,Major Arterial,false,-79.37909087542299,43.64594417706289,2,,,3,,None,Other Safety Equipment Used,,,,,,,,,,other,,Spadina-Fort York (10),52 Division,St Lawrence-East Bayfront-The Islands,true,true,true,false,false,false,false,false,false,true,"{""coordinates"": [[-79.37909087542299, 43.64594417706289]], ""type"": ""MultiPoint""}"
8729,2012:1321368,2012-09-17T08:51:00,BAY St,FRONT St W,,5,Non-Fatal Injury,At Intersection,Traffic Signal,Cyclist Collision,Clear,Daylight,Dry,Major Arterial,false,-79.37909087542299,43.64594417706289,3,,,4,,,Other Safety Equipment Used,,,,,,,,,,owner,,Spadina-Fort York (10),52 Division,St Lawrence-East Bayfront-The Islands,true,true,true,false,false,false,false,false,false,true,"{""coordinates"": [[-79.37909087542299, 43.64594417706289]], ""type"": ""MultiPoint""}"
8730,2012:1321770,2012-09-17T16:30:00,BAYVIEW AVE,FELDBAR CRT,,4,Non-Fatal Injury,,No Control,Rear End,Clear,Daylight,Dry,Major Arterial,false,-79.39190270319502,43.78385716839836,2,Automobile or Station Wagon,North,4,49,None,Other Safety Equipment Used,Driving properly,Normal,,,Slowing or Stopping,,,,,driver,,Don Valley North (17),33 Division,Bayview Village,true,false,false,false,false,false,false,false,false,false,"{""coordinates"": [[-79.39190270319502, 43.78385716839836]], ""type"": ""MultiPoint""}"
8731,2012:1321770,2012-09-17T16:30:00,BAYVIEW AVE,FELDBAR CRT,,4,Non-Fatal Injury,,No Control,Rear End,Clear,Daylight,Dry,Major Arterial,false,-79.39190270319502,43.78385716839836,1,,,1,,,Other Safety Equipment Used,,,,,,,,,,owner,,Don Valley North (17),33 Division,Bayview Village,true,false,false,false,false,false,false,false,false,false,"{""coordinates"": [[-79.39190270319502, 43.78385716839836]], ""type"": ""MultiPoint""}"
8732,2012:1321770,2012-09-17T16:30:00,BAYVIEW AVE,FELDBAR CRT,,4,Non-Fatal Injury,,No Control,Rear End,Clear,Daylight,Dry,Major Arterial,false,-79.39190270319502,43.78385716839836,1,Automobile or Station Wagon,North,2,59,Major,Lap and Shoulder Belt,Following too closely,Normal,,,Going Ahead,,,,,driver,,Don Valley North (17),33 Division,Bayview Village,true,false,false,false,false,false,false,false,false,false,"{""coordinates"": [[-79.39190270319502, 43.78385716839836]], ""type"": ""MultiPoint""}"
8733,2012:1321770,2012-09-17T16:30:00,BAYVIEW AVE,FELDBAR CRT,,4,Non-Fatal Injury,,No Control,Rear End,Clear,Daylight,Dry,Major Arterial,false,-79.39190270319502,43.78385716839836,2,,,3,45,Minimal,Lap and Shoulder Belt,,,,,,,,,,passenger,,Don Valley North (17),33 Division,Bayview Village,true,false,false,false,false,false,false,false,false,false,"{""coordinates"": [[-79.39190270319502, 43.78385716839836]], ""type"": ""MultiPoint""}"
8734,2012:1321943,2012-09-19T18:46:00,MIDLAND AVE,PASSMORE AVE,,3,Non-Fatal Injury,At Intersection,Traffic Signal,Pedestrian Collision(internal code),Clear,Dusk,Dry,Major Arterial,false,-79.29489051296872,43.82074405574991,1,Automobile or Station Wagon,,1,,None,Other Safety Equipment Used,,,,,,,,,,other,,Scarborough North (23),42 Division,Milliken,false,true,false,false,false,true,true,false,false,true,"{""coordinates"": [[-79.29489051296872, 43.82074405574991]], ""type"": ""MultiPoint""}"
8735,2012:1321943,2012-09-19T18:46:00,MIDLAND AVE,PASSMORE AVE,,3,Non-Fatal Injury,At Intersection,Traffic Signal,Pedestrian Collision(internal code),Clear,Dusk,Dry,Major Arterial,false,-79.29489051296872,43.82074405574991,1,Municipal Transit Bus (TTC),North,2,49,None,Other Safety Equipment Used,Driving properly,Normal,,,Turning Left,,,,,driver,,Scarborough North (23),42 Division,Milliken,false,true,false,false,false,true,true,false,false,true,"{""coordinates"": [[-79.29489051296872, 43.82074405574991]], ""type"": ""MultiPoint""}"
8736,2012:1321943,2012-09-19T18:46:00,MIDLAND AVE,PASSMORE AVE,,3,Non-Fatal Injury,At Intersection,Traffic Signal,Pedestrian Collision(internal code),Clear,Dusk,Dry,Major Arterial,false,-79.29489051296872,43.82074405574991,2,,South,3,69,Major,Other Safety Equipment Used,,,Crossing without right-of-way (intersection),Inattentive,,Transit vehicle driver hits pedestrian anywhere along roadway,,,,pedestrian,,Scarborough North (23),42 Division,Milliken,false,true,false,false,false,true,true,false,false,true,"{""coordinates"": [[-79.29489051296872, 43.82074405574991]], ""type"": ""MultiPoint""}"