_id,collision_id,accdate,stname1,stname2,stname3,per_inv,acclass,accloc,traffictl,impactype,visible,light,rdsfcond,road_class,failtorem,longitude,latitude,veh_no,vehtype,initdir,per_no,invage,injury,safequip,drivact,drivcond,pedact,pedcond,manoeuvre,pedtype,cyclistype,cycact,cyccond,road_user,fatal_no,wardname,division,neighbourhood,aggressive,distracted,cyclist,motorcyclist,other_micromobility,older_adult,pedestrian,red_light,school_child,heavy_truck,geometry
8942,2012:1326953,2012-11-07T18:53:00,LESLIE ST,LAKE SHORE BLVD E,,2,Non-Fatal Injury,At Intersection,Traffic Signal,Cyclist Collision,Clear,Dark,Dry,Major Arterial,true,-79.32838875735949,43.65924210016636,1,Automobile or Station Wagon,South,1,,None,Other Safety Equipment Used,Other,Unknown,,,Unknown,,,,,driver,,Toronto-Danforth (14),55 Division,South Riverdale,false,false,true,false,false,false,false,false,false,false,"{""coordinates"": [[-79.32838875735949, 43.65924210016636]], ""type"": ""MultiPoint""}"
8943,2012:1326953,2012-11-07T18:53:00,LESLIE ST,LAKE SHORE BLVD E,,2,Non-Fatal Injury,At Intersection,Traffic Signal,Cyclist Collision,Clear,Dark,Dry,Major Arterial,true,-79.32838875735949,43.65924210016636,1,Bicycle,East,2,45,Major,Helmet,,,,,Going Ahead,,Insufficient information to describe collision,Other,Unknown,cyclist,,Toronto-Danforth (14),55 Division,South Riverdale,false,false,true,false,false,false,false,false,false,false,"{""coordinates"": [[-79.32838875735949, 43.65924210016636]], ""type"": ""MultiPoint""}"
8944,2012:1331528,2012-11-09T11:40:00,WILSON Ave,YONGE St,,2,Non-Fatal Injury,At Intersection,Traffic Signal,Turning Movement,Clear,Daylight,Dry,Major Arterial,false,-79.40671177363733,43.74413819112036,1,Automobile or Station Wagon,West,2,87,Major,Air Bag Deployed,Failed to yield right-of-way,Normal,,,Turning Left,,,,,driver,,Don Valley West (15),32 Division,St.Andrew-Windfields,true,false,false,false,false,true,false,false,false,false,"{""coordinates"": [[-79.40671177363733, 43.74413819112036]], ""type"": ""MultiPoint""}"
8945,2012:1331528,2012-11-09T11:40:00,WILSON Ave,YONGE St,,2,Non-Fatal Injury,At Intersection,Traffic Signal,Turning Movement,Clear,Daylight,Dry,Major Arterial,false,-79.40671177363733,43.74413819112036,2,Automobile or Station Wagon,East,1,53,None,Lap and Shoulder Belt,Driving properly,Normal,,,Going Ahead,,,,,driver,,Don Valley West (15),32 Division,St.Andrew-Windfields,true,false,false,false,false,true,false,false,false,false,"{""coordinates"": [[-79.40671177363733, 43.74413819112036]], ""type"": ""MultiPoint""}"
8946,2012:1331563,2012-11-09T22:55:00,KING ST W,TECUMSETH ST,,3,Non-Fatal Injury,,No Control,Approaching Head On,Rain,Dark with Artificial Lighting,Wet,Major Arterial,false,-79.40465192954933,43.64351421585681,1,Motorcycle,West,2,32,Major,Helmet,Lost control,Normal,,,Going Ahead,,,,,motorcyclist,,Spadina-Fort York (10),14 Division,West Queen West,false,false,false,true,false,false,false,false,false,false,"{""coordinates"": [[-79.40465192954933, 43.64351421585681]], ""type"": ""MultiPoint""}"
8947,2012:1331563,2012-11-09T22:55:00,KING ST W,TECUMSETH ST,,3,Non-Fatal Injury,,No Control,Approaching Head On,Rain,Dark with Artificial Lighting,Wet,Major Arterial,false,-79.40465192954933,43.64351421585681,1,,,1,33,Minor,Helmet,,,,,,,,,,passenger,,Spadina-Fort York (10),14 Division,West Queen West,false,false,false,true,false,false,false,false,false,false,"{""coordinates"": [[-79.40465192954933, 43.64351421585681]], ""type"": ""MultiPoint""}"
8948,2012:1331563,2012-11-09T22:55:00,KING ST W,TECUMSETH ST,,3,Non-Fatal Injury,,No Control,Approaching Head On,Rain,Dark with Artificial Lighting,Wet,Major Arterial,false,-79.40465192954933,43.64351421585681,2,Automobile or Station Wagon,East,3,54,None,Lap and Shoulder Belt,Driving properly,Normal,,,Going Ahead,,,,,driver,,Spadina-Fort York (10),14 Division,West Queen West,false,false,false,true,false,false,false,false,false,false,"{""coordinates"": [[-79.40465192954933, 43.64351421585681]], ""type"": ""MultiPoint""}"
8949,2012:1325621,2012-11-12T20:04:00,SHEPPARD AVE E,BIRCHMOUNT RD,,3,Non-Fatal Injury,At Intersection,Traffic Signal,Turning Movement,Rain,Dark with Artificial Lighting,Wet,Major Arterial,false,-79.2980905533921,43.78104405620256,1,Automobile or Station Wagon,West,2,85,None,Other Safety Equipment Used,Driving properly,Normal,,,Going Ahead,,,,,driver,,Scarborough-Agincourt (22),42 Division,Tam O'Shanter-Sullivan,true,false,false,false,false,true,false,false,false,false,"{""coordinates"": [[-79.2980905533921, 43.78104405620256]], ""type"": ""MultiPoint""}"
8950,2012:1325621,2012-11-12T20:04:00,SHEPPARD AVE E,BIRCHMOUNT RD,,3,Non-Fatal Injury,At Intersection,Traffic Signal,Turning Movement,Rain,Dark with Artificial Lighting,Wet,Major Arterial,false,-79.2980905533921,43.78104405620256,1,,,1,77,Major,Lap and Shoulder Belt,,,,,,,,,,passenger,,Scarborough-Agincourt (22),42 Division,Tam O'Shanter-Sullivan,true,false,false,false,false,true,false,false,false,false,"{""coordinates"": [[-79.2980905533921, 43.78104405620256]], ""type"": ""MultiPoint""}"
8951,2012:1325621,2012-11-12T20:04:00,SHEPPARD AVE E,BIRCHMOUNT RD,,3,Non-Fatal Injury,At Intersection,Traffic Signal,Turning Movement,Rain,Dark with Artificial Lighting,Wet,Major Arterial,false,-79.2980905533921,43.78104405620256,2,Automobile or Station Wagon,East,3,45,None,Other Safety Equipment Used,Failed to yield right-of-way,Ability Impaired - Alcohol Over .08,,,Turning Left,,,,,driver,,Scarborough-Agincourt (22),42 Division,Tam O'Shanter-Sullivan,true,false,false,false,false,true,false,false,false,false,"{""coordinates"": [[-79.2980905533921, 43.78104405620256]], ""type"": ""MultiPoint""}"
8952,2012:1331914,2012-11-13T04:20:00,470 RICHMOND ST E,,,3,Non-Fatal Injury,,No Control,Pedestrian Collision(internal code),Clear,Dark,Dry,Major Arterial,false,-79.36569083693543,43.65414415558651,2,,Unknown,3,45,Major,Other Safety Equipment Used,,,Playing or working on highway,Normal,,Driver hits pedestrian at midblock,,,,pedestrian,,Toronto Centre (13),51 Division,Moss Park,false,false,false,false,false,false,true,false,false,true,"{""coordinates"": [[-79.36569083693543, 43.65414415558651]], ""type"": ""MultiPoint""}"
8953,2012:1331914,2012-11-13T04:20:00,470 RICHMOND ST E,,,3,Non-Fatal Injury,,No Control,Pedestrian Collision(internal code),Clear,Dark,Dry,Major Arterial,false,-79.36569083693543,43.65414415558651,1,Truck - Open (Flatbed),West,2,54,None,Other Safety Equipment Used,Driving properly,Normal,,,Pulling Away from Shoulder or Curb,,,,,driver,,Toronto Centre (13),51 Division,Moss Park,false,false,false,false,false,false,true,false,false,true,"{""coordinates"": [[-79.36569083693543, 43.65414415558651]], ""type"": ""MultiPoint""}"
8954,2012:1331914,2012-11-13T04:20:00,470 RICHMOND ST E,,,3,Non-Fatal Injury,,No Control,Pedestrian Collision(internal code),Clear,Dark,Dry,Major Arterial,false,-79.36569083693543,43.65414415558651,1,,,1,,,Other Safety Equipment Used,,,,,,,,,,owner,,Toronto Centre (13),51 Division,Moss Park,false,false,false,false,false,false,true,false,false,true,"{""coordinates"": [[-79.36569083693543, 43.65414415558651]], ""type"": ""MultiPoint""}"
8955,2012:1325529,2012-11-13T08:44:00,GERRARD ST E,YONGE ST,,3,Non-Fatal Injury,At Intersection,Traffic Signal,Cyclist Collision,Clear,Daylight,Dry,Major Arterial,false,-79.38209086136538,43.65904417866623,2,Bicycle,West,1,38,Major,Other Safety Equipment Used,,,,,Going Ahead,,Driver turns right on green or amber at signalized intersection and hits cyclist,Other,Unknown,cyclist,,Toronto Centre (13),51 Division,Downtown Yonge East,false,false,true,false,false,false,false,false,false,true,"{""coordinates"": [[-79.38209086136538, 43.65904417866623]], ""type"": ""MultiPoint""}"
8956,2012:1325529,2012-11-13T08:44:00,GERRARD ST E,YONGE ST,,3,Non-Fatal Injury,At Intersection,Traffic Signal,Cyclist Collision,Clear,Daylight,Dry,Major Arterial,false,-79.38209086136538,43.65904417866623,1,Truck - Open (Flatbed),West,3,37,None,Other Safety Equipment Used,Improper turn,Normal,,,Turning Right,,,,,driver,,Toronto Centre (13),51 Division,Downtown Yonge East,false,false,true,false,false,false,false,false,false,true,"{""coordinates"": [[-79.38209086136538, 43.65904417866623]], ""type"": ""MultiPoint""}"
8957,2012:1325529,2012-11-13T08:44:00,GERRARD ST E,YONGE ST,,3,Non-Fatal Injury,At Intersection,Traffic Signal,Cyclist Collision,Clear,Daylight,Dry,Major Arterial,false,-79.38209086136538,43.65904417866623,1,,,2,,,Other Safety Equipment Used,,,,,,,,,,owner,,Toronto Centre (13),51 Division,Downtown Yonge East,false,false,true,false,false,false,false,false,false,true,"{""coordinates"": [[-79.38209086136538, 43.65904417866623]], ""type"": ""MultiPoint""}"
8958,2012:1332390,2012-11-15T06:27:00,KEELE ST,IRVING RD,,4,Non-Fatal Injury,,No Control,Turning Movement,Clear,Dark with Artificial Lighting,Dry,Major Arterial,false,-79.47449097976428,43.69294429898757,2,,,3,,,Other Safety Equipment Used,,,,,,,,,,owner,,York South-Weston (5),12 Division,Beechborough-Greenbrook,false,false,false,false,false,true,false,false,true,false,"{""coordinates"": [[-79.47449097976428, 43.69294429898757]], ""type"": ""MultiPoint""}"
8959,2012:1332390,2012-11-15T06:27:00,KEELE ST,IRVING RD,,4,Non-Fatal Injury,,No Control,Turning Movement,Clear,Dark with Artificial Lighting,Dry,Major Arterial,false,-79.47449097976428,43.69294429898757,1,Automobile or Station Wagon,North,1,65,None,Lap and Shoulder Belt,Improper turn,Normal,,,Turning Left,,,,,driver,,York South-Weston (5),12 Division,Beechborough-Greenbrook,false,false,false,false,false,true,false,false,true,false,"{""coordinates"": [[-79.47449097976428, 43.69294429898757]], ""type"": ""MultiPoint""}"
8960,2012:1332390,2012-11-15T06:27:00,KEELE ST,IRVING RD,,4,Non-Fatal Injury,,No Control,Turning Movement,Clear,Dark with Artificial Lighting,Dry,Major Arterial,false,-79.47449097976428,43.69294429898757,2,Automobile or Station Wagon,South,4,29,Major,Lap and Shoulder Belt,Driving properly,Normal,,,Going Ahead,,,,,driver,,York South-Weston (5),12 Division,Beechborough-Greenbrook,false,false,false,false,false,true,false,false,true,false,"{""coordinates"": [[-79.47449097976428, 43.69294429898757]], ""type"": ""MultiPoint""}"
8961,2012:1332390,2012-11-15T06:27:00,KEELE ST,IRVING RD,,4,Non-Fatal Injury,,No Control,Turning Movement,Clear,Dark with Artificial Lighting,Dry,Major Arterial,false,-79.47449097976428,43.69294429898757,2,,,2,6,Minimal,Other Safety Equipment Used,,,,,,,,,,passenger,,York South-Weston (5),12 Division,Beechborough-Greenbrook,false,false,false,false,false,true,false,false,true,false,"{""coordinates"": [[-79.47449097976428, 43.69294429898757]], ""type"": ""MultiPoint""}"
8962,2012:1326143,2012-11-16T17:43:00,FINCH AVE E,WILFRED AVE,,2,Non-Fatal Injury,,No Control,Pedestrian Collision(internal code),Clear,Dark with Artificial Lighting,Dry,Major Arterial,false,-79.40189072062171,43.78274318042351,1,Automobile or Station Wagon,East,1,40,None,Other Safety Equipment Used,Driving properly,Normal,,,Going Ahead,,,,,driver,,Willowdale (18),32 Division,East Willowdale,false,false,false,false,false,true,true,false,false,false,"{""coordinates"": [[-79.40189072062171, 43.78274318042351]], ""type"": ""MultiPoint""}"
8963,2012:1326143,2012-11-16T17:43:00,FINCH AVE E,WILFRED AVE,,2,Non-Fatal Injury,,No Control,Pedestrian Collision(internal code),Clear,Dark with Artificial Lighting,Dry,Major Arterial,false,-79.40189072062171,43.78274318042351,2,,North,2,79,Major,Other Safety Equipment Used,,,Crossing - no traffic control,Unknown,,Driver going straight hits pedestrian crossing without right-of-way (at intersection),,,,pedestrian,,Willowdale (18),32 Division,East Willowdale,false,false,false,false,false,true,true,false,false,false,"{""coordinates"": [[-79.40189072062171, 43.78274318042351]], ""type"": ""MultiPoint""}"
8964,2012:1333463,2012-11-16T22:40:00,BLOOR ST E,PARK RD,,5,Non-Fatal Injury,,No Control,Turning Movement,Clear,Dark,Dry,Major Arterial,false,-79.38483084889329,43.67064818005233,2,Automobile or Station Wagon,West,5,27,Major,Lap and Shoulder Belt,Driving properly,Normal,,,Going Ahead,,,,,driver,,University-Rosedale (11),51 Division,Church-Wellesley,true,true,false,false,false,false,false,false,false,false,"{""coordinates"": [[-79.38483084889329, 43.67064818005233]], ""type"": ""MultiPoint""}"
8965,2012:1333463,2012-11-16T22:40:00,BLOOR ST E,PARK RD,,5,Non-Fatal Injury,,No Control,Turning Movement,Clear,Dark,Dry,Major Arterial,false,-79.38483084889329,43.67064818005233,1,Automobile or Station Wagon,East,2,47,Major,Lap and Shoulder Belt,Failed to yield right-of-way,Inattentive,,,Making U-Turn,,,,,driver,,University-Rosedale (11),51 Division,Church-Wellesley,true,true,false,false,false,false,false,false,false,false,"{""coordinates"": [[-79.38483084889329, 43.67064818005233]], ""type"": ""MultiPoint""}"
8966,2012:1333463,2012-11-16T22:40:00,BLOOR ST E,PARK RD,,5,Non-Fatal Injury,,No Control,Turning Movement,Clear,Dark,Dry,Major Arterial,false,-79.38483084889329,43.67064818005233,2,,,4,,,Other Safety Equipment Used,,,,,,,,,,owner,,University-Rosedale (11),51 Division,Church-Wellesley,true,true,false,false,false,false,false,false,false,false,"{""coordinates"": [[-79.38483084889329, 43.67064818005233]], ""type"": ""MultiPoint""}"
8967,2012:1333463,2012-11-16T22:40:00,BLOOR ST E,PARK RD,,5,Non-Fatal Injury,,No Control,Turning Movement,Clear,Dark,Dry,Major Arterial,false,-79.38483084889329,43.67064818005233,2,,,3,26,Major,Lap and Shoulder Belt,,,,,,,,,,passenger,,University-Rosedale (11),51 Division,Church-Wellesley,true,true,false,false,false,false,false,false,false,false,"{""coordinates"": [[-79.38483084889329, 43.67064818005233]], ""type"": ""MultiPoint""}"
8968,2012:1333463,2012-11-16T22:40:00,BLOOR ST E,PARK RD,,5,Non-Fatal Injury,,No Control,Turning Movement,Clear,Dark,Dry,Major Arterial,false,-79.38483084889329,43.67064818005233,1,,,1,,,Other Safety Equipment Used,,,,,,,,,,owner,,University-Rosedale (11),51 Division,Church-Wellesley,true,true,false,false,false,false,false,false,false,false,"{""coordinates"": [[-79.38483084889329, 43.67064818005233]], ""type"": ""MultiPoint""}"
8969,2012:1326699,2012-11-18T01:04:00,DUNDAS ST E,RIVER ST,,3,Non-Fatal Injury,At Intersection,Traffic Controller,Pedestrian Collision(internal code),Clear,Dark with Artificial Lighting,Dry,Major Arterial,true,-79.35819081213496,43.66114414339451,1,,,3,,,Other Safety Equipment Used,,,,,,,,,,owner,,Toronto Centre (13),51 Division,Regent Park,true,false,false,false,false,false,true,false,false,false,"{""coordinates"": [[-79.35819081213496, 43.66114414339451]], ""type"": ""MultiPoint""}"
8970,2012:1326699,2012-11-18T01:04:00,DUNDAS ST E,RIVER ST,,3,Non-Fatal Injury,At Intersection,Traffic Controller,Pedestrian Collision(internal code),Clear,Dark with Artificial Lighting,Dry,Major Arterial,true,-79.35819081213496,43.66114414339451,1,Automobile or Station Wagon,North,1,,None,Other Safety Equipment Used,Failed to yield right-of-way,Normal,,,Turning Left,,,,,driver,,Toronto Centre (13),51 Division,Regent Park,true,false,false,false,false,false,true,false,false,false,"{""coordinates"": [[-79.35819081213496, 43.66114414339451]], ""type"": ""MultiPoint""}"
8971,2012:1326699,2012-11-18T01:04:00,DUNDAS ST E,RIVER ST,,3,Non-Fatal Injury,At Intersection,Traffic Controller,Pedestrian Collision(internal code),Clear,Dark with Artificial Lighting,Dry,Major Arterial,true,-79.35819081213496,43.66114414339451,2,,North,2,43,Major,Other Safety Equipment Used,,,Crossing with right-of-way (intersection),Normal,,Driver turns left into pedestrian crossing with right-of-way (at intersection),,,,pedestrian,,Toronto Centre (13),51 Division,Regent Park,true,false,false,false,false,false,true,false,false,false,"{""coordinates"": [[-79.35819081213496, 43.66114414339451]], ""type"": ""MultiPoint""}"
8972,2012:1334350,2012-11-20T03:35:00,EASTERN AVE DIVERSION Aven,BROADVIEW AVE,,4,Non-Fatal Injury,,Traffic Signal,SMV Other,Clear,Dark with Artificial Lighting,Dry,Major Arterial,false,-79.34889080067832,43.656643130488234,2,,,3,,,Other Safety Equipment Used,,,,,,,,,,owner,,Toronto-Danforth (14),55 Division,South Riverdale,false,false,false,false,false,false,false,false,false,false,"{""coordinates"": [[-79.34889080067832, 43.656643130488234]], ""type"": ""MultiPoint""}"
8973,2012:1334350,2012-11-20T03:35:00,EASTERN AVE DIVERSION Aven,BROADVIEW AVE,,4,Non-Fatal Injury,,Traffic Signal,SMV Other,Clear,Dark with Artificial Lighting,Dry,Major Arterial,false,-79.34889080067832,43.656643130488234,1,,,1,,,Other Safety Equipment Used,,,,,,,,,,owner,,Toronto-Danforth (14),55 Division,South Riverdale,false,false,false,false,false,false,false,false,false,false,"{""coordinates"": [[-79.34889080067832, 43.656643130488234]], ""type"": ""MultiPoint""}"
8974,2012:1334350,2012-11-20T03:35:00,EASTERN AVE DIVERSION Aven,BROADVIEW AVE,,4,Non-Fatal Injury,,Traffic Signal,SMV Other,Clear,Dark with Artificial Lighting,Dry,Major Arterial,false,-79.34889080067832,43.656643130488234,1,Automobile or Station Wagon,East,2,23,Major,Use Unknown,Lost control,Unknown,,,Going Ahead,,,,,driver,,Toronto-Danforth (14),55 Division,South Riverdale,false,false,false,false,false,false,false,false,false,false,"{""coordinates"": [[-79.34889080067832, 43.656643130488234]], ""type"": ""MultiPoint""}"
8975,2012:1334350,2012-11-20T03:35:00,EASTERN AVE DIVERSION Aven,BROADVIEW AVE,,4,Non-Fatal Injury,,Traffic Signal,SMV Other,Clear,Dark with Artificial Lighting,Dry,Major Arterial,false,-79.34889080067832,43.656643130488234,2,,,4,,,Other Safety Equipment Used,,,,,,,,,,owner,,Toronto-Danforth (14),55 Division,South Riverdale,false,false,false,false,false,false,false,false,false,false,"{""coordinates"": [[-79.34889080067832, 43.656643130488234]], ""type"": ""MultiPoint""}"
8976,2012:1327099,2012-11-23T06:43:00,DAVENPORT RD,LANSDOWNE AVE,,3,Fatal Injury,At Intersection,Traffic Signal,Cyclist Collision,Clear,Dark with Artificial Lighting,Dry,Minor Arterial,true,-79.44829196796707,43.67154527074907,2,Passenger Van,East,2,63,None,Other Safety Equipment Used,Disobeyed traffic control,Normal,,,Going Ahead,,,,,driver,,Davenport (9),13 Division,Junction-Wallace Emerson,true,false,true,false,false,false,false,true,false,false,"{""coordinates"": [[-79.44829196796707, 43.67154527074907]], ""type"": ""MultiPoint""}"
8977,2012:1327099,2012-11-23T06:43:00,DAVENPORT RD,LANSDOWNE AVE,,3,Fatal Injury,At Intersection,Traffic Signal,Cyclist Collision,Clear,Dark with Artificial Lighting,Dry,Minor Arterial,true,-79.44829196796707,43.67154527074907,1,Bicycle,North,1,35,Fatal,Other Safety Equipment Used,,,,,Going Ahead,,"Cyclist without right-of-way rides into path of driver (at intersection, laneway, or driveway)",,,cyclist,39,Davenport (9),13 Division,Junction-Wallace Emerson,true,false,true,false,false,false,false,true,false,false,"{""coordinates"": [[-79.44829196796707, 43.67154527074907]], ""type"": ""MultiPoint""}"
8978,2012:1327099,2012-11-23T06:43:00,DAVENPORT RD,LANSDOWNE AVE,,3,Fatal Injury,At Intersection,Traffic Signal,Cyclist Collision,Clear,Dark with Artificial Lighting,Dry,Minor Arterial,true,-79.44829196796707,43.67154527074907,3,Automobile or Station Wagon,West,3,22,None,Other Safety Equipment Used,Driving properly,Unknown,,,Going Ahead,,,,,driver,,Davenport (9),13 Division,Junction-Wallace Emerson,true,false,true,false,false,false,false,true,false,false,"{""coordinates"": [[-79.44829196796707, 43.67154527074907]], ""type"": ""MultiPoint""}"
8979,2012:1327123,2012-11-23T17:05:00,EGLINTON AVE W,JANE ST,,3,Non-Fatal Injury,At Intersection,Traffic Signal,Sideswipe,Clear,Dark,Dry,Major Arterial,false,-79.49879104010617,43.68444433675469,3,Automobile or Station Wagon,South,3,65,None,Other Safety Equipment Used,Driving properly,Normal,,,Going Ahead,,,,,driver,,York South-Weston (5),12 Division,Mount Dennis,false,false,false,false,false,true,false,false,false,false,"{""coordinates"": [[-79.49879104010617, 43.68444433675469]], ""type"": ""MultiPoint""}"
8980,2012:1327123,2012-11-23T17:05:00,EGLINTON AVE W,JANE ST,,3,Non-Fatal Injury,At Intersection,Traffic Signal,Sideswipe,Clear,Dark,Dry,Major Arterial,false,-79.49879104010617,43.68444433675469,1,Automobile or Station Wagon,West,1,77,Major,Other Safety Equipment Used,Other,Other Condition,,,Going Ahead,,,,,driver,,York South-Weston (5),12 Division,Mount Dennis,false,false,false,false,false,true,false,false,false,false,"{""coordinates"": [[-79.49879104010617, 43.68444433675469]], ""type"": ""MultiPoint""}"
8981,2012:1327123,2012-11-23T17:05:00,EGLINTON AVE W,JANE ST,,3,Non-Fatal Injury,At Intersection,Traffic Signal,Sideswipe,Clear,Dark,Dry,Major Arterial,false,-79.49879104010617,43.68444433675469,2,Automobile or Station Wagon,West,2,38,None,Other Safety Equipment Used,Driving properly,Normal,,,Stopped,,,,,driver,,York South-Weston (5),12 Division,Mount Dennis,false,false,false,false,false,true,false,false,false,false,"{""coordinates"": [[-79.49879104010617, 43.68444433675469]], ""type"": ""MultiPoint""}"
8982,2012:1335535,2012-11-24T13:05:00,EGLINTON AVE E,BROWNLOW AVE,,3,Non-Fatal Injury,At Intersection,Stop Sign,Pedestrian Collision(internal code),Clear,Daylight,Dry,Major Arterial,false,-79.39149080347389,43.708144180565185,1,,,1,,,Other Safety Equipment Used,,,,,,,,,,owner,,Toronto-St. Paul's (12),53 Division,North Toronto,true,false,false,false,false,false,true,false,false,false,"{""coordinates"": [[-79.39149080347389, 43.708144180565185]], ""type"": ""MultiPoint""}"
8983,2012:1335535,2012-11-24T13:05:00,EGLINTON AVE E,BROWNLOW AVE,,3,Non-Fatal Injury,At Intersection,Stop Sign,Pedestrian Collision(internal code),Clear,Daylight,Dry,Major Arterial,false,-79.39149080347389,43.708144180565185,1,Automobile or Station Wagon,West,2,34,None,Lap and Shoulder Belt,Failed to yield right-of-way,Unknown,,,Turning Left,,,,,driver,,Toronto-St. Paul's (12),53 Division,North Toronto,true,false,false,false,false,false,true,false,false,false,"{""coordinates"": [[-79.39149080347389, 43.708144180565185]], ""type"": ""MultiPoint""}"
8984,2012:1335535,2012-11-24T13:05:00,EGLINTON AVE E,BROWNLOW AVE,,3,Non-Fatal Injury,At Intersection,Stop Sign,Pedestrian Collision(internal code),Clear,Daylight,Dry,Major Arterial,false,-79.39149080347389,43.708144180565185,2,,West,3,27,Major,Other Safety Equipment Used,,,Crossing with right-of-way (intersection),Normal,,Driver turns left into pedestrian crossing with right-of-way (at intersection),,,,pedestrian,,Toronto-St. Paul's (12),53 Division,North Toronto,true,false,false,false,false,false,true,false,false,false,"{""coordinates"": [[-79.39149080347389, 43.708144180565185]], ""type"": ""MultiPoint""}"
8985,2012:1327320,2012-11-24T21:27:00,KENNEDY RD,RADNOR AVE,,4,Non-Fatal Injury,At Intersection,No Control,SMV Other,Clear,Dark with Artificial Lighting,Dry,Major Arterial,false,-79.2736905449512,43.74594402309097,1,Automobile or Station Wagon,South,3,22,Major,Use Unknown,Speed too fast for conditions,Unknown,,,Going Ahead,,,,,driver,,Scarborough Centre (21),41 Division,Dorset Park,true,false,false,false,false,false,false,false,true,false,"{""coordinates"": [[-79.2736905449512, 43.74594402309097]], ""type"": ""MultiPoint""}"
8986,2012:1327320,2012-11-24T21:27:00,KENNEDY RD,RADNOR AVE,,4,Non-Fatal Injury,At Intersection,No Control,SMV Other,Clear,Dark with Artificial Lighting,Dry,Major Arterial,false,-79.2736905449512,43.74594402309097,1,,,1,18,None,Other Safety Equipment Used,,,,,,,,,,passenger,,Scarborough Centre (21),41 Division,Dorset Park,true,false,false,false,false,false,false,false,true,false,"{""coordinates"": [[-79.2736905449512, 43.74594402309097]], ""type"": ""MultiPoint""}"
8987,2012:1327320,2012-11-24T21:27:00,KENNEDY RD,RADNOR AVE,,4,Non-Fatal Injury,At Intersection,No Control,SMV Other,Clear,Dark with Artificial Lighting,Dry,Major Arterial,false,-79.2736905449512,43.74594402309097,1,,,2,21,None,Other Safety Equipment Used,,,,,,,,,,passenger,,Scarborough Centre (21),41 Division,Dorset Park,true,false,false,false,false,false,false,false,true,false,"{""coordinates"": [[-79.2736905449512, 43.74594402309097]], ""type"": ""MultiPoint""}"
8988,2012:1327320,2012-11-24T21:27:00,KENNEDY RD,RADNOR AVE,,4,Non-Fatal Injury,At Intersection,No Control,SMV Other,Clear,Dark with Artificial Lighting,Dry,Major Arterial,false,-79.2736905449512,43.74594402309097,2,,,4,,,Other Safety Equipment Used,,,,,,,,,,owner,,Scarborough Centre (21),41 Division,Dorset Park,true,false,false,false,false,false,false,false,true,false,"{""coordinates"": [[-79.2736905449512, 43.74594402309097]], ""type"": ""MultiPoint""}"
8989,2012:1335409,2012-11-25T01:49:00,HORNER AVE,JUDSON ST,,2,Non-Fatal Injury,At Intersection,Stop Sign,SMV Other,Clear,Dark,Dry,Minor Arterial,false,-79.5158121964766,43.61207439420245,1,Automobile or Station Wagon,West,1,26,Major,Use Unknown,Lost control,Ability Impaired - Alcohol Over .08,,,Turning Left,,,,,driver,,Etobicoke-Lakeshore (3),22 Division,Mimico-Queensway,false,false,false,false,false,false,false,false,false,false,"{""coordinates"": [[-79.5158121964766, 43.61207439420245]], ""type"": ""MultiPoint""}"
8990,2012:1335409,2012-11-25T01:49:00,HORNER AVE,JUDSON ST,,2,Non-Fatal Injury,At Intersection,Stop Sign,SMV Other,Clear,Dark,Dry,Minor Arterial,false,-79.5158121964766,43.61207439420245,2,,,2,,,Other Safety Equipment Used,,,,,,,,,,owner,,Etobicoke-Lakeshore (3),22 Division,Mimico-Queensway,false,false,false,false,false,false,false,false,false,false,"{""coordinates"": [[-79.5158121964766, 43.61207439420245]], ""type"": ""MultiPoint""}"
8991,2012:1327567,2012-11-26T10:10:00,F G GARDINER XY W,ISLINGTON AVE,,5,Non-Fatal Injury,,No Control,Other,Clear,Daylight,Dry,,false,-79.51159117489175,43.62074438445467,2,Truck - Open (Flatbed),West,2,52,None,Other Safety Equipment Used,Driving properly,Normal,,,Going Ahead,,,,,driver,,Etobicoke-Lakeshore (3),22 Division,Mimico-Queensway,false,false,false,false,false,false,false,false,false,true,"{""coordinates"": [[-79.51159117489175, 43.62074438445467]], ""type"": ""MultiPoint""}"
8992,2012:1327567,2012-11-26T10:10:00,F G GARDINER XY W,ISLINGTON AVE,,5,Non-Fatal Injury,,No Control,Other,Clear,Daylight,Dry,,false,-79.51159117489175,43.62074438445467,5,,,5,21,Major,Lap and Shoulder Belt,,,,,,,,,,passenger,,Etobicoke-Lakeshore (3),22 Division,Mimico-Queensway,false,false,false,false,false,false,false,false,false,true,"{""coordinates"": [[-79.51159117489175, 43.62074438445467]], ""type"": ""MultiPoint""}"
8993,2012:1327567,2012-11-26T10:10:00,F G GARDINER XY W,ISLINGTON AVE,,5,Non-Fatal Injury,,No Control,Other,Clear,Daylight,Dry,,false,-79.51159117489175,43.62074438445467,1,Automobile or Station Wagon,West,1,24,None,Other Safety Equipment Used,Other,Normal,,,Other,,,,,driver,,Etobicoke-Lakeshore (3),22 Division,Mimico-Queensway,false,false,false,false,false,false,false,false,false,true,"{""coordinates"": [[-79.51159117489175, 43.62074438445467]], ""type"": ""MultiPoint""}"