_id,collision_id,accdate,stname1,stname2,stname3,per_inv,acclass,accloc,traffictl,impactype,visible,light,rdsfcond,road_class,failtorem,longitude,latitude,veh_no,vehtype,initdir,per_no,invage,injury,safequip,drivact,drivcond,pedact,pedcond,manoeuvre,pedtype,cyclistype,cycact,cyccond,road_user,fatal_no,wardname,division,neighbourhood,aggressive,distracted,cyclist,motorcyclist,other_micromobility,older_adult,pedestrian,red_light,school_child,heavy_truck,geometry
10991,2014:4002803863,2014-08-30T01:15:00,QUEEN ST W,DUFFERIN ST,50 m East of,2,Non-Fatal Injury,Non-Intersection,No Control,Cyclist Collision,Clear,Dark with Artificial Lighting,Dry,Major Arterial,false,-79.42785297733987,43.642297250997025,2,,East,1,28,Major,Helmet,,,,,Going Ahead,,Insufficient information to describe collision,Other,Had Been Drinking,cyclist,,Davenport (9),14 Division,Little Portugal,false,false,true,false,false,false,false,false,false,true,"{""coordinates"": [[-79.42785297733987, 43.642297250997025]], ""type"": ""MultiPoint""}"
10992,2014:4002804562,2014-08-30T04:59:00,ST CLAIR AVE W,SYMES RD,39 m East of,2,Fatal Injury,Non-Intersection,No Control,Pedestrian Collision(internal code),Clear,Dark with Artificial Lighting,Dry,Major Arterial,true,-79.47650602327288,43.67055731159518,1,,East,2,31,Fatal,Use Unknown,,,Walking on roadway against traffic,Other Condition,,Driver hits pedestrian at midblock,,,,pedestrian,25,York South-Weston (5),11 Division,Junction Area,false,false,false,false,false,false,true,false,false,false,"{""coordinates"": [[-79.47650602327288, 43.67055731159518]], ""type"": ""MultiPoint""}"
10993,2014:4002804562,2014-08-30T04:59:00,ST CLAIR AVE W,SYMES RD,39 m East of,2,Fatal Injury,Non-Intersection,No Control,Pedestrian Collision(internal code),Clear,Dark with Artificial Lighting,Dry,Major Arterial,true,-79.47650602327288,43.67055731159518,1,Passenger Van,West,1,,None,,Other,Unknown,,,Going Ahead,,,,,driver,,York South-Weston (5),11 Division,Junction Area,false,false,false,false,false,false,true,false,false,false,"{""coordinates"": [[-79.47650602327288, 43.67055731159518]], ""type"": ""MultiPoint""}"
10994,2014:4002809837,2014-08-30T22:40:00,741 RUNNYMEDE RD,,10 m South of,4,Non-Fatal Injury,Non-Intersection,No Control,Pedestrian Collision(internal code),Clear,Dark with Artificial Lighting,Dry,Minor Arterial,false,-79.48337203990087,43.66856532235127,2,,Unknown,3,27,Minimal,Use Unknown,,,On sidewalk or shoulder,Normal,,Driver hits pedestrian on sidewalk or shoulder,,,,pedestrian,,York South-Weston (5),11 Division,Junction Area,false,false,false,true,false,false,true,false,false,false,"{""coordinates"": [[-79.48337203990087, 43.66856532235127]], ""type"": ""MultiPoint""}"
10995,2014:4002809837,2014-08-30T22:40:00,741 RUNNYMEDE RD,,10 m South of,4,Non-Fatal Injury,Non-Intersection,No Control,Pedestrian Collision(internal code),Clear,Dark with Artificial Lighting,Dry,Minor Arterial,false,-79.48337203990087,43.66856532235127,1,Automobile or Station Wagon,North,1,25,None,Lap and Shoulder Belt,Improper turn,Had Been Drinking,,,Turning Right,,,,,driver,,York South-Weston (5),11 Division,Junction Area,false,false,false,true,false,false,true,false,false,false,"{""coordinates"": [[-79.48337203990087, 43.66856532235127]], ""type"": ""MultiPoint""}"
10996,2014:4002809837,2014-08-30T22:40:00,741 RUNNYMEDE RD,,10 m South of,4,Non-Fatal Injury,Non-Intersection,No Control,Pedestrian Collision(internal code),Clear,Dark with Artificial Lighting,Dry,Minor Arterial,false,-79.48337203990087,43.66856532235127,2,Motorcycle,North,2,23,Major,Helmet,Driving properly,Normal,,,Going Ahead,,,,,motorcyclist,,York South-Weston (5),11 Division,Junction Area,false,false,false,true,false,false,true,false,false,false,"{""coordinates"": [[-79.48337203990087, 43.66856532235127]], ""type"": ""MultiPoint""}"
10997,2014:4002809837,2014-08-30T22:40:00,741 RUNNYMEDE RD,,10 m South of,4,Non-Fatal Injury,Non-Intersection,No Control,Pedestrian Collision(internal code),Clear,Dark with Artificial Lighting,Dry,Minor Arterial,false,-79.48337203990087,43.66856532235127,2,,Unknown,4,26,Major,Use Unknown,,,On sidewalk or shoulder,Normal,,Driver hits pedestrian on sidewalk or shoulder,,,,pedestrian,,York South-Weston (5),11 Division,Junction Area,false,false,false,true,false,false,true,false,false,false,"{""coordinates"": [[-79.48337203990087, 43.66856532235127]], ""type"": ""MultiPoint""}"
10998,2014:4002811941,2014-08-31T08:55:00,BROADVIEW AVE,QUEEN ST E,,2,Non-Fatal Injury,At Intersection,Traffic Signal,Pedestrian Collision(internal code),Clear,Daylight,Dry,Major Arterial,false,-79.34984979934458,43.658865131574416,0,,Unknown,2,69,Major,,,,Crossing with right-of-way (intersection),Normal,,Driver turns left into pedestrian crossing with right-of-way (at intersection),,,,pedestrian,,Toronto-Danforth (14),55 Division,South Riverdale,true,true,false,false,false,true,true,false,false,false,"{""coordinates"": [[-79.34984979934458, 43.658865131574416]], ""type"": ""MultiPoint""}"
10999,2014:4002811941,2014-08-31T08:55:00,BROADVIEW AVE,QUEEN ST E,,2,Non-Fatal Injury,At Intersection,Traffic Signal,Pedestrian Collision(internal code),Clear,Daylight,Dry,Major Arterial,false,-79.34984979934458,43.658865131574416,1,Automobile or Station Wagon,East,1,55,None,Lap and Shoulder Belt,Failed to yield right-of-way,Inattentive,,,Turning Left,,,,,driver,,Toronto-Danforth (14),55 Division,South Riverdale,true,true,false,false,false,true,true,false,false,false,"{""coordinates"": [[-79.34984979934458, 43.658865131574416]], ""type"": ""MultiPoint""}"
11000,2014:4002817424,2014-09-01T01:47:00,EGLINTON AVE E,MARKHAM RD,76 m West of,2,Fatal Injury,Non-Intersection,No Control,Pedestrian Collision(internal code),Clear,Dark with Artificial Lighting,Dry,Major Arterial,false,-79.2198524650308,43.74297096158045,1,,,2,31,Fatal,Use Unknown,,,,,,,,,,pedestrian,26,Scarborough Southwest (20),43 Division,Scarborough Village,false,false,false,false,false,false,true,false,false,true,"{""coordinates"": [[-79.2198524650308, 43.74297096158045]], ""type"": ""MultiPoint""}"
11001,2014:4002817424,2014-09-01T01:47:00,EGLINTON AVE E,MARKHAM RD,76 m West of,2,Fatal Injury,Non-Intersection,No Control,Pedestrian Collision(internal code),Clear,Dark with Artificial Lighting,Dry,Major Arterial,false,-79.2198524650308,43.74297096158045,1,Municipal Transit Bus (TTC),East,1,33,None,Lap and Shoulder Belt,Driving properly,Normal,,,Going Ahead,,,,,driver,,Scarborough Southwest (20),43 Division,Scarborough Village,false,false,false,false,false,false,true,false,false,true,"{""coordinates"": [[-79.2198524650308, 43.74297096158045]], ""type"": ""MultiPoint""}"
11002,2014:4002835706,2014-09-03T17:36:00,JANE ST,EGLINTON AVE W,,2,Non-Fatal Injury,Intersection-Related,No Control,Pedestrian Collision(internal code),Clear,Daylight,Dry,Major Arterial,false,-79.49882204012533,43.68446533678786,1,Pickup Truck,South,1,47,None,Lap and Shoulder Belt,Driving properly,Normal,,,Going Ahead,,,,,driver,,York South-Weston (5),12 Division,Rockcliffe-Smythe,false,false,false,false,false,false,true,false,false,false,"{""coordinates"": [[-79.49882204012533, 43.68446533678786]], ""type"": ""MultiPoint""}"
11003,2014:4002835706,2014-09-03T17:36:00,JANE ST,EGLINTON AVE W,,2,Non-Fatal Injury,Intersection-Related,No Control,Pedestrian Collision(internal code),Clear,Daylight,Dry,Major Arterial,false,-79.49882204012533,43.68446533678786,0,,East,2,51,Major,,,,Running onto roadway,Ability Impaired - Drugs,,Driver hits pedestrian at midblock,,,,pedestrian,,York South-Weston (5),12 Division,Rockcliffe-Smythe,false,false,false,false,false,false,true,false,false,false,"{""coordinates"": [[-79.49882204012533, 43.68446533678786]], ""type"": ""MultiPoint""}"
11004,2014:4002843049,2014-09-04T17:29:00,SHEPPARD AVE E,PHARMACY AVE,50 m West of,2,Non-Fatal Injury,Non-Intersection,No Control,Turning Movement,Clear,Daylight,Dry,Major Arterial,false,-79.31856159114561,43.77630808051552,2,Automobile or Station Wagon,East,2,44,Major,Use Unknown,Driving properly,Normal,,,Going Ahead,,,,,driver,,Scarborough-Agincourt (22),42 Division,Tam O'Shanter-Sullivan,false,false,false,false,false,false,false,false,false,false,"{""coordinates"": [[-79.31856159114561, 43.77630808051552]], ""type"": ""MultiPoint""}"
11005,2014:4002843049,2014-09-04T17:29:00,SHEPPARD AVE E,PHARMACY AVE,50 m West of,2,Non-Fatal Injury,Non-Intersection,No Control,Turning Movement,Clear,Daylight,Dry,Major Arterial,false,-79.31856159114561,43.77630808051552,1,Automobile or Station Wagon,North,1,47,None,Use Unknown,Improper turn,Normal,,,Turning Left,,,,,driver,,Scarborough-Agincourt (22),42 Division,Tam O'Shanter-Sullivan,false,false,false,false,false,false,false,false,false,false,"{""coordinates"": [[-79.31856159114561, 43.77630808051552]], ""type"": ""MultiPoint""}"
11006,2014:4002856687,2014-09-06T16:10:00,PELHAM AVE,UXBRIDGE AVE,,2,Non-Fatal Injury,Non-Intersection,No Control,Cyclist Collision,Clear,Daylight,Dry,Local,false,-79.45676799031136,43.667917284314996,0,Automobile or Station Wagon,West,1,41,None,Lap and Shoulder Belt,Driving properly,Normal,,,Slowing or Stopping,,,,,driver,,Davenport (9),11 Division,Weston-Pelham Park,false,false,true,false,false,false,false,false,false,false,"{""coordinates"": [[-79.45676799031136, 43.667917284314996]], ""type"": ""MultiPoint""}"
11007,2014:4002856687,2014-09-06T16:10:00,PELHAM AVE,UXBRIDGE AVE,,2,Non-Fatal Injury,Non-Intersection,No Control,Cyclist Collision,Clear,Daylight,Dry,Local,false,-79.45676799031136,43.667917284314996,0,Bicycle,South,2,51,Major,No Equipment Available,,,,,Going Ahead,,"Cyclist without right-of-way rides into path of driver (at intersection, laneway, or driveway)",Failed to Yield Right of Way,Had Been Drinking,cyclist,,Davenport (9),11 Division,Weston-Pelham Park,false,false,true,false,false,false,false,false,false,false,"{""coordinates"": [[-79.45676799031136, 43.667917284314996]], ""type"": ""MultiPoint""}"
11008,2014:4002857204,2014-09-06T17:44:00,BURNHAMTHORPE RD,SHAVER AVE N,,4,Non-Fatal Injury,Intersection-Related,Stop Sign,Turning Movement,Clear,Daylight,Dry,Major Arterial,true,-79.55168617647388,43.64816441968938,3,,,4,11,Minor,Lap and Shoulder Belt,,,,,,,,,,passenger,,Etobicoke Centre (2),22 Division,Islington,true,false,false,false,false,false,false,false,true,false,"{""coordinates"": [[-79.55168617647388, 43.64816441968938]], ""type"": ""MultiPoint""}"
11009,2014:4002857204,2014-09-06T17:44:00,BURNHAMTHORPE RD,SHAVER AVE N,,4,Non-Fatal Injury,Intersection-Related,Stop Sign,Turning Movement,Clear,Daylight,Dry,Major Arterial,true,-79.55168617647388,43.64816441968938,2,Automobile or Station Wagon,South,2,45,Major,Lap and Shoulder Belt,Failed to yield right-of-way,Unknown,,,Turning Left,,,,,driver,,Etobicoke Centre (2),22 Division,Islington,true,false,false,false,false,false,false,false,true,false,"{""coordinates"": [[-79.55168617647388, 43.64816441968938]], ""type"": ""MultiPoint""}"
11010,2014:4002857204,2014-09-06T17:44:00,BURNHAMTHORPE RD,SHAVER AVE N,,4,Non-Fatal Injury,Intersection-Related,Stop Sign,Turning Movement,Clear,Daylight,Dry,Major Arterial,true,-79.55168617647388,43.64816441968938,3,,,3,45,Major,Lap and Shoulder Belt,,,,,,,,,,passenger,,Etobicoke Centre (2),22 Division,Islington,true,false,false,false,false,false,false,false,true,false,"{""coordinates"": [[-79.55168617647388, 43.64816441968938]], ""type"": ""MultiPoint""}"
11011,2014:4002857204,2014-09-06T17:44:00,BURNHAMTHORPE RD,SHAVER AVE N,,4,Non-Fatal Injury,Intersection-Related,Stop Sign,Turning Movement,Clear,Daylight,Dry,Major Arterial,true,-79.55168617647388,43.64816441968938,1,Automobile or Station Wagon,West,1,22,Minor,Use Unknown,Exceeding speed limit,Unknown,,,Going Ahead,,,,,driver,,Etobicoke Centre (2),22 Division,Islington,true,false,false,false,false,false,false,false,true,false,"{""coordinates"": [[-79.55168617647388, 43.64816441968938]], ""type"": ""MultiPoint""}"
11012,2014:4002857314,2014-09-06T17:58:00,DANFORTH AVE,WOODINGTON AVE,,2,Non-Fatal Injury,At Intersection,Traffic Signal,Pedestrian Collision(internal code),Clear,Daylight,Dry,Major Arterial,false,-79.32088870933664,43.68392708730848,0,,North,1,62,Major,No Equipment Available,,,Crossing with right-of-way (intersection),Normal,,Driver turns left into pedestrian crossing with right-of-way (at intersection),,,,pedestrian,,Beaches-East York (19),55 Division,Woodbine Corridor,true,true,false,false,false,false,true,false,false,true,"{""coordinates"": [[-79.32088870933664, 43.68392708730848]], ""type"": ""MultiPoint""}"
11013,2014:4002857314,2014-09-06T17:58:00,DANFORTH AVE,WOODINGTON AVE,,2,Non-Fatal Injury,At Intersection,Traffic Signal,Pedestrian Collision(internal code),Clear,Daylight,Dry,Major Arterial,false,-79.32088870933664,43.68392708730848,1,Delivery Van,South,2,37,None,Lap and Shoulder Belt,Failed to yield right-of-way,Inattentive,,,Turning Left,,,,,driver,,Beaches-East York (19),55 Division,Woodbine Corridor,true,true,false,false,false,false,true,false,false,true,"{""coordinates"": [[-79.32088870933664, 43.68392708730848]], ""type"": ""MultiPoint""}"
11014,2014:4002864815,2014-09-07T21:30:00,YONGE ST,FINCH AVE W,,2,Non-Fatal Injury,At Intersection,Traffic Signal,Pedestrian Collision(internal code),Clear,Dark with Artificial Lighting,Dry,Major Arterial,false,-79.41556174616255,43.77976019711202,1,Automobile or Station Wagon,North,1,27,None,Lap and Shoulder Belt,Driving properly,Normal,,,Going Ahead,,,,,driver,,Willowdale (18),32 Division,Yonge-Doris,false,true,false,false,false,false,true,false,false,false,"{""coordinates"": [[-79.41556174616255, 43.77976019711202]], ""type"": ""MultiPoint""}"
11015,2014:4003101857,2014-10-14T12:55:00,KENNEDY RD,GLAMORGAN AVE,,2,Non-Fatal Injury,At Intersection,Traffic Signal,Turning Movement,Clear,Daylight,Wet,Major Arterial,false,-79.28224553762661,43.76941103598006,2,Motorcycle,South,2,52,Major,Helmet,Driving properly,Normal,,,Going Ahead,,,,,motorcyclist,,Scarborough Centre (21),41 Division,Dorset Park,true,true,false,true,false,false,false,false,false,false,"{""coordinates"": [[-79.28224553762661, 43.76941103598006]], ""type"": ""MultiPoint""}"
11016,2014:4002864815,2014-09-07T21:30:00,YONGE ST,FINCH AVE W,,2,Non-Fatal Injury,At Intersection,Traffic Signal,Pedestrian Collision(internal code),Clear,Dark with Artificial Lighting,Dry,Major Arterial,false,-79.41556174616255,43.77976019711202,0,,West,2,23,Major,,,,Running onto roadway,Inattentive,,Driver going straight hits pedestrian crossing without right-of-way (at intersection),,,,pedestrian,,Willowdale (18),32 Division,Yonge-Doris,false,true,false,false,false,false,true,false,false,false,"{""coordinates"": [[-79.41556174616255, 43.77976019711202]], ""type"": ""MultiPoint""}"
11017,2014:4002858983,2014-09-07T23:13:00,2324 SHEPPARD AVE W,,,3,Non-Fatal Injury,Private Driveway,No Control,SMV Other,Clear,Dark with Artificial Lighting,Dry,Major Arterial,true,-79.53580099579789,43.734235354131584,1,Automobile or Station Wagon,East,1,43,Major,Use Unknown,Lost control,Ability Impaired - Alcohol Over .08,,,Turning Left,,,,,driver,,Humber River-Black Creek (7),31 Division,Pelmo Park-Humberlea,false,false,false,false,false,false,false,false,false,false,"{""coordinates"": [[-79.53580099579789, 43.734235354131584]], ""type"": ""MultiPoint""}"
11018,2014:4002858983,2014-09-07T23:13:00,2324 SHEPPARD AVE W,,,3,Non-Fatal Injury,Private Driveway,No Control,SMV Other,Clear,Dark with Artificial Lighting,Dry,Major Arterial,true,-79.53580099579789,43.734235354131584,2,,,3,31,None,Use Unknown,,,,,,,,,,passenger,,Humber River-Black Creek (7),31 Division,Pelmo Park-Humberlea,false,false,false,false,false,false,false,false,false,false,"{""coordinates"": [[-79.53580099579789, 43.734235354131584]], ""type"": ""MultiPoint""}"
11019,2014:4002858983,2014-09-07T23:13:00,2324 SHEPPARD AVE W,,,3,Non-Fatal Injury,Private Driveway,No Control,SMV Other,Clear,Dark with Artificial Lighting,Dry,Major Arterial,true,-79.53580099579789,43.734235354131584,2,,Unknown,2,,None,Use Unknown,,,,,Unknown,,,,,other,,Humber River-Black Creek (7),31 Division,Pelmo Park-Humberlea,false,false,false,false,false,false,false,false,false,false,"{""coordinates"": [[-79.53580099579789, 43.734235354131584]], ""type"": ""MultiPoint""}"
11020,2014:4002867975,2014-09-08T11:45:00,OLD WESTON RD,ALGARVE CRES,1 m North of,1,Non-Fatal Injury,At Intersection,No Control,SMV Unattended Vehicle,Clear,Daylight,Dry,Minor Arterial,false,-79.46564098650073,43.67977729219547,2,Automobile or Station Wagon,North,1,62,Major,Use Unknown,Lost control,Unknown,,,Unknown,,,,,driver,,Davenport (9),12 Division,Weston-Pelham Park,false,false,false,false,false,false,false,false,false,false,"{""coordinates"": [[-79.46564098650073, 43.67977729219547]], ""type"": ""MultiPoint""}"
11021,2014:4002874669,2014-09-09T11:15:00,ANNETTE ST,PACIFIC AVE,,2,Non-Fatal Injury,At Intersection,Traffic Signal,Pedestrian Collision(internal code),Clear,Daylight,Dry,Minor Arterial,false,-79.46764001925555,43.66324030193483,1,Delivery Van,South,1,56,None,Lap and Shoulder Belt,Failed to yield right-of-way,Normal,,,Turning Left,,,,,driver,,Parkdale-High Park (4),11 Division,Junction Area,true,false,false,false,false,true,true,false,false,true,"{""coordinates"": [[-79.46764001925555, 43.66324030193483]], ""type"": ""MultiPoint""}"
11022,2014:4002874669,2014-09-09T11:15:00,ANNETTE ST,PACIFIC AVE,,2,Non-Fatal Injury,At Intersection,Traffic Signal,Pedestrian Collision(internal code),Clear,Daylight,Dry,Minor Arterial,false,-79.46764001925555,43.66324030193483,1,,North,2,84,Major,Use Unknown,,,Crossing with right-of-way (intersection),Normal,,Driver turns left into pedestrian crossing with right-of-way (at intersection),,,,pedestrian,,Parkdale-High Park (4),11 Division,Junction Area,true,false,false,false,false,true,true,false,false,true,"{""coordinates"": [[-79.46764001925555, 43.66324030193483]], ""type"": ""MultiPoint""}"
11023,2014:142879736,2014-09-10T06:20:00,OKEEFE LANE,DUNDAS SQ,,2,Fatal Injury,,No Control,Pedestrian Collision(internal code),Clear,Dark with Artificial Lighting,Dry,Laneway,false,-79.3798638626148,43.655386176194746,1,,Unknown,1,29,Fatal,,,,Other,Had Been Drinking,,Driver reversing hits pedestrian,,,,pedestrian,27,Toronto Centre (13),51 Division,Downtown Yonge East,false,true,false,false,false,false,true,false,false,true,"{""coordinates"": [[-79.3798638626148, 43.655386176194746]], ""type"": ""MultiPoint""}"
11024,2014:142879736,2014-09-10T06:20:00,OKEEFE LANE,DUNDAS SQ,,2,Fatal Injury,,No Control,Pedestrian Collision(internal code),Clear,Dark with Artificial Lighting,Dry,Laneway,false,-79.3798638626148,43.655386176194746,0,Truck - Dump,South,2,33,None,,Other,Inattentive,,,Reversing,,,,,driver,,Toronto Centre (13),51 Division,Downtown Yonge East,false,true,false,false,false,false,true,false,false,true,"{""coordinates"": [[-79.3798638626148, 43.655386176194746]], ""type"": ""MultiPoint""}"
11025,2014:4002881159,2014-09-10T10:30:00,ST CLAIR AVE E,KENNEDY RD,,2,Non-Fatal Injury,Intersection-Related,No Control,SMV Other,Clear,Daylight,Dry,Major Arterial,true,-79.26130255926051,43.71645100567519,1,Automobile or Station Wagon,,1,,None,Use Unknown,,,,,,,,,,other,,Scarborough Southwest (20),41 Division,Clairlea-Birchmount,false,false,false,true,false,false,false,false,false,false,"{""coordinates"": [[-79.26130255926051, 43.71645100567519]], ""type"": ""MultiPoint""}"
11026,2014:4002881159,2014-09-10T10:30:00,ST CLAIR AVE E,KENNEDY RD,,2,Non-Fatal Injury,Intersection-Related,No Control,SMV Other,Clear,Daylight,Dry,Major Arterial,true,-79.26130255926051,43.71645100567519,2,Motorcycle,West,2,21,Major,Helmet,Driving properly,Normal,,,Going Ahead,,,,,motorcyclist,,Scarborough Southwest (20),41 Division,Clairlea-Birchmount,false,false,false,true,false,false,false,false,false,false,"{""coordinates"": [[-79.26130255926051, 43.71645100567519]], ""type"": ""MultiPoint""}"
11027,2014:4002884654,2014-09-10T20:12:00,LAWRENCE AVE E,WARDEN AVE,,2,Non-Fatal Injury,At Intersection,Traffic Signal,Pedestrian Collision(internal code),Rain,Dark with Artificial Lighting,Wet,Major Arterial,false,-79.29472758141698,43.74535904959498,0,Automobile or Station Wagon,West,1,58,None,Lap and Shoulder Belt,Failed to yield right-of-way,Inattentive,,,Turning Left,,,,,driver,,Scarborough Centre (21),41 Division,Wexford/Maryvale,true,true,false,false,false,false,true,false,false,false,"{""coordinates"": [[-79.29472758141698, 43.74535904959498]], ""type"": ""MultiPoint""}"
11028,2014:4002884654,2014-09-10T20:12:00,LAWRENCE AVE E,WARDEN AVE,,2,Non-Fatal Injury,At Intersection,Traffic Signal,Pedestrian Collision(internal code),Rain,Dark with Artificial Lighting,Wet,Major Arterial,false,-79.29472758141698,43.74535904959498,0,,West,2,48,Major,No Equipment Available,,,Crossing with right-of-way (intersection),Normal,,Driver turns left into pedestrian crossing with right-of-way (at intersection),,,,pedestrian,,Scarborough Centre (21),41 Division,Wexford/Maryvale,true,true,false,false,false,false,true,false,false,false,"{""coordinates"": [[-79.29472758141698, 43.74535904959498]], ""type"": ""MultiPoint""}"
11029,2014:4002886498,2014-09-11T06:25:00,STEELES AVE W,CONLEY ST,,2,Non-Fatal Injury,At Intersection,Traffic Signal,Turning Movement,Clear,Dark with Artificial Lighting,Wet,Major Arterial,false,-79.46317681317909,43.788637252535366,2,Motorcycle,West,2,43,Major,No Equipment Available,Other,Normal,,,Going Ahead,,,,,motorcyclist,,York Centre (6),32 Division,Westminster-Branson,false,false,false,true,false,false,false,false,false,false,"{""coordinates"": [[-79.46317681317909, 43.788637252535366]], ""type"": ""MultiPoint""}"
11030,2014:4002886498,2014-09-11T06:25:00,STEELES AVE W,CONLEY ST,,2,Non-Fatal Injury,At Intersection,Traffic Signal,Turning Movement,Clear,Dark with Artificial Lighting,Wet,Major Arterial,false,-79.46317681317909,43.788637252535366,1,Pickup Truck,East,1,63,None,Use Unknown,Improper turn,Normal,,,Turning Left,,,,,driver,,York Centre (6),32 Division,Westminster-Branson,false,false,false,true,false,false,false,false,false,false,"{""coordinates"": [[-79.46317681317909, 43.788637252535366]], ""type"": ""MultiPoint""}"
11031,2014:4002906646,2014-09-14T06:43:00,WALSH AVE,WESTON N WALSH RAMP,,2,Non-Fatal Injury,At Intersection,Traffic Signal,Turning Movement,Clear,Daylight,Dry,Major Arterial,false,-79.53727402968,43.717012365040176,1,Automobile or Station Wagon,North,1,61,Minor,Lap and Shoulder Belt,Disobeyed traffic control,Normal,,,Turning Left,,,,,driver,,Humber River-Black Creek (7),31 Division,Pelmo Park-Humberlea,true,false,false,false,false,true,false,true,false,false,"{""coordinates"": [[-79.53727402968, 43.717012365040176]], ""type"": ""MultiPoint""}"
11032,2014:4002906646,2014-09-14T06:43:00,WALSH AVE,WESTON N WALSH RAMP,,2,Non-Fatal Injury,At Intersection,Traffic Signal,Turning Movement,Clear,Daylight,Dry,Major Arterial,false,-79.53727402968,43.717012365040176,2,Automobile or Station Wagon,East,2,68,Major,Lap and Shoulder Belt,Driving properly,Normal,,,Going Ahead,,,,,driver,,Humber River-Black Creek (7),31 Division,Pelmo Park-Humberlea,true,false,false,false,false,true,false,true,false,false,"{""coordinates"": [[-79.53727402968, 43.717012365040176]], ""type"": ""MultiPoint""}"
11033,2014:4002915951,2014-09-15T16:55:00,HUMBERWOOD BLVD,HULLRICK DR,15 m East of,2,Non-Fatal Injury,Non-Intersection,No Control,Approaching Head On,Rain,Daylight,Wet,Collector,false,-79.61992312192116,43.72364245541703,2,Automobile or Station Wagon,East,2,31,Minor,Air Bag Deployed,Driving properly,Normal,,,Going Ahead,,,,,driver,,Etobicoke North (1),23 Division,West Humber-Clairville,true,false,false,false,false,false,false,false,false,false,"{""coordinates"": [[-79.61992312192116, 43.72364245541703]], ""type"": ""MultiPoint""}"
11034,2014:4002915951,2014-09-15T16:55:00,HUMBERWOOD BLVD,HULLRICK DR,15 m East of,2,Non-Fatal Injury,Non-Intersection,No Control,Approaching Head On,Rain,Daylight,Wet,Collector,false,-79.61992312192116,43.72364245541703,1,Automobile or Station Wagon,West,1,29,Major,Air Bag Deployed,Speed too fast for conditions,Normal,,,Overtaking,,,,,driver,,Etobicoke North (1),23 Division,West Humber-Clairville,true,false,false,false,false,false,false,false,false,false,"{""coordinates"": [[-79.61992312192116, 43.72364245541703]], ""type"": ""MultiPoint""}"
11035,2014:4002916967,2014-09-15T20:10:00,EGLINTON AVE E,EGLINTON SQ,,9,Non-Fatal Injury,At Intersection,Traffic Signal,Angle,Rain,Dark with Artificial Lighting,Wet,Major Arterial,false,-79.30053361788276,43.72495805752067,2,Automobile or Station Wagon,East,2,43,Minimal,Lap and Shoulder Belt,Driving properly,Normal,,,Going Ahead,,,,,driver,,Scarborough Southwest (20),41 Division,Clairlea-Birchmount,true,false,false,false,false,false,false,true,true,false,"{""coordinates"": [[-79.30053361788276, 43.72495805752067]], ""type"": ""MultiPoint""}"
11036,2014:4002916967,2014-09-15T20:10:00,EGLINTON AVE E,EGLINTON SQ,,9,Non-Fatal Injury,At Intersection,Traffic Signal,Angle,Rain,Dark with Artificial Lighting,Wet,Major Arterial,false,-79.30053361788276,43.72495805752067,1,Automobile or Station Wagon,South,1,20,None,Lap and Shoulder Belt,Disobeyed traffic control,Normal,,,Going Ahead,,,,,driver,,Scarborough Southwest (20),41 Division,Clairlea-Birchmount,true,false,false,false,false,false,false,true,true,false,"{""coordinates"": [[-79.30053361788276, 43.72495805752067]], ""type"": ""MultiPoint""}"
11037,2014:4002916967,2014-09-15T20:10:00,EGLINTON AVE E,EGLINTON SQ,,9,Non-Fatal Injury,At Intersection,Traffic Signal,Angle,Rain,Dark with Artificial Lighting,Wet,Major Arterial,false,-79.30053361788276,43.72495805752067,3,,,7,15,Minimal,Lap and Shoulder Belt,,,,,,,,,,passenger,,Scarborough Southwest (20),41 Division,Clairlea-Birchmount,true,false,false,false,false,false,false,true,true,false,"{""coordinates"": [[-79.30053361788276, 43.72495805752067]], ""type"": ""MultiPoint""}"
11038,2014:4002916967,2014-09-15T20:10:00,EGLINTON AVE E,EGLINTON SQ,,9,Non-Fatal Injury,At Intersection,Traffic Signal,Angle,Rain,Dark with Artificial Lighting,Wet,Major Arterial,false,-79.30053361788276,43.72495805752067,3,,,6,19,Minimal,Lap and Shoulder Belt,,,,,,,,,,passenger,,Scarborough Southwest (20),41 Division,Clairlea-Birchmount,true,false,false,false,false,false,false,true,true,false,"{""coordinates"": [[-79.30053361788276, 43.72495805752067]], ""type"": ""MultiPoint""}"
11039,2014:4002916967,2014-09-15T20:10:00,EGLINTON AVE E,EGLINTON SQ,,9,Non-Fatal Injury,At Intersection,Traffic Signal,Angle,Rain,Dark with Artificial Lighting,Wet,Major Arterial,false,-79.30053361788276,43.72495805752067,3,Passenger Van,East,3,46,Minimal,Lap and Shoulder Belt,Driving properly,Normal,,,Going Ahead,,,,,driver,,Scarborough Southwest (20),41 Division,Clairlea-Birchmount,true,false,false,false,false,false,false,true,true,false,"{""coordinates"": [[-79.30053361788276, 43.72495805752067]], ""type"": ""MultiPoint""}"