_id,collision_id,accdate,stname1,stname2,stname3,per_inv,acclass,accloc,traffictl,impactype,visible,light,rdsfcond,road_class,failtorem,longitude,latitude,veh_no,vehtype,initdir,per_no,invage,injury,safequip,drivact,drivcond,pedact,pedcond,manoeuvre,pedtype,cyclistype,cycact,cyccond,road_user,fatal_no,wardname,division,neighbourhood,aggressive,distracted,cyclist,motorcyclist,other_micromobility,older_adult,pedestrian,red_light,school_child,heavy_truck,geometry
11639,2015:5000950977,2015-06-07T23:16:00,169 SHAW ST,,,1,Non-Fatal Injury,Non-Intersection,No Control,Cyclist Collision,Clear,Dark with Artificial Lighting,Dry,Collector,false,-79.41691194920257,43.64632223337343,1,Bicycle,North,1,29,Major,No Equipment Available,,,,,Going Ahead,,Cyclist hits parked vehicle,Lost control,Ability Impaired - Alcohol,cyclist,,Spadina-Fort York (10),14 Division,Trinity-Bellwoods,false,false,true,false,false,false,false,false,false,false,"{""coordinates"": [[-79.41691194920257, 43.64632223337343]], ""type"": ""MultiPoint""}"
11640,2015:5000961885,2015-06-08T19:15:00,PATON RD,LANSDOWNE AVE,,2,Non-Fatal Injury,At Intersection,Stop Sign,Angle,Other,Daylight,Other,Minor Arterial,false,-79.44360797750136,43.66063826799096,1,Automobile or Station Wagon,East,1,44,None,Lap and Shoulder Belt,Failed to yield right-of-way,Unknown,,,Going Ahead,,,,,driver,,Davenport (9),11 Division,Junction-Wallace Emerson,true,false,false,true,false,false,false,false,false,false,"{""coordinates"": [[-79.44360797750136, 43.66063826799096]], ""type"": ""MultiPoint""}"
11641,2015:5000961885,2015-06-08T19:15:00,PATON RD,LANSDOWNE AVE,,2,Non-Fatal Injury,At Intersection,Stop Sign,Angle,Other,Daylight,Other,Minor Arterial,false,-79.44360797750136,43.66063826799096,2,Moped,North,2,53,Major,Helmet,Driving properly,Unknown,,,Going Ahead,,,,,motorcyclist,,Davenport (9),11 Division,Junction-Wallace Emerson,true,false,false,true,false,false,false,false,false,false,"{""coordinates"": [[-79.44360797750136, 43.66063826799096]], ""type"": ""MultiPoint""}"
11642,2015:5000963180,2015-06-09T00:25:00,878 YONGE ST,,20 m North of,4,Non-Fatal Injury,Intersection-Related,No Control,Turning Movement,Clear,Dark with Artificial Lighting,Dry,Major Arterial,false,-79.3876838515979,43.672414183734645,2,,,4,30,None,Lap and Shoulder Belt,,,,,,,,,,passenger,,University-Rosedale (11),53 Division,Rosedale-Moore Park,true,false,false,false,false,false,false,false,false,false,"{""coordinates"": [[-79.3876838515979, 43.672414183734645]], ""type"": ""MultiPoint""}"
11643,2015:5000963180,2015-06-09T00:25:00,878 YONGE ST,,20 m North of,4,Non-Fatal Injury,Intersection-Related,No Control,Turning Movement,Clear,Dark with Artificial Lighting,Dry,Major Arterial,false,-79.3876838515979,43.672414183734645,1,,,3,44,Major,Equipment Not Used But Available,,,,,,,,,,passenger,,University-Rosedale (11),53 Division,Rosedale-Moore Park,true,false,false,false,false,false,false,false,false,false,"{""coordinates"": [[-79.3876838515979, 43.672414183734645]], ""type"": ""MultiPoint""}"
11644,2015:5000963180,2015-06-09T00:25:00,878 YONGE ST,,20 m North of,4,Non-Fatal Injury,Intersection-Related,No Control,Turning Movement,Clear,Dark with Artificial Lighting,Dry,Major Arterial,false,-79.3876838515979,43.672414183734645,2,Automobile or Station Wagon,South,1,30,None,Lap and Shoulder Belt,Speed too fast for conditions,Ability Impaired - Alcohol Over .08,,,Going Ahead,,,,,driver,,University-Rosedale (11),53 Division,Rosedale-Moore Park,true,false,false,false,false,false,false,false,false,false,"{""coordinates"": [[-79.3876838515979, 43.672414183734645]], ""type"": ""MultiPoint""}"
11645,2015:5000963180,2015-06-09T00:25:00,878 YONGE ST,,20 m North of,4,Non-Fatal Injury,Intersection-Related,No Control,Turning Movement,Clear,Dark with Artificial Lighting,Dry,Major Arterial,false,-79.3876838515979,43.672414183734645,1,Automobile or Station Wagon,North,2,44,Major,Equipment Not Used But Available,Improper turn,Normal,,,Turning Left,,,,,driver,,University-Rosedale (11),53 Division,Rosedale-Moore Park,true,false,false,false,false,false,false,false,false,false,"{""coordinates"": [[-79.3876838515979, 43.672414183734645]], ""type"": ""MultiPoint""}"
11646,2015:5000965386,2015-06-09T10:47:00,DUNDAS ST W,HURON ST,,3,Non-Fatal Injury,Non-Intersection,No Control,Rear End,Clear,Daylight,Dry,Major Arterial,false,-79.39702289941287,43.653158201983,2,Automobile or Station Wagon,East,2,50,None,Lap and Shoulder Belt,Driving properly,Normal,,,Stopped,,,,,driver,,Spadina-Fort York (10),52 Division,Kensington-Chinatown,false,false,false,false,false,false,false,false,false,false,"{""coordinates"": [[-79.39702289941287, 43.653158201983]], ""type"": ""MultiPoint""}"
11647,2015:5000965386,2015-06-09T10:47:00,DUNDAS ST W,HURON ST,,3,Non-Fatal Injury,Non-Intersection,No Control,Rear End,Clear,Daylight,Dry,Major Arterial,false,-79.39702289941287,43.653158201983,1,Automobile or Station Wagon,East,1,45,Major,Lap and Shoulder Belt,Lost control,Medical or Physical Disability,,,Going Ahead,,,,,driver,,Spadina-Fort York (10),52 Division,Kensington-Chinatown,false,false,false,false,false,false,false,false,false,false,"{""coordinates"": [[-79.39702289941287, 43.653158201983]], ""type"": ""MultiPoint""}"
11648,2015:5000965386,2015-06-09T10:47:00,DUNDAS ST W,HURON ST,,3,Non-Fatal Injury,Non-Intersection,No Control,Rear End,Clear,Daylight,Dry,Major Arterial,false,-79.39702289941287,43.653158201983,0,,,3,48,None,Lap and Shoulder Belt,,,,,,,,,,passenger,,Spadina-Fort York (10),52 Division,Kensington-Chinatown,false,false,false,false,false,false,false,false,false,false,"{""coordinates"": [[-79.39702289941287, 43.653158201983]], ""type"": ""MultiPoint""}"
11649,2015:5000976277,2015-06-11T00:24:00,FINCH AVE W,TOBERMORY DR,,2,Fatal Injury,At Intersection,Traffic Signal,Cyclist Collision,Clear,Dark with Artificial Lighting,Dry,Major Arterial,true,-79.50792291976677,43.7592713123945,1,Automobile or Station Wagon,West,1,22,None,Use Unknown,Exceeding speed limit,Ability Impaired - Alcohol,,,Going Ahead,,,,,driver,,Humber River-Black Creek (7),31 Division,Glenfield-Jane Heights,true,false,true,false,false,false,false,false,false,false,"{""coordinates"": [[-79.50792291976677, 43.7592713123945]], ""type"": ""MultiPoint""}"
11650,2015:5000976277,2015-06-11T00:24:00,FINCH AVE W,TOBERMORY DR,,2,Fatal Injury,At Intersection,Traffic Signal,Cyclist Collision,Clear,Dark with Artificial Lighting,Dry,Major Arterial,true,-79.50792291976677,43.7592713123945,2,Bicycle,West,2,44,Fatal,No Equipment Available,,,,,Going Ahead,,Rear end with cyclist and driver travelling in same direction,Driving Properly,Unknown,cyclist,28,Humber River-Black Creek (7),31 Division,Glenfield-Jane Heights,true,false,true,false,false,false,false,false,false,false,"{""coordinates"": [[-79.50792291976677, 43.7592713123945]], ""type"": ""MultiPoint""}"
11651,2015:5000979465,2015-06-11T13:22:00,YONGE ST,EMPRESS AVE,,6,Fatal Injury,At Intersection,Traffic Signal,Pedestrian Collision(internal code),Clear,Daylight,Dry,Major Arterial,false,-79.41289175342496,43.76926219507733,2,Automobile or Station Wagon,East,2,59,None,,Driving properly,Normal,,,Going Ahead,,,,,driver,,Willowdale (18),32 Division,Yonge-Doris,false,false,false,false,false,true,true,false,false,false,"{""coordinates"": [[-79.41289175342496, 43.76926219507733]], ""type"": ""MultiPoint""}"
11652,2015:5000979465,2015-06-11T13:22:00,YONGE ST,EMPRESS AVE,,6,Fatal Injury,At Intersection,Traffic Signal,Pedestrian Collision(internal code),Clear,Daylight,Dry,Major Arterial,false,-79.41289175342496,43.76926219507733,1,,,5,66,Major,No Equipment Available,,,On sidewalk or shoulder,Unknown,,Driver hits pedestrian on sidewalk or shoulder,,,,pedestrian,,Willowdale (18),32 Division,Yonge-Doris,false,false,false,false,false,true,true,false,false,false,"{""coordinates"": [[-79.41289175342496, 43.76926219507733]], ""type"": ""MultiPoint""}"
11653,2015:5000979465,2015-06-11T13:22:00,YONGE ST,EMPRESS AVE,,6,Fatal Injury,At Intersection,Traffic Signal,Pedestrian Collision(internal code),Clear,Daylight,Dry,Major Arterial,false,-79.41289175342496,43.76926219507733,1,,,3,65,Fatal,No Equipment Available,,,On sidewalk or shoulder,Normal,,Driver hits pedestrian on sidewalk or shoulder,,,,pedestrian,29,Willowdale (18),32 Division,Yonge-Doris,false,false,false,false,false,true,true,false,false,false,"{""coordinates"": [[-79.41289175342496, 43.76926219507733]], ""type"": ""MultiPoint""}"
11654,2015:5000979465,2015-06-11T13:22:00,YONGE ST,EMPRESS AVE,,6,Fatal Injury,At Intersection,Traffic Signal,Pedestrian Collision(internal code),Clear,Daylight,Dry,Major Arterial,false,-79.41289175342496,43.76926219507733,1,Automobile or Station Wagon,East,1,62,Minor,Lap and Shoulder Belt,Lost control,Unknown,,,Turning Left,,,,,driver,,Willowdale (18),32 Division,Yonge-Doris,false,false,false,false,false,true,true,false,false,false,"{""coordinates"": [[-79.41289175342496, 43.76926219507733]], ""type"": ""MultiPoint""}"
11655,2015:5000979465,2015-06-11T13:22:00,YONGE ST,EMPRESS AVE,,6,Fatal Injury,At Intersection,Traffic Signal,Pedestrian Collision(internal code),Clear,Daylight,Dry,Major Arterial,false,-79.41289175342496,43.76926219507733,1,,,6,55,Minor,No Equipment Available,,,On sidewalk or shoulder,Unknown,,Driver hits pedestrian on sidewalk or shoulder,,,,pedestrian,,Willowdale (18),32 Division,Yonge-Doris,false,false,false,false,false,true,true,false,false,false,"{""coordinates"": [[-79.41289175342496, 43.76926219507733]], ""type"": ""MultiPoint""}"
11656,2015:5000979465,2015-06-11T13:22:00,YONGE ST,EMPRESS AVE,,6,Fatal Injury,At Intersection,Traffic Signal,Pedestrian Collision(internal code),Clear,Daylight,Dry,Major Arterial,false,-79.41289175342496,43.76926219507733,1,,,4,58,Major,No Equipment Available,,,On sidewalk or shoulder,Unknown,,Driver hits pedestrian on sidewalk or shoulder,,,,pedestrian,,Willowdale (18),32 Division,Yonge-Doris,false,false,false,false,false,true,true,false,false,false,"{""coordinates"": [[-79.41289175342496, 43.76926219507733]], ""type"": ""MultiPoint""}"
11657,2015:5000997483,2015-06-12T05:30:00,GERRARD ST E,WOODBINE AVE,1 m East of,2,Non-Fatal Injury,Intersection-Related,Traffic Signal,Other,Clear,Dark with Artificial Lighting,Dry,Major Arterial,false,-79.31074869461928,43.680780073244314,1,,,2,29,Major,No Equipment Available,,,,,,,,,,passenger,,Beaches-East York (19),55 Division,East End-Danforth,false,false,false,false,false,false,false,false,false,false,"{""coordinates"": [[-79.31074869461928, 43.680780073244314]], ""type"": ""MultiPoint""}"
11658,2015:5000997483,2015-06-12T05:30:00,GERRARD ST E,WOODBINE AVE,1 m East of,2,Non-Fatal Injury,Intersection-Related,Traffic Signal,Other,Clear,Dark with Artificial Lighting,Dry,Major Arterial,false,-79.31074869461928,43.680780073244314,1,Automobile or Station Wagon,West,1,40,None,Use Unknown,Other,Normal,,,Going Ahead,,,,,driver,,Beaches-East York (19),55 Division,East End-Danforth,false,false,false,false,false,false,false,false,false,false,"{""coordinates"": [[-79.31074869461928, 43.680780073244314]], ""type"": ""MultiPoint""}"
11659,2015:5000984230,2015-06-12T07:56:00,WILSON AVE,DALLNER RD,,2,Non-Fatal Injury,At Intersection,Stop Sign,Turning Movement,Clear,Daylight,Dry,Major Arterial,false,-79.51378999471649,43.719812336738116,1,Automobile or Station Wagon,South,1,28,Major,Lap and Shoulder Belt,Failed to yield right-of-way,Inattentive,,,Turning Left,,,,,driver,,Humber River-Black Creek (7),31 Division,Oakdale-Beverley Heights,true,true,false,false,false,false,false,false,false,false,"{""coordinates"": [[-79.51378999471649, 43.719812336738116]], ""type"": ""MultiPoint""}"
11660,2015:5000984230,2015-06-12T07:56:00,WILSON AVE,DALLNER RD,,2,Non-Fatal Injury,At Intersection,Stop Sign,Turning Movement,Clear,Daylight,Dry,Major Arterial,false,-79.51378999471649,43.719812336738116,2,Automobile or Station Wagon,West,2,46,Minor,Lap and Shoulder Belt,Driving properly,Normal,,,Going Ahead,,,,,driver,,Humber River-Black Creek (7),31 Division,Oakdale-Beverley Heights,true,true,false,false,false,false,false,false,false,false,"{""coordinates"": [[-79.51378999471649, 43.719812336738116]], ""type"": ""MultiPoint""}"
11661,2015:5000989979,2015-06-13T03:00:00,F G GARDINER XY W,ROYAL YORK RD,,1,Fatal Injury,,No Control,SMV Other,Rain,Dark,Wet,,false,-79.50246815938557,43.62264437203701,0,Automobile or Station Wagon,West,1,23,Fatal,,Exceeding speed limit,Unknown,,,Going Ahead,,,,,driver,30,Etobicoke-Lakeshore (3),22 Division,Stonegate-Queensway,true,false,false,false,false,false,false,false,false,false,"{""coordinates"": [[-79.50246815938557, 43.62264437203701]], ""type"": ""MultiPoint""}"
11662,2015:5000992370,2015-06-13T14:23:00,FINCH AVE E,PAGE AVE,,3,Non-Fatal Injury,At Intersection,Stop Sign,Cyclist Collision,Clear,Daylight,Dry,Major Arterial,false,-79.38432668791633,43.786684159175294,2,Automobile or Station Wagon,North,1,88,None,Lap and Shoulder Belt,Failed to yield right-of-way,Inattentive,,,Turning Right,,,,,driver,,Don Valley North (17),33 Division,Bayview Village,true,true,true,false,false,true,false,false,false,false,"{""coordinates"": [[-79.38432668791633, 43.786684159175294]], ""type"": ""MultiPoint""}"
11663,2015:5000992370,2015-06-13T14:23:00,FINCH AVE E,PAGE AVE,,3,Non-Fatal Injury,At Intersection,Stop Sign,Cyclist Collision,Clear,Daylight,Dry,Major Arterial,false,-79.38432668791633,43.786684159175294,2,Bicycle,East,2,49,Major,No Equipment Available,,,,,Going Ahead,,"Driver turns right at non-signalized intersection (e.g. stop, yield, no control, driveway) and hits cyclist",Driving Properly,Normal,cyclist,,Don Valley North (17),33 Division,Bayview Village,true,true,true,false,false,true,false,false,false,false,"{""coordinates"": [[-79.38432668791633, 43.786684159175294]], ""type"": ""MultiPoint""}"
11664,2015:5000992370,2015-06-13T14:23:00,FINCH AVE E,PAGE AVE,,3,Non-Fatal Injury,At Intersection,Stop Sign,Cyclist Collision,Clear,Daylight,Dry,Major Arterial,false,-79.38432668791633,43.786684159175294,2,,,3,81,None,Lap and Shoulder Belt,,,,,,,,,,passenger,,Don Valley North (17),33 Division,Bayview Village,true,true,true,false,false,true,false,false,false,false,"{""coordinates"": [[-79.38432668791633, 43.786684159175294]], ""type"": ""MultiPoint""}"
11665,2015:5000995174,2015-06-13T23:20:00,AVENUE RD,DAVENPORT RD,,2,Fatal Injury,At Intersection,Traffic Signal,Cyclist Collision,Clear,Dark with Artificial Lighting,Dry,Major Arterial,true,-79.39659486490054,43.67471119589935,1,Bicycle,South,1,26,Fatal,No Equipment Available,,,,,Turning Left,,Cyclist turns left into path of driver,Failed to Yield Right of Way,Normal,cyclist,31,University-Rosedale (11),53 Division,Annex,false,false,true,false,false,false,false,false,true,false,"{""coordinates"": [[-79.39659486490054, 43.67471119589935]], ""type"": ""MultiPoint""}"
11666,2015:5000995174,2015-06-13T23:20:00,AVENUE RD,DAVENPORT RD,,2,Fatal Injury,At Intersection,Traffic Signal,Cyclist Collision,Clear,Dark with Artificial Lighting,Dry,Major Arterial,true,-79.39659486490054,43.67471119589935,2,Automobile or Station Wagon,North,2,19,None,Use Unknown,Other,Unknown,,,Going Ahead,,,,,driver,,University-Rosedale (11),53 Division,Annex,false,false,true,false,false,false,false,false,true,false,"{""coordinates"": [[-79.39659486490054, 43.67471119589935]], ""type"": ""MultiPoint""}"
11667,2015:5000998310,2015-06-14T14:09:00,TRETHEWEY DR,CLEARVIEW HTS,5 m West of,3,Non-Fatal Injury,At Intersection,No Control,Approaching Head On,Rain,Daylight,Wet,Minor Arterial,false,-79.48318899503703,43.69335331082782,2,Automobile or Station Wagon,West,1,54,None,Lap and Shoulder Belt,Speed too fast for conditions,Inattentive,,,Going Ahead,,,,,driver,,York South-Weston (5),12 Division,Beechborough-Greenbrook,true,true,false,false,false,false,false,false,false,false,"{""coordinates"": [[-79.48318899503703, 43.69335331082782]], ""type"": ""MultiPoint""}"
11668,2015:5000998310,2015-06-14T14:09:00,TRETHEWEY DR,CLEARVIEW HTS,5 m West of,3,Non-Fatal Injury,At Intersection,No Control,Approaching Head On,Rain,Daylight,Wet,Minor Arterial,false,-79.48318899503703,43.69335331082782,2,Automobile or Station Wagon,East,2,28,Major,Lap and Shoulder Belt,Driving properly,Normal,,,Going Ahead,,,,,driver,,York South-Weston (5),12 Division,Beechborough-Greenbrook,true,true,false,false,false,false,false,false,false,false,"{""coordinates"": [[-79.48318899503703, 43.69335331082782]], ""type"": ""MultiPoint""}"
11669,2015:5000998310,2015-06-14T14:09:00,TRETHEWEY DR,CLEARVIEW HTS,5 m West of,3,Non-Fatal Injury,At Intersection,No Control,Approaching Head On,Rain,Daylight,Wet,Minor Arterial,false,-79.48318899503703,43.69335331082782,2,,,3,24,Minor,Lap and Shoulder Belt,,,,,,,,,,passenger,,York South-Weston (5),12 Division,Beechborough-Greenbrook,true,true,false,false,false,false,false,false,false,false,"{""coordinates"": [[-79.48318899503703, 43.69335331082782]], ""type"": ""MultiPoint""}"
11670,2015:5001008776,2015-06-16T07:15:00,BAYVIEW AVE,SUTHERLAND DR,,2,Non-Fatal Injury,At Intersection,Stop Sign,Turning Movement,Rain,Dawn,Wet,Major Arterial,false,-79.37249378340351,43.698721156826586,2,Motorcycle,West,2,34,Major,Helmet,Failed to yield right-of-way,Normal,,,Turning Left,,,,,motorcyclist,,Don Valley West (15),53 Division,Leaside-Bennington,true,false,false,true,false,false,false,false,false,true,"{""coordinates"": [[-79.37249378340351, 43.698721156826586]], ""type"": ""MultiPoint""}"
11671,2015:5001008776,2015-06-16T07:15:00,BAYVIEW AVE,SUTHERLAND DR,,2,Non-Fatal Injury,At Intersection,Stop Sign,Turning Movement,Rain,Dawn,Wet,Major Arterial,false,-79.37249378340351,43.698721156826586,1,Municipal Transit Bus (TTC),North,1,31,None,Use Unknown,Speed too fast for conditions,Normal,,,Going Ahead,,,,,driver,,Don Valley West (15),53 Division,Leaside-Bennington,true,false,false,true,false,false,false,false,false,true,"{""coordinates"": [[-79.37249378340351, 43.698721156826586]], ""type"": ""MultiPoint""}"
11672,2015:5001021761,2015-06-16T09:00:00,AVENUE RD,FELBRIGG AVE,,2,Non-Fatal Injury,At Intersection,No Control,Pedestrian Collision(internal code),Clear,Daylight,Dry,Major Arterial,true,-79.41968881200572,43.73412121059014,1,,South,2,38,Major,No Equipment Available,,,Crossing with right-of-way (intersection),Normal,,Driver turns left into pedestrian crossing with right-of-way (at intersection),,,,pedestrian,,Eglinton-Lawrence (8),32 Division,Bedford Park-Nortown,true,false,false,false,false,false,true,false,false,false,"{""coordinates"": [[-79.41968881200572, 43.73412121059014]], ""type"": ""MultiPoint""}"
11673,2015:5001021761,2015-06-16T09:00:00,AVENUE RD,FELBRIGG AVE,,2,Non-Fatal Injury,At Intersection,No Control,Pedestrian Collision(internal code),Clear,Daylight,Dry,Major Arterial,true,-79.41968881200572,43.73412121059014,1,Automobile or Station Wagon,South,1,,None,Use Unknown,Failed to yield right-of-way,Unknown,,,Turning Left,,,,,driver,,Eglinton-Lawrence (8),32 Division,Bedford Park-Nortown,true,false,false,false,false,false,true,false,false,false,"{""coordinates"": [[-79.41968881200572, 43.73412121059014]], ""type"": ""MultiPoint""}"
11674,2015:5001012309,2015-06-16T17:24:00,MARTIN GROVE RD,ROYALCREST RD,11 m South of,3,Non-Fatal Injury,Intersection-Related,No Control,Pedestrian Collision(internal code),Clear,Daylight,Dry,Minor Arterial,false,-79.59928504291545,43.75229041499288,1,,Unknown,3,33,Major,No Equipment Available,,,Crossing - no traffic control,Inattentive,,Driver hits pedestrian at midblock,,,,pedestrian,,Etobicoke North (1),23 Division,Mount Olive-Silverstone-Jamestown,false,true,false,false,false,false,true,false,false,false,"{""coordinates"": [[-79.59928504291545, 43.75229041499288]], ""type"": ""MultiPoint""}"
11675,2015:5001012309,2015-06-16T17:24:00,MARTIN GROVE RD,ROYALCREST RD,11 m South of,3,Non-Fatal Injury,Intersection-Related,No Control,Pedestrian Collision(internal code),Clear,Daylight,Dry,Minor Arterial,false,-79.59928504291545,43.75229041499288,1,Automobile or Station Wagon,South,1,21,None,Lap and Shoulder Belt,Driving properly,Normal,,,Slowing or Stopping,,,,,driver,,Etobicoke North (1),23 Division,Mount Olive-Silverstone-Jamestown,false,true,false,false,false,false,true,false,false,false,"{""coordinates"": [[-79.59928504291545, 43.75229041499288]], ""type"": ""MultiPoint""}"
11676,2015:5001012309,2015-06-16T17:24:00,MARTIN GROVE RD,ROYALCREST RD,11 m South of,3,Non-Fatal Injury,Intersection-Related,No Control,Pedestrian Collision(internal code),Clear,Daylight,Dry,Minor Arterial,false,-79.59928504291545,43.75229041499288,1,,,2,20,None,Lap and Shoulder Belt,,,,,,,,,,passenger,,Etobicoke North (1),23 Division,Mount Olive-Silverstone-Jamestown,false,true,false,false,false,false,true,false,false,false,"{""coordinates"": [[-79.59928504291545, 43.75229041499288]], ""type"": ""MultiPoint""}"
11677,2015:5001013446,2015-06-16T20:49:00,BAYVIEW BLOOR DVP RAMP,DON VALLEY PARKWAY N,,1,Non-Fatal Injury,Underpass or Tunnel,No Control,SMV Other,Clear,Dusk,Dry,,false,-79.36238478829756,43.68284814573862,1,Motorcycle,West,1,36,Major,Helmet,Lost control,Normal,,,Going Ahead,,,,,motorcyclist,,Toronto-Danforth (14),55 Division,Broadview North,false,false,false,true,false,false,false,false,false,false,"{""coordinates"": [[-79.36238478829756, 43.68284814573862]], ""type"": ""MultiPoint""}"
11678,2015:5001016196,2015-06-17T08:30:00,ARROWSTOOK RD,BURBANK DR,,4,Non-Fatal Injury,At Intersection,Stop Sign,Cyclist Collision,Clear,Daylight,Dry,Local,false,-79.37704069216356,43.77126115131116,1,,,4,5,None,Lap and Shoulder Belt,,,,,,,,,,passenger,,Don Valley North (17),33 Division,Bayview Village,false,true,true,false,false,false,false,false,true,false,"{""coordinates"": [[-79.37704069216356, 43.77126115131116]], ""type"": ""MultiPoint""}"
11679,2015:5001016196,2015-06-17T08:30:00,ARROWSTOOK RD,BURBANK DR,,4,Non-Fatal Injury,At Intersection,Stop Sign,Cyclist Collision,Clear,Daylight,Dry,Local,false,-79.37704069216356,43.77126115131116,1,,,3,2,None,Lap and Shoulder Belt,,,,,,,,,,passenger,,Don Valley North (17),33 Division,Bayview Village,false,true,true,false,false,false,false,false,true,false,"{""coordinates"": [[-79.37704069216356, 43.77126115131116]], ""type"": ""MultiPoint""}"
11680,2015:5001016196,2015-06-17T08:30:00,ARROWSTOOK RD,BURBANK DR,,4,Non-Fatal Injury,At Intersection,Stop Sign,Cyclist Collision,Clear,Daylight,Dry,Local,false,-79.37704069216356,43.77126115131116,2,Bicycle,South,2,62,Major,No Equipment Available,,,,,Going Ahead,,"Cyclist without right-of-way rides into path of driver (at intersection, laneway, or driveway)",Failed to Yield Right of Way,Inattentive,cyclist,,Don Valley North (17),33 Division,Bayview Village,false,true,true,false,false,false,false,false,true,false,"{""coordinates"": [[-79.37704069216356, 43.77126115131116]], ""type"": ""MultiPoint""}"
11681,2015:5001016196,2015-06-17T08:30:00,ARROWSTOOK RD,BURBANK DR,,4,Non-Fatal Injury,At Intersection,Stop Sign,Cyclist Collision,Clear,Daylight,Dry,Local,false,-79.37704069216356,43.77126115131116,1,Automobile or Station Wagon,West,1,38,None,Lap and Shoulder Belt,Other,Unknown,,,Turning Right,,,,,driver,,Don Valley North (17),33 Division,Bayview Village,false,true,true,false,false,false,false,false,true,false,"{""coordinates"": [[-79.37704069216356, 43.77126115131116]], ""type"": ""MultiPoint""}"
11682,2015:5001034900,2015-06-20T01:55:00,CARLTON ST,HOMEWOOD AVE,,2,Non-Fatal Injury,At Intersection,Stop Sign,Cyclist Collision,Clear,Dark with Artificial Lighting,Dry,Minor Arterial,false,-79.37433984059297,43.66290416656197,2,Automobile or Station Wagon,East,2,44,None,Lap and Shoulder Belt,Driving properly,Normal,,,Going Ahead,,,,,driver,,Toronto Centre (13),51 Division,Moss Park,false,false,true,false,false,false,false,false,false,false,"{""coordinates"": [[-79.37433984059297, 43.66290416656197]], ""type"": ""MultiPoint""}"
11683,2015:5001034900,2015-06-20T01:55:00,CARLTON ST,HOMEWOOD AVE,,2,Non-Fatal Injury,At Intersection,Stop Sign,Cyclist Collision,Clear,Dark with Artificial Lighting,Dry,Minor Arterial,false,-79.37433984059297,43.66290416656197,1,Bicycle,South,1,42,Major,No Equipment Available,,,,,Going Ahead,,"Cyclist without right-of-way rides into path of driver (at intersection, laneway, or driveway)",Disobeyed Traffic Control,Had Been Drinking,cyclist,,Toronto Centre (13),51 Division,Moss Park,false,false,true,false,false,false,false,false,false,false,"{""coordinates"": [[-79.37433984059297, 43.66290416656197]], ""type"": ""MultiPoint""}"
11684,2015:5001050877,2015-06-22T15:54:00,6 CARIBOO AVE,,,2,Non-Fatal Injury,At/Near Private Drive,No Control,Pedestrian Collision(internal code),Clear,Daylight,Dry,Local,false,-79.45846199565446,43.66669628724017,1,Automobile or Station Wagon,North,1,73,None,Equipment Not Used But Available,Lost control,Normal,,,Going Ahead,,,,,driver,,Davenport (9),11 Division,Junction-Wallace Emerson,false,false,false,false,false,true,true,false,false,false,"{""coordinates"": [[-79.45846199565446, 43.66669628724017]], ""type"": ""MultiPoint""}"
11685,2015:5001050877,2015-06-22T15:54:00,6 CARIBOO AVE,,,2,Non-Fatal Injury,At/Near Private Drive,No Control,Pedestrian Collision(internal code),Clear,Daylight,Dry,Local,false,-79.45846199565446,43.66669628724017,2,,Unknown,2,45,Major,No Equipment Available,,,Other,Unknown,,Driver hits pedestrian at private driveway,,,,pedestrian,,Davenport (9),11 Division,Junction-Wallace Emerson,false,false,false,false,false,true,true,false,false,false,"{""coordinates"": [[-79.45846199565446, 43.66669628724017]], ""type"": ""MultiPoint""}"
11686,2015:5001063670,2015-06-24T13:25:00,COXWELL AVE,ROBBINS AVE,5 m South of,1,Non-Fatal Injury,Non-Intersection,No Control,Cyclist Collision,Clear,Daylight,Dry,Minor Arterial,true,-79.31804272299038,43.669893084301634,2,Bicycle,South,1,29,Major,No Equipment Available,,,,,Going Ahead,,"Cyclist falls off bicycle, no contact with motorist",Driving Properly,Normal,cyclist,,Beaches-East York (19),55 Division,Woodbine Corridor,false,false,true,false,false,false,false,false,false,false,"{""coordinates"": [[-79.31804272299038, 43.669893084301634]], ""type"": ""MultiPoint""}"
11687,2015:5001074217,2015-06-26T04:05:00,457 SPADINA AVE,,18 m East of,2,Non-Fatal Injury,Non-Intersection,No Control,Pedestrian Collision(internal code),Clear,Dark with Artificial Lighting,Dry,Major Arterial,false,-79.40021889745606,43.65836120533738,1,,Unknown,2,63,Major,Lap Belt Only of Combined Assembly,,,On sidewalk or shoulder,Other Condition,,Driver hits pedestrian at private driveway,,,,pedestrian,,University-Rosedale (11),14 Division,University,false,false,false,false,false,false,true,false,false,true,"{""coordinates"": [[-79.40021889745606, 43.65836120533738]], ""type"": ""MultiPoint""}"