_id,collision_id,accdate,stname1,stname2,stname3,per_inv,acclass,accloc,traffictl,impactype,visible,light,rdsfcond,road_class,failtorem,longitude,latitude,veh_no,vehtype,initdir,per_no,invage,injury,safequip,drivact,drivcond,pedact,pedcond,manoeuvre,pedtype,cyclistype,cycact,cyccond,road_user,fatal_no,wardname,division,neighbourhood,aggressive,distracted,cyclist,motorcyclist,other_micromobility,older_adult,pedestrian,red_light,school_child,heavy_truck,geometry
12281,2016:6000066081,2016-01-12T05:45:00,TRETHEWEY DR,BLACK CREEK DR,,3,Non-Fatal Injury,At Intersection,Traffic Signal,Turning Movement,Snow,Dark with Artificial Lighting,Loose Snow,Major Arterial,false,-79.48609599813271,43.69460131426899,1,,,3,60,Minor,Lap and Shoulder Belt,,,,,,,,,,passenger,,York South-Weston (5),12 Division,Beechborough-Greenbrook,true,true,false,false,false,true,false,true,false,false,"{""coordinates"": [[-79.48609599813271, 43.69460131426899]], ""type"": ""MultiPoint""}"
12282,2016:6000071039,2016-01-12T21:17:00,WARDEN AVE,BAMBURGH CRCL,,2,Non-Fatal Injury,At Intersection,Traffic Signal,Pedestrian Collision(internal code),Strong Wind,Dark,Slush,Major Arterial,false,-79.32454256336585,43.81619008915583,1,Automobile or Station Wagon,North,1,65,None,Lap and Shoulder Belt,Driving properly,Normal,,,Going Ahead,,,,,driver,,Scarborough-Agincourt (22),42 Division,Steeles,false,false,false,false,false,true,true,false,false,false,"{""coordinates"": [[-79.32454256336585, 43.81619008915583]], ""type"": ""MultiPoint""}"
12283,2016:6000071039,2016-01-12T21:17:00,WARDEN AVE,BAMBURGH CRCL,,2,Non-Fatal Injury,At Intersection,Traffic Signal,Pedestrian Collision(internal code),Strong Wind,Dark,Slush,Major Arterial,false,-79.32454256336585,43.81619008915583,1,,East,2,47,Major,Use Unknown,,,Crossing without right-of-way (intersection),Normal,,Driver going straight hits pedestrian crossing without right-of-way (at intersection),,,,pedestrian,,Scarborough-Agincourt (22),42 Division,Steeles,false,false,false,false,false,true,true,false,false,false,"{""coordinates"": [[-79.32454256336585, 43.81619008915583]], ""type"": ""MultiPoint""}"
12284,2016:6000074879,2016-01-13T13:20:00,EGLINTON AVE E,CREDIT UNION DR,,3,Non-Fatal Injury,At Intersection,Traffic Signal,Turning Movement,Clear,Daylight,Dry,Major Arterial,false,-79.31828664744607,43.726125080662456,1,Automobile or Station Wagon,West,1,79,Major,Lap and Shoulder Belt,Failed to yield right-of-way,Inattentive,,,Turning Left,,,,,driver,,Don Valley East (16),55 Division,Victoria Village,true,true,false,false,false,true,false,false,false,false,"{""coordinates"": [[-79.31828664744607, 43.726125080662456]], ""type"": ""MultiPoint""}"
12285,2016:6000074879,2016-01-13T13:20:00,EGLINTON AVE E,CREDIT UNION DR,,3,Non-Fatal Injury,At Intersection,Traffic Signal,Turning Movement,Clear,Daylight,Dry,Major Arterial,false,-79.31828664744607,43.726125080662456,2,,,3,45,None,Lap and Shoulder Belt,,,,,,,,,,passenger,,Don Valley East (16),55 Division,Victoria Village,true,true,false,false,false,true,false,false,false,false,"{""coordinates"": [[-79.31828664744607, 43.726125080662456]], ""type"": ""MultiPoint""}"
12286,2016:6000074879,2016-01-13T13:20:00,EGLINTON AVE E,CREDIT UNION DR,,3,Non-Fatal Injury,At Intersection,Traffic Signal,Turning Movement,Clear,Daylight,Dry,Major Arterial,false,-79.31828664744607,43.726125080662456,2,Automobile or Station Wagon,East,2,43,Minimal,Lap and Shoulder Belt,Driving properly,Normal,,,Going Ahead,,,,,driver,,Don Valley East (16),55 Division,Victoria Village,true,true,false,false,false,true,false,false,false,false,"{""coordinates"": [[-79.31828664744607, 43.726125080662456]], ""type"": ""MultiPoint""}"
12287,2016:6000080482,2016-01-14T11:29:00,STEELES AVE E,PHARMACY AVE,,2,Fatal Injury,At Intersection,Traffic Signal,Turning Movement,Clear,Daylight,Wet,Major Arterial,false,-79.33646758137971,43.81684310275691,2,Truck - Closed,East,2,59,None,Lap and Shoulder Belt,Driving properly,Unknown,,,Going Ahead,,,,,driver,,Scarborough-Agincourt (22),42 Division,Steeles,true,false,false,false,false,false,false,false,false,true,"{""coordinates"": [[-79.33646758137971, 43.81684310275691]], ""type"": ""MultiPoint""}"
12288,2016:6000080482,2016-01-14T11:29:00,STEELES AVE E,PHARMACY AVE,,2,Fatal Injury,At Intersection,Traffic Signal,Turning Movement,Clear,Daylight,Wet,Major Arterial,false,-79.33646758137971,43.81684310275691,1,Automobile or Station Wagon,West,1,36,Fatal,Lap and Shoulder Belt,Failed to yield right-of-way,Unknown,,,Turning Left,,,,,driver,3,Scarborough-Agincourt (22),42 Division,Steeles,true,false,false,false,false,false,false,false,false,true,"{""coordinates"": [[-79.33646758137971, 43.81684310275691]], ""type"": ""MultiPoint""}"
12289,2016:6000081215,2016-01-14T13:36:00,TECUMSETH ST,QUEEN ST W,,2,Non-Fatal Injury,At Intersection,Traffic Signal,Pedestrian Collision(internal code),Clear,Daylight,Dry,Major Arterial,false,-79.40656692831375,43.64666921785331,1,,East,2,34,Major,No Equipment Available,,,Crossing with right-of-way (intersection),Normal,,Driver turns left into pedestrian crossing with right-of-way (at intersection),,,,pedestrian,,Spadina-Fort York (10),14 Division,West Queen West,true,true,false,false,false,false,true,false,false,false,"{""coordinates"": [[-79.40656692831375, 43.64666921785331]], ""type"": ""MultiPoint""}"
12290,2016:6000081215,2016-01-14T13:36:00,TECUMSETH ST,QUEEN ST W,,2,Non-Fatal Injury,At Intersection,Traffic Signal,Pedestrian Collision(internal code),Clear,Daylight,Dry,Major Arterial,false,-79.40656692831375,43.64666921785331,1,Automobile or Station Wagon,West,1,62,None,Lap and Shoulder Belt,Failed to yield right-of-way,Inattentive,,,Turning Left,,,,,driver,,Spadina-Fort York (10),14 Division,West Queen West,true,true,false,false,false,false,true,false,false,false,"{""coordinates"": [[-79.40656692831375, 43.64666921785331]], ""type"": ""MultiPoint""}"
12291,2016:6000087893,2016-01-15T14:35:00,BAYVIEW AVE,EGLINTON AVE E,6 m North of,3,Fatal Injury,Intersection-Related,Traffic Signal,Pedestrian Collision(internal code),Clear,Daylight,Wet,Major Arterial,false,-79.37714777331118,43.711027160642004,1,,,2,20,None,Lap and Shoulder Belt,,,,,,,,,,passenger,,Don Valley West (15),53 Division,Leaside-Bennington,false,true,false,false,false,true,true,false,false,false,"{""coordinates"": [[-79.37714777331118, 43.711027160642004]], ""type"": ""MultiPoint""}"
12292,2016:6000087893,2016-01-15T14:35:00,BAYVIEW AVE,EGLINTON AVE E,6 m North of,3,Fatal Injury,Intersection-Related,Traffic Signal,Pedestrian Collision(internal code),Clear,Daylight,Wet,Major Arterial,false,-79.37714777331118,43.711027160642004,1,Automobile or Station Wagon,South,1,20,None,Lap and Shoulder Belt,Improper turn,Inattentive,,,Turning Right,,,,,driver,,Don Valley West (15),53 Division,Leaside-Bennington,false,true,false,false,false,true,true,false,false,false,"{""coordinates"": [[-79.37714777331118, 43.711027160642004]], ""type"": ""MultiPoint""}"
12293,2016:6000087893,2016-01-15T14:35:00,BAYVIEW AVE,EGLINTON AVE E,6 m North of,3,Fatal Injury,Intersection-Related,Traffic Signal,Pedestrian Collision(internal code),Clear,Daylight,Wet,Major Arterial,false,-79.37714777331118,43.711027160642004,1,,East,3,84,Fatal,Use Unknown,,,Crossing with right-of-way (intersection),Normal,,Driver turns right into pedestrian crossing with right-of-way (at intersection),,,,pedestrian,6,Don Valley West (15),53 Division,Leaside-Bennington,false,true,false,false,false,true,true,false,false,false,"{""coordinates"": [[-79.37714777331118, 43.711027160642004]], ""type"": ""MultiPoint""}"
12294,2016:6000089379,2016-01-15T18:58:00,CHAMBERS AVE,ROCKWELL AVE,,2,Non-Fatal Injury,Intersection-Related,No Control,Pedestrian Collision(internal code),Rain,Dark,Wet,Collector,true,-79.46310798703901,43.67674028985358,1,Automobile or Station Wagon,North,1,,None,Use Unknown,Failed to yield right-of-way,Unknown,,,Turning Left,,,,,driver,,Davenport (9),12 Division,Weston-Pelham Park,true,false,false,false,false,false,true,false,false,false,"{""coordinates"": [[-79.46310798703901, 43.67674028985358]], ""type"": ""MultiPoint""}"
12295,2016:6000089379,2016-01-15T18:58:00,CHAMBERS AVE,ROCKWELL AVE,,2,Non-Fatal Injury,Intersection-Related,No Control,Pedestrian Collision(internal code),Rain,Dark,Wet,Collector,true,-79.46310798703901,43.67674028985358,1,,East,2,64,Major,Use Unknown,,,Crossing with right-of-way (intersection),Normal,,Driver turns left into pedestrian crossing with right-of-way (at intersection),,,,pedestrian,,Davenport (9),12 Division,Weston-Pelham Park,true,false,false,false,false,false,true,false,false,false,"{""coordinates"": [[-79.46310798703901, 43.67674028985358]], ""type"": ""MultiPoint""}"
12296,2016:6000091975,2016-01-16T07:48:00,STEELES AVE W,ALCIDE ST,70 m East of,2,Non-Fatal Injury,Non-Intersection,No Control,Approaching Head On,Clear,Daylight,Wet,Major Arterial,false,-79.63350308710962,43.75126445316188,2,Automobile or Station Wagon,East,2,29,Major,Lap and Shoulder Belt,Driving properly,Normal,,,Going Ahead,,,,,driver,,Etobicoke North (1),23 Division,West Humber-Clairville,false,false,false,false,false,false,false,false,false,false,"{""coordinates"": [[-79.63350308710962, 43.75126445316188]], ""type"": ""MultiPoint""}"
12297,2016:6000091975,2016-01-16T07:48:00,STEELES AVE W,ALCIDE ST,70 m East of,2,Non-Fatal Injury,Non-Intersection,No Control,Approaching Head On,Clear,Daylight,Wet,Major Arterial,false,-79.63350308710962,43.75126445316188,1,Automobile or Station Wagon,West,1,26,Minor,Lap and Shoulder Belt,Lost control,Unknown,,,Going Ahead,,,,,driver,,Etobicoke North (1),23 Division,West Humber-Clairville,false,false,false,false,false,false,false,false,false,false,"{""coordinates"": [[-79.63350308710962, 43.75126445316188]], ""type"": ""MultiPoint""}"
12298,2016:6000092951,2016-01-16T11:37:00,BATHURST ST,DUNDAS ST W,57 m North of,6,Non-Fatal Injury,Non-Intersection,No Control,Turning Movement,Clear,Daylight,Dry,Major Arterial,false,-79.40627691782261,43.6529142157008,2,,,6,6,None,Lap and Shoulder Belt,,,,,,,,,,passenger,,University-Rosedale (11),14 Division,Trinity-Bellwoods,false,true,false,false,false,false,false,false,true,false,"{""coordinates"": [[-79.40627691782261, 43.6529142157008]], ""type"": ""MultiPoint""}"
12299,2016:6000092951,2016-01-16T11:37:00,BATHURST ST,DUNDAS ST W,57 m North of,6,Non-Fatal Injury,Non-Intersection,No Control,Turning Movement,Clear,Daylight,Dry,Major Arterial,false,-79.40627691782261,43.6529142157008,2,Pickup Truck,North,2,35,None,Lap and Shoulder Belt,Driving properly,Normal,,,Going Ahead,,,,,driver,,University-Rosedale (11),14 Division,Trinity-Bellwoods,false,true,false,false,false,false,false,false,true,false,"{""coordinates"": [[-79.40627691782261, 43.6529142157008]], ""type"": ""MultiPoint""}"
12300,2016:6000092951,2016-01-16T11:37:00,BATHURST ST,DUNDAS ST W,57 m North of,6,Non-Fatal Injury,Non-Intersection,No Control,Turning Movement,Clear,Daylight,Dry,Major Arterial,false,-79.40627691782261,43.6529142157008,1,,,4,22,Minor,Lap and Shoulder Belt,,,,,,,,,,passenger,,University-Rosedale (11),14 Division,Trinity-Bellwoods,false,true,false,false,false,false,false,false,true,false,"{""coordinates"": [[-79.40627691782261, 43.6529142157008]], ""type"": ""MultiPoint""}"
12301,2016:6000092951,2016-01-16T11:37:00,BATHURST ST,DUNDAS ST W,57 m North of,6,Non-Fatal Injury,Non-Intersection,No Control,Turning Movement,Clear,Daylight,Dry,Major Arterial,false,-79.40627691782261,43.6529142157008,1,,,3,25,Major,Use Unknown,,,,,,,,,,passenger,,University-Rosedale (11),14 Division,Trinity-Bellwoods,false,true,false,false,false,false,false,false,true,false,"{""coordinates"": [[-79.40627691782261, 43.6529142157008]], ""type"": ""MultiPoint""}"
12302,2016:6000092951,2016-01-16T11:37:00,BATHURST ST,DUNDAS ST W,57 m North of,6,Non-Fatal Injury,Non-Intersection,No Control,Turning Movement,Clear,Daylight,Dry,Major Arterial,false,-79.40627691782261,43.6529142157008,1,Automobile or Station Wagon,North,1,39,Minimal,Lap and Shoulder Belt,Improper turn,Inattentive,,,Making U-Turn,,,,,driver,,University-Rosedale (11),14 Division,Trinity-Bellwoods,false,true,false,false,false,false,false,false,true,false,"{""coordinates"": [[-79.40627691782261, 43.6529142157008]], ""type"": ""MultiPoint""}"
12303,2016:6000094182,2016-01-16T15:36:00,OSSINGTON AVE,DAVENPORT RD,41 m South of,2,Non-Fatal Injury,Non-Intersection,No Control,Pedestrian Collision(internal code),Clear,Daylight,Dry,Minor Arterial,false,-79.43080593020382,43.674310244783456,1,Automobile or Station Wagon,South,1,51,None,Lap and Shoulder Belt,Driving properly,Normal,,,Going Ahead,,,,,driver,,Toronto-St. Paul's (12),13 Division,Wychwood,false,false,false,false,false,false,true,false,false,false,"{""coordinates"": [[-79.43080593020382, 43.674310244783456]], ""type"": ""MultiPoint""}"
12304,2016:6000094182,2016-01-16T15:36:00,OSSINGTON AVE,DAVENPORT RD,41 m South of,2,Non-Fatal Injury,Non-Intersection,No Control,Pedestrian Collision(internal code),Clear,Daylight,Dry,Minor Arterial,false,-79.43080593020382,43.674310244783456,1,,North,2,23,Major,Use Unknown,,,Running onto roadway,Normal,,Driver hits pedestrian at midblock,,,,pedestrian,,Toronto-St. Paul's (12),13 Division,Wychwood,false,false,false,false,false,false,true,false,false,false,"{""coordinates"": [[-79.43080593020382, 43.674310244783456]], ""type"": ""MultiPoint""}"
12305,2016:6000101056,2016-01-17T19:35:00,SHEPPARD AVE E,CHICHESTER PL,,2,Fatal Injury,At Intersection,No Control,Pedestrian Collision(internal code),Clear,Dark with Artificial Lighting,Dry,Major Arterial,false,-79.3203165944084,43.77589208261452,1,Automobile or Station Wagon,West,1,36,None,Lap and Shoulder Belt,Driving properly,Normal,,,Going Ahead,,,,,driver,,Scarborough-Agincourt (22),42 Division,Tam O'Shanter-Sullivan,false,true,false,false,false,true,true,false,false,false,"{""coordinates"": [[-79.3203165944084, 43.77589208261452]], ""type"": ""MultiPoint""}"
12306,2016:6000101056,2016-01-17T19:35:00,SHEPPARD AVE E,CHICHESTER PL,,2,Fatal Injury,At Intersection,No Control,Pedestrian Collision(internal code),Clear,Dark with Artificial Lighting,Dry,Major Arterial,false,-79.3203165944084,43.77589208261452,1,,North,2,79,Fatal,No Equipment Available,,,Crossing - no traffic control,Inattentive,,Driver going straight hits pedestrian crossing without right-of-way (at intersection),,,,pedestrian,4,Scarborough-Agincourt (22),42 Division,Tam O'Shanter-Sullivan,false,true,false,false,false,true,true,false,false,false,"{""coordinates"": [[-79.3203165944084, 43.77589208261452]], ""type"": ""MultiPoint""}"
12307,2016:6000111200,2016-01-19T13:00:00,COMBE AVE,WILMINGTON AVE,,2,Non-Fatal Injury,At Intersection,Stop Sign,Angle,Clear,Daylight,Dry,Minor Arterial,false,-79.45560083534954,43.75963424885112,2,Truck - Closed,South,2,45,Major,Use Unknown,Driving properly,Normal,,,Going Ahead,,,,,driver,,York Centre (6),32 Division,Bathurst Manor,true,true,false,false,false,false,false,false,false,true,"{""coordinates"": [[-79.45560083534954, 43.75963424885112]], ""type"": ""MultiPoint""}"
12308,2016:6000111200,2016-01-19T13:00:00,COMBE AVE,WILMINGTON AVE,,2,Non-Fatal Injury,At Intersection,Stop Sign,Angle,Clear,Daylight,Dry,Minor Arterial,false,-79.45560083534954,43.75963424885112,1,Automobile or Station Wagon,West,1,23,Major,Use Unknown,Exceeding speed limit,Inattentive,,,Going Ahead,,,,,driver,,York Centre (6),32 Division,Bathurst Manor,true,true,false,false,false,false,false,false,false,true,"{""coordinates"": [[-79.45560083534954, 43.75963424885112]], ""type"": ""MultiPoint""}"
12309,2016:6000125863,2016-01-21T19:17:00,FINCH AVE W,WESTON RD,90 m West of,4,Non-Fatal Injury,Non-Intersection,No Control,Pedestrian Collision(internal code),Clear,Dark with Artificial Lighting,Dry,Major Arterial,false,-79.54352997377357,43.751844353657425,2,Truck - Closed,East,2,39,None,Lap and Shoulder Belt,,,,,,,,,,other,,Humber River-Black Creek (7),31 Division,Humbermede,false,true,false,false,false,true,true,false,false,true,"{""coordinates"": [[-79.54352997377357, 43.751844353657425]], ""type"": ""MultiPoint""}"
12310,2016:6000125863,2016-01-21T19:17:00,FINCH AVE W,WESTON RD,90 m West of,4,Non-Fatal Injury,Non-Intersection,No Control,Pedestrian Collision(internal code),Clear,Dark with Artificial Lighting,Dry,Major Arterial,false,-79.54352997377357,43.751844353657425,1,,,3,57,None,Lap and Shoulder Belt,,,,,,,,,,passenger,,Humber River-Black Creek (7),31 Division,Humbermede,false,true,false,false,false,true,true,false,false,true,"{""coordinates"": [[-79.54352997377357, 43.751844353657425]], ""type"": ""MultiPoint""}"
12311,2016:6000125863,2016-01-21T19:17:00,FINCH AVE W,WESTON RD,90 m West of,4,Non-Fatal Injury,Non-Intersection,No Control,Pedestrian Collision(internal code),Clear,Dark with Artificial Lighting,Dry,Major Arterial,false,-79.54352997377357,43.751844353657425,1,Automobile or Station Wagon,East,1,66,None,Lap and Shoulder Belt,Driving properly,Normal,,,Going Ahead,,,,,driver,,Humber River-Black Creek (7),31 Division,Humbermede,false,true,false,false,false,true,true,false,false,true,"{""coordinates"": [[-79.54352997377357, 43.751844353657425]], ""type"": ""MultiPoint""}"
12312,2016:6000125863,2016-01-21T19:17:00,FINCH AVE W,WESTON RD,90 m West of,4,Non-Fatal Injury,Non-Intersection,No Control,Pedestrian Collision(internal code),Clear,Dark with Artificial Lighting,Dry,Major Arterial,false,-79.54352997377357,43.751844353657425,1,,Unknown,4,49,Major,No Equipment Available,,,Other,Inattentive,,Driver hits pedestrian at midblock,,,,pedestrian,,Humber River-Black Creek (7),31 Division,Humbermede,false,true,false,false,false,true,true,false,false,true,"{""coordinates"": [[-79.54352997377357, 43.751844353657425]], ""type"": ""MultiPoint""}"
12313,2016:6000131463,2016-01-22T18:11:00,135 TYNDALL AVE,,85 m South of,2,Non-Fatal Injury,At/Near Private Drive,No Control,Cyclist Collision,Clear,Dark with Artificial Lighting,Dry,Local,false,-79.42868498703015,43.63741825384349,2,Bicycle,North,2,51,Major,Helmet,,,,,Going Ahead,,Driver turns left into path of cyclist,Driving Properly,Normal,cyclist,,Parkdale-High Park (4),14 Division,South Parkdale,false,true,true,false,false,false,false,false,false,false,"{""coordinates"": [[-79.42868498703015, 43.63741825384349]], ""type"": ""MultiPoint""}"
12314,2016:6000131463,2016-01-22T18:11:00,135 TYNDALL AVE,,85 m South of,2,Non-Fatal Injury,At/Near Private Drive,No Control,Cyclist Collision,Clear,Dark with Artificial Lighting,Dry,Local,false,-79.42868498703015,43.63741825384349,1,Automobile or Station Wagon,South,1,43,None,Lap and Shoulder Belt,Improper turn,Inattentive,,,Turning Left,,,,,driver,,Parkdale-High Park (4),14 Division,South Parkdale,false,true,true,false,false,false,false,false,false,false,"{""coordinates"": [[-79.42868498703015, 43.63741825384349]], ""type"": ""MultiPoint""}"
12315,2016:6000133147,2016-01-23T00:35:00,BATHURST ST,FORT YORK BLVD,,12,Non-Fatal Injury,At Intersection,Traffic Signal,Turning Movement,Clear,Dark with Artificial Lighting,Dry,Major Arterial,false,-79.40063892900636,43.638826211077266,3,Automobile or Station Wagon,South,3,22,None,Lap and Shoulder Belt,Driving properly,Normal,,,Slowing or Stopping,,,,,driver,,Spadina-Fort York (10),14 Division,Harbourfront-CityPlace,true,true,false,false,false,false,false,false,true,false,"{""coordinates"": [[-79.40063892900636, 43.638826211077266]], ""type"": ""MultiPoint""}"
12316,2016:6000133147,2016-01-23T00:35:00,BATHURST ST,FORT YORK BLVD,,12,Non-Fatal Injury,At Intersection,Traffic Signal,Turning Movement,Clear,Dark with Artificial Lighting,Dry,Major Arterial,false,-79.40063892900636,43.638826211077266,2,,,9,19,Minimal,Lap and Shoulder Belt,,,,,,,,,,passenger,,Spadina-Fort York (10),14 Division,Harbourfront-CityPlace,true,true,false,false,false,false,false,false,true,false,"{""coordinates"": [[-79.40063892900636, 43.638826211077266]], ""type"": ""MultiPoint""}"
12317,2016:6000133147,2016-01-23T00:35:00,BATHURST ST,FORT YORK BLVD,,12,Non-Fatal Injury,At Intersection,Traffic Signal,Turning Movement,Clear,Dark with Artificial Lighting,Dry,Major Arterial,false,-79.40063892900636,43.638826211077266,2,,,7,23,Minimal,Equipment Not Used But Available,,,,,,,,,,passenger,,Spadina-Fort York (10),14 Division,Harbourfront-CityPlace,true,true,false,false,false,false,false,false,true,false,"{""coordinates"": [[-79.40063892900636, 43.638826211077266]], ""type"": ""MultiPoint""}"
12318,2016:6000133147,2016-01-23T00:35:00,BATHURST ST,FORT YORK BLVD,,12,Non-Fatal Injury,At Intersection,Traffic Signal,Turning Movement,Clear,Dark with Artificial Lighting,Dry,Major Arterial,false,-79.40063892900636,43.638826211077266,5,Automobile or Station Wagon,North,5,36,None,Lap and Shoulder Belt,Driving properly,Unknown,,,Going Ahead,,,,,driver,,Spadina-Fort York (10),14 Division,Harbourfront-CityPlace,true,true,false,false,false,false,false,false,true,false,"{""coordinates"": [[-79.40063892900636, 43.638826211077266]], ""type"": ""MultiPoint""}"
12319,2016:6000477912,2016-03-20T03:03:00,BAY ST,WELLINGTON ST W,,8,Non-Fatal Injury,At Intersection,Traffic Signal,Angle,Clear,Dark with Artificial Lighting,Dry,Major Arterial,false,-79.37972687458937,43.64731817771801,2,,,8,27,Minor,Use Unknown,,,,,,,,,,passenger,,Spadina-Fort York (10),52 Division,Yonge-Bay Corridor,true,false,false,false,false,false,false,true,true,false,"{""coordinates"": [[-79.37972687458937, 43.64731817771801]], ""type"": ""MultiPoint""}"
12320,2016:6000133147,2016-01-23T00:35:00,BATHURST ST,FORT YORK BLVD,,12,Non-Fatal Injury,At Intersection,Traffic Signal,Turning Movement,Clear,Dark with Artificial Lighting,Dry,Major Arterial,false,-79.40063892900636,43.638826211077266,1,Automobile or Station Wagon,South,1,47,Major,Lap and Shoulder Belt,Improper turn,Inattentive,,,Turning Left,,,,,driver,,Spadina-Fort York (10),14 Division,Harbourfront-CityPlace,true,true,false,false,false,false,false,false,true,false,"{""coordinates"": [[-79.40063892900636, 43.638826211077266]], ""type"": ""MultiPoint""}"
12321,2016:6000133147,2016-01-23T00:35:00,BATHURST ST,FORT YORK BLVD,,12,Non-Fatal Injury,At Intersection,Traffic Signal,Turning Movement,Clear,Dark with Artificial Lighting,Dry,Major Arterial,false,-79.40063892900636,43.638826211077266,2,,,10,21,Minimal,Lap and Shoulder Belt,,,,,,,,,,passenger,,Spadina-Fort York (10),14 Division,Harbourfront-CityPlace,true,true,false,false,false,false,false,false,true,false,"{""coordinates"": [[-79.40063892900636, 43.638826211077266]], ""type"": ""MultiPoint""}"
12322,2016:6000133147,2016-01-23T00:35:00,BATHURST ST,FORT YORK BLVD,,12,Non-Fatal Injury,At Intersection,Traffic Signal,Turning Movement,Clear,Dark with Artificial Lighting,Dry,Major Arterial,false,-79.40063892900636,43.638826211077266,2,,,8,19,Minimal,Lap and Shoulder Belt,,,,,,,,,,passenger,,Spadina-Fort York (10),14 Division,Harbourfront-CityPlace,true,true,false,false,false,false,false,false,true,false,"{""coordinates"": [[-79.40063892900636, 43.638826211077266]], ""type"": ""MultiPoint""}"
12323,2016:6000133147,2016-01-23T00:35:00,BATHURST ST,FORT YORK BLVD,,12,Non-Fatal Injury,At Intersection,Traffic Signal,Turning Movement,Clear,Dark with Artificial Lighting,Dry,Major Arterial,false,-79.40063892900636,43.638826211077266,4,Automobile or Station Wagon,South,4,28,None,Lap and Shoulder Belt,Driving properly,Normal,,,Slowing or Stopping,,,,,driver,,Spadina-Fort York (10),14 Division,Harbourfront-CityPlace,true,true,false,false,false,false,false,false,true,false,"{""coordinates"": [[-79.40063892900636, 43.638826211077266]], ""type"": ""MultiPoint""}"
12324,2016:6000133147,2016-01-23T00:35:00,BATHURST ST,FORT YORK BLVD,,12,Non-Fatal Injury,At Intersection,Traffic Signal,Turning Movement,Clear,Dark with Artificial Lighting,Dry,Major Arterial,false,-79.40063892900636,43.638826211077266,2,Automobile or Station Wagon,North,2,22,None,Lap and Shoulder Belt,Exceeding speed limit,Inattentive,,,Going Ahead,,,,,driver,,Spadina-Fort York (10),14 Division,Harbourfront-CityPlace,true,true,false,false,false,false,false,false,true,false,"{""coordinates"": [[-79.40063892900636, 43.638826211077266]], ""type"": ""MultiPoint""}"
12325,2016:6000133147,2016-01-23T00:35:00,BATHURST ST,FORT YORK BLVD,,12,Non-Fatal Injury,At Intersection,Traffic Signal,Turning Movement,Clear,Dark with Artificial Lighting,Dry,Major Arterial,false,-79.40063892900636,43.638826211077266,2,,,11,20,Minimal,Lap and Shoulder Belt,,,,,,,,,,passenger,,Spadina-Fort York (10),14 Division,Harbourfront-CityPlace,true,true,false,false,false,false,false,false,true,false,"{""coordinates"": [[-79.40063892900636, 43.638826211077266]], ""type"": ""MultiPoint""}"
12326,2016:6000133147,2016-01-23T00:35:00,BATHURST ST,FORT YORK BLVD,,12,Non-Fatal Injury,At Intersection,Traffic Signal,Turning Movement,Clear,Dark with Artificial Lighting,Dry,Major Arterial,false,-79.40063892900636,43.638826211077266,6,Automobile or Station Wagon,South,6,43,None,Lap and Shoulder Belt,Driving properly,Unknown,,,Slowing or Stopping,,,,,driver,,Spadina-Fort York (10),14 Division,Harbourfront-CityPlace,true,true,false,false,false,false,false,false,true,false,"{""coordinates"": [[-79.40063892900636, 43.638826211077266]], ""type"": ""MultiPoint""}"
12327,2016:6000133147,2016-01-23T00:35:00,BATHURST ST,FORT YORK BLVD,,12,Non-Fatal Injury,At Intersection,Traffic Signal,Turning Movement,Clear,Dark with Artificial Lighting,Dry,Major Arterial,false,-79.40063892900636,43.638826211077266,2,,,12,22,None,Lap and Shoulder Belt,,,,,,,,,,passenger,,Spadina-Fort York (10),14 Division,Harbourfront-CityPlace,true,true,false,false,false,false,false,false,true,false,"{""coordinates"": [[-79.40063892900636, 43.638826211077266]], ""type"": ""MultiPoint""}"
12328,2016:6000143198,2016-01-23T20:10:00,THE QUEENSWAY,NORTH QUEEN ST,,2,Non-Fatal Injury,At Intersection,Traffic Signal,Cyclist Collision,Clear,Dark with Artificial Lighting,Dry,Major Arterial,false,-79.55611124581169,43.61414544414305,1,Automobile or Station Wagon,East,1,53,None,Lap and Shoulder Belt,Failed to yield right-of-way,Unknown,,,Turning Left,,,,,driver,,Etobicoke-Lakeshore (3),22 Division,Etobicoke City Centre,true,false,true,false,false,false,false,false,false,false,"{""coordinates"": [[-79.55611124581169, 43.61414544414305]], ""type"": ""MultiPoint""}"
12329,2016:6000143198,2016-01-23T20:10:00,THE QUEENSWAY,NORTH QUEEN ST,,2,Non-Fatal Injury,At Intersection,Traffic Signal,Cyclist Collision,Clear,Dark with Artificial Lighting,Dry,Major Arterial,false,-79.55611124581169,43.61414544414305,2,Bicycle,West,2,20,Major,No Equipment Available,,,,,Going Ahead,,Driver turns left into path of cyclist,Other,Unknown,cyclist,,Etobicoke-Lakeshore (3),22 Division,Etobicoke City Centre,true,false,true,false,false,false,false,false,false,false,"{""coordinates"": [[-79.55611124581169, 43.61414544414305]], ""type"": ""MultiPoint""}"
12330,2016:6000139902,2016-01-24T05:21:00,LAKE SHORE BLVD W,BRITISH COLUMBIA RD,245 m East of,1,Non-Fatal Injury,Non-Intersection,No Control,SMV Other,Clear,Dark with Artificial Lighting,Dry,Major Arterial,false,-79.42670099467517,43.630365253122086,1,Automobile or Station Wagon,East,1,26,Major,Lap and Shoulder Belt,Exceeding speed limit,Inattentive,,,Going Ahead,,,,,driver,,Spadina-Fort York (10),14 Division,Fort York-Liberty Village,true,true,false,false,false,false,false,false,false,false,"{""coordinates"": [[-79.42670099467517, 43.630365253122086]], ""type"": ""MultiPoint""}"