_id,collision_id,accdate,stname1,stname2,stname3,per_inv,acclass,accloc,traffictl,impactype,visible,light,rdsfcond,road_class,failtorem,longitude,latitude,veh_no,vehtype,initdir,per_no,invage,injury,safequip,drivact,drivcond,pedact,pedcond,manoeuvre,pedtype,cyclistype,cycact,cyccond,road_user,fatal_no,wardname,division,neighbourhood,aggressive,distracted,cyclist,motorcyclist,other_micromobility,older_adult,pedestrian,red_light,school_child,heavy_truck,geometry
12379,2016:6000334615,2016-02-25T16:25:00,AVIEMORE DR,GRAMPIAN CRES,99 m South of,2,Non-Fatal Injury,Non-Intersection,No Control,Pedestrian Collision(internal code),Clear,Daylight,Dry,Local,false,-79.57017200907917,43.750345383568835,1,,East,1,37,Major,No Equipment Available,,,Other,Normal,,Driver hits pedestrian at midblock,,,,pedestrian,,Humber River-Black Creek (7),31 Division,Humber Summit,true,true,false,false,false,true,true,false,false,false,"{""coordinates"": [[-79.57017200907917, 43.750345383568835]], ""type"": ""MultiPoint""}"
12380,2016:6000353935,2016-02-28T22:40:00,LAWRENCE AVE E,CARNFORTH RD,,3,Non-Fatal Injury,At Intersection,Traffic Signal,Turning Movement,Rain,Dark with Artificial Lighting,Wet,Major Arterial,false,-79.31420461978456,43.741426074393026,2,Automobile or Station Wagon,East,2,27,Minor,Lap and Shoulder Belt,Driving properly,Normal,,,Turning Left,,,,,driver,,Don Valley East (16),33 Division,Victoria Village,true,false,false,false,false,false,false,false,true,false,"{""coordinates"": [[-79.31420461978456, 43.741426074393026]], ""type"": ""MultiPoint""}"
12381,2025:5002100740,2025-10-06T12:42:00,WESTON RD,WRIGHT AVE,90 m North of,2,Non-Fatal Injury,Non-Intersection,No Control,Turning Movement,Clear,Daylight,Dry,Minor Arterial,false,-79.51231803181774,43.69871734577128,2,Motorcycle,North,2,33,Major,Helmet,Driving properly,Normal,,,Going Ahead,,,,,motorcyclist,,York South-Weston (5),12 Division,Weston,false,false,false,true,false,false,false,false,false,false,"{""coordinates"": [[-79.51231803181774, 43.69871734577128]], ""type"": ""MultiPoint""}"
12382,2016:6000353935,2016-02-28T22:40:00,LAWRENCE AVE E,CARNFORTH RD,,3,Non-Fatal Injury,At Intersection,Traffic Signal,Turning Movement,Rain,Dark with Artificial Lighting,Wet,Major Arterial,false,-79.31420461978456,43.741426074393026,2,Automobile or Station Wagon,West,1,20,None,Lap and Shoulder Belt,Exceeding speed limit,Fatigue/Fell Asleep,,,Going Ahead,,,,,driver,,Don Valley East (16),33 Division,Victoria Village,true,false,false,false,false,false,false,false,true,false,"{""coordinates"": [[-79.31420461978456, 43.741426074393026]], ""type"": ""MultiPoint""}"
12383,2016:6000353935,2016-02-28T22:40:00,LAWRENCE AVE E,CARNFORTH RD,,3,Non-Fatal Injury,At Intersection,Traffic Signal,Turning Movement,Rain,Dark with Artificial Lighting,Wet,Major Arterial,false,-79.31420461978456,43.741426074393026,2,,,3,18,Major,Lap and Shoulder Belt,,,,,,,,,,passenger,,Don Valley East (16),33 Division,Victoria Village,true,false,false,false,false,false,false,false,true,false,"{""coordinates"": [[-79.31420461978456, 43.741426074393026]], ""type"": ""MultiPoint""}"
12384,2016:6000365779,2016-02-29T19:30:00,COSBURN AVE,PAPE AVE,3 m East of,2,Non-Fatal Injury,Non-Intersection,No Control,Pedestrian Collision(internal code),Clear,Dark with Artificial Lighting,Dry,Minor Arterial,false,-79.34833875262807,43.689436125061086,1,Automobile or Station Wagon,East,1,33,None,Use Unknown,Failed to yield right-of-way,Inattentive,,,Turning Left,,,,,driver,,Toronto-Danforth (14),55 Division,Danforth East York,true,true,false,false,false,false,true,false,false,false,"{""coordinates"": [[-79.34833875262807, 43.689436125061086]], ""type"": ""MultiPoint""}"
12385,2016:6000365779,2016-02-29T19:30:00,COSBURN AVE,PAPE AVE,3 m East of,2,Non-Fatal Injury,Non-Intersection,No Control,Pedestrian Collision(internal code),Clear,Dark with Artificial Lighting,Dry,Minor Arterial,false,-79.34833875262807,43.689436125061086,1,,East,2,61,Major,Use Unknown,,,Crossing with right-of-way (intersection),Normal,,Driver hits pedestrian at midblock,,,,pedestrian,,Toronto-Danforth (14),55 Division,Danforth East York,true,true,false,false,false,false,true,false,false,false,"{""coordinates"": [[-79.34833875262807, 43.689436125061086]], ""type"": ""MultiPoint""}"
12386,2016:6000359502,2016-02-29T19:39:00,137 QUEEN S PLATE DR,,1 m North of,2,Non-Fatal Injury,Non-Intersection,No Control,Pedestrian Collision(internal code),Clear,Dusk,Dry,Collector,false,-79.59259409938531,43.71726042819937,1,Automobile or Station Wagon,North,1,55,None,Lap and Shoulder Belt,Driving properly,Normal,,,Going Ahead,,,,,driver,,Etobicoke North (1),23 Division,West Humber-Clairville,false,true,false,false,false,false,true,false,false,false,"{""coordinates"": [[-79.59259409938531, 43.71726042819937]], ""type"": ""MultiPoint""}"
12387,2016:6000359502,2016-02-29T19:39:00,137 QUEEN S PLATE DR,,1 m North of,2,Non-Fatal Injury,Non-Intersection,No Control,Pedestrian Collision(internal code),Clear,Dusk,Dry,Collector,false,-79.59259409938531,43.71726042819937,1,,West,2,50,Major,No Equipment Available,,,Crossing - no traffic control,Inattentive,,Driver hits pedestrian at midblock,,,,pedestrian,,Etobicoke North (1),23 Division,West Humber-Clairville,false,true,false,false,false,false,true,false,false,false,"{""coordinates"": [[-79.59259409938531, 43.71726042819937]], ""type"": ""MultiPoint""}"
12388,2016:6000362720,2016-03-01T11:17:00,BATHURST ST,NINA ST,,3,Non-Fatal Injury,Intersection-Related,Traffic Signal,Pedestrian Collision(internal code),Snow,Daylight,Loose Snow,Major Arterial,false,-79.41697289515442,43.679811223406325,2,,,2,76,None,Lap Belt Only of Combined Assembly,,,,,,,,,,passenger,,Toronto-St. Paul's (12),13 Division,Casa Loma,true,true,false,false,false,true,true,true,false,false,"{""coordinates"": [[-79.41697289515442, 43.679811223406325]], ""type"": ""MultiPoint""}"
12389,2016:6000362720,2016-03-01T11:17:00,BATHURST ST,NINA ST,,3,Non-Fatal Injury,Intersection-Related,Traffic Signal,Pedestrian Collision(internal code),Snow,Daylight,Loose Snow,Major Arterial,false,-79.41697289515442,43.679811223406325,1,,Unknown,3,42,Major,No Equipment Available,,,Crossing with right-of-way (intersection),Normal,,Driver going straight hits pedestrian crossing with right-of-way (at intersection),,,,pedestrian,,Toronto-St. Paul's (12),13 Division,Casa Loma,true,true,false,false,false,true,true,true,false,false,"{""coordinates"": [[-79.41697289515442, 43.679811223406325]], ""type"": ""MultiPoint""}"
12390,2016:6000362720,2016-03-01T11:17:00,BATHURST ST,NINA ST,,3,Non-Fatal Injury,Intersection-Related,Traffic Signal,Pedestrian Collision(internal code),Snow,Daylight,Loose Snow,Major Arterial,false,-79.41697289515442,43.679811223406325,1,Automobile or Station Wagon,South,1,49,None,Lap Belt Only of Combined Assembly,Disobeyed traffic control,Inattentive,,,Going Ahead,,,,,driver,,Toronto-St. Paul's (12),13 Division,Casa Loma,true,true,false,false,false,true,true,true,false,false,"{""coordinates"": [[-79.41697289515442, 43.679811223406325]], ""type"": ""MultiPoint""}"
12391,2016:6000375289,2016-03-03T12:55:00,GORDON BAKER RD,FINCH AVE E,11 m West of,4,Non-Fatal Injury,Intersection-Related,Traffic Signal,Approaching Head On,Clear,Daylight,Dry,Major Arterial,false,-79.34125160997885,43.79513710803214,3,,,4,67,Minor,Use Unknown,,,,,,,,,,passenger,,Don Valley North (17),33 Division,Pleasant View,false,false,false,false,false,true,false,false,false,false,"{""coordinates"": [[-79.34125160997885, 43.79513710803214]], ""type"": ""MultiPoint""}"
12392,2016:6000375289,2016-03-03T12:55:00,GORDON BAKER RD,FINCH AVE E,11 m West of,4,Non-Fatal Injury,Intersection-Related,Traffic Signal,Approaching Head On,Clear,Daylight,Dry,Major Arterial,false,-79.34125160997885,43.79513710803214,3,Automobile or Station Wagon,West,3,83,Minor,Use Unknown,Driving properly,Normal,,,Stopped,,,,,driver,,Don Valley North (17),33 Division,Pleasant View,false,false,false,false,false,true,false,false,false,false,"{""coordinates"": [[-79.34125160997885, 43.79513710803214]], ""type"": ""MultiPoint""}"
12393,2016:6000375289,2016-03-03T12:55:00,GORDON BAKER RD,FINCH AVE E,11 m West of,4,Non-Fatal Injury,Intersection-Related,Traffic Signal,Approaching Head On,Clear,Daylight,Dry,Major Arterial,false,-79.34125160997885,43.79513710803214,1,Automobile or Station Wagon,East,1,45,Major,Use Unknown,Lost control,Unknown,,,Going Ahead,,,,,driver,,Don Valley North (17),33 Division,Pleasant View,false,false,false,false,false,true,false,false,false,false,"{""coordinates"": [[-79.34125160997885, 43.79513710803214]], ""type"": ""MultiPoint""}"
12394,2016:6000375289,2016-03-03T12:55:00,GORDON BAKER RD,FINCH AVE E,11 m West of,4,Non-Fatal Injury,Intersection-Related,Traffic Signal,Approaching Head On,Clear,Daylight,Dry,Major Arterial,false,-79.34125160997885,43.79513710803214,2,Automobile or Station Wagon,West,2,60,Minor,Use Unknown,Driving properly,Normal,,,Going Ahead,,,,,driver,,Don Valley North (17),33 Division,Pleasant View,false,false,false,false,false,true,false,false,false,false,"{""coordinates"": [[-79.34125160997885, 43.79513710803214]], ""type"": ""MultiPoint""}"
12395,2016:6000381883,2016-03-04T14:11:00,JARVIS ST,QUEEN ST E,,2,Fatal Injury,Intersection-Related,Traffic Signal,Pedestrian Collision(internal code),Clear,Daylight,Dry,Major Arterial,false,-79.37324185225826,43.65371916679214,1,,East,2,30,Fatal,No Equipment Available,,,Crossing without right-of-way (intersection),Medical or Physical Disability,,Driver going straight hits pedestrian crossing without right-of-way (at intersection),,,,pedestrian,14,Toronto Centre (13),51 Division,Moss Park,false,false,false,false,false,false,true,false,false,true,"{""coordinates"": [[-79.37324185225826, 43.65371916679214]], ""type"": ""MultiPoint""}"
12396,2016:6000381883,2016-03-04T14:11:00,JARVIS ST,QUEEN ST E,,2,Fatal Injury,Intersection-Related,Traffic Signal,Pedestrian Collision(internal code),Clear,Daylight,Dry,Major Arterial,false,-79.37324185225826,43.65371916679214,1,Truck - Dump,South,1,31,None,Lap and Shoulder Belt,Driving properly,Normal,,,Going Ahead,,,,,driver,,Toronto Centre (13),51 Division,Moss Park,false,false,false,false,false,false,true,false,false,true,"{""coordinates"": [[-79.37324185225826, 43.65371916679214]], ""type"": ""MultiPoint""}"
12397,2016:6000408814,2016-03-08T21:06:00,EGLINTON AVE W,BATHURST ST,,2,Non-Fatal Injury,Intersection-Related,Traffic Signal,Pedestrian Collision(internal code),Clear,Daylight,Dry,Major Arterial,false,-79.42554887650596,43.700983228744654,1,Bus - Other,North,1,33,None,Lap and Shoulder Belt,Driving properly,Normal,,,Going Ahead,,,,,driver,,Toronto-St. Paul's (12),13 Division,Forest Hill South,false,true,false,false,false,false,true,false,false,true,"{""coordinates"": [[-79.42554887650596, 43.700983228744654]], ""type"": ""MultiPoint""}"
12398,2016:6000408814,2016-03-08T21:06:00,EGLINTON AVE W,BATHURST ST,,2,Non-Fatal Injury,Intersection-Related,Traffic Signal,Pedestrian Collision(internal code),Clear,Daylight,Dry,Major Arterial,false,-79.42554887650596,43.700983228744654,1,,West,2,20,Major,No Equipment Available,,,Crossing without right-of-way (intersection),Inattentive,,Driver going straight hits pedestrian crossing without right-of-way (at intersection),,,,pedestrian,,Toronto-St. Paul's (12),13 Division,Forest Hill South,false,true,false,false,false,false,true,false,false,true,"{""coordinates"": [[-79.42554887650596, 43.700983228744654]], ""type"": ""MultiPoint""}"
12399,2016:6000411466,2016-03-09T10:14:00,JOHN GARLAND BLVD,MARTIN GROVE RD,3 m East of,2,Non-Fatal Injury,At Intersection,Traffic Signal,Pedestrian Collision(internal code),Clear,Daylight,Dry,Major Arterial,false,-79.58940506753163,43.73201141572037,1,,South,2,66,Major,Use Unknown,,,Crossing with right-of-way (intersection),Normal,,Driver turns right into pedestrian crossing with right-of-way (at intersection),,,,pedestrian,,Etobicoke North (1),23 Division,Mount Olive-Silverstone-Jamestown,true,true,false,false,false,true,true,false,false,false,"{""coordinates"": [[-79.58940506753163, 43.73201141572037]], ""type"": ""MultiPoint""}"
12400,2016:6000411466,2016-03-09T10:14:00,JOHN GARLAND BLVD,MARTIN GROVE RD,3 m East of,2,Non-Fatal Injury,At Intersection,Traffic Signal,Pedestrian Collision(internal code),Clear,Daylight,Dry,Major Arterial,false,-79.58940506753163,43.73201141572037,1,Automobile or Station Wagon,West,1,66,None,Lap and Shoulder Belt,Failed to yield right-of-way,Inattentive,,,Turning Right,,,,,driver,,Etobicoke North (1),23 Division,Mount Olive-Silverstone-Jamestown,true,true,false,false,false,true,true,false,false,false,"{""coordinates"": [[-79.58940506753163, 43.73201141572037]], ""type"": ""MultiPoint""}"
12401,2016:6000414700,2016-03-09T18:35:00,STEELES AVE W,ISLINGTON AVE,,1,Fatal Injury,,No Control,Rear End,Clear,Daylight,Dry,Major Arterial,false,-79.57332299407496,43.76466138201901,2,Motorcycle,West,1,28,Fatal,Helmet,Speed too fast for conditions,Unknown,,,Going Ahead,,,,,motorcyclist,16,Humber River-Black Creek (7),31 Division,Humber Summit,true,false,false,true,false,false,false,false,false,false,"{""coordinates"": [[-79.57332299407496, 43.76466138201901]], ""type"": ""MultiPoint""}"
12402,2016:6000424606,2016-03-11T10:37:00,ALBION RD,HIGHWAY 27 N,,3,Non-Fatal Injury,At Intersection,Traffic Signal,Turning Movement,Clear,Daylight,Dry,Major Arterial,false,-79.60754006717727,43.74427242855213,1,,,3,21,Major,Lap and Shoulder Belt,,,,,,,,,,passenger,,Etobicoke North (1),23 Division,West Humber-Clairville,false,true,false,false,false,false,false,false,false,true,"{""coordinates"": [[-79.60754006717727, 43.74427242855213]], ""type"": ""MultiPoint""}"
12403,2016:6000424606,2016-03-11T10:37:00,ALBION RD,HIGHWAY 27 N,,3,Non-Fatal Injury,At Intersection,Traffic Signal,Turning Movement,Clear,Daylight,Dry,Major Arterial,false,-79.60754006717727,43.74427242855213,2,Truck - Dump,East,2,49,Minimal,Lap and Shoulder Belt,Driving properly,Normal,,,Going Ahead,,,,,driver,,Etobicoke North (1),23 Division,West Humber-Clairville,false,true,false,false,false,false,false,false,false,true,"{""coordinates"": [[-79.60754006717727, 43.74427242855213]], ""type"": ""MultiPoint""}"
12404,2016:6000424606,2016-03-11T10:37:00,ALBION RD,HIGHWAY 27 N,,3,Non-Fatal Injury,At Intersection,Traffic Signal,Turning Movement,Clear,Daylight,Dry,Major Arterial,false,-79.60754006717727,43.74427242855213,1,Automobile or Station Wagon,West,1,42,Minor,Lap and Shoulder Belt,Improper turn,Inattentive,,,Turning Left,,,,,driver,,Etobicoke North (1),23 Division,West Humber-Clairville,false,true,false,false,false,false,false,false,false,true,"{""coordinates"": [[-79.60754006717727, 43.74427242855213]], ""type"": ""MultiPoint""}"
12405,2016:6000434518,2016-03-12T22:35:00,YONGE ST,EGLINTON AVE E,,5,Non-Fatal Injury,At Intersection,Traffic Signal,Pedestrian Collision(internal code),Clear,Dark with Artificial Lighting,Dry,Major Arterial,false,-79.39835781806224,43.706720190183084,2,,,4,68,None,Lap and Shoulder Belt,,,,,,,,,,passenger,,Toronto-St. Paul's (12),53 Division,South Eglinton-Davisville,false,false,false,false,false,true,true,false,true,false,"{""coordinates"": [[-79.39835781806224, 43.706720190183084]], ""type"": ""MultiPoint""}"
12406,2016:6000434518,2016-03-12T22:35:00,YONGE ST,EGLINTON AVE E,,5,Non-Fatal Injury,At Intersection,Traffic Signal,Pedestrian Collision(internal code),Clear,Dark with Artificial Lighting,Dry,Major Arterial,false,-79.39835781806224,43.706720190183084,1,,South,5,60,Major,No Equipment Available,,,Crossing with right-of-way (intersection),Normal,,Driver going straight hits pedestrian crossing with right-of-way (at intersection),,,,pedestrian,,Toronto-St. Paul's (12),53 Division,South Eglinton-Davisville,false,false,false,false,false,true,true,false,true,false,"{""coordinates"": [[-79.39835781806224, 43.706720190183084]], ""type"": ""MultiPoint""}"
12407,2016:6000434518,2016-03-12T22:35:00,YONGE ST,EGLINTON AVE E,,5,Non-Fatal Injury,At Intersection,Traffic Signal,Pedestrian Collision(internal code),Clear,Dark with Artificial Lighting,Dry,Major Arterial,false,-79.39835781806224,43.706720190183084,1,Automobile or Station Wagon,East,1,19,Minimal,Lap and Shoulder Belt,Lost control,Medical or Physical Disability,,,Going Ahead,,,,,driver,,Toronto-St. Paul's (12),53 Division,South Eglinton-Davisville,false,false,false,false,false,true,true,false,true,false,"{""coordinates"": [[-79.39835781806224, 43.706720190183084]], ""type"": ""MultiPoint""}"
12408,2016:6000434518,2016-03-12T22:35:00,YONGE ST,EGLINTON AVE E,,5,Non-Fatal Injury,At Intersection,Traffic Signal,Pedestrian Collision(internal code),Clear,Dark with Artificial Lighting,Dry,Major Arterial,false,-79.39835781806224,43.706720190183084,2,Automobile or Station Wagon,North,2,72,None,Lap and Shoulder Belt,Driving properly,Normal,,,Stopped,,,,,driver,,Toronto-St. Paul's (12),53 Division,South Eglinton-Davisville,false,false,false,false,false,true,true,false,true,false,"{""coordinates"": [[-79.39835781806224, 43.706720190183084]], ""type"": ""MultiPoint""}"
12409,2016:6000434518,2016-03-12T22:35:00,YONGE ST,EGLINTON AVE E,,5,Non-Fatal Injury,At Intersection,Traffic Signal,Pedestrian Collision(internal code),Clear,Dark with Artificial Lighting,Dry,Major Arterial,false,-79.39835781806224,43.706720190183084,1,,,3,19,None,Lap and Shoulder Belt,,,,,,,,,,passenger,,Toronto-St. Paul's (12),53 Division,South Eglinton-Davisville,false,false,false,false,false,true,true,false,true,false,"{""coordinates"": [[-79.39835781806224, 43.706720190183084]], ""type"": ""MultiPoint""}"
12410,2016:6000436156,2016-03-13T08:56:00,KING ST W,CLOSE AVE,18 m West of,3,Non-Fatal Injury,Non-Intersection,No Control,Pedestrian Collision(internal code),Clear,Daylight,Dry,Major Arterial,false,-79.43477299911792,43.63743426304119,1,Automobile or Station Wagon,East,1,79,None,Lap and Shoulder Belt,Other,Inattentive,,,Reversing,,,,,driver,,Parkdale-High Park (4),14 Division,South Parkdale,false,true,false,false,false,true,true,false,false,false,"{""coordinates"": [[-79.43477299911792, 43.63743426304119]], ""type"": ""MultiPoint""}"
12411,2016:6000436156,2016-03-13T08:56:00,KING ST W,CLOSE AVE,18 m West of,3,Non-Fatal Injury,Non-Intersection,No Control,Pedestrian Collision(internal code),Clear,Daylight,Dry,Major Arterial,false,-79.43477299911792,43.63743426304119,2,,,2,83,Minimal,Lap and Shoulder Belt,,,,,,,,,,passenger,,Parkdale-High Park (4),14 Division,South Parkdale,false,true,false,false,false,true,true,false,false,false,"{""coordinates"": [[-79.43477299911792, 43.63743426304119]], ""type"": ""MultiPoint""}"
12412,2016:6000436156,2016-03-13T08:56:00,KING ST W,CLOSE AVE,18 m West of,3,Non-Fatal Injury,Non-Intersection,No Control,Pedestrian Collision(internal code),Clear,Daylight,Dry,Major Arterial,false,-79.43477299911792,43.63743426304119,1,,Unknown,3,86,Major,Use Unknown,,,Other,Normal,,Driver reversing hits pedestrian,,,,pedestrian,,Parkdale-High Park (4),14 Division,South Parkdale,false,true,false,false,false,true,true,false,false,false,"{""coordinates"": [[-79.43477299911792, 43.63743426304119]], ""type"": ""MultiPoint""}"
12413,2016:6000440482,2016-03-14T03:00:00,SHEPPARD AVE W,WESTON RD,2 m West of,2,Non-Fatal Injury,Intersection-Related,Traffic Signal,SMV Other,Rain,Dark with Artificial Lighting,Wet,Major Arterial,false,-79.53821199976387,43.73373635711047,1,Automobile or Station Wagon,West,1,25,Major,Lap and Shoulder Belt,Lost control,Ability Impaired - Alcohol,,,Unknown,,,,,driver,,Humber River-Black Creek (7),31 Division,Pelmo Park-Humberlea,false,false,false,false,false,false,false,false,false,false,"{""coordinates"": [[-79.53821199976387, 43.73373635711047]], ""type"": ""MultiPoint""}"
12414,2016:6000440482,2016-03-14T03:00:00,SHEPPARD AVE W,WESTON RD,2 m West of,2,Non-Fatal Injury,Intersection-Related,Traffic Signal,SMV Other,Rain,Dark with Artificial Lighting,Wet,Major Arterial,false,-79.53821199976387,43.73373635711047,1,,,2,25,Minor,Lap and Shoulder Belt,,,,,,,,,,passenger,,Humber River-Black Creek (7),31 Division,Pelmo Park-Humberlea,false,false,false,false,false,false,false,false,false,false,"{""coordinates"": [[-79.53821199976387, 43.73373635711047]], ""type"": ""MultiPoint""}"
12415,2016:6000441684,2016-03-14T09:52:00,DON MILLS RD,FINCH AVE E,,3,Fatal Injury,At Intersection,Traffic Signal,Angle,Rain,Daylight,Wet,Major Arterial,false,-79.35472463405372,43.79265012389596,0,,,1,55,Fatal,,,,,,,,,,,passenger,17,Don Valley North (17),33 Division,Don Valley Village,true,false,false,false,false,false,false,true,false,false,"{""coordinates"": [[-79.35472463405372, 43.79265012389596]], ""type"": ""MultiPoint""}"
12416,2016:6000441684,2016-03-14T09:52:00,DON MILLS RD,FINCH AVE E,,3,Fatal Injury,At Intersection,Traffic Signal,Angle,Rain,Daylight,Wet,Major Arterial,false,-79.35472463405372,43.79265012389596,1,Automobile or Station Wagon,East,2,59,Minimal,,Disobeyed traffic control,Unknown,,,Going Ahead,,,,,driver,,Don Valley North (17),33 Division,Don Valley Village,true,false,false,false,false,false,false,true,false,false,"{""coordinates"": [[-79.35472463405372, 43.79265012389596]], ""type"": ""MultiPoint""}"
12417,2016:6000441684,2016-03-14T09:52:00,DON MILLS RD,FINCH AVE E,,3,Fatal Injury,At Intersection,Traffic Signal,Angle,Rain,Daylight,Wet,Major Arterial,false,-79.35472463405372,43.79265012389596,2,Automobile or Station Wagon,North,3,44,Minimal,,Driving properly,Normal,,,Going Ahead,,,,,driver,,Don Valley North (17),33 Division,Don Valley Village,true,false,false,false,false,false,false,true,false,false,"{""coordinates"": [[-79.35472463405372, 43.79265012389596]], ""type"": ""MultiPoint""}"
12418,2016:6000444329,2016-03-14T17:39:00,PAPE AVE,CANNING AVE,40 m North of,2,Non-Fatal Injury,Non-Intersection,No Control,Pedestrian Collision(internal code),Clear,Dusk,Wet,Major Arterial,true,-79.34627875836188,43.68274812310576,1,Automobile or Station Wagon,South,1,22,None,Use Unknown,Other,Ability Impaired - Drugs,,,Going Ahead,,,,,driver,,Toronto-Danforth (14),55 Division,Danforth East York,false,false,false,false,false,true,true,false,false,false,"{""coordinates"": [[-79.34627875836188, 43.68274812310576]], ""type"": ""MultiPoint""}"
12419,2016:6000444329,2016-03-14T17:39:00,PAPE AVE,CANNING AVE,40 m North of,2,Non-Fatal Injury,Non-Intersection,No Control,Pedestrian Collision(internal code),Clear,Dusk,Wet,Major Arterial,true,-79.34627875836188,43.68274812310576,1,,West,2,81,Major,Use Unknown,,,Crossing - no traffic control,Normal,,Driver hits pedestrian at midblock,,,,pedestrian,,Toronto-Danforth (14),55 Division,Danforth East York,false,false,false,false,false,true,true,false,false,false,"{""coordinates"": [[-79.34627875836188, 43.68274812310576]], ""type"": ""MultiPoint""}"
12420,2016:6000477912,2016-03-20T03:03:00,BAY ST,WELLINGTON ST W,,8,Non-Fatal Injury,At Intersection,Traffic Signal,Angle,Clear,Dark with Artificial Lighting,Dry,Major Arterial,false,-79.37972687458937,43.64731817771801,1,,,5,17,Minimal,Use Unknown,,,,,,,,,,passenger,,Spadina-Fort York (10),52 Division,Yonge-Bay Corridor,true,false,false,false,false,false,false,true,true,false,"{""coordinates"": [[-79.37972687458937, 43.64731817771801]], ""type"": ""MultiPoint""}"
12421,2016:6000477912,2016-03-20T03:03:00,BAY ST,WELLINGTON ST W,,8,Non-Fatal Injury,At Intersection,Traffic Signal,Angle,Clear,Dark with Artificial Lighting,Dry,Major Arterial,false,-79.37972687458937,43.64731817771801,1,,,4,17,Major,Use Unknown,,,,,,,,,,passenger,,Spadina-Fort York (10),52 Division,Yonge-Bay Corridor,true,false,false,false,false,false,false,true,true,false,"{""coordinates"": [[-79.37972687458937, 43.64731817771801]], ""type"": ""MultiPoint""}"
12422,2016:6000477912,2016-03-20T03:03:00,BAY ST,WELLINGTON ST W,,8,Non-Fatal Injury,At Intersection,Traffic Signal,Angle,Clear,Dark with Artificial Lighting,Dry,Major Arterial,false,-79.37972687458937,43.64731817771801,2,Automobile or Station Wagon,West,2,39,Major,Lap and Shoulder Belt,Driving properly,Normal,,,Going Ahead,,,,,driver,,Spadina-Fort York (10),52 Division,Yonge-Bay Corridor,true,false,false,false,false,false,false,true,true,false,"{""coordinates"": [[-79.37972687458937, 43.64731817771801]], ""type"": ""MultiPoint""}"
12423,2016:6000477912,2016-03-20T03:03:00,BAY ST,WELLINGTON ST W,,8,Non-Fatal Injury,At Intersection,Traffic Signal,Angle,Clear,Dark with Artificial Lighting,Dry,Major Arterial,false,-79.37972687458937,43.64731817771801,1,,,3,,Minimal,Use Unknown,,,,,,,,,,passenger,,Spadina-Fort York (10),52 Division,Yonge-Bay Corridor,true,false,false,false,false,false,false,true,true,false,"{""coordinates"": [[-79.37972687458937, 43.64731817771801]], ""type"": ""MultiPoint""}"
12424,2016:6000477912,2016-03-20T03:03:00,BAY ST,WELLINGTON ST W,,8,Non-Fatal Injury,At Intersection,Traffic Signal,Angle,Clear,Dark with Artificial Lighting,Dry,Major Arterial,false,-79.37972687458937,43.64731817771801,1,Automobile or Station Wagon,North,1,16,None,Use Unknown,Disobeyed traffic control,Unknown,,,Going Ahead,,,,,driver,,Spadina-Fort York (10),52 Division,Yonge-Bay Corridor,true,false,false,false,false,false,false,true,true,false,"{""coordinates"": [[-79.37972687458937, 43.64731817771801]], ""type"": ""MultiPoint""}"
12425,2016:6000477912,2016-03-20T03:03:00,BAY ST,WELLINGTON ST W,,8,Non-Fatal Injury,At Intersection,Traffic Signal,Angle,Clear,Dark with Artificial Lighting,Dry,Major Arterial,false,-79.37972687458937,43.64731817771801,2,,,7,32,Major,Lap and Shoulder Belt,,,,,,,,,,passenger,,Spadina-Fort York (10),52 Division,Yonge-Bay Corridor,true,false,false,false,false,false,false,true,true,false,"{""coordinates"": [[-79.37972687458937, 43.64731817771801]], ""type"": ""MultiPoint""}"
12426,2016:6000478008,2016-03-20T03:40:00,O CONNOR DR,RALSTON AVE,,5,Non-Fatal Injury,At Intersection,No Control,Rear End,Clear,Daylight,Dry,Major Arterial,false,-79.3270607011339,43.69825909466225,2,Automobile or Station Wagon,East,2,29,None,Lap and Shoulder Belt,Driving properly,Normal,,,Slowing or Stopping,,,,,driver,,Beaches-East York (19),55 Division,Old East York,true,true,false,false,false,false,false,false,false,false,"{""coordinates"": [[-79.3270607011339, 43.69825909466225]], ""type"": ""MultiPoint""}"
12427,2016:6000478008,2016-03-20T03:40:00,O CONNOR DR,RALSTON AVE,,5,Non-Fatal Injury,At Intersection,No Control,Rear End,Clear,Daylight,Dry,Major Arterial,false,-79.3270607011339,43.69825909466225,1,,,4,23,Major,Equipment Not Used But Available,,,,,,,,,,passenger,,Beaches-East York (19),55 Division,Old East York,true,true,false,false,false,false,false,false,false,false,"{""coordinates"": [[-79.3270607011339, 43.69825909466225]], ""type"": ""MultiPoint""}"
12428,2016:6000478008,2016-03-20T03:40:00,O CONNOR DR,RALSTON AVE,,5,Non-Fatal Injury,At Intersection,No Control,Rear End,Clear,Daylight,Dry,Major Arterial,false,-79.3270607011339,43.69825909466225,3,Passenger Van,West,3,44,None,Lap and Shoulder Belt,Driving properly,Normal,,,Going Ahead,,,,,driver,,Beaches-East York (19),55 Division,Old East York,true,true,false,false,false,false,false,false,false,false,"{""coordinates"": [[-79.3270607011339, 43.69825909466225]], ""type"": ""MultiPoint""}"