_id,collision_id,accdate,stname1,stname2,stname3,per_inv,acclass,accloc,traffictl,impactype,visible,light,rdsfcond,road_class,failtorem,longitude,latitude,veh_no,vehtype,initdir,per_no,invage,injury,safequip,drivact,drivcond,pedact,pedcond,manoeuvre,pedtype,cyclistype,cycact,cyccond,road_user,fatal_no,wardname,division,neighbourhood,aggressive,distracted,cyclist,motorcyclist,other_micromobility,older_adult,pedestrian,red_light,school_child,heavy_truck,geometry
12429,2016:6000478008,2016-03-20T03:40:00,O CONNOR DR,RALSTON AVE,,5,Non-Fatal Injury,At Intersection,No Control,Rear End,Clear,Daylight,Dry,Major Arterial,false,-79.3270607011339,43.69825909466225,1,Automobile or Station Wagon,East,1,45,None,Lap and Shoulder Belt,Following too closely,Inattentive,,,Going Ahead,,,,,driver,,Beaches-East York (19),55 Division,Old East York,true,true,false,false,false,false,false,false,false,false,"{""coordinates"": [[-79.3270607011339, 43.69825909466225]], ""type"": ""MultiPoint""}"
12430,2016:6000478008,2016-03-20T03:40:00,O CONNOR DR,RALSTON AVE,,5,Non-Fatal Injury,At Intersection,No Control,Rear End,Clear,Daylight,Dry,Major Arterial,false,-79.3270607011339,43.69825909466225,3,,,5,42,None,Lap and Shoulder Belt,,,,,,,,,,passenger,,Beaches-East York (19),55 Division,Old East York,true,true,false,false,false,false,false,false,false,false,"{""coordinates"": [[-79.3270607011339, 43.69825909466225]], ""type"": ""MultiPoint""}"
12431,2016:6000478020,2016-03-20T03:44:00,COLLEGE ST,LANSDOWNE AVE,,3,Non-Fatal Injury,At Intersection,Traffic Signal,Cyclist Collision,Clear,Dark with Artificial Lighting,Dry,Minor Arterial,false,-79.43996098676256,43.65093826610627,1,,,3,41,None,Lap and Shoulder Belt,,,,,,,,,,passenger,,Davenport (9),11 Division,Dufferin Grove,true,true,true,false,false,false,false,false,false,false,"{""coordinates"": [[-79.43996098676256, 43.65093826610627]], ""type"": ""MultiPoint""}"
12432,2016:6000478020,2016-03-20T03:44:00,COLLEGE ST,LANSDOWNE AVE,,3,Non-Fatal Injury,At Intersection,Traffic Signal,Cyclist Collision,Clear,Dark with Artificial Lighting,Dry,Minor Arterial,false,-79.43996098676256,43.65093826610627,2,Bicycle,East,2,30,Major,No Equipment Available,,,,,Going Ahead,,Driver turns left into path of cyclist,Other,Had Been Drinking,cyclist,,Davenport (9),11 Division,Dufferin Grove,true,true,true,false,false,false,false,false,false,false,"{""coordinates"": [[-79.43996098676256, 43.65093826610627]], ""type"": ""MultiPoint""}"
12433,2016:6000478020,2016-03-20T03:44:00,COLLEGE ST,LANSDOWNE AVE,,3,Non-Fatal Injury,At Intersection,Traffic Signal,Cyclist Collision,Clear,Dark with Artificial Lighting,Dry,Minor Arterial,false,-79.43996098676256,43.65093826610627,1,Automobile or Station Wagon,West,1,43,None,Lap and Shoulder Belt,Failed to yield right-of-way,Inattentive,,,Turning Left,,,,,driver,,Davenport (9),11 Division,Dufferin Grove,true,true,true,false,false,false,false,false,false,false,"{""coordinates"": [[-79.43996098676256, 43.65093826610627]], ""type"": ""MultiPoint""}"
12434,2016:6000480825,2016-03-20T16:54:00,LAKE SHORE BLVD W,BRITISH COLUMBIA RD,11 m South of Light Post 300,6,Non-Fatal Injury,Non-Intersection,No Control,Approaching Head On,Clear,Daylight,Dry,Major Arterial,false,-79.4255489930303,43.62995725149241,2,Automobile or Station Wagon,East,2,61,Minor,Lap and Shoulder Belt,Driving properly,Normal,,,Going Ahead,,,,,driver,,Spadina-Fort York (10),14 Division,Fort York-Liberty Village,false,false,false,false,false,false,false,false,true,false,"{""coordinates"": [[-79.4255489930303, 43.62995725149241]], ""type"": ""MultiPoint""}"
12435,2016:6000480825,2016-03-20T16:54:00,LAKE SHORE BLVD W,BRITISH COLUMBIA RD,11 m South of Light Post 300,6,Non-Fatal Injury,Non-Intersection,No Control,Approaching Head On,Clear,Daylight,Dry,Major Arterial,false,-79.4255489930303,43.62995725149241,1,Automobile or Station Wagon,West,1,40,Major,Lap and Shoulder Belt,Other,Had Been Drinking,,,Going Ahead,,,,,driver,,Spadina-Fort York (10),14 Division,Fort York-Liberty Village,false,false,false,false,false,false,false,false,true,false,"{""coordinates"": [[-79.4255489930303, 43.62995725149241]], ""type"": ""MultiPoint""}"
12436,2016:6000480825,2016-03-20T16:54:00,LAKE SHORE BLVD W,BRITISH COLUMBIA RD,11 m South of Light Post 300,6,Non-Fatal Injury,Non-Intersection,No Control,Approaching Head On,Clear,Daylight,Dry,Major Arterial,false,-79.4255489930303,43.62995725149241,2,,,5,29,Minor,Lap and Shoulder Belt,,,,,,,,,,passenger,,Spadina-Fort York (10),14 Division,Fort York-Liberty Village,false,false,false,false,false,false,false,false,true,false,"{""coordinates"": [[-79.4255489930303, 43.62995725149241]], ""type"": ""MultiPoint""}"
12437,2016:6000480825,2016-03-20T16:54:00,LAKE SHORE BLVD W,BRITISH COLUMBIA RD,11 m South of Light Post 300,6,Non-Fatal Injury,Non-Intersection,No Control,Approaching Head On,Clear,Daylight,Dry,Major Arterial,false,-79.4255489930303,43.62995725149241,2,,,3,54,Minor,Lap and Shoulder Belt,,,,,,,,,,passenger,,Spadina-Fort York (10),14 Division,Fort York-Liberty Village,false,false,false,false,false,false,false,false,true,false,"{""coordinates"": [[-79.4255489930303, 43.62995725149241]], ""type"": ""MultiPoint""}"
12438,2016:6000480825,2016-03-20T16:54:00,LAKE SHORE BLVD W,BRITISH COLUMBIA RD,11 m South of Light Post 300,6,Non-Fatal Injury,Non-Intersection,No Control,Approaching Head On,Clear,Daylight,Dry,Major Arterial,false,-79.4255489930303,43.62995725149241,2,,,4,31,Minor,Lap and Shoulder Belt,,,,,,,,,,passenger,,Spadina-Fort York (10),14 Division,Fort York-Liberty Village,false,false,false,false,false,false,false,false,true,false,"{""coordinates"": [[-79.4255489930303, 43.62995725149241]], ""type"": ""MultiPoint""}"
12439,2016:6000480825,2016-03-20T16:54:00,LAKE SHORE BLVD W,BRITISH COLUMBIA RD,11 m South of Light Post 300,6,Non-Fatal Injury,Non-Intersection,No Control,Approaching Head On,Clear,Daylight,Dry,Major Arterial,false,-79.4255489930303,43.62995725149241,2,,,6,19,Minor,Lap and Shoulder Belt,,,,,,,,,,passenger,,Spadina-Fort York (10),14 Division,Fort York-Liberty Village,false,false,false,false,false,false,false,false,true,false,"{""coordinates"": [[-79.4255489930303, 43.62995725149241]], ""type"": ""MultiPoint""}"
12440,2016:6000493980,2016-03-22T19:36:00,PROGRESS AVE,KENNEDY RD,,2,Non-Fatal Injury,Intersection-Related,Traffic Signal,Pedestrian Collision(internal code),Rain,Dusk with Artificial Lighting,Wet,Major Arterial,false,-79.2822225376413,43.76935003594557,1,Pickup Truck,West,1,37,None,Lap and Shoulder Belt,Failed to yield right-of-way,Normal,,,Turning Right,,,,,driver,,Scarborough Centre (21),41 Division,Dorset Park,true,false,false,false,false,false,true,false,false,false,"{""coordinates"": [[-79.2822225376413, 43.76935003594557]], ""type"": ""MultiPoint""}"
12441,2016:6000493980,2016-03-22T19:36:00,PROGRESS AVE,KENNEDY RD,,2,Non-Fatal Injury,Intersection-Related,Traffic Signal,Pedestrian Collision(internal code),Rain,Dusk with Artificial Lighting,Wet,Major Arterial,false,-79.2822225376413,43.76935003594557,1,,South,2,64,Major,Use Unknown,,,Crossing with right-of-way (intersection),Normal,,Driver turns right into pedestrian crossing with right-of-way (at intersection),,,,pedestrian,,Scarborough Centre (21),41 Division,Dorset Park,true,false,false,false,false,false,true,false,false,false,"{""coordinates"": [[-79.2822225376413, 43.76935003594557]], ""type"": ""MultiPoint""}"
12442,2016:6000498147,2016-03-23T13:13:00,400 NUGGET AVE,,110 m South of,3,Non-Fatal Injury,At/Near Private Drive,No Control,Turning Movement,Clear,Daylight,Dry,Minor Arterial,false,-79.24876046086683,43.796666999881154,2,Automobile or Station Wagon,West,1,35,Major,Lap and Shoulder Belt,Driving properly,Normal,,,Going Ahead,,,,,driver,,Scarborough North (23),42 Division,Agincourt South-Malvern West,true,false,false,false,false,false,false,false,false,false,"{""coordinates"": [[-79.24876046086683, 43.796666999881154]], ""type"": ""MultiPoint""}"
12443,2016:6000498147,2016-03-23T13:13:00,400 NUGGET AVE,,110 m South of,3,Non-Fatal Injury,At/Near Private Drive,No Control,Turning Movement,Clear,Daylight,Dry,Minor Arterial,false,-79.24876046086683,43.796666999881154,2,Passenger Van,South,3,44,None,Lap and Shoulder Belt,Failed to yield right-of-way,Normal,,,Turning Left,,,,,driver,,Scarborough North (23),42 Division,Agincourt South-Malvern West,true,false,false,false,false,false,false,false,false,false,"{""coordinates"": [[-79.24876046086683, 43.796666999881154]], ""type"": ""MultiPoint""}"
12444,2016:6000498147,2016-03-23T13:13:00,400 NUGGET AVE,,110 m South of,3,Non-Fatal Injury,At/Near Private Drive,No Control,Turning Movement,Clear,Daylight,Dry,Minor Arterial,false,-79.24876046086683,43.796666999881154,2,,,2,28,Minimal,Lap and Shoulder Belt,,,,,,,,,,passenger,,Scarborough North (23),42 Division,Agincourt South-Malvern West,true,false,false,false,false,false,false,false,false,false,"{""coordinates"": [[-79.24876046086683, 43.796666999881154]], ""type"": ""MultiPoint""}"
12445,2016:6000500403,2016-03-23T20:15:00,KING ST E,PRINCESS ST,10 m East of,2,Fatal Injury,Intersection-Related,No Control,Pedestrian Collision(internal code),Freezing Rain or Hail,Dark with Artificial Lighting,Wet,Major Arterial,false,-79.36700884346106,43.651472158019864,0,,North,2,79,Fatal,,,,Crossing - no traffic control,Inattentive,,Driver hits pedestrian at midblock,,,,pedestrian,18,Toronto Centre (13),51 Division,Moss Park,false,true,false,false,false,true,true,false,false,false,"{""coordinates"": [[-79.36700884346106, 43.651472158019864]], ""type"": ""MultiPoint""}"
12446,2016:6000500403,2016-03-23T20:15:00,KING ST E,PRINCESS ST,10 m East of,2,Fatal Injury,Intersection-Related,No Control,Pedestrian Collision(internal code),Freezing Rain or Hail,Dark with Artificial Lighting,Wet,Major Arterial,false,-79.36700884346106,43.651472158019864,1,Automobile or Station Wagon,East,1,61,None,No Equipment Available,Driving properly,Normal,,,Going Ahead,,,,,driver,,Toronto Centre (13),51 Division,Moss Park,false,true,false,false,false,true,true,false,false,false,"{""coordinates"": [[-79.36700884346106, 43.651472158019864]], ""type"": ""MultiPoint""}"
12447,2016:6000501397,2016-03-24T00:42:00,KINGSTON RD,SHEPPARD AVE E,,2,Non-Fatal Injury,At Intersection,Traffic Signal,Angle,Freezing Rain or Hail,Dark with Artificial Lighting,Slush,Major Arterial,false,-79.14622032360538,43.79890990156965,2,Automobile or Station Wagon,South,2,50,Major,Lap and Shoulder Belt,Driving properly,Normal,,,Going Ahead,,,,,driver,,Scarborough-Rouge Park (25),42 Division,Centennial Scarborough,true,false,false,false,false,false,false,true,false,false,"{""coordinates"": [[-79.14622032360538, 43.79890990156965]], ""type"": ""MultiPoint""}"
12448,2016:6000501397,2016-03-24T00:42:00,KINGSTON RD,SHEPPARD AVE E,,2,Non-Fatal Injury,At Intersection,Traffic Signal,Angle,Freezing Rain or Hail,Dark with Artificial Lighting,Slush,Major Arterial,false,-79.14622032360538,43.79890990156965,1,Automobile or Station Wagon,East,1,28,Minor,Lap and Shoulder Belt,Disobeyed traffic control,Ability Impaired - Alcohol Over .08,,,Going Ahead,,,,,driver,,Scarborough-Rouge Park (25),42 Division,Centennial Scarborough,true,false,false,false,false,false,false,true,false,false,"{""coordinates"": [[-79.14622032360538, 43.79890990156965]], ""type"": ""MultiPoint""}"
12449,2016:6000506509,2016-03-24T20:49:00,KING ST W,UNIVERSITY AVE,,2,Non-Fatal Injury,Intersection-Related,Traffic Signal,Pedestrian Collision(internal code),Rain,Dusk with Artificial Lighting,Wet,Major Arterial,false,-79.38479988404207,43.647649185195405,1,,East,2,26,Major,Use Unknown,,,Crossing with right-of-way (intersection),Normal,,Driver turns left into pedestrian crossing with right-of-way (at intersection),,,,pedestrian,,Spadina-Fort York (10),52 Division,Yonge-Bay Corridor,true,false,false,false,false,false,true,false,false,false,"{""coordinates"": [[-79.38479988404207, 43.647649185195405]], ""type"": ""MultiPoint""}"
12450,2016:6000506509,2016-03-24T20:49:00,KING ST W,UNIVERSITY AVE,,2,Non-Fatal Injury,Intersection-Related,Traffic Signal,Pedestrian Collision(internal code),Rain,Dusk with Artificial Lighting,Wet,Major Arterial,false,-79.38479988404207,43.647649185195405,1,Pickup Truck,East,1,63,None,Lap and Shoulder Belt,Failed to yield right-of-way,Normal,,,Turning Left,,,,,driver,,Spadina-Fort York (10),52 Division,Yonge-Bay Corridor,true,false,false,false,false,false,true,false,false,false,"{""coordinates"": [[-79.38479988404207, 43.647649185195405]], ""type"": ""MultiPoint""}"
12451,2016:6000582754,2016-03-26T15:30:00,FINCH AVE W,BATHURST ST,,1,Non-Fatal Injury,At Intersection,Traffic Signal,Pedestrian Collision(internal code),Clear,Daylight,Dry,Major Arterial,true,-79.44296679781266,43.77378623097439,1,,Unknown,1,77,Major,No Equipment Available,,,Crossing with right-of-way (intersection),Normal,,Driver turns right into pedestrian crossing with right-of-way (at intersection),,,,pedestrian,,Willowdale (18),32 Division,Willowdale West,false,false,false,false,false,true,true,false,false,false,"{""coordinates"": [[-79.44296679781266, 43.77378623097439]], ""type"": ""MultiPoint""}"
12452,2016:6000522644,2016-03-27T21:53:00,MONOGRAM PL,ISLINGTON AVE,,3,Non-Fatal Injury,At Intersection,Traffic Signal,Turning Movement,Clear,Dark with Artificial Lighting,Dry,Major Arterial,false,-79.55042706859406,43.705099386677155,2,,,3,29,Major,Use Unknown,,,,,,,,,,passenger,,Etobicoke North (1),23 Division,Kingsview Village-The Westway,true,false,false,false,false,false,false,true,false,false,"{""coordinates"": [[-79.55042706859406, 43.705099386677155]], ""type"": ""MultiPoint""}"
12453,2016:6000522644,2016-03-27T21:53:00,MONOGRAM PL,ISLINGTON AVE,,3,Non-Fatal Injury,At Intersection,Traffic Signal,Turning Movement,Clear,Dark with Artificial Lighting,Dry,Major Arterial,false,-79.55042706859406,43.705099386677155,2,Automobile or Station Wagon,East,2,50,Major,Lap and Shoulder Belt,Driving properly,Normal,,,Turning Left,,,,,driver,,Etobicoke North (1),23 Division,Kingsview Village-The Westway,true,false,false,false,false,false,false,true,false,false,"{""coordinates"": [[-79.55042706859406, 43.705099386677155]], ""type"": ""MultiPoint""}"
12454,2016:6000522644,2016-03-27T21:53:00,MONOGRAM PL,ISLINGTON AVE,,3,Non-Fatal Injury,At Intersection,Traffic Signal,Turning Movement,Clear,Dark with Artificial Lighting,Dry,Major Arterial,false,-79.55042706859406,43.705099386677155,1,Automobile or Station Wagon,South,1,29,None,Use Unknown,Disobeyed traffic control,Had Been Drinking,,,Going Ahead,,,,,driver,,Etobicoke North (1),23 Division,Kingsview Village-The Westway,true,false,false,false,false,false,false,true,false,false,"{""coordinates"": [[-79.55042706859406, 43.705099386677155]], ""type"": ""MultiPoint""}"
12455,2016:6000530490,2016-03-29T09:01:00,FINCH AVE E,SKYMARK DR,,2,Fatal Injury,Intersection-Related,Traffic Signal,Pedestrian Collision(internal code),Clear,Daylight,Dry,Major Arterial,false,-79.35227562962069,43.79315012100358,1,Pickup Truck,South,1,70,Minimal,,Driving properly,Normal,,,Turning Left,,,,,driver,,Don Valley North (17),33 Division,Don Valley Village,false,false,false,false,false,true,true,false,false,false,"{""coordinates"": [[-79.35227562962069, 43.79315012100358]], ""type"": ""MultiPoint""}"
12456,2016:6000530490,2016-03-29T09:01:00,FINCH AVE E,SKYMARK DR,,2,Fatal Injury,Intersection-Related,Traffic Signal,Pedestrian Collision(internal code),Clear,Daylight,Dry,Major Arterial,false,-79.35227562962069,43.79315012100358,1,,North,2,76,Fatal,,,,Crossing - no traffic control,Normal,,Driver turns left into pedestrian crossing without right-of-way (at intersection),,,,pedestrian,19,Don Valley North (17),33 Division,Don Valley Village,false,false,false,false,false,true,true,false,false,false,"{""coordinates"": [[-79.35227562962069, 43.79315012100358]], ""type"": ""MultiPoint""}"
12457,2016:6000543310,2016-03-31T06:37:00,COLLEGE ST,LIPPINCOTT ST,1 m East of,3,Non-Fatal Injury,At Intersection,Stop Sign,Cyclist Collision,Rain,Daylight with Artificial Lighting,Wet,Major Arterial,false,-79.40648291228973,43.65664821497436,1,Bicycle,South,1,67,Major,Equipment Not Used But Available,,,,,Going Ahead,,"Cyclist without right-of-way rides into path of driver (at intersection, laneway, or driveway)",Disobeyed Traffic Control,Inattentive,cyclist,,University-Rosedale (11),14 Division,Kensington-Chinatown,false,true,true,false,false,true,false,false,false,false,"{""coordinates"": [[-79.40648291228973, 43.65664821497436]], ""type"": ""MultiPoint""}"
12458,2016:6000543310,2016-03-31T06:37:00,COLLEGE ST,LIPPINCOTT ST,1 m East of,3,Non-Fatal Injury,At Intersection,Stop Sign,Cyclist Collision,Rain,Daylight with Artificial Lighting,Wet,Major Arterial,false,-79.40648291228973,43.65664821497436,2,,,3,61,None,Lap and Shoulder Belt,,,,,,,,,,passenger,,University-Rosedale (11),14 Division,Kensington-Chinatown,false,true,true,false,false,true,false,false,false,false,"{""coordinates"": [[-79.40648291228973, 43.65664821497436]], ""type"": ""MultiPoint""}"
12459,2016:6000543310,2016-03-31T06:37:00,COLLEGE ST,LIPPINCOTT ST,1 m East of,3,Non-Fatal Injury,At Intersection,Stop Sign,Cyclist Collision,Rain,Daylight with Artificial Lighting,Wet,Major Arterial,false,-79.40648291228973,43.65664821497436,2,Automobile or Station Wagon,West,2,66,None,Lap and Shoulder Belt,Driving properly,Normal,,,Going Ahead,,,,,driver,,University-Rosedale (11),14 Division,Kensington-Chinatown,false,true,true,false,false,true,false,false,false,false,"{""coordinates"": [[-79.40648291228973, 43.65664821497436]], ""type"": ""MultiPoint""}"
12460,2016:6000548529,2016-03-31T21:46:00,MARKHAM RD,NASHDENE RD,,2,Fatal Injury,Intersection-Related,Traffic Signal,Pedestrian Collision(internal code),Rain,Dark,Wet,Major Arterial,true,-79.24618143868705,43.82022600127772,0,,West,2,56,Fatal,,,,Crossing without right-of-way (intersection),Inattentive,,Driver turns left into pedestrian crossing without right-of-way (at intersection),,,,pedestrian,20,Scarborough North (23),42 Division,Milliken,false,true,false,false,false,false,true,false,false,false,"{""coordinates"": [[-79.24618143868705, 43.82022600127772]], ""type"": ""MultiPoint""}"
12461,2016:6000548529,2016-03-31T21:46:00,MARKHAM RD,NASHDENE RD,,2,Fatal Injury,Intersection-Related,Traffic Signal,Pedestrian Collision(internal code),Rain,Dark,Wet,Major Arterial,true,-79.24618143868705,43.82022600127772,1,Automobile or Station Wagon,South,1,25,None,,Driving properly,Inattentive,,,Going Ahead,,,,,driver,,Scarborough North (23),42 Division,Milliken,false,true,false,false,false,false,true,false,false,false,"{""coordinates"": [[-79.24618143868705, 43.82022600127772]], ""type"": ""MultiPoint""}"
12462,2016:6000548674,2016-03-31T22:10:00,OAKWOOD AVE,VAUGHAN RD,2 m South of,2,Non-Fatal Injury,At Intersection,Traffic Signal,Other,Rain,Dark with Artificial Lighting,Wet,Minor Arterial,false,-79.44083091832314,43.692644252555276,1,,,2,60,Major,No Equipment Available,,,,,,,,,,passenger,,Toronto-St. Paul's (12),13 Division,Oakwood Village,false,false,false,false,false,false,false,false,false,true,"{""coordinates"": [[-79.44083091832314, 43.692644252555276]], ""type"": ""MultiPoint""}"
12463,2016:6000548674,2016-03-31T22:10:00,OAKWOOD AVE,VAUGHAN RD,2 m South of,2,Non-Fatal Injury,At Intersection,Traffic Signal,Other,Rain,Dark with Artificial Lighting,Wet,Minor Arterial,false,-79.44083091832314,43.692644252555276,1,Municipal Transit Bus (TTC),North,1,41,None,Lap and Shoulder Belt,Driving properly,Normal,,,Pulling Away from Shoulder or Curb,,,,,driver,,Toronto-St. Paul's (12),13 Division,Oakwood Village,false,false,false,false,false,false,false,false,false,true,"{""coordinates"": [[-79.44083091832314, 43.692644252555276]], ""type"": ""MultiPoint""}"
12464,2016:6000555439,2016-04-01T22:06:00,THE QUEENSWAY,ROYAL YORK RD,,4,Non-Fatal Injury,At Intersection,Traffic Signal,Turning Movement,Clear,Dark with Artificial Lighting,Dry,Major Arterial,false,-79.50262115280489,43.62632537040179,1,Automobile or Station Wagon,East,1,46,Minimal,Lap and Shoulder Belt,Improper turn,Normal,,,Turning Left,,,,,driver,,Etobicoke-Lakeshore (3),22 Division,Stonegate-Queensway,true,false,false,false,false,false,false,false,true,false,"{""coordinates"": [[-79.50262115280489, 43.62632537040179]], ""type"": ""MultiPoint""}"
12465,2016:6000555439,2016-04-01T22:06:00,THE QUEENSWAY,ROYAL YORK RD,,4,Non-Fatal Injury,At Intersection,Traffic Signal,Turning Movement,Clear,Dark with Artificial Lighting,Dry,Major Arterial,false,-79.50262115280489,43.62632537040179,2,Automobile or Station Wagon,West,2,22,Minor,Lap and Shoulder Belt,Exceeding speed limit,Normal,,,Going Ahead,,,,,driver,,Etobicoke-Lakeshore (3),22 Division,Stonegate-Queensway,true,false,false,false,false,false,false,false,true,false,"{""coordinates"": [[-79.50262115280489, 43.62632537040179]], ""type"": ""MultiPoint""}"
12466,2016:6000555439,2016-04-01T22:06:00,THE QUEENSWAY,ROYAL YORK RD,,4,Non-Fatal Injury,At Intersection,Traffic Signal,Turning Movement,Clear,Dark with Artificial Lighting,Dry,Major Arterial,false,-79.50262115280489,43.62632537040179,1,,,3,16,Minimal,Lap and Shoulder Belt,,,,,,,,,,passenger,,Etobicoke-Lakeshore (3),22 Division,Stonegate-Queensway,true,false,false,false,false,false,false,false,true,false,"{""coordinates"": [[-79.50262115280489, 43.62632537040179]], ""type"": ""MultiPoint""}"
12467,2016:6000555439,2016-04-01T22:06:00,THE QUEENSWAY,ROYAL YORK RD,,4,Non-Fatal Injury,At Intersection,Traffic Signal,Turning Movement,Clear,Dark with Artificial Lighting,Dry,Major Arterial,false,-79.50262115280489,43.62632537040179,2,,,4,25,Major,Lap and Shoulder Belt,,,,,,,,,,passenger,,Etobicoke-Lakeshore (3),22 Division,Stonegate-Queensway,true,false,false,false,false,false,false,false,true,false,"{""coordinates"": [[-79.50262115280489, 43.62632537040179]], ""type"": ""MultiPoint""}"
12468,2016:6000566615,2016-04-03T19:30:00,FINCH AVE E,CHEROKEE BLVD,150 m East of,8,Non-Fatal Injury,Non-Intersection,No Control,Approaching Head On,Snow,Dark,Ice,Major Arterial,false,-79.3354836029161,43.79287110121635,2,,,8,5,Minor,Use Unknown,,,,,,,,,,passenger,,Don Valley North (17),33 Division,Pleasant View,true,false,false,false,false,true,false,false,true,false,"{""coordinates"": [[-79.3354836029161, 43.79287110121635]], ""type"": ""MultiPoint""}"
12469,2016:6000566615,2016-04-03T19:30:00,FINCH AVE E,CHEROKEE BLVD,150 m East of,8,Non-Fatal Injury,Non-Intersection,No Control,Approaching Head On,Snow,Dark,Ice,Major Arterial,false,-79.3354836029161,43.79287110121635,1,Automobile or Station Wagon,East,1,29,None,Lap and Shoulder Belt,Speed too fast for conditions,Normal,,,Going Ahead,,,,,driver,,Don Valley North (17),33 Division,Pleasant View,true,false,false,false,false,true,false,false,true,false,"{""coordinates"": [[-79.3354836029161, 43.79287110121635]], ""type"": ""MultiPoint""}"
12470,2016:6000566615,2016-04-03T19:30:00,FINCH AVE E,CHEROKEE BLVD,150 m East of,8,Non-Fatal Injury,Non-Intersection,No Control,Approaching Head On,Snow,Dark,Ice,Major Arterial,false,-79.3354836029161,43.79287110121635,2,,,5,70,Minor,Lap and Shoulder Belt,,,,,,,,,,passenger,,Don Valley North (17),33 Division,Pleasant View,true,false,false,false,false,true,false,false,true,false,"{""coordinates"": [[-79.3354836029161, 43.79287110121635]], ""type"": ""MultiPoint""}"
12471,2016:6000566615,2016-04-03T19:30:00,FINCH AVE E,CHEROKEE BLVD,150 m East of,8,Non-Fatal Injury,Non-Intersection,No Control,Approaching Head On,Snow,Dark,Ice,Major Arterial,false,-79.3354836029161,43.79287110121635,2,,,6,39,Minor,Lap and Shoulder Belt,,,,,,,,,,passenger,,Don Valley North (17),33 Division,Pleasant View,true,false,false,false,false,true,false,false,true,false,"{""coordinates"": [[-79.3354836029161, 43.79287110121635]], ""type"": ""MultiPoint""}"
12472,2016:6000566615,2016-04-03T19:30:00,FINCH AVE E,CHEROKEE BLVD,150 m East of,8,Non-Fatal Injury,Non-Intersection,No Control,Approaching Head On,Snow,Dark,Ice,Major Arterial,false,-79.3354836029161,43.79287110121635,2,Automobile or Station Wagon,West,2,44,Minor,Lap and Shoulder Belt,Driving properly,Normal,,,Going Ahead,,,,,driver,,Don Valley North (17),33 Division,Pleasant View,true,false,false,false,false,true,false,false,true,false,"{""coordinates"": [[-79.3354836029161, 43.79287110121635]], ""type"": ""MultiPoint""}"
12473,2016:6000566615,2016-04-03T19:30:00,FINCH AVE E,CHEROKEE BLVD,150 m East of,8,Non-Fatal Injury,Non-Intersection,No Control,Approaching Head On,Snow,Dark,Ice,Major Arterial,false,-79.3354836029161,43.79287110121635,2,,,4,66,Minor,Lap and Shoulder Belt,,,,,,,,,,passenger,,Don Valley North (17),33 Division,Pleasant View,true,false,false,false,false,true,false,false,true,false,"{""coordinates"": [[-79.3354836029161, 43.79287110121635]], ""type"": ""MultiPoint""}"
12474,2016:6000566615,2016-04-03T19:30:00,FINCH AVE E,CHEROKEE BLVD,150 m East of,8,Non-Fatal Injury,Non-Intersection,No Control,Approaching Head On,Snow,Dark,Ice,Major Arterial,false,-79.3354836029161,43.79287110121635,1,,,3,54,Major,Lap and Shoulder Belt,,,,,,,,,,passenger,,Don Valley North (17),33 Division,Pleasant View,true,false,false,false,false,true,false,false,true,false,"{""coordinates"": [[-79.3354836029161, 43.79287110121635]], ""type"": ""MultiPoint""}"
12475,2016:6000566615,2016-04-03T19:30:00,FINCH AVE E,CHEROKEE BLVD,150 m East of,8,Non-Fatal Injury,Non-Intersection,No Control,Approaching Head On,Snow,Dark,Ice,Major Arterial,false,-79.3354836029161,43.79287110121635,2,,,7,4,None,Use Unknown,,,,,,,,,,passenger,,Don Valley North (17),33 Division,Pleasant View,true,false,false,false,false,true,false,false,true,false,"{""coordinates"": [[-79.3354836029161, 43.79287110121635]], ""type"": ""MultiPoint""}"
12476,2016:6000576751,2016-04-05T12:04:00,200 NORSEMAN ST,,420 m West of,2,Non-Fatal Injury,Non-Intersection,No Control,Turning Movement,Clear,Daylight,Dry,Collector,false,-79.52476216974934,43.6328713946847,1,Automobile or Station Wagon,West,1,24,Major,Lap and Shoulder Belt,Improper passing,Inattentive,,,Overtaking,,,,,driver,,Etobicoke-Lakeshore (3),22 Division,Etobicoke City Centre,true,true,false,false,false,false,false,false,false,false,"{""coordinates"": [[-79.52476216974934, 43.6328713946847]], ""type"": ""MultiPoint""}"
12477,2016:6000576751,2016-04-05T12:04:00,200 NORSEMAN ST,,420 m West of,2,Non-Fatal Injury,Non-Intersection,No Control,Turning Movement,Clear,Daylight,Dry,Collector,false,-79.52476216974934,43.6328713946847,2,Automobile or Station Wagon,West,2,59,Minimal,Lap and Shoulder Belt,Driving properly,Normal,,,Turning Left,,,,,driver,,Etobicoke-Lakeshore (3),22 Division,Etobicoke City Centre,true,true,false,false,false,false,false,false,false,false,"{""coordinates"": [[-79.52476216974934, 43.6328713946847]], ""type"": ""MultiPoint""}"
12478,2016:6000581980,2016-04-06T08:35:00,SHEPPARD AVE E,GATEFORTH DR,15 m West of,3,Non-Fatal Injury,Intersection-Related,Traffic Signal,Pedestrian Collision(internal code),Clear,Daylight,Dry,Major Arterial,false,-79.23031243725214,43.795582981874134,1,Automobile or Station Wagon,West,1,25,None,Use Unknown,Driving properly,Normal,,,Going Ahead,,,,,driver,,Scarborough North (23),42 Division,Malvern East,false,false,false,false,false,false,true,false,true,false,"{""coordinates"": [[-79.23031243725214, 43.795582981874134]], ""type"": ""MultiPoint""}"