_id,collision_id,accdate,stname1,stname2,stname3,per_inv,acclass,accloc,traffictl,impactype,visible,light,rdsfcond,road_class,failtorem,longitude,latitude,veh_no,vehtype,initdir,per_no,invage,injury,safequip,drivact,drivcond,pedact,pedcond,manoeuvre,pedtype,cyclistype,cycact,cyccond,road_user,fatal_no,wardname,division,neighbourhood,aggressive,distracted,cyclist,motorcyclist,other_micromobility,older_adult,pedestrian,red_light,school_child,heavy_truck,geometry
12579,2016:6000901714,2016-05-25T15:25:00,182 JAMESON AVE,,3 m East of,5,Non-Fatal Injury,Non-Intersection,No Control,Pedestrian Collision(internal code),Clear,Daylight,Dry,Minor Arterial,false,-79.43663400071291,43.63869626541767,1,,,4,6,None,Lap and Shoulder Belt,,,,,,,,,,passenger,,Parkdale-High Park (4),14 Division,South Parkdale,false,true,false,false,false,false,true,false,true,false,"{""coordinates"": [[-79.43663400071291, 43.63869626541767]], ""type"": ""MultiPoint""}"
12580,2016:6000901714,2016-05-25T15:25:00,182 JAMESON AVE,,3 m East of,5,Non-Fatal Injury,Non-Intersection,No Control,Pedestrian Collision(internal code),Clear,Daylight,Dry,Minor Arterial,false,-79.43663400071291,43.63869626541767,1,,East,5,4,Major,No Equipment Available,,,Running onto roadway,Inattentive,,Driver hits pedestrian at midblock,,,,pedestrian,,Parkdale-High Park (4),14 Division,South Parkdale,false,true,false,false,false,false,true,false,true,false,"{""coordinates"": [[-79.43663400071291, 43.63869626541767]], ""type"": ""MultiPoint""}"
12581,2016:6000917027,2016-05-27T19:53:00,MARKHAM RD,BLAKEMANOR BLVD,,3,Non-Fatal Injury,At Intersection,Traffic Signal,Pedestrian Collision(internal code),Clear,Daylight,Dry,Major Arterial,false,-79.22225546011686,43.75101196535551,1,,Unknown,3,44,Major,Use Unknown,,,On sidewalk or shoulder,Normal,,Driver hits pedestrian on sidewalk or shoulder,,,,pedestrian,,Scarborough-Guildwood (24),43 Division,Golfdale-Cedarbrae-Woburn,false,false,false,false,false,false,true,false,false,true,"{""coordinates"": [[-79.22225546011686, 43.75101196535551]], ""type"": ""MultiPoint""}"
12582,2016:6000917027,2016-05-27T19:53:00,MARKHAM RD,BLAKEMANOR BLVD,,3,Non-Fatal Injury,At Intersection,Traffic Signal,Pedestrian Collision(internal code),Clear,Daylight,Dry,Major Arterial,false,-79.22225546011686,43.75101196535551,2,Municipal Transit Bus (TTC),North,2,40,None,Lap and Shoulder Belt,Driving properly,Normal,,,Going Ahead,,,,,driver,,Scarborough-Guildwood (24),43 Division,Golfdale-Cedarbrae-Woburn,false,false,false,false,false,false,true,false,false,true,"{""coordinates"": [[-79.22225546011686, 43.75101196535551]], ""type"": ""MultiPoint""}"
12583,2016:6000917027,2016-05-27T19:53:00,MARKHAM RD,BLAKEMANOR BLVD,,3,Non-Fatal Injury,At Intersection,Traffic Signal,Pedestrian Collision(internal code),Clear,Daylight,Dry,Major Arterial,false,-79.22225546011686,43.75101196535551,1,Automobile or Station Wagon,South,1,39,Minor,Lap and Shoulder Belt,Improper turn,Normal,,,Turning Left,,,,,driver,,Scarborough-Guildwood (24),43 Division,Golfdale-Cedarbrae-Woburn,false,false,false,false,false,false,true,false,false,true,"{""coordinates"": [[-79.22225546011686, 43.75101196535551]], ""type"": ""MultiPoint""}"
12584,2016:6000917745,2016-05-27T21:50:00,LAWRENCE AVE E,MCCOWAN RD,,3,Non-Fatal Injury,At Intersection,Traffic Signal,Turning Movement,Clear,Dark with Artificial Lighting,Dry,Major Arterial,false,-79.24538748914173,43.75547598978923,2,,,3,10,Major,Helmet,,,,,,,,,,motorcyclist,,Scarborough Centre (21),43 Division,Bendale South,true,true,false,true,false,true,false,true,true,false,"{""coordinates"": [[-79.24538748914173, 43.75547598978923]], ""type"": ""MultiPoint""}"
12585,2016:6000917745,2016-05-27T21:50:00,LAWRENCE AVE E,MCCOWAN RD,,3,Non-Fatal Injury,At Intersection,Traffic Signal,Turning Movement,Clear,Dark with Artificial Lighting,Dry,Major Arterial,false,-79.24538748914173,43.75547598978923,2,Motorcycle,North,2,41,Major,Helmet,Driving properly,Normal,,,Going Ahead,,,,,motorcyclist,,Scarborough Centre (21),43 Division,Bendale South,true,true,false,true,false,true,false,true,true,false,"{""coordinates"": [[-79.24538748914173, 43.75547598978923]], ""type"": ""MultiPoint""}"
12586,2016:6001211373,2016-07-11T00:27:00,429 DUNDAS ST E,,15 m North of,5,Non-Fatal Injury,Intersection-Related,No Control,Cyclist Collision,Clear,Dark with Artificial Lighting,Dry,Major Arterial,false,-79.36669583130028,43.65926515612712,2,,,4,25,None,Lap and Shoulder Belt,,,,,,,,,,passenger,,Toronto Centre (13),51 Division,Moss Park,false,false,true,false,false,false,false,false,false,false,"{""coordinates"": [[-79.36669583130028, 43.65926515612712]], ""type"": ""MultiPoint""}"
12587,2016:6000917745,2016-05-27T21:50:00,LAWRENCE AVE E,MCCOWAN RD,,3,Non-Fatal Injury,At Intersection,Traffic Signal,Turning Movement,Clear,Dark with Artificial Lighting,Dry,Major Arterial,false,-79.24538748914173,43.75547598978923,1,Automobile or Station Wagon,South,1,67,Minimal,Lap and Shoulder Belt,Disobeyed traffic control,Inattentive,,,Turning Left,,,,,driver,,Scarborough Centre (21),43 Division,Bendale South,true,true,false,true,false,true,false,true,true,false,"{""coordinates"": [[-79.24538748914173, 43.75547598978923]], ""type"": ""MultiPoint""}"
12588,2016:6000920923,2016-05-28T11:50:00,JANE ST,MAPLE LEAF DR,,2,Non-Fatal Injury,At Intersection,Traffic Signal,Turning Movement,Clear,Daylight,Dry,Major Arterial,false,-79.50552000385402,43.70917333261887,2,Motorcycle,North,2,24,Major,Helmet,Driving properly,Normal,,,Going Ahead,,,,,motorcyclist,,York South-Weston (5),12 Division,Rustic,true,true,false,true,false,false,false,false,false,false,"{""coordinates"": [[-79.50552000385402, 43.70917333261887]], ""type"": ""MultiPoint""}"
12589,2016:6000920923,2016-05-28T11:50:00,JANE ST,MAPLE LEAF DR,,2,Non-Fatal Injury,At Intersection,Traffic Signal,Turning Movement,Clear,Daylight,Dry,Major Arterial,false,-79.50552000385402,43.70917333261887,1,Automobile or Station Wagon,South,1,61,None,Lap and Shoulder Belt,Failed to yield right-of-way,Inattentive,,,Turning Left,,,,,driver,,York South-Weston (5),12 Division,Rustic,true,true,false,true,false,false,false,false,false,false,"{""coordinates"": [[-79.50552000385402, 43.70917333261887]], ""type"": ""MultiPoint""}"
12590,2016:6000923025,2016-05-28T18:00:00,THE WEST MALL,WESTSIDE DR,,3,Fatal Injury,Non-Intersection,No Control,Approaching Head On,Clear,Daylight,Dry,Minor Arterial,false,-79.56442724811663,43.61877245203372,1,Automobile or Station Wagon,South,2,23,Fatal,Lap and Shoulder Belt,Lost control,Inattentive,,,Changing Lanes,,,,,driver,33,Etobicoke-Lakeshore (3),22 Division,Etobicoke City Centre,false,true,false,false,false,true,false,false,false,false,"{""coordinates"": [[-79.56442724811663, 43.61877245203372]], ""type"": ""MultiPoint""}"
12591,2016:6000923025,2016-05-28T18:00:00,THE WEST MALL,WESTSIDE DR,,3,Fatal Injury,Non-Intersection,No Control,Approaching Head On,Clear,Daylight,Dry,Minor Arterial,false,-79.56442724811663,43.61877245203372,2,Automobile or Station Wagon,North,3,26,Major,,Driving properly,Normal,,,Going Ahead,,,,,driver,,Etobicoke-Lakeshore (3),22 Division,Etobicoke City Centre,false,true,false,false,false,true,false,false,false,false,"{""coordinates"": [[-79.56442724811663, 43.61877245203372]], ""type"": ""MultiPoint""}"
12592,2016:6000923025,2016-05-28T18:00:00,THE WEST MALL,WESTSIDE DR,,3,Fatal Injury,Non-Intersection,No Control,Approaching Head On,Clear,Daylight,Dry,Minor Arterial,false,-79.56442724811663,43.61877245203372,0,,,1,66,Major,,,,,,,,,,,passenger,,Etobicoke-Lakeshore (3),22 Division,Etobicoke City Centre,false,true,false,false,false,true,false,false,false,false,"{""coordinates"": [[-79.56442724811663, 43.61877245203372]], ""type"": ""MultiPoint""}"
12593,2016:6000956129,2016-05-28T20:05:00,RICHMOND ST W,UNIVERSITY AVE,,2,Non-Fatal Injury,At Intersection,Traffic Signal,Cyclist Collision,Clear,Daylight,Dry,Major Arterial,true,-79.38624988326241,43.650011186812144,2,Bicycle,West,2,26,Major,Helmet,,,,,Going Ahead,,Driver turns right on green or amber at signalized intersection and hits cyclist,Driving Properly,Normal,cyclist,,Spadina-Fort York (10),52 Division,Yonge-Bay Corridor,true,true,true,false,false,false,false,false,false,false,"{""coordinates"": [[-79.38624988326241, 43.650011186812144]], ""type"": ""MultiPoint""}"
12594,2016:6000956129,2016-05-28T20:05:00,RICHMOND ST W,UNIVERSITY AVE,,2,Non-Fatal Injury,At Intersection,Traffic Signal,Cyclist Collision,Clear,Daylight,Dry,Major Arterial,true,-79.38624988326241,43.650011186812144,1,Automobile or Station Wagon,West,1,,None,Use Unknown,Failed to yield right-of-way,Inattentive,,,Turning Right,,,,,driver,,Spadina-Fort York (10),52 Division,Yonge-Bay Corridor,true,true,true,false,false,false,false,false,false,false,"{""coordinates"": [[-79.38624988326241, 43.650011186812144]], ""type"": ""MultiPoint""}"
12595,2016:6000929645,2016-05-29T17:55:00,SPADINA RD,BERNARD AVE,90 m South of,3,Non-Fatal Injury,At/Near Private Drive,No Control,Turning Movement,Clear,Daylight,Dry,Minor Arterial,false,-79.40565888757783,43.671213209774166,2,Motorcycle,South,2,24,Major,Helmet,Driving properly,Normal,,,Going Ahead,,,,,motorcyclist,,University-Rosedale (11),53 Division,Annex,true,true,false,true,false,false,false,false,false,false,"{""coordinates"": [[-79.40565888757783, 43.671213209774166]], ""type"": ""MultiPoint""}"
12596,2016:6000929645,2016-05-29T17:55:00,SPADINA RD,BERNARD AVE,90 m South of,3,Non-Fatal Injury,At/Near Private Drive,No Control,Turning Movement,Clear,Daylight,Dry,Minor Arterial,false,-79.40565888757783,43.671213209774166,1,,,3,30,None,Lap and Shoulder Belt,,,,,,,,,,passenger,,University-Rosedale (11),53 Division,Annex,true,true,false,true,false,false,false,false,false,false,"{""coordinates"": [[-79.40565888757783, 43.671213209774166]], ""type"": ""MultiPoint""}"
12597,2016:6000929645,2016-05-29T17:55:00,SPADINA RD,BERNARD AVE,90 m South of,3,Non-Fatal Injury,At/Near Private Drive,No Control,Turning Movement,Clear,Daylight,Dry,Minor Arterial,false,-79.40565888757783,43.671213209774166,1,Automobile or Station Wagon,East,1,32,None,Lap and Shoulder Belt,Failed to yield right-of-way,Inattentive,,,Turning Left,,,,,driver,,University-Rosedale (11),53 Division,Annex,true,true,false,true,false,false,false,false,false,false,"{""coordinates"": [[-79.40565888757783, 43.671213209774166]], ""type"": ""MultiPoint""}"
12598,2016:6000934627,2016-05-30T12:50:00,BAY ST,HAGERMAN ST,,3,Non-Fatal Injury,At Intersection,Traffic Signal,Turning Movement,Clear,Daylight,Dry,Major Arterial,false,-79.38316787077115,43.65424518130441,1,Automobile or Station Wagon,East,1,36,None,Lap and Shoulder Belt,Failed to yield right-of-way,Inattentive,,,Turning Left,,,,,driver,,Toronto Centre (13),52 Division,Yonge-Bay Corridor,true,true,false,true,false,false,false,false,false,false,"{""coordinates"": [[-79.38316787077115, 43.65424518130441]], ""type"": ""MultiPoint""}"
12599,2016:6000934627,2016-05-30T12:50:00,BAY ST,HAGERMAN ST,,3,Non-Fatal Injury,At Intersection,Traffic Signal,Turning Movement,Clear,Daylight,Dry,Major Arterial,false,-79.38316787077115,43.65424518130441,1,,,3,51,None,Lap and Shoulder Belt,,,,,,,,,,passenger,,Toronto Centre (13),52 Division,Yonge-Bay Corridor,true,true,false,true,false,false,false,false,false,false,"{""coordinates"": [[-79.38316787077115, 43.65424518130441]], ""type"": ""MultiPoint""}"
12600,2016:6000934627,2016-05-30T12:50:00,BAY ST,HAGERMAN ST,,3,Non-Fatal Injury,At Intersection,Traffic Signal,Turning Movement,Clear,Daylight,Dry,Major Arterial,false,-79.38316787077115,43.65424518130441,2,Motorcycle,South,2,36,Major,Helmet,Driving properly,Normal,,,Going Ahead,,,,,motorcyclist,,Toronto Centre (13),52 Division,Yonge-Bay Corridor,true,true,false,true,false,false,false,false,false,false,"{""coordinates"": [[-79.38316787077115, 43.65424518130441]], ""type"": ""MultiPoint""}"
12601,2016:6000936555,2016-05-30T17:25:00,LAKE SHORE BLVD W,THIRTY THIRD ST,50 m East of,4,Non-Fatal Injury,Non-Intersection,No Control,Rear End,Clear,Daylight,Dry,Major Arterial,false,-79.5316662493179,43.5948884234247,2,Passenger Van,West,2,62,None,Lap and Shoulder Belt,Driving properly,Normal,,,Going Ahead,,,,,driver,,Etobicoke-Lakeshore (3),22 Division,Long Branch,false,false,false,false,false,true,false,false,false,false,"{""coordinates"": [[-79.5316662493179, 43.5948884234247]], ""type"": ""MultiPoint""}"
12602,2016:6000936555,2016-05-30T17:25:00,LAKE SHORE BLVD W,THIRTY THIRD ST,50 m East of,4,Non-Fatal Injury,Non-Intersection,No Control,Rear End,Clear,Daylight,Dry,Major Arterial,false,-79.5316662493179,43.5948884234247,1,,,4,73,Major,Lap and Shoulder Belt,,,,,,,,,,passenger,,Etobicoke-Lakeshore (3),22 Division,Long Branch,false,false,false,false,false,true,false,false,false,false,"{""coordinates"": [[-79.5316662493179, 43.5948884234247]], ""type"": ""MultiPoint""}"
12603,2016:6000936555,2016-05-30T17:25:00,LAKE SHORE BLVD W,THIRTY THIRD ST,50 m East of,4,Non-Fatal Injury,Non-Intersection,No Control,Rear End,Clear,Daylight,Dry,Major Arterial,false,-79.5316662493179,43.5948884234247,3,Automobile or Station Wagon,West,3,35,None,Lap and Shoulder Belt,Driving properly,Normal,,,Slowing or Stopping,,,,,driver,,Etobicoke-Lakeshore (3),22 Division,Long Branch,false,false,false,false,false,true,false,false,false,false,"{""coordinates"": [[-79.5316662493179, 43.5948884234247]], ""type"": ""MultiPoint""}"
12604,2016:6000936555,2016-05-30T17:25:00,LAKE SHORE BLVD W,THIRTY THIRD ST,50 m East of,4,Non-Fatal Injury,Non-Intersection,No Control,Rear End,Clear,Daylight,Dry,Major Arterial,false,-79.5316662493179,43.5948884234247,1,Automobile or Station Wagon,West,1,61,None,Lap and Shoulder Belt,Lost control,Normal,,,Going Ahead,,,,,driver,,Etobicoke-Lakeshore (3),22 Division,Long Branch,false,false,false,false,false,true,false,false,false,false,"{""coordinates"": [[-79.5316662493179, 43.5948884234247]], ""type"": ""MultiPoint""}"
12605,2016:6000936557,2016-05-30T17:28:00,4 EWART AVE,,,1,Fatal Injury,Non-Intersection,No Control,Other,Clear,Daylight,Dry,Local,false,-79.46743397524946,43.688112291248416,1,Automobile or Station Wagon,Unknown,1,67,Fatal,Equipment Not Used But Available,Other,Unknown,,,Reversing,,,,,driver,34,York South-Weston (5),12 Division,Keelesdale-Eglinton West,false,false,false,false,false,true,false,false,false,false,"{""coordinates"": [[-79.46743397524946, 43.688112291248416]], ""type"": ""MultiPoint""}"
12606,2016:6000942671,2016-05-31T14:41:00,DON VALLEY PARKWAY S,LAWRENCE AVE E,,2,Fatal Injury,Non-Intersection,No Control,Rear End,Clear,Daylight,Dry,,false,-79.33229465495457,43.73837409768193,1,Automobile or Station Wagon,South,1,72,Fatal,Lap and Shoulder Belt,Speed too slow,Inattentive,,,Going Ahead,,,,,driver,35,Don Valley East (16),33 Division,Banbury-Don Mills,false,true,false,false,false,true,false,false,false,true,"{""coordinates"": [[-79.33229465495457, 43.73837409768193]], ""type"": ""MultiPoint""}"
12607,2016:6000942671,2016-05-31T14:41:00,DON VALLEY PARKWAY S,LAWRENCE AVE E,,2,Fatal Injury,Non-Intersection,No Control,Rear End,Clear,Daylight,Dry,,false,-79.33229465495457,43.73837409768193,2,Truck - Open (Flatbed),South,2,53,None,,Other,Normal,,,Going Ahead,,,,,driver,,Don Valley East (16),33 Division,Banbury-Don Mills,false,true,false,false,false,true,false,false,false,true,"{""coordinates"": [[-79.33229465495457, 43.73837409768193]], ""type"": ""MultiPoint""}"
12608,2016:6000943293,2016-05-31T16:00:00,EGLINTON AVE E,BAYVIEW AVE,,5,Non-Fatal Injury,At Intersection,Traffic Signal,Turning Movement,Clear,Daylight,Dry,Major Arterial,false,-79.37711677334774,43.71096616061312,1,,,4,4,None,Child Safety Seat Used Correctly,,,,,,,,,,passenger,,Don Valley West (15),53 Division,Leaside-Bennington,true,true,false,false,false,true,false,false,true,false,"{""coordinates"": [[-79.37711677334774, 43.71096616061312]], ""type"": ""MultiPoint""}"
12609,2016:6000943293,2016-05-31T16:00:00,EGLINTON AVE E,BAYVIEW AVE,,5,Non-Fatal Injury,At Intersection,Traffic Signal,Turning Movement,Clear,Daylight,Dry,Major Arterial,false,-79.37711677334774,43.71096616061312,2,Automobile or Station Wagon,East,2,32,None,Lap and Shoulder Belt,Driving properly,Normal,,,Going Ahead,,,,,driver,,Don Valley West (15),53 Division,Leaside-Bennington,true,true,false,false,false,true,false,false,true,false,"{""coordinates"": [[-79.37711677334774, 43.71096616061312]], ""type"": ""MultiPoint""}"
12610,2016:6000943293,2016-05-31T16:00:00,EGLINTON AVE E,BAYVIEW AVE,,5,Non-Fatal Injury,At Intersection,Traffic Signal,Turning Movement,Clear,Daylight,Dry,Major Arterial,false,-79.37711677334774,43.71096616061312,1,Automobile or Station Wagon,West,1,77,Major,Lap and Shoulder Belt,Failed to yield right-of-way,Inattentive,,,Turning Left,,,,,driver,,Don Valley West (15),53 Division,Leaside-Bennington,true,true,false,false,false,true,false,false,true,false,"{""coordinates"": [[-79.37711677334774, 43.71096616061312]], ""type"": ""MultiPoint""}"
12611,2016:6000943293,2016-05-31T16:00:00,EGLINTON AVE E,BAYVIEW AVE,,5,Non-Fatal Injury,At Intersection,Traffic Signal,Turning Movement,Clear,Daylight,Dry,Major Arterial,false,-79.37711677334774,43.71096616061312,1,,,5,4,None,Child Safety Seat Used Correctly,,,,,,,,,,passenger,,Don Valley West (15),53 Division,Leaside-Bennington,true,true,false,false,false,true,false,false,true,false,"{""coordinates"": [[-79.37711677334774, 43.71096616061312]], ""type"": ""MultiPoint""}"
12612,2016:6000943293,2016-05-31T16:00:00,EGLINTON AVE E,BAYVIEW AVE,,5,Non-Fatal Injury,At Intersection,Traffic Signal,Turning Movement,Clear,Daylight,Dry,Major Arterial,false,-79.37711677334774,43.71096616061312,1,,,3,34,Minimal,Lap and Shoulder Belt,,,,,,,,,,passenger,,Don Valley West (15),53 Division,Leaside-Bennington,true,true,false,false,false,true,false,false,true,false,"{""coordinates"": [[-79.37711677334774, 43.71096616061312]], ""type"": ""MultiPoint""}"
12613,2016:6000944060,2016-05-31T17:56:00,LAWRENCE AVE W,LITTLE AVE,5 m West of,5,Non-Fatal Injury,At Intersection,Traffic Signal,Pedestrian Collision(internal code),Clear,Daylight,Dry,Major Arterial,false,-79.51984104051049,43.69921335428647,1,,North,2,55,Major,No Equipment Available,,,Crossing with right-of-way (intersection),Normal,,Driver turns right into pedestrian crossing with right-of-way (at intersection),,,,pedestrian,,York South-Weston (5),12 Division,Weston,true,true,false,false,false,false,true,false,true,false,"{""coordinates"": [[-79.51984104051049, 43.69921335428647]], ""type"": ""MultiPoint""}"
12614,2016:6000944060,2016-05-31T17:56:00,LAWRENCE AVE W,LITTLE AVE,5 m West of,5,Non-Fatal Injury,At Intersection,Traffic Signal,Pedestrian Collision(internal code),Clear,Daylight,Dry,Major Arterial,false,-79.51984104051049,43.69921335428647,1,,,5,2,None,Child Safety Seat Used Correctly,,,,,,,,,,passenger,,York South-Weston (5),12 Division,Weston,true,true,false,false,false,false,true,false,true,false,"{""coordinates"": [[-79.51984104051049, 43.69921335428647]], ""type"": ""MultiPoint""}"
12615,2016:6000944060,2016-05-31T17:56:00,LAWRENCE AVE W,LITTLE AVE,5 m West of,5,Non-Fatal Injury,At Intersection,Traffic Signal,Pedestrian Collision(internal code),Clear,Daylight,Dry,Major Arterial,false,-79.51984104051049,43.69921335428647,1,Automobile or Station Wagon,South,1,29,None,Lap and Shoulder Belt,Failed to yield right-of-way,Inattentive,,,Turning Right,,,,,driver,,York South-Weston (5),12 Division,Weston,true,true,false,false,false,false,true,false,true,false,"{""coordinates"": [[-79.51984104051049, 43.69921335428647]], ""type"": ""MultiPoint""}"
12616,2016:6000944060,2016-05-31T17:56:00,LAWRENCE AVE W,LITTLE AVE,5 m West of,5,Non-Fatal Injury,At Intersection,Traffic Signal,Pedestrian Collision(internal code),Clear,Daylight,Dry,Major Arterial,false,-79.51984104051049,43.69921335428647,1,,,4,3,None,Child Safety Seat Used Correctly,,,,,,,,,,passenger,,York South-Weston (5),12 Division,Weston,true,true,false,false,false,false,true,false,true,false,"{""coordinates"": [[-79.51984104051049, 43.69921335428647]], ""type"": ""MultiPoint""}"
12617,2016:6000944060,2016-05-31T17:56:00,LAWRENCE AVE W,LITTLE AVE,5 m West of,5,Non-Fatal Injury,At Intersection,Traffic Signal,Pedestrian Collision(internal code),Clear,Daylight,Dry,Major Arterial,false,-79.51984104051049,43.69921335428647,1,,,3,9,None,Lap and Shoulder Belt,,,,,,,,,,passenger,,York South-Weston (5),12 Division,Weston,true,true,false,false,false,false,true,false,true,false,"{""coordinates"": [[-79.51984104051049, 43.69921335428647]], ""type"": ""MultiPoint""}"
12618,2016:6000946578,2016-06-01T02:40:00,LAKE SHORE BLVD W,MILES RD,30 m West of,4,Non-Fatal Injury,At Intersection,No Control,SMV Other,Clear,Dark with Artificial Lighting,Dry,Major Arterial,false,-79.49033816268759,43.60823236078649,1,,,3,26,Minimal,Lap and Shoulder Belt,,,,,,,,,,passenger,,Etobicoke-Lakeshore (3),22 Division,Mimico-Queensway,false,false,false,false,false,false,false,false,false,false,"{""coordinates"": [[-79.49033816268759, 43.60823236078649]], ""type"": ""MultiPoint""}"
12619,2016:6000946578,2016-06-01T02:40:00,LAKE SHORE BLVD W,MILES RD,30 m West of,4,Non-Fatal Injury,At Intersection,No Control,SMV Other,Clear,Dark with Artificial Lighting,Dry,Major Arterial,false,-79.49033816268759,43.60823236078649,1,,,4,22,Major,Equipment Not Used But Available,,,,,,,,,,passenger,,Etobicoke-Lakeshore (3),22 Division,Mimico-Queensway,false,false,false,false,false,false,false,false,false,false,"{""coordinates"": [[-79.49033816268759, 43.60823236078649]], ""type"": ""MultiPoint""}"
12620,2016:6000946578,2016-06-01T02:40:00,LAKE SHORE BLVD W,MILES RD,30 m West of,4,Non-Fatal Injury,At Intersection,No Control,SMV Other,Clear,Dark with Artificial Lighting,Dry,Major Arterial,false,-79.49033816268759,43.60823236078649,1,,,2,26,Minimal,Equipment Not Used But Available,,,,,,,,,,passenger,,Etobicoke-Lakeshore (3),22 Division,Mimico-Queensway,false,false,false,false,false,false,false,false,false,false,"{""coordinates"": [[-79.49033816268759, 43.60823236078649]], ""type"": ""MultiPoint""}"
12621,2016:6000946578,2016-06-01T02:40:00,LAKE SHORE BLVD W,MILES RD,30 m West of,4,Non-Fatal Injury,At Intersection,No Control,SMV Other,Clear,Dark with Artificial Lighting,Dry,Major Arterial,false,-79.49033816268759,43.60823236078649,1,Automobile or Station Wagon,East,1,24,Minimal,Lap and Shoulder Belt,Lost control,Had Been Drinking,,,Going Ahead,,,,,driver,,Etobicoke-Lakeshore (3),22 Division,Mimico-Queensway,false,false,false,false,false,false,false,false,false,false,"{""coordinates"": [[-79.49033816268759, 43.60823236078649]], ""type"": ""MultiPoint""}"
12622,2016:6000947584,2016-06-01T08:36:00,LAWRENCE AVE E,MOSSBANK DR,20 m West of,4,Non-Fatal Injury,At Intersection,Traffic Signal,Rear End,Clear,Daylight,Dry,Major Arterial,false,-79.21101022321103,43.76284989502868,1,,,4,17,Major,Air Bag Deployed,,,,,,,,,,passenger,,Scarborough-Guildwood (24),43 Division,Golfdale-Cedarbrae-Woburn,true,false,false,false,false,false,false,false,true,true,"{""coordinates"": [[-79.21101022321103, 43.76284989502868]], ""type"": ""MultiPoint""}"
12623,2016:6000947584,2016-06-01T08:36:00,LAWRENCE AVE E,MOSSBANK DR,20 m West of,4,Non-Fatal Injury,At Intersection,Traffic Signal,Rear End,Clear,Daylight,Dry,Major Arterial,false,-79.21101022321103,43.76284989502868,3,Delivery Van,East,3,34,None,Lap and Shoulder Belt,Driving properly,Normal,,,Stopped,,,,,driver,,Scarborough-Guildwood (24),43 Division,Golfdale-Cedarbrae-Woburn,true,false,false,false,false,false,false,false,true,true,"{""coordinates"": [[-79.21101022321103, 43.76284989502868]], ""type"": ""MultiPoint""}"
12624,2016:6000947584,2016-06-01T08:36:00,LAWRENCE AVE E,MOSSBANK DR,20 m West of,4,Non-Fatal Injury,At Intersection,Traffic Signal,Rear End,Clear,Daylight,Dry,Major Arterial,false,-79.21101022321103,43.76284989502868,2,Automobile or Station Wagon,East,2,39,None,Lap and Shoulder Belt,Driving properly,Normal,,,Going Ahead,,,,,driver,,Scarborough-Guildwood (24),43 Division,Golfdale-Cedarbrae-Woburn,true,false,false,false,false,false,false,false,true,true,"{""coordinates"": [[-79.21101022321103, 43.76284989502868]], ""type"": ""MultiPoint""}"
12625,2016:6000947584,2016-06-01T08:36:00,LAWRENCE AVE E,MOSSBANK DR,20 m West of,4,Non-Fatal Injury,At Intersection,Traffic Signal,Rear End,Clear,Daylight,Dry,Major Arterial,false,-79.21101022321103,43.76284989502868,1,Automobile or Station Wagon,East,1,22,Major,Air Bag Deployed,Speed too fast for conditions,Unknown,,,Overtaking,,,,,driver,,Scarborough-Guildwood (24),43 Division,Golfdale-Cedarbrae-Woburn,true,false,false,false,false,false,false,false,true,true,"{""coordinates"": [[-79.21101022321103, 43.76284989502868]], ""type"": ""MultiPoint""}"
12626,2016:6000951747,2016-06-01T19:40:00,DUNDAS ST W,BROCK AVE,,2,Non-Fatal Injury,At Intersection,Traffic Signal,Cyclist Collision,Clear,Daylight,Dry,Minor Arterial,false,-79.43555898003436,43.649816259975616,1,Bicycle,West,1,30,Major,No Equipment Available,,,,,Turning Left,,Cyclist turns left into path of driver,Disobeyed Traffic Control,Inattentive,cyclist,,Davenport (9),11 Division,Little Portugal,false,true,true,false,false,false,false,false,false,false,"{""coordinates"": [[-79.43555898003436, 43.649816259975616]], ""type"": ""MultiPoint""}"
12627,2016:6000951747,2016-06-01T19:40:00,DUNDAS ST W,BROCK AVE,,2,Non-Fatal Injury,At Intersection,Traffic Signal,Cyclist Collision,Clear,Daylight,Dry,Minor Arterial,false,-79.43555898003436,43.649816259975616,2,Automobile or Station Wagon,South,2,27,None,Lap and Shoulder Belt,Driving properly,Normal,,,Going Ahead,,,,,driver,,Davenport (9),11 Division,Little Portugal,false,true,true,false,false,false,false,false,false,false,"{""coordinates"": [[-79.43555898003436, 43.649816259975616]], ""type"": ""MultiPoint""}"
12628,2016:6000963645,2016-06-03T14:30:00,LAWRENCE AVE W,MARLEE AVE,,8,Non-Fatal Injury,At Intersection,Traffic Signal,Rear End,Clear,Daylight,Dry,Major Arterial,false,-79.44650688980957,43.715604251935005,2,,,7,63,None,Lap and Shoulder Belt,,,,,,,,,,passenger,,Eglinton-Lawrence (8),13 Division,Yorkdale-Glen Park,true,true,false,false,false,true,false,false,false,true,"{""coordinates"": [[-79.44650688980957, 43.715604251935005]], ""type"": ""MultiPoint""}"
12629,2016:6000963645,2016-06-03T14:30:00,LAWRENCE AVE W,MARLEE AVE,,8,Non-Fatal Injury,At Intersection,Traffic Signal,Rear End,Clear,Daylight,Dry,Major Arterial,false,-79.44650688980957,43.715604251935005,2,,,6,59,Major,Lap and Shoulder Belt,,,,,,,,,,passenger,,Eglinton-Lawrence (8),13 Division,Yorkdale-Glen Park,true,true,false,false,false,true,false,false,false,true,"{""coordinates"": [[-79.44650688980957, 43.715604251935005]], ""type"": ""MultiPoint""}"
12630,2016:6000963645,2016-06-03T14:30:00,LAWRENCE AVE W,MARLEE AVE,,8,Non-Fatal Injury,At Intersection,Traffic Signal,Rear End,Clear,Daylight,Dry,Major Arterial,false,-79.44650688980957,43.715604251935005,3,,,8,67,None,Lap and Shoulder Belt,,,,,,,,,,passenger,,Eglinton-Lawrence (8),13 Division,Yorkdale-Glen Park,true,true,false,false,false,true,false,false,false,true,"{""coordinates"": [[-79.44650688980957, 43.715604251935005]], ""type"": ""MultiPoint""}"