_id,collision_id,accdate,stname1,stname2,stname3,per_inv,acclass,accloc,traffictl,impactype,visible,light,rdsfcond,road_class,failtorem,longitude,latitude,veh_no,vehtype,initdir,per_no,invage,injury,safequip,drivact,drivcond,pedact,pedcond,manoeuvre,pedtype,cyclistype,cycact,cyccond,road_user,fatal_no,wardname,division,neighbourhood,aggressive,distracted,cyclist,motorcyclist,other_micromobility,older_adult,pedestrian,red_light,school_child,heavy_truck,geometry
12881,2016:6001474436,2016-08-20T13:23:00,SHEPPARD AVE W,JANE ST,,4,Non-Fatal Injury,At Intersection,Traffic Signal,Approaching Head On,Clear,Daylight,Dry,Major Arterial,false,-79.51317995790588,43.73931732611681,1,Automobile or Station Wagon,East,3,84,Major,Lap and Shoulder Belt,Exceeding speed limit,Inattentive,,,Going Ahead,,,,,driver,,York Centre (6),31 Division,Glenfield-Jane Heights,true,true,false,false,false,true,false,false,false,true,"{""coordinates"": [[-79.51317995790588, 43.73931732611681]], ""type"": ""MultiPoint""}"
12882,2016:6001474436,2016-08-20T13:23:00,SHEPPARD AVE W,JANE ST,,4,Non-Fatal Injury,At Intersection,Traffic Signal,Approaching Head On,Clear,Daylight,Dry,Major Arterial,false,-79.51317995790588,43.73931732611681,4,Truck - Other,East,2,45,None,Lap and Shoulder Belt,Driving properly,Normal,,,Going Ahead,,,,,driver,,York Centre (6),31 Division,Glenfield-Jane Heights,true,true,false,false,false,true,false,false,false,true,"{""coordinates"": [[-79.51317995790588, 43.73931732611681]], ""type"": ""MultiPoint""}"
12883,2016:6001479157,2016-08-21T06:34:00,FINCH AVE E,TRUDY RD,5 m West of,1,Non-Fatal Injury,Intersection-Related,No Control,SMV Other,Clear,Daylight,Dry,Major Arterial,false,-79.36303364932239,43.79076213374517,1,Automobile or Station Wagon,West,1,24,Major,Use Unknown,Lost control,Had Been Drinking,,,Unknown,,,,,driver,,Don Valley North (17),33 Division,Don Valley Village,false,false,false,false,false,false,false,false,false,false,"{""coordinates"": [[-79.36303364932239, 43.79076213374517]], ""type"": ""MultiPoint""}"
12884,2016:6001481386,2016-08-21T16:17:00,ALBION RD,HIGHWAY 27 N,,3,Non-Fatal Injury,At Intersection,Traffic Signal,Turning Movement,Clear,Daylight,Dry,Major Arterial,false,-79.60751006726274,43.74420742855905,2,,,3,38,Major,Lap and Shoulder Belt,,,,,,,,,,passenger,,Etobicoke North (1),23 Division,West Humber-Clairville,false,true,false,false,false,false,false,false,false,false,"{""coordinates"": [[-79.60751006726274, 43.74420742855905]], ""type"": ""MultiPoint""}"
12885,2016:6001481386,2016-08-21T16:17:00,ALBION RD,HIGHWAY 27 N,,3,Non-Fatal Injury,At Intersection,Traffic Signal,Turning Movement,Clear,Daylight,Dry,Major Arterial,false,-79.60751006726274,43.74420742855905,1,Automobile or Station Wagon,West,1,38,None,Lap and Shoulder Belt,Improper turn,Inattentive,,,Turning Left,,,,,driver,,Etobicoke North (1),23 Division,West Humber-Clairville,false,true,false,false,false,false,false,false,false,false,"{""coordinates"": [[-79.60751006726274, 43.74420742855905]], ""type"": ""MultiPoint""}"
12886,2016:6001481386,2016-08-21T16:17:00,ALBION RD,HIGHWAY 27 N,,3,Non-Fatal Injury,At Intersection,Traffic Signal,Turning Movement,Clear,Daylight,Dry,Major Arterial,false,-79.60751006726274,43.74420742855905,2,Automobile or Station Wagon,East,2,43,None,Lap and Shoulder Belt,Driving properly,Normal,,,Going Ahead,,,,,driver,,Etobicoke North (1),23 Division,West Humber-Clairville,false,true,false,false,false,false,false,false,false,false,"{""coordinates"": [[-79.60751006726274, 43.74420742855905]], ""type"": ""MultiPoint""}"
12887,2016:6001486402,2016-08-22T13:12:00,DUFFERIN ST,DUNDAS ST W,,2,Non-Fatal Injury,At Intersection,Traffic Signal,Pedestrian Collision(internal code),Clear,Daylight,Dry,Minor Arterial,false,-79.43141597232615,43.64957625391223,1,,South,2,70,Major,No Equipment Available,,,Crossing with right-of-way (intersection),Normal,,Driver turns left into pedestrian crossing with right-of-way (at intersection),,,,pedestrian,,Davenport (9),14 Division,Little Portugal,true,false,false,false,false,true,true,false,false,false,"{""coordinates"": [[-79.43141597232615, 43.64957625391223]], ""type"": ""MultiPoint""}"
12888,2016:6001486402,2016-08-22T13:12:00,DUFFERIN ST,DUNDAS ST W,,2,Non-Fatal Injury,At Intersection,Traffic Signal,Pedestrian Collision(internal code),Clear,Daylight,Dry,Minor Arterial,false,-79.43141597232615,43.64957625391223,1,Automobile or Station Wagon,North,1,62,None,Lap and Shoulder Belt,Failed to yield right-of-way,Normal,,,Turning Left,,,,,driver,,Davenport (9),14 Division,Little Portugal,true,false,false,false,false,true,true,false,false,false,"{""coordinates"": [[-79.43141597232615, 43.64957625391223]], ""type"": ""MultiPoint""}"
12889,2016:6001501601,2016-08-24T18:11:00,JANE ST,ALLIANCE AVE,66 m North of,3,Non-Fatal Injury,Non-Intersection,No Control,Rear End,Clear,Daylight,Dry,Major Arterial,false,-79.49593004899388,43.67667533650167,1,,,1,14,Minimal,Lap and Shoulder Belt,,,,,,,,,,passenger,,York South-Weston (5),12 Division,Rockcliffe-Smythe,false,false,false,false,false,false,false,false,true,false,"{""coordinates"": [[-79.49593004899388, 43.67667533650167]], ""type"": ""MultiPoint""}"
12890,2016:6001501601,2016-08-24T18:11:00,JANE ST,ALLIANCE AVE,66 m North of,3,Non-Fatal Injury,Non-Intersection,No Control,Rear End,Clear,Daylight,Dry,Major Arterial,false,-79.49593004899388,43.67667533650167,2,Automobile or Station Wagon,North,3,43,None,Lap and Shoulder Belt,Driving properly,Normal,,,Going Ahead,,,,,driver,,York South-Weston (5),12 Division,Rockcliffe-Smythe,false,false,false,false,false,false,false,false,true,false,"{""coordinates"": [[-79.49593004899388, 43.67667533650167]], ""type"": ""MultiPoint""}"
12891,2016:6001501601,2016-08-24T18:11:00,JANE ST,ALLIANCE AVE,66 m North of,3,Non-Fatal Injury,Non-Intersection,No Control,Rear End,Clear,Daylight,Dry,Major Arterial,false,-79.49593004899388,43.67667533650167,1,Automobile or Station Wagon,North,2,31,Major,Lap and Shoulder Belt,Lost control,Normal,,,Changing Lanes,,,,,driver,,York South-Weston (5),12 Division,Rockcliffe-Smythe,false,false,false,false,false,false,false,false,true,false,"{""coordinates"": [[-79.49593004899388, 43.67667533650167]], ""type"": ""MultiPoint""}"
12892,2016:6001509218,2016-08-25T21:53:00,DIXON RD,ISLINGTON AVE,,5,Non-Fatal Injury,At Intersection,Traffic Signal,Pedestrian Collision(internal code),Clear,Dark with Artificial Lighting,Dry,Major Arterial,false,-79.54668807896977,43.69697738679921,2,Automobile or Station Wagon,East,4,29,None,Lap and Shoulder Belt,Driving properly,Normal,,,Going Ahead,,,,,driver,,Etobicoke Centre (2),23 Division,Kingsview Village-The Westway,false,false,false,false,false,false,true,false,true,false,"{""coordinates"": [[-79.54668807896977, 43.69697738679921]], ""type"": ""MultiPoint""}"
12893,2016:6001509218,2016-08-25T21:53:00,DIXON RD,ISLINGTON AVE,,5,Non-Fatal Injury,At Intersection,Traffic Signal,Pedestrian Collision(internal code),Clear,Dark with Artificial Lighting,Dry,Major Arterial,false,-79.54668807896977,43.69697738679921,2,,East,2,58,Major,Use Unknown,,,Crossing with right-of-way (intersection),Normal,,Driver turns left into pedestrian crossing with right-of-way (at intersection),,,,pedestrian,,Etobicoke Centre (2),23 Division,Kingsview Village-The Westway,false,false,false,false,false,false,true,false,true,false,"{""coordinates"": [[-79.54668807896977, 43.69697738679921]], ""type"": ""MultiPoint""}"
12894,2016:6001509218,2016-08-25T21:53:00,DIXON RD,ISLINGTON AVE,,5,Non-Fatal Injury,At Intersection,Traffic Signal,Pedestrian Collision(internal code),Clear,Dark with Artificial Lighting,Dry,Major Arterial,false,-79.54668807896977,43.69697738679921,2,Automobile or Station Wagon,West,3,32,None,Lap and Shoulder Belt,Improper turn,Normal,,,Turning Left,,,,,driver,,Etobicoke Centre (2),23 Division,Kingsview Village-The Westway,false,false,false,false,false,false,true,false,true,false,"{""coordinates"": [[-79.54668807896977, 43.69697738679921]], ""type"": ""MultiPoint""}"
12895,2016:6001509218,2016-08-25T21:53:00,DIXON RD,ISLINGTON AVE,,5,Non-Fatal Injury,At Intersection,Traffic Signal,Pedestrian Collision(internal code),Clear,Dark with Artificial Lighting,Dry,Major Arterial,false,-79.54668807896977,43.69697738679921,2,,,5,13,None,Lap and Shoulder Belt,,,,,,,,,,passenger,,Etobicoke Centre (2),23 Division,Kingsview Village-The Westway,false,false,false,false,false,false,true,false,true,false,"{""coordinates"": [[-79.54668807896977, 43.69697738679921]], ""type"": ""MultiPoint""}"
12896,2016:6001509218,2016-08-25T21:53:00,DIXON RD,ISLINGTON AVE,,5,Non-Fatal Injury,At Intersection,Traffic Signal,Pedestrian Collision(internal code),Clear,Dark with Artificial Lighting,Dry,Major Arterial,false,-79.54668807896977,43.69697738679921,2,,,1,9,None,Lap and Shoulder Belt,,,,,,,,,,passenger,,Etobicoke Centre (2),23 Division,Kingsview Village-The Westway,false,false,false,false,false,false,true,false,true,false,"{""coordinates"": [[-79.54668807896977, 43.69697738679921]], ""type"": ""MultiPoint""}"
12897,2016:6001511108,2016-08-26T08:50:00,LOWER JARVIS ST,LAKE SHORE BLVD E,,4,Non-Fatal Injury,At Intersection,Traffic Signal,Pedestrian Collision(internal code),Clear,Daylight,Dry,Major Arterial,false,-79.3698158577596,43.64555516329998,2,Automobile or Station Wagon,,2,20,Minimal,Lap and Shoulder Belt,,,,,,,,,,passenger,,Spadina-Fort York (10),51 Division,St Lawrence-East Bayfront-The Islands,true,true,false,false,false,false,true,true,false,false,"{""coordinates"": [[-79.3698158577596, 43.64555516329998]], ""type"": ""MultiPoint""}"
12898,2016:6001511108,2016-08-26T08:50:00,LOWER JARVIS ST,LAKE SHORE BLVD E,,4,Non-Fatal Injury,At Intersection,Traffic Signal,Pedestrian Collision(internal code),Clear,Daylight,Dry,Major Arterial,false,-79.3698158577596,43.64555516329998,2,Automobile or Station Wagon,West,1,34,None,Lap and Shoulder Belt,Disobeyed traffic control,Inattentive,,,Turning Left,,,,,driver,,Spadina-Fort York (10),51 Division,St Lawrence-East Bayfront-The Islands,true,true,false,false,false,false,true,true,false,false,"{""coordinates"": [[-79.3698158577596, 43.64555516329998]], ""type"": ""MultiPoint""}"
12899,2016:6001511108,2016-08-26T08:50:00,LOWER JARVIS ST,LAKE SHORE BLVD E,,4,Non-Fatal Injury,At Intersection,Traffic Signal,Pedestrian Collision(internal code),Clear,Daylight,Dry,Major Arterial,false,-79.3698158577596,43.64555516329998,2,Automobile or Station Wagon,East,4,21,Minimal,Lap and Shoulder Belt,Driving properly,Normal,,,Going Ahead,,,,,driver,,Spadina-Fort York (10),51 Division,St Lawrence-East Bayfront-The Islands,true,true,false,false,false,false,true,true,false,false,"{""coordinates"": [[-79.3698158577596, 43.64555516329998]], ""type"": ""MultiPoint""}"
12900,2016:6001511108,2016-08-26T08:50:00,LOWER JARVIS ST,LAKE SHORE BLVD E,,4,Non-Fatal Injury,At Intersection,Traffic Signal,Pedestrian Collision(internal code),Clear,Daylight,Dry,Major Arterial,false,-79.3698158577596,43.64555516329998,2,,Unknown,3,21,Major,Use Unknown,,,On sidewalk or shoulder,Normal,,Driver hits pedestrian on sidewalk or shoulder,,,,pedestrian,,Spadina-Fort York (10),51 Division,St Lawrence-East Bayfront-The Islands,true,true,false,false,false,false,true,true,false,false,"{""coordinates"": [[-79.3698158577596, 43.64555516329998]], ""type"": ""MultiPoint""}"
12901,2016:6001513720,2016-08-26T16:00:00,116 ELINOR AVE,JOY DR,68 m North of,2,Non-Fatal Injury,At/Near Private Drive,No Control,Cyclist Collision,Clear,Daylight,Dry,Local,true,-79.30373758874195,43.75209606093008,1,Automobile or Station Wagon,North,2,,None,Use Unknown,Failed to yield right-of-way,Inattentive,,,Turning Left,,,,,driver,,Scarborough Centre (21),41 Division,Wexford/Maryvale,true,true,true,false,false,false,false,false,false,false,"{""coordinates"": [[-79.30373758874195, 43.75209606093008]], ""type"": ""MultiPoint""}"
12902,2016:6001513720,2016-08-26T16:00:00,116 ELINOR AVE,JOY DR,68 m North of,2,Non-Fatal Injury,At/Near Private Drive,No Control,Cyclist Collision,Clear,Daylight,Dry,Local,true,-79.30373758874195,43.75209606093008,2,Bicycle,South,1,50,Major,Helmet,,,,,Going Ahead,,Driver turns left into path of cyclist,Driving Properly,Normal,cyclist,,Scarborough Centre (21),41 Division,Wexford/Maryvale,true,true,true,false,false,false,false,false,false,false,"{""coordinates"": [[-79.30373758874195, 43.75209606093008]], ""type"": ""MultiPoint""}"
12903,2016:6001515823,2016-08-26T22:15:00,LAKE SHORE BLVD W,BRITISH COLUMBIA RD,368 m East of,3,Non-Fatal Injury,Non-Intersection,No Control,Sideswipe,Clear,Dark with Artificial Lighting,Dry,Major Arterial,false,-79.42558699308863,43.629968251546984,2,Automobile or Station Wagon,East,2,55,None,Lap and Shoulder Belt,Driving properly,Normal,,,Going Ahead,,,,,driver,,Spadina-Fort York (10),14 Division,Fort York-Liberty Village,false,false,false,true,false,false,false,false,false,false,"{""coordinates"": [[-79.42558699308863, 43.629968251546984]], ""type"": ""MultiPoint""}"
12904,2016:6001515823,2016-08-26T22:15:00,LAKE SHORE BLVD W,BRITISH COLUMBIA RD,368 m East of,3,Non-Fatal Injury,Non-Intersection,No Control,Sideswipe,Clear,Dark with Artificial Lighting,Dry,Major Arterial,false,-79.42558699308863,43.629968251546984,1,Motorcycle,East,1,43,Major,Helmet,Lost control,Normal,,,Going Ahead,,,,,motorcyclist,,Spadina-Fort York (10),14 Division,Fort York-Liberty Village,false,false,false,true,false,false,false,false,false,false,"{""coordinates"": [[-79.42558699308863, 43.629968251546984]], ""type"": ""MultiPoint""}"
12905,2016:6001515823,2016-08-26T22:15:00,LAKE SHORE BLVD W,BRITISH COLUMBIA RD,368 m East of,3,Non-Fatal Injury,Non-Intersection,No Control,Sideswipe,Clear,Dark with Artificial Lighting,Dry,Major Arterial,false,-79.42558699308863,43.629968251546984,2,,,3,52,None,Lap and Shoulder Belt,,,,,,,,,,passenger,,Spadina-Fort York (10),14 Division,Fort York-Liberty Village,false,false,false,true,false,false,false,false,false,false,"{""coordinates"": [[-79.42558699308863, 43.629968251546984]], ""type"": ""MultiPoint""}"
12906,2016:6001519318,2016-08-27T13:56:00,ROYAL YORK RD,NEWCASTLE ST,,2,Non-Fatal Injury,At Intersection,Traffic Signal,Pedestrian Collision(internal code),Clear,Daylight,Dry,Minor Arterial,false,-79.49888316346336,43.617426369771756,1,,East,1,67,Major,Use Unknown,,,Crossing with right-of-way (intersection),Normal,,Driver turns left into pedestrian crossing with right-of-way (at intersection),,,,pedestrian,,Etobicoke-Lakeshore (3),22 Division,Mimico-Queensway,true,false,false,false,false,true,true,false,false,false,"{""coordinates"": [[-79.49888316346336, 43.617426369771756]], ""type"": ""MultiPoint""}"
12907,2016:6001519318,2016-08-27T13:56:00,ROYAL YORK RD,NEWCASTLE ST,,2,Non-Fatal Injury,At Intersection,Traffic Signal,Pedestrian Collision(internal code),Clear,Daylight,Dry,Minor Arterial,false,-79.49888316346336,43.617426369771756,1,Automobile or Station Wagon,West,2,70,None,Use Unknown,Failed to yield right-of-way,Normal,,,Turning Left,,,,,driver,,Etobicoke-Lakeshore (3),22 Division,Mimico-Queensway,true,false,false,false,false,true,true,false,false,false,"{""coordinates"": [[-79.49888316346336, 43.617426369771756]], ""type"": ""MultiPoint""}"
12908,2016:6001526094,2016-08-27T23:15:00,18 CORTLEIGH BLVD,,,5,Non-Fatal Injury,Non-Intersection,No Control,Other,Clear,Dark,Dry,Local,true,-79.40748982386488,43.71341920065245,1,,,4,15,None,Lap and Shoulder Belt,,,,,,,,,,passenger,,Eglinton-Lawrence (8),53 Division,Lawrence Park South,true,false,false,false,false,false,false,false,true,false,"{""coordinates"": [[-79.40748982386488, 43.71341920065245]], ""type"": ""MultiPoint""}"
12909,2016:6001526094,2016-08-27T23:15:00,18 CORTLEIGH BLVD,,,5,Non-Fatal Injury,Non-Intersection,No Control,Other,Clear,Dark,Dry,Local,true,-79.40748982386488,43.71341920065245,1,,,2,16,Major,Use Unknown,,,,,,,,,,passenger,,Eglinton-Lawrence (8),53 Division,Lawrence Park South,true,false,false,false,false,false,false,false,true,false,"{""coordinates"": [[-79.40748982386488, 43.71341920065245]], ""type"": ""MultiPoint""}"
12910,2016:6001526094,2016-08-27T23:15:00,18 CORTLEIGH BLVD,,,5,Non-Fatal Injury,Non-Intersection,No Control,Other,Clear,Dark,Dry,Local,true,-79.40748982386488,43.71341920065245,1,,,5,16,None,Lap and Shoulder Belt,,,,,,,,,,passenger,,Eglinton-Lawrence (8),53 Division,Lawrence Park South,true,false,false,false,false,false,false,false,true,false,"{""coordinates"": [[-79.40748982386488, 43.71341920065245]], ""type"": ""MultiPoint""}"
12911,2016:6001526094,2016-08-27T23:15:00,18 CORTLEIGH BLVD,,,5,Non-Fatal Injury,Non-Intersection,No Control,Other,Clear,Dark,Dry,Local,true,-79.40748982386488,43.71341920065245,1,,,3,16,None,Lap and Shoulder Belt,,,,,,,,,,passenger,,Eglinton-Lawrence (8),53 Division,Lawrence Park South,true,false,false,false,false,false,false,false,true,false,"{""coordinates"": [[-79.40748982386488, 43.71341920065245]], ""type"": ""MultiPoint""}"
12912,2016:6001526094,2016-08-27T23:15:00,18 CORTLEIGH BLVD,,,5,Non-Fatal Injury,Non-Intersection,No Control,Other,Clear,Dark,Dry,Local,true,-79.40748982386488,43.71341920065245,1,Passenger Van,West,1,17,None,Lap and Shoulder Belt,Speed too fast for conditions,Unknown,,,Going Ahead,,,,,driver,,Eglinton-Lawrence (8),53 Division,Lawrence Park South,true,false,false,false,false,false,false,false,true,false,"{""coordinates"": [[-79.40748982386488, 43.71341920065245]], ""type"": ""MultiPoint""}"
12913,2016:6001710293,2016-09-26T07:38:00,LOGAN AVE,DANFORTH AVE,,4,Non-Fatal Injury,At Intersection,Traffic Controller,SMV Other,Clear,Daylight,Dry,Major Arterial,false,-79.34958277144017,43.67793812844342,1,,,3,21,None,No Equipment Available,,,,,,,,,,passenger,,Toronto-Danforth (14),55 Division,North Riverdale,false,false,false,false,false,false,false,false,false,true,"{""coordinates"": [[-79.34958277144017, 43.67793812844342]], ""type"": ""MultiPoint""}"
12914,2016:6001529591,2016-08-29T07:45:00,STEELES AVE E,PHARMACY AVE,,2,Non-Fatal Injury,At Intersection,Traffic Signal,Pedestrian Collision(internal code),Clear,Daylight,Dry,Major Arterial,false,-79.33642958131362,43.81685010271375,1,Automobile or Station Wagon,East,1,36,None,Lap and Shoulder Belt,Failed to yield right-of-way,Inattentive,,,Turning Right,,,,,driver,,Scarborough-Agincourt (22),42 Division,Steeles,true,true,false,false,false,false,true,false,false,false,"{""coordinates"": [[-79.33642958131362, 43.81685010271375]], ""type"": ""MultiPoint""}"
12915,2016:6001529591,2016-08-29T07:45:00,STEELES AVE E,PHARMACY AVE,,2,Non-Fatal Injury,At Intersection,Traffic Signal,Pedestrian Collision(internal code),Clear,Daylight,Dry,Major Arterial,false,-79.33642958131362,43.81685010271375,1,,East,2,22,Major,Use Unknown,,,Crossing with right-of-way (intersection),Normal,,Driver turns right into pedestrian crossing with right-of-way (at intersection),,,,pedestrian,,Scarborough-Agincourt (22),42 Division,Steeles,true,true,false,false,false,false,true,false,false,false,"{""coordinates"": [[-79.33642958131362, 43.81685010271375]], ""type"": ""MultiPoint""}"
12916,2016:6001532518,2016-08-29T16:10:00,WARDEN AVE,CONTINENTAL PL,,2,Non-Fatal Injury,At Intersection,Stop Sign,Turning Movement,Clear,Daylight,Dry,Major Arterial,false,-79.30125757432796,43.76349005868842,1,Automobile or Station Wagon,West,1,57,None,Lap and Shoulder Belt,Improper turn,Inattentive,,,Turning Left,,,,,driver,,Scarborough Centre (21),41 Division,Wexford/Maryvale,false,true,false,true,false,false,false,false,false,false,"{""coordinates"": [[-79.30125757432796, 43.76349005868842]], ""type"": ""MultiPoint""}"
12917,2016:6001532518,2016-08-29T16:10:00,WARDEN AVE,CONTINENTAL PL,,2,Non-Fatal Injury,At Intersection,Stop Sign,Turning Movement,Clear,Daylight,Dry,Major Arterial,false,-79.30125757432796,43.76349005868842,2,Motorcycle,North,2,34,Major,Helmet,Driving properly,Normal,,,Going Ahead,,,,,motorcyclist,,Scarborough Centre (21),41 Division,Wexford/Maryvale,false,true,false,true,false,false,false,false,false,false,"{""coordinates"": [[-79.30125757432796, 43.76349005868842]], ""type"": ""MultiPoint""}"
12918,2016:6001535813,2016-08-30T06:30:00,WARDEN AVE,FINCH AVE E,25M,4,Fatal Injury,At Intersection,Traffic Signal,Rear End,Clear,Daylight,Dry,Major Arterial,false,-79.31575356761113,43.796762078159766,1,Municipal Transit Bus (TTC),South,1,67,None,Lap and Shoulder Belt,Driving properly,Normal,,,Stopped,,,,,driver,,Scarborough-Agincourt (22),42 Division,East L'Amoreaux,false,true,false,false,false,true,false,false,false,true,"{""coordinates"": [[-79.31575356761113, 43.796762078159766]], ""type"": ""MultiPoint""}"
12919,2016:6001535813,2016-08-30T06:30:00,WARDEN AVE,FINCH AVE E,25M,4,Fatal Injury,At Intersection,Traffic Signal,Rear End,Clear,Daylight,Dry,Major Arterial,false,-79.31575356761113,43.796762078159766,0,,,4,26,Fatal,Equipment Not Used But Available,,,,,,,,,,passenger,54,Scarborough-Agincourt (22),42 Division,East L'Amoreaux,false,true,false,false,false,true,false,false,false,true,"{""coordinates"": [[-79.31575356761113, 43.796762078159766]], ""type"": ""MultiPoint""}"
12920,2016:6001535813,2016-08-30T06:30:00,WARDEN AVE,FINCH AVE E,25M,4,Fatal Injury,At Intersection,Traffic Signal,Rear End,Clear,Daylight,Dry,Major Arterial,false,-79.31575356761113,43.796762078159766,2,Automobile or Station Wagon,South,2,52,Major,Lap and Shoulder Belt,Lost control,Inattentive,,,Going Ahead,,,,,driver,,Scarborough-Agincourt (22),42 Division,East L'Amoreaux,false,true,false,false,false,true,false,false,false,true,"{""coordinates"": [[-79.31575356761113, 43.796762078159766]], ""type"": ""MultiPoint""}"
12921,2016:6001535813,2016-08-30T06:30:00,WARDEN AVE,FINCH AVE E,25M,4,Fatal Injury,At Intersection,Traffic Signal,Rear End,Clear,Daylight,Dry,Major Arterial,false,-79.31575356761113,43.796762078159766,0,,,3,58,Major,Lap and Shoulder Belt,,,,,,,,,,passenger,,Scarborough-Agincourt (22),42 Division,East L'Amoreaux,false,true,false,false,false,true,false,false,false,true,"{""coordinates"": [[-79.31575356761113, 43.796762078159766]], ""type"": ""MultiPoint""}"
12922,2016:6001551246,2016-09-01T14:13:00,ROGERS RD,KANE AVE,,2,Non-Fatal Injury,Intersection-Related,No Control,Cyclist Collision,Clear,Daylight,Dry,Minor Arterial,false,-79.46651098415809,43.682047292481826,2,Automobile or Station Wagon,East,2,72,None,Use Unknown,Driving properly,Normal,,,Going Ahead,,,,,driver,,Davenport (9),12 Division,Keelesdale-Eglinton West,false,false,true,false,false,true,false,false,false,false,"{""coordinates"": [[-79.46651098415809, 43.682047292481826]], ""type"": ""MultiPoint""}"
12923,2016:6001551246,2016-09-01T14:13:00,ROGERS RD,KANE AVE,,2,Non-Fatal Injury,Intersection-Related,No Control,Cyclist Collision,Clear,Daylight,Dry,Minor Arterial,false,-79.46651098415809,43.682047292481826,1,Bicycle,South,1,62,Major,Helmet,,,,,Going Ahead,,Cyclist turns left into path of driver,Failed to Yield Right of Way,Normal,cyclist,,Davenport (9),12 Division,Keelesdale-Eglinton West,false,false,true,false,false,true,false,false,false,false,"{""coordinates"": [[-79.46651098415809, 43.682047292481826]], ""type"": ""MultiPoint""}"
12924,2016:6001553958,2016-09-01T22:30:00,BAY ST,HARBOUR ST,,2,Fatal Injury,Intersection-Related,Traffic Signal,Turning Movement,Clear,Dark with Artificial Lighting,Dry,Major Arterial,false,-79.37745287806256,43.642065175427895,0,Automobile or Station Wagon,South,2,66,None,,Improper turn,Inattentive,,,Turning Left,,,,,driver,,Spadina-Fort York (10),52 Division,St Lawrence-East Bayfront-The Islands,false,true,false,true,false,true,false,false,false,false,"{""coordinates"": [[-79.37745287806256, 43.642065175427895]], ""type"": ""MultiPoint""}"
12925,2016:6001553958,2016-09-01T22:30:00,BAY ST,HARBOUR ST,,2,Fatal Injury,Intersection-Related,Traffic Signal,Turning Movement,Clear,Dark with Artificial Lighting,Dry,Major Arterial,false,-79.37745287806256,43.642065175427895,0,Motorcycle,North,1,32,Fatal,,Driving properly,Unknown,,,Going Ahead,,,,,motorcyclist,56,Spadina-Fort York (10),52 Division,St Lawrence-East Bayfront-The Islands,false,true,false,true,false,true,false,false,false,false,"{""coordinates"": [[-79.37745287806256, 43.642065175427895]], ""type"": ""MultiPoint""}"
12926,2016:6001558550,2016-09-02T16:30:00,LONSDALE RD,ORIOLE RD,,2,Non-Fatal Injury,At Intersection,No Control,Cyclist Collision,Clear,Daylight,Dry,Major Arterial,false,-79.40154684858184,43.69100319864702,2,Bicycle,East,2,24,Major,No Equipment Available,,,,,Going Ahead,,Driver turns left into path of cyclist,Driving Properly,Normal,cyclist,,Toronto-St. Paul's (12),53 Division,Yonge-St.Clair,false,true,true,false,false,false,false,false,false,false,"{""coordinates"": [[-79.40154684858184, 43.69100319864702]], ""type"": ""MultiPoint""}"
12927,2016:6001558550,2016-09-02T16:30:00,LONSDALE RD,ORIOLE RD,,2,Non-Fatal Injury,At Intersection,No Control,Cyclist Collision,Clear,Daylight,Dry,Major Arterial,false,-79.40154684858184,43.69100319864702,2,Automobile or Station Wagon,West,1,58,None,Lap and Shoulder Belt,Improper turn,Inattentive,,,Turning Left,,,,,driver,,Toronto-St. Paul's (12),53 Division,Yonge-St.Clair,false,true,true,false,false,false,false,false,false,false,"{""coordinates"": [[-79.40154684858184, 43.69100319864702]], ""type"": ""MultiPoint""}"
12928,2016:6001569976,2016-09-04T14:00:00,GERRARD ST E,RIVER ST,80 m East of,3,Non-Fatal Injury,Non-Intersection,No Control,Cyclist Collision,Clear,Daylight,Dry,Minor Arterial,false,-79.35822680817672,43.663904142994895,1,Bicycle,West,1,68,Major,No Equipment Available,,,,,Changing Lanes,,Sideswipe with cyclist and driver travelling in same direction,Improper Lane Change,Inattentive,cyclist,,Toronto Centre (13),51 Division,Regent Park,false,true,true,false,false,true,false,false,false,false,"{""coordinates"": [[-79.35822680817672, 43.663904142994895]], ""type"": ""MultiPoint""}"
12929,2016:6001569976,2016-09-04T14:00:00,GERRARD ST E,RIVER ST,80 m East of,3,Non-Fatal Injury,Non-Intersection,No Control,Cyclist Collision,Clear,Daylight,Dry,Minor Arterial,false,-79.35822680817672,43.663904142994895,2,Automobile or Station Wagon,West,2,21,None,Lap and Shoulder Belt,Driving properly,Normal,,,Going Ahead,,,,,driver,,Toronto Centre (13),51 Division,Regent Park,false,true,true,false,false,true,false,false,false,false,"{""coordinates"": [[-79.35822680817672, 43.663904142994895]], ""type"": ""MultiPoint""}"
12930,2016:6001569976,2016-09-04T14:00:00,GERRARD ST E,RIVER ST,80 m East of,3,Non-Fatal Injury,Non-Intersection,No Control,Cyclist Collision,Clear,Daylight,Dry,Minor Arterial,false,-79.35822680817672,43.663904142994895,2,,,3,21,None,Lap and Shoulder Belt,,,,,,,,,,passenger,,Toronto Centre (13),51 Division,Regent Park,false,true,true,false,false,true,false,false,false,false,"{""coordinates"": [[-79.35822680817672, 43.663904142994895]], ""type"": ""MultiPoint""}"
12931,2016:6001573505,2016-09-05T02:10:00,ST CLAIR AVE E,DANFORTH RD,,3,Non-Fatal Injury,At Intersection,Traffic Signal,Angle,Clear,Dark with Artificial Lighting,Dry,Major Arterial,false,-79.25988355635552,43.71677200381159,2,Automobile or Station Wagon,West,2,48,None,Lap and Shoulder Belt,Driving properly,Normal,,,Going Ahead,,,,,driver,,Scarborough Southwest (20),41 Division,Clairlea-Birchmount,true,true,false,false,false,false,false,true,false,false,"{""coordinates"": [[-79.25988355635552, 43.71677200381159]], ""type"": ""MultiPoint""}"