_id,collision_id,accdate,stname1,stname2,stname3,per_inv,acclass,accloc,traffictl,impactype,visible,light,rdsfcond,road_class,failtorem,longitude,latitude,veh_no,vehtype,initdir,per_no,invage,injury,safequip,drivact,drivcond,pedact,pedcond,manoeuvre,pedtype,cyclistype,cycact,cyccond,road_user,fatal_no,wardname,division,neighbourhood,aggressive,distracted,cyclist,motorcyclist,other_micromobility,older_adult,pedestrian,red_light,school_child,heavy_truck,geometry
15856,2019:9001536611,2019-08-13T17:48:00,QUEEN ST E,VICTORIA PARK AVE,,5,Non-Fatal Injury,At Intersection,No Control,Cyclist Collision,Clear,Daylight,Dry,Minor Arterial,false,-79.28017089456262,43.67420021898617,1,,,3,83,None,Lap and Shoulder Belt,,,,,,,,,,passenger,,Scarborough Southwest (20),41 Division,Birchcliffe-Cliffside,true,true,true,false,false,true,false,false,false,false,"{""coordinates"": [[-79.28017089456262, 43.67420021898617]], ""type"": ""MultiPoint""}"
15857,2019:9001536611,2019-08-13T17:48:00,QUEEN ST E,VICTORIA PARK AVE,,5,Non-Fatal Injury,At Intersection,No Control,Cyclist Collision,Clear,Daylight,Dry,Minor Arterial,false,-79.28017089456262,43.67420021898617,1,Automobile or Station Wagon,East,1,82,Minimal,Lap and Shoulder Belt,Disobeyed traffic control,Inattentive,,,Turning Left,,,,,driver,,Scarborough Southwest (20),41 Division,Birchcliffe-Cliffside,true,true,true,false,false,true,false,false,false,false,"{""coordinates"": [[-79.28017089456262, 43.67420021898617]], ""type"": ""MultiPoint""}"
15858,2019:9001536611,2019-08-13T17:48:00,QUEEN ST E,VICTORIA PARK AVE,,5,Non-Fatal Injury,At Intersection,No Control,Cyclist Collision,Clear,Daylight,Dry,Minor Arterial,false,-79.28017089456262,43.67420021898617,1,,,5,63,None,Lap and Shoulder Belt,,,,,,,,,,passenger,,Scarborough Southwest (20),41 Division,Birchcliffe-Cliffside,true,true,true,false,false,true,false,false,false,false,"{""coordinates"": [[-79.28017089456262, 43.67420021898617]], ""type"": ""MultiPoint""}"
15859,2019:9001536611,2019-08-13T17:48:00,QUEEN ST E,VICTORIA PARK AVE,,5,Non-Fatal Injury,At Intersection,No Control,Cyclist Collision,Clear,Daylight,Dry,Minor Arterial,false,-79.28017089456262,43.67420021898617,2,Bicycle,West,2,48,Major,No Equipment Available,,,,,Going Ahead,,Driver turns left into path of cyclist,Driving Properly,Normal,cyclist,,Scarborough Southwest (20),41 Division,Birchcliffe-Cliffside,true,true,true,false,false,true,false,false,false,false,"{""coordinates"": [[-79.28017089456262, 43.67420021898617]], ""type"": ""MultiPoint""}"
15860,2019:9001541492,2019-08-14T11:49:00,DUFFERIN ST,TYCOS DR,7 m West of,3,Non-Fatal Injury,At Intersection,Stop Sign,Turning Movement,Clear,Daylight,Dry,Major Arterial,false,-79.45288540053959,43.705698408520085,2,,,3,23,None,Helmet,,,,,,,,,,motorcyclist,,Eglinton-Lawrence (8),13 Division,Yorkdale-Glen Park,true,false,false,true,false,false,false,false,false,false,"{""coordinates"": [[-79.45288540053959, 43.705698408520085]], ""type"": ""MultiPoint""}"
15861,2019:9001541492,2019-08-14T11:49:00,DUFFERIN ST,TYCOS DR,7 m West of,3,Non-Fatal Injury,At Intersection,Stop Sign,Turning Movement,Clear,Daylight,Dry,Major Arterial,false,-79.45288540053959,43.705698408520085,2,Motorcycle,South,2,26,Major,Helmet,Driving properly,Normal,,,Going Ahead,,,,,motorcyclist,,Eglinton-Lawrence (8),13 Division,Yorkdale-Glen Park,true,false,false,true,false,false,false,false,false,false,"{""coordinates"": [[-79.45288540053959, 43.705698408520085]], ""type"": ""MultiPoint""}"
15862,2019:9001541492,2019-08-14T11:49:00,DUFFERIN ST,TYCOS DR,7 m West of,3,Non-Fatal Injury,At Intersection,Stop Sign,Turning Movement,Clear,Daylight,Dry,Major Arterial,false,-79.45288540053959,43.705698408520085,1,Automobile or Station Wagon,East,1,29,None,Lap and Shoulder Belt,Failed to yield right-of-way,Normal,,,Turning Left,,,,,driver,,Eglinton-Lawrence (8),13 Division,Yorkdale-Glen Park,true,false,false,true,false,false,false,false,false,false,"{""coordinates"": [[-79.45288540053959, 43.705698408520085]], ""type"": ""MultiPoint""}"
15863,2019:9001547206,2019-08-15T06:48:00,QUEEN ST W,ST PATRICK ST,7 m North of,3,Non-Fatal Injury,At Intersection,Traffic Signal,Pedestrian Collision(internal code),Clear,Daylight,Dry,Major Arterial,false,-79.38860772085661,43.65034707722871,1,,North,3,60,Major,No Equipment Available,,,Crossing with right-of-way (intersection),Normal,,Driver going straight hits pedestrian crossing with right-of-way (at intersection),,,,pedestrian,,Spadina-Fort York (10),52 Division,Wellington Place,true,false,false,false,false,false,true,true,false,false,"{""coordinates"": [[-79.38860772085661, 43.65034707722871]], ""type"": ""MultiPoint""}"
15864,2019:9001547206,2019-08-15T06:48:00,QUEEN ST W,ST PATRICK ST,7 m North of,3,Non-Fatal Injury,At Intersection,Traffic Signal,Pedestrian Collision(internal code),Clear,Daylight,Dry,Major Arterial,false,-79.38860772085661,43.65034707722871,1,,,2,1,None,Lap and Shoulder Belt,,,,,,,,,,passenger,,Spadina-Fort York (10),52 Division,Wellington Place,true,false,false,false,false,false,true,true,false,false,"{""coordinates"": [[-79.38860772085661, 43.65034707722871]], ""type"": ""MultiPoint""}"
15865,2019:9001547206,2019-08-15T06:48:00,QUEEN ST W,ST PATRICK ST,7 m North of,3,Non-Fatal Injury,At Intersection,Traffic Signal,Pedestrian Collision(internal code),Clear,Daylight,Dry,Major Arterial,false,-79.38860772085661,43.65034707722871,1,Automobile or Station Wagon,East,1,34,None,Lap and Shoulder Belt,Disobeyed traffic control,Normal,,,Going Ahead,,,,,driver,,Spadina-Fort York (10),52 Division,Wellington Place,true,false,false,false,false,false,true,true,false,false,"{""coordinates"": [[-79.38860772085661, 43.65034707722871]], ""type"": ""MultiPoint""}"
15866,2019:9001563776,2019-08-17T12:35:00,GODSTONE RD,FAIRVIEW MALL DR,,3,Non-Fatal Injury,At Intersection,Traffic Signal,Pedestrian Collision(internal code),Clear,Daylight,Dry,Minor Arterial,false,-79.34569212168249,43.77956224064068,1,,Unknown,3,74,Minor,Use Unknown,,,On sidewalk or shoulder,Normal,,Driver hits pedestrian on sidewalk or shoulder,,,,pedestrian,,Don Valley North (17),33 Division,Don Valley Village,false,true,false,false,false,true,true,false,false,false,"{""coordinates"": [[-79.34569212168249, 43.77956224064068]], ""type"": ""MultiPoint""}"
15867,2019:9001563776,2019-08-17T12:35:00,GODSTONE RD,FAIRVIEW MALL DR,,3,Non-Fatal Injury,At Intersection,Traffic Signal,Pedestrian Collision(internal code),Clear,Daylight,Dry,Minor Arterial,false,-79.34569212168249,43.77956224064068,1,Automobile or Station Wagon,South,1,78,None,Lap and Shoulder Belt,Lost control,Inattentive,,,Going Ahead,,,,,driver,,Don Valley North (17),33 Division,Don Valley Village,false,true,false,false,false,true,true,false,false,false,"{""coordinates"": [[-79.34569212168249, 43.77956224064068]], ""type"": ""MultiPoint""}"
15868,2019:9001563776,2019-08-17T12:35:00,GODSTONE RD,FAIRVIEW MALL DR,,3,Non-Fatal Injury,At Intersection,Traffic Signal,Pedestrian Collision(internal code),Clear,Daylight,Dry,Minor Arterial,false,-79.34569212168249,43.77956224064068,1,,Unknown,2,79,Major,Use Unknown,,,On sidewalk or shoulder,Normal,,Driver hits pedestrian on sidewalk or shoulder,,,,pedestrian,,Don Valley North (17),33 Division,Don Valley Village,false,true,false,false,false,true,true,false,false,false,"{""coordinates"": [[-79.34569212168249, 43.77956224064068]], ""type"": ""MultiPoint""}"
15869,2019:9001567652,2019-08-17T23:05:00,FINCH AVE E,MCCOWAN RD,,2,Non-Fatal Injury,At Intersection,Traffic Signal,Pedestrian Collision(internal code),Clear,Dark with Artificial Lighting,Dry,Major Arterial,false,-79.26646833584054,43.80795494107821,1,,North,2,36,Major,Use Unknown,,,Crossing without right-of-way (intersection),Had Been Drinking,,Driver going straight hits pedestrian crossing without right-of-way (at intersection),,,,pedestrian,,Scarborough North (23),42 Division,Agincourt North,false,false,false,false,false,false,true,false,false,false,"{""coordinates"": [[-79.26646833584054, 43.80795494107821]], ""type"": ""MultiPoint""}"
15870,2019:9001567652,2019-08-17T23:05:00,FINCH AVE E,MCCOWAN RD,,2,Non-Fatal Injury,At Intersection,Traffic Signal,Pedestrian Collision(internal code),Clear,Dark with Artificial Lighting,Dry,Major Arterial,false,-79.26646833584054,43.80795494107821,1,Automobile or Station Wagon,West,1,26,None,Lap and Shoulder Belt,Driving properly,Normal,,,Going Ahead,,,,,driver,,Scarborough North (23),42 Division,Agincourt North,false,false,false,false,false,false,true,false,false,false,"{""coordinates"": [[-79.26646833584054, 43.80795494107821]], ""type"": ""MultiPoint""}"
15871,2019:9001579618,2019-08-19T17:30:00,KINGSTON RD,HAIG AVE,3 m West of,2,Non-Fatal Injury,At Intersection,No Control,Sideswipe,Clear,Daylight,Dry,Major Arterial,false,-79.27166408767974,43.68716636333911,1,Motorcycle,West,1,26,Major,Helmet,Improper lane change,Inattentive,,,Changing Lanes,,,,,motorcyclist,,Scarborough Southwest (20),41 Division,Birchcliffe-Cliffside,false,true,false,true,false,false,false,false,false,false,"{""coordinates"": [[-79.27166408767974, 43.68716636333911]], ""type"": ""MultiPoint""}"
15872,2019:9001579618,2019-08-19T17:30:00,KINGSTON RD,HAIG AVE,3 m West of,2,Non-Fatal Injury,At Intersection,No Control,Sideswipe,Clear,Daylight,Dry,Major Arterial,false,-79.27166408767974,43.68716636333911,2,Automobile or Station Wagon,West,2,36,None,Lap and Shoulder Belt,Driving properly,Normal,,,Going Ahead,,,,,driver,,Scarborough Southwest (20),41 Division,Birchcliffe-Cliffside,false,true,false,true,false,false,false,false,false,false,"{""coordinates"": [[-79.27166408767974, 43.68716636333911]], ""type"": ""MultiPoint""}"
15873,2019:9001581091,2019-08-19T21:18:00,MARKHAM RD,NASHDENE RD,300 m South of,3,Non-Fatal Injury,Non-Intersection,No Control,Rear End,Clear,Dark with Artificial Lighting,Dry,Major Arterial,false,-79.24496103260876,43.817472588578475,1,Motorcycle,South,1,24,Major,Helmet,Speed too fast for conditions,Unknown,,,Overtaking,,,,,motorcyclist,,Scarborough North (23),42 Division,Morningside Heights,true,false,false,true,false,false,false,false,false,false,"{""coordinates"": [[-79.24496103260876, 43.817472588578475]], ""type"": ""MultiPoint""}"
15874,2019:9001581091,2019-08-19T21:18:00,MARKHAM RD,NASHDENE RD,300 m South of,3,Non-Fatal Injury,Non-Intersection,No Control,Rear End,Clear,Dark with Artificial Lighting,Dry,Major Arterial,false,-79.24496103260876,43.817472588578475,2,Automobile or Station Wagon,South,2,25,None,Lap and Shoulder Belt,Driving properly,Normal,,,Going Ahead,,,,,driver,,Scarborough North (23),42 Division,Morningside Heights,true,false,false,true,false,false,false,false,false,false,"{""coordinates"": [[-79.24496103260876, 43.817472588578475]], ""type"": ""MultiPoint""}"
15875,2019:9001581091,2019-08-19T21:18:00,MARKHAM RD,NASHDENE RD,300 m South of,3,Non-Fatal Injury,Non-Intersection,No Control,Rear End,Clear,Dark with Artificial Lighting,Dry,Major Arterial,false,-79.24496103260876,43.817472588578475,1,,,3,23,Major,Helmet,,,,,,,,,,motorcyclist,,Scarborough North (23),42 Division,Morningside Heights,true,false,false,true,false,false,false,false,false,false,"{""coordinates"": [[-79.24496103260876, 43.817472588578475]], ""type"": ""MultiPoint""}"
15876,2019:9001585918,2019-08-20T15:15:00,SHEPPARD AVE E,MARKHAM RD,,2,Non-Fatal Injury,At Intersection,Traffic Signal,Pedestrian Collision(internal code),Clear,Daylight,Dry,Major Arterial,false,-79.23872019831028,43.79379475258886,1,,West,2,73,Major,No Equipment Available,,,Crossing with right-of-way (intersection),Normal,,Driver turns left into pedestrian crossing with right-of-way (at intersection),,,,pedestrian,,Scarborough North (23),42 Division,Malvern East,true,true,false,false,false,true,true,false,false,false,"{""coordinates"": [[-79.23872019831028, 43.79379475258886]], ""type"": ""MultiPoint""}"
15877,2019:9001585918,2019-08-20T15:15:00,SHEPPARD AVE E,MARKHAM RD,,2,Non-Fatal Injury,At Intersection,Traffic Signal,Pedestrian Collision(internal code),Clear,Daylight,Dry,Major Arterial,false,-79.23872019831028,43.79379475258886,1,Automobile or Station Wagon,East,1,26,None,Lap and Shoulder Belt,Failed to yield right-of-way,Inattentive,,,Turning Left,,,,,driver,,Scarborough North (23),42 Division,Malvern East,true,true,false,false,false,true,true,false,false,false,"{""coordinates"": [[-79.23872019831028, 43.79379475258886]], ""type"": ""MultiPoint""}"
15878,2019:9001585957,2019-08-20T15:22:00,BATHURST ST,DUPONT ST,25 m North of,1,Non-Fatal Injury,At Intersection,Traffic Signal,SMV Other,Clear,Daylight,Dry,Major Arterial,false,-79.41434931167522,43.67307888967973,1,Motorcycle,South,1,53,Major,Helmet,Lost control,Normal,,,Going Ahead,,,,,motorcyclist,,University-Rosedale (11),14 Division,Annex,false,false,false,true,false,false,false,false,false,false,"{""coordinates"": [[-79.41434931167522, 43.67307888967973]], ""type"": ""MultiPoint""}"
15879,2019:9001588399,2019-08-20T21:12:00,STEELES AVE E,LAURELEAF RD S,,2,Fatal Injury,At Intersection,Traffic Signal,Pedestrian Collision(internal code),Clear,Dark with Artificial Lighting,Dry,Major Arterial,false,-79.38574567034293,43.80549815961601,,,North,1,60,Fatal,,,,Crossing without right-of-way (intersection),Had Been Drinking,,Driver going straight hits pedestrian crossing without right-of-way (at intersection),,,,pedestrian,35,Don Valley North (17),33 Division,Bayview Woods-Steeles,false,false,false,false,false,false,true,false,false,false,"{""coordinates"": [[-79.38574567034293, 43.80549815961601]], ""type"": ""MultiPoint""}"
15880,2019:9001588399,2019-08-20T21:12:00,STEELES AVE E,LAURELEAF RD S,,2,Fatal Injury,At Intersection,Traffic Signal,Pedestrian Collision(internal code),Clear,Dark with Artificial Lighting,Dry,Major Arterial,false,-79.38574567034293,43.80549815961601,1,Automobile or Station Wagon,West,2,34,None,,Driving properly,Normal,,,Going Ahead,,,,,driver,,Don Valley North (17),33 Division,Bayview Woods-Steeles,false,false,false,false,false,false,true,false,false,false,"{""coordinates"": [[-79.38574567034293, 43.80549815961601]], ""type"": ""MultiPoint""}"
15881,2019:9001591969,2019-08-21T11:30:00,SHEPPARD AVE E,MIDLAND AVE,,3,Fatal Injury,At Intersection,Traffic Signal,Pedestrian Collision(internal code),Clear,Daylight,Dry,Major Arterial,true,-79.27853044710659,43.7852765771405,1,Truck - Tank,East,3,47,None,,Failed to yield right-of-way,Inattentive,,,Turning Right,,,,,driver,,Scarborough North (23),42 Division,Agincourt South-Malvern West,true,true,false,false,false,true,true,false,false,true,"{""coordinates"": [[-79.27853044710659, 43.7852765771405]], ""type"": ""MultiPoint""}"
15882,2019:9001591969,2019-08-21T11:30:00,SHEPPARD AVE E,MIDLAND AVE,,3,Fatal Injury,At Intersection,Traffic Signal,Pedestrian Collision(internal code),Clear,Daylight,Dry,Major Arterial,true,-79.27853044710659,43.7852765771405,2,Automobile or Station Wagon,East,2,,None,,Failed to yield right-of-way,Unknown,,,Unknown,,,,,driver,,Scarborough North (23),42 Division,Agincourt South-Malvern West,true,true,false,false,false,true,true,false,false,true,"{""coordinates"": [[-79.27853044710659, 43.7852765771405]], ""type"": ""MultiPoint""}"
15883,2019:9001591969,2019-08-21T11:30:00,SHEPPARD AVE E,MIDLAND AVE,,3,Fatal Injury,At Intersection,Traffic Signal,Pedestrian Collision(internal code),Clear,Daylight,Dry,Major Arterial,true,-79.27853044710659,43.7852765771405,,,East,1,76,Fatal,,,,Crossing with right-of-way (intersection),Unknown,,Driver turns right into pedestrian crossing with right-of-way (at intersection),,,,pedestrian,36,Scarborough North (23),42 Division,Agincourt South-Malvern West,true,true,false,false,false,true,true,false,false,true,"{""coordinates"": [[-79.27853044710659, 43.7852765771405]], ""type"": ""MultiPoint""}"
15884,2019:9001598052,2019-08-22T08:15:00,ISLINGTON AVE,ANGLESEY BLVD,,2,Non-Fatal Injury,At Intersection,Stop Sign,Angle,Clear,Daylight,Dry,Major Arterial,false,-79.53199479533191,43.66420988383738,1,Pickup Truck,West,1,43,None,Lap and Shoulder Belt,Failed to yield right-of-way,Normal,,,Going Ahead,,,,,driver,,Etobicoke Centre (2),22 Division,Edenbridge-Humber Valley,true,false,false,true,false,true,false,false,false,false,"{""coordinates"": [[-79.53199479533191, 43.66420988383738]], ""type"": ""MultiPoint""}"
15885,2019:9001598052,2019-08-22T08:15:00,ISLINGTON AVE,ANGLESEY BLVD,,2,Non-Fatal Injury,At Intersection,Stop Sign,Angle,Clear,Daylight,Dry,Major Arterial,false,-79.53199479533191,43.66420988383738,2,Motorcycle,North,2,69,Major,Helmet,Driving properly,Normal,,,Going Ahead,,,,,motorcyclist,,Etobicoke Centre (2),22 Division,Edenbridge-Humber Valley,true,false,false,true,false,true,false,false,false,false,"{""coordinates"": [[-79.53199479533191, 43.66420988383738]], ""type"": ""MultiPoint""}"
15886,2019:9001600712,2019-08-22T15:21:00,BAY ST,COLLEGE ST,,8,Non-Fatal Injury,At Intersection,Traffic Signal,Pedestrian Collision(internal code),Clear,Daylight,Dry,Major Arterial,false,-79.38581534105582,43.66074212072226,0,,Unknown,5,1,Minimal,No Equipment Available,,,Crossing with right-of-way (intersection),Normal,,Driver going straight hits pedestrian crossing with right-of-way (at intersection),,,,pedestrian,,University-Rosedale (11),52 Division,Yonge-Bay Corridor,true,true,false,false,false,true,true,true,false,false,"{""coordinates"": [[-79.38581534105582, 43.66074212072226]], ""type"": ""MultiPoint""}"
15887,2019:9001600712,2019-08-22T15:21:00,BAY ST,COLLEGE ST,,8,Non-Fatal Injury,At Intersection,Traffic Signal,Pedestrian Collision(internal code),Clear,Daylight,Dry,Major Arterial,false,-79.38581534105582,43.66074212072226,0,,Unknown,7,69,Major,No Equipment Available,,,Crossing with right-of-way (intersection),Normal,,Driver going straight hits pedestrian crossing with right-of-way (at intersection),,,,pedestrian,,University-Rosedale (11),52 Division,Yonge-Bay Corridor,true,true,false,false,false,true,true,true,false,false,"{""coordinates"": [[-79.38581534105582, 43.66074212072226]], ""type"": ""MultiPoint""}"
15888,2019:9001600712,2019-08-22T15:21:00,BAY ST,COLLEGE ST,,8,Non-Fatal Injury,At Intersection,Traffic Signal,Pedestrian Collision(internal code),Clear,Daylight,Dry,Major Arterial,false,-79.38581534105582,43.66074212072226,3,Pickup Truck,West,3,24,None,Lap and Shoulder Belt,Driving properly,Normal,,,Going Ahead,,,,,driver,,University-Rosedale (11),52 Division,Yonge-Bay Corridor,true,true,false,false,false,true,true,true,false,false,"{""coordinates"": [[-79.38581534105582, 43.66074212072226]], ""type"": ""MultiPoint""}"
15889,2019:9001600712,2019-08-22T15:21:00,BAY ST,COLLEGE ST,,8,Non-Fatal Injury,At Intersection,Traffic Signal,Pedestrian Collision(internal code),Clear,Daylight,Dry,Major Arterial,false,-79.38581534105582,43.66074212072226,0,,,8,54,Major,No Equipment Available,,,Crossing with right-of-way (intersection),Normal,,Driver going straight hits pedestrian crossing with right-of-way (at intersection),,,,pedestrian,,University-Rosedale (11),52 Division,Yonge-Bay Corridor,true,true,false,false,false,true,true,true,false,false,"{""coordinates"": [[-79.38581534105582, 43.66074212072226]], ""type"": ""MultiPoint""}"
15890,2019:9001600712,2019-08-22T15:21:00,BAY ST,COLLEGE ST,,8,Non-Fatal Injury,At Intersection,Traffic Signal,Pedestrian Collision(internal code),Clear,Daylight,Dry,Major Arterial,false,-79.38581534105582,43.66074212072226,0,,Unknown,6,43,Minor,No Equipment Available,,,Crossing with right-of-way (intersection),Normal,,Driver going straight hits pedestrian crossing with right-of-way (at intersection),,,,pedestrian,,University-Rosedale (11),52 Division,Yonge-Bay Corridor,true,true,false,false,false,true,true,true,false,false,"{""coordinates"": [[-79.38581534105582, 43.66074212072226]], ""type"": ""MultiPoint""}"
15891,2019:9001600712,2019-08-22T15:21:00,BAY ST,COLLEGE ST,,8,Non-Fatal Injury,At Intersection,Traffic Signal,Pedestrian Collision(internal code),Clear,Daylight,Dry,Major Arterial,false,-79.38581534105582,43.66074212072226,1,Automobile or Station Wagon,North,1,54,None,Lap and Shoulder Belt,Disobeyed traffic control,Inattentive,,,Going Ahead,,,,,driver,,University-Rosedale (11),52 Division,Yonge-Bay Corridor,true,true,false,false,false,true,true,true,false,false,"{""coordinates"": [[-79.38581534105582, 43.66074212072226]], ""type"": ""MultiPoint""}"
15892,2019:9001600712,2019-08-22T15:21:00,BAY ST,COLLEGE ST,,8,Non-Fatal Injury,At Intersection,Traffic Signal,Pedestrian Collision(internal code),Clear,Daylight,Dry,Major Arterial,false,-79.38581534105582,43.66074212072226,2,,,4,23,None,Lap and Shoulder Belt,,,,,,,,,,passenger,,University-Rosedale (11),52 Division,Yonge-Bay Corridor,true,true,false,false,false,true,true,true,false,false,"{""coordinates"": [[-79.38581534105582, 43.66074212072226]], ""type"": ""MultiPoint""}"
15893,2019:9001600712,2019-08-22T15:21:00,BAY ST,COLLEGE ST,,8,Non-Fatal Injury,At Intersection,Traffic Signal,Pedestrian Collision(internal code),Clear,Daylight,Dry,Major Arterial,false,-79.38581534105582,43.66074212072226,2,Automobile or Station Wagon,West,2,24,Major,Lap and Shoulder Belt,Driving properly,Normal,,,Going Ahead,,,,,driver,,University-Rosedale (11),52 Division,Yonge-Bay Corridor,true,true,false,false,false,true,true,true,false,false,"{""coordinates"": [[-79.38581534105582, 43.66074212072226]], ""type"": ""MultiPoint""}"
15894,2019:9001602169,2019-08-22T18:23:00,LAKE SHORE BLVD E,COXWELL AVE,,2,Non-Fatal Injury,At Intersection,Traffic Controller,Rear End,Clear,Dusk,Dry,Major Arterial,true,-79.31483131560906,43.662199231573474,2,Motorcycle,East,1,53,Major,Helmet,Driving properly,Normal,,,Slowing or Stopping,,,,,motorcyclist,,Beaches-East York (19),55 Division,South Riverdale,true,false,false,true,false,false,false,false,false,false,"{""coordinates"": [[-79.31483131560906, 43.662199231573474]], ""type"": ""MultiPoint""}"
15895,2019:9001602169,2019-08-22T18:23:00,LAKE SHORE BLVD E,COXWELL AVE,,2,Non-Fatal Injury,At Intersection,Traffic Controller,Rear End,Clear,Dusk,Dry,Major Arterial,true,-79.31483131560906,43.662199231573474,2,Automobile or Station Wagon,East,2,53,Major,Helmet,Following too closely,Unknown,,,Going Ahead,,,,,driver,,Beaches-East York (19),55 Division,South Riverdale,true,false,false,true,false,false,false,false,false,false,"{""coordinates"": [[-79.31483131560906, 43.662199231573474]], ""type"": ""MultiPoint""}"
15896,2019:9001605294,2019-08-23T07:52:00,DAVENPORT RD,BATHURST ST,,5,Non-Fatal Injury,At Intersection,Traffic Signal,Rear End,Clear,Daylight,Dry,Minor Arterial,false,-79.41574548774351,43.67665707661012,2,Municipal Transit Bus (TTC),West,2,29,Minimal,No Equipment Available,Driving properly,Normal,,,Stopped,,,,,driver,,Toronto-St. Paul's (12),13 Division,Casa Loma,true,false,false,false,false,false,false,false,false,true,"{""coordinates"": [[-79.41574548774351, 43.67665707661012]], ""type"": ""MultiPoint""}"
15897,2019:9001605294,2019-08-23T07:52:00,DAVENPORT RD,BATHURST ST,,5,Non-Fatal Injury,At Intersection,Traffic Signal,Rear End,Clear,Daylight,Dry,Minor Arterial,false,-79.41574548774351,43.67665707661012,1,,,3,25,None,Lap and Shoulder Belt,,,,,,,,,,passenger,,Toronto-St. Paul's (12),13 Division,Casa Loma,true,false,false,false,false,false,false,false,false,true,"{""coordinates"": [[-79.41574548774351, 43.67665707661012]], ""type"": ""MultiPoint""}"
15898,2019:9001605294,2019-08-23T07:52:00,DAVENPORT RD,BATHURST ST,,5,Non-Fatal Injury,At Intersection,Traffic Signal,Rear End,Clear,Daylight,Dry,Minor Arterial,false,-79.41574548774351,43.67665707661012,2,,,4,44,Major,No Equipment Available,,,,,,,,,,passenger,,Toronto-St. Paul's (12),13 Division,Casa Loma,true,false,false,false,false,false,false,false,false,true,"{""coordinates"": [[-79.41574548774351, 43.67665707661012]], ""type"": ""MultiPoint""}"
15899,2019:9001605294,2019-08-23T07:52:00,DAVENPORT RD,BATHURST ST,,5,Non-Fatal Injury,At Intersection,Traffic Signal,Rear End,Clear,Daylight,Dry,Minor Arterial,false,-79.41574548774351,43.67665707661012,2,,,5,62,Minimal,No Equipment Available,,,,,,,,,,passenger,,Toronto-St. Paul's (12),13 Division,Casa Loma,true,false,false,false,false,false,false,false,false,true,"{""coordinates"": [[-79.41574548774351, 43.67665707661012]], ""type"": ""MultiPoint""}"
15900,2019:9001605294,2019-08-23T07:52:00,DAVENPORT RD,BATHURST ST,,5,Non-Fatal Injury,At Intersection,Traffic Signal,Rear End,Clear,Daylight,Dry,Minor Arterial,false,-79.41574548774351,43.67665707661012,1,Truck - Closed,West,1,36,None,Lap and Shoulder Belt,Following too closely,Normal,,,Going Ahead,,,,,driver,,Toronto-St. Paul's (12),13 Division,Casa Loma,true,false,false,false,false,false,false,false,false,true,"{""coordinates"": [[-79.41574548774351, 43.67665707661012]], ""type"": ""MultiPoint""}"
15901,2019:9001618361,2019-08-25T00:20:00,PASSMORE AVE,DYNAMIC DR,14 m East of,2,Non-Fatal Injury,At Intersection,No Control,Pedestrian Collision(internal code),Clear,Dark,Dry,Collector,false,-79.25342966231368,43.82986655051998,1,,North,2,37,Major,Use Unknown,,,Crossing - no traffic control,Had Been Drinking,,Driver hits pedestrian at midblock,,,,pedestrian,,Scarborough North (23),42 Division,Milliken,false,false,false,false,false,false,true,false,true,false,"{""coordinates"": [[-79.25342966231368, 43.82986655051998]], ""type"": ""MultiPoint""}"
15902,2019:9001618361,2019-08-25T00:20:00,PASSMORE AVE,DYNAMIC DR,14 m East of,2,Non-Fatal Injury,At Intersection,No Control,Pedestrian Collision(internal code),Clear,Dark,Dry,Collector,false,-79.25342966231368,43.82986655051998,1,Automobile or Station Wagon,West,1,17,None,Lap and Shoulder Belt,Driving properly,Normal,,,Going Ahead,,,,,driver,,Scarborough North (23),42 Division,Milliken,false,false,false,false,false,false,true,false,true,false,"{""coordinates"": [[-79.25342966231368, 43.82986655051998]], ""type"": ""MultiPoint""}"
15903,2019:9001620635,2019-08-25T11:15:00,RENFORTH DR,BRIDGETOWN DR,,2,Non-Fatal Injury,At Intersection,No Control,Pedestrian Collision(internal code),Clear,Daylight,Dry,Collector,true,-79.56791408405589,43.63608418040239,1,,East,2,37,Major,Use Unknown,,,Crossing with right-of-way (intersection),Normal,,Driver going straight hits pedestrian crossing with right-of-way (at intersection),,,,pedestrian,,Etobicoke Centre (2),22 Division,Etobicoke West Mall,true,false,false,false,false,false,true,false,false,false,"{""coordinates"": [[-79.56791408405589, 43.63608418040239]], ""type"": ""MultiPoint""}"
15904,2019:9001620635,2019-08-25T11:15:00,RENFORTH DR,BRIDGETOWN DR,,2,Non-Fatal Injury,At Intersection,No Control,Pedestrian Collision(internal code),Clear,Daylight,Dry,Collector,true,-79.56791408405589,43.63608418040239,1,Automobile or Station Wagon,North,1,,None,Use Unknown,Failed to yield right-of-way,Unknown,,,Going Ahead,,,,,driver,,Etobicoke Centre (2),22 Division,Etobicoke West Mall,true,false,false,false,false,false,true,false,false,false,"{""coordinates"": [[-79.56791408405589, 43.63608418040239]], ""type"": ""MultiPoint""}"