_id,collision_id,accdate,stname1,stname2,stname3,per_inv,acclass,accloc,traffictl,impactype,visible,light,rdsfcond,road_class,failtorem,longitude,latitude,veh_no,vehtype,initdir,per_no,invage,injury,safequip,drivact,drivcond,pedact,pedcond,manoeuvre,pedtype,cyclistype,cycact,cyccond,road_user,fatal_no,wardname,division,neighbourhood,aggressive,distracted,cyclist,motorcyclist,other_micromobility,older_adult,pedestrian,red_light,school_child,heavy_truck,geometry
15905,2019:9001623743,2019-08-25T20:35:00,KINGSTON RD,MORNINGSIDE AVE,,2,Fatal Injury,Non-Intersection,No Control,Pedestrian Collision(internal code),Clear,Dark,Dry,Major Arterial,false,-79.18632139571432,43.77108493341513,1,Automobile or Station Wagon,East,2,63,None,,Driving properly,Normal,,,Going Ahead,,,,,driver,,Scarborough-Rouge Park (25),43 Division,West Hill,false,false,false,false,false,true,true,false,false,false,"{""coordinates"": [[-79.18632139571432, 43.77108493341513]], ""type"": ""MultiPoint""}"
15906,2019:9001623743,2019-08-25T20:35:00,KINGSTON RD,MORNINGSIDE AVE,,2,Fatal Injury,Non-Intersection,No Control,Pedestrian Collision(internal code),Clear,Dark,Dry,Major Arterial,false,-79.18632139571432,43.77108493341513,,,North,1,72,Fatal,,,,Crossing - no traffic control,Unknown,,Driver hits pedestrian at midblock,,,,pedestrian,37,Scarborough-Rouge Park (25),43 Division,West Hill,false,false,false,false,false,true,true,false,false,false,"{""coordinates"": [[-79.18632139571432, 43.77108493341513]], ""type"": ""MultiPoint""}"
15907,2019:9001631104,2019-08-26T20:46:00,TWYN RIVERS DR,SHEPPARD AVE E,3 m West of,1,Non-Fatal Injury,Non-Intersection,No Control,SMV Other,Clear,Dark,Dry,Collector,false,-79.15670408553716,43.81345562834059,1,Motorcycle,North,1,47,Major,Helmet,Lost control,Normal,,,Going Ahead,,,,,motorcyclist,,Scarborough-Rouge Park (25),42 Division,Morningside Heights,false,false,false,true,false,false,false,false,false,false,"{""coordinates"": [[-79.15670408553716, 43.81345562834059]], ""type"": ""MultiPoint""}"
15908,2019:9001661234,2019-08-30T20:23:00,SHEPPARD AVE E,ABBOTSFIELD GT,,2,Fatal Injury,Non-Intersection,No Control,Pedestrian Collision(internal code),Clear,Dark,Dry,Major Arterial,true,-79.31386158255212,43.77728007489868,,,North,1,34,Fatal,,,,Crossing - no traffic control,Inattentive,Going Ahead,Driver hits pedestrian at midblock,,,,pedestrian,38,Scarborough-Agincourt (22),42 Division,Tam O'Shanter-Sullivan,false,true,false,false,false,false,true,false,false,false,"{""coordinates"": [[-79.31386158255212, 43.77728007489868]], ""type"": ""MultiPoint""}"
15909,2019:9001661234,2019-08-30T20:23:00,SHEPPARD AVE E,ABBOTSFIELD GT,,2,Fatal Injury,Non-Intersection,No Control,Pedestrian Collision(internal code),Clear,Dark,Dry,Major Arterial,true,-79.31386158255212,43.77728007489868,1,Automobile or Station Wagon,East,2,,None,,Other,Unknown,,,Going Ahead,,,,,driver,,Scarborough-Agincourt (22),42 Division,Tam O'Shanter-Sullivan,false,true,false,false,false,false,true,false,false,false,"{""coordinates"": [[-79.31386158255212, 43.77728007489868]], ""type"": ""MultiPoint""}"
15910,2019:9001663278,2019-08-31T07:40:00,MOUNT PLEASANT RD,ELM AVE,2 m North of,2,Non-Fatal Injury,At Intersection,Traffic Signal,Pedestrian Collision(internal code),Clear,Daylight,Dry,Major Arterial,false,-79.38015429860725,43.67446739032389,1,Pickup Truck,East,1,50,None,Lap and Shoulder Belt,Failed to yield right-of-way,Inattentive,,,Turning Left,,,,,driver,,University-Rosedale (11),53 Division,Rosedale-Moore Park,true,true,false,false,false,true,true,false,false,false,"{""coordinates"": [[-79.38015429860725, 43.67446739032389]], ""type"": ""MultiPoint""}"
15911,2019:9001663278,2019-08-31T07:40:00,MOUNT PLEASANT RD,ELM AVE,2 m North of,2,Non-Fatal Injury,At Intersection,Traffic Signal,Pedestrian Collision(internal code),Clear,Daylight,Dry,Major Arterial,false,-79.38015429860725,43.67446739032389,1,,West,2,74,Major,No Equipment Available,,,Crossing with right-of-way (intersection),Normal,,Driver turns left into pedestrian crossing with right-of-way (at intersection),,,,pedestrian,,University-Rosedale (11),53 Division,Rosedale-Moore Park,true,true,false,false,false,true,true,false,false,false,"{""coordinates"": [[-79.38015429860725, 43.67446739032389]], ""type"": ""MultiPoint""}"
15912,2019:9001666503,2019-08-31T17:46:00,JOHN GARLAND BLVD,KENDLETON DR,3 m West of,2,Non-Fatal Injury,At Intersection,No Control,Cyclist Collision,Clear,Daylight,Dry,Local,false,-79.58032693937197,43.73488861160006,1,Automobile or Station Wagon,West,1,67,None,Lap and Shoulder Belt,Failed to yield right-of-way,Normal,,,Turning Right,,,,,driver,,Etobicoke North (1),23 Division,Mount Olive-Silverstone-Jamestown,true,false,true,false,false,true,false,false,false,false,"{""coordinates"": [[-79.58032693937197, 43.73488861160006]], ""type"": ""MultiPoint""}"
15913,2019:9001666503,2019-08-31T17:46:00,JOHN GARLAND BLVD,KENDLETON DR,3 m West of,2,Non-Fatal Injury,At Intersection,No Control,Cyclist Collision,Clear,Daylight,Dry,Local,false,-79.58032693937197,43.73488861160006,2,Bicycle,East,2,58,Major,Equipment Not Used But Available,,,,,Going Ahead,,"Driver turns right at non-signalized intersection (e.g. stop, yield, no control, driveway) and hits cyclist",Driving Properly,Normal,cyclist,,Etobicoke North (1),23 Division,Mount Olive-Silverstone-Jamestown,true,false,true,false,false,true,false,false,false,false,"{""coordinates"": [[-79.58032693937197, 43.73488861160006]], ""type"": ""MultiPoint""}"
15914,2019:9001678425,2019-09-02T14:48:00,495 THE WEST MALL,,305 m West of,3,Non-Fatal Injury,Non-Intersection,No Control,Angle,Clear,Daylight,Dry,Minor Arterial,false,-79.5680437617636,43.647905920583746,2,Automobile or Station Wagon,West,2,32,None,Lap and Shoulder Belt,Failed to yield right-of-way,Normal,,,Going Ahead,,,,,driver,,Etobicoke Centre (2),22 Division,Etobicoke West Mall,true,false,false,true,false,false,false,false,false,false,"{""coordinates"": [[-79.5680437617636, 43.647905920583746]], ""type"": ""MultiPoint""}"
15915,2019:9001678425,2019-09-02T14:48:00,495 THE WEST MALL,,305 m West of,3,Non-Fatal Injury,Non-Intersection,No Control,Angle,Clear,Daylight,Dry,Minor Arterial,false,-79.5680437617636,43.647905920583746,3,Motorcycle,North,3,,None,Use Unknown,Exceeding speed limit,Unknown,,,Going Ahead,,,,,motorcyclist,,Etobicoke Centre (2),22 Division,Etobicoke West Mall,true,false,false,true,false,false,false,false,false,false,"{""coordinates"": [[-79.5680437617636, 43.647905920583746]], ""type"": ""MultiPoint""}"
15916,2019:9001678425,2019-09-02T14:48:00,495 THE WEST MALL,,305 m West of,3,Non-Fatal Injury,Non-Intersection,No Control,Angle,Clear,Daylight,Dry,Minor Arterial,false,-79.5680437617636,43.647905920583746,1,Motorcycle,North,1,20,Major,Helmet,Exceeding speed limit,Normal,,,Going Ahead,,,,,motorcyclist,,Etobicoke Centre (2),22 Division,Etobicoke West Mall,true,false,false,true,false,false,false,false,false,false,"{""coordinates"": [[-79.5680437617636, 43.647905920583746]], ""type"": ""MultiPoint""}"
15917,2019:9001679481,2019-09-02T18:02:00,GARRYBROOK DR,HUNTINGWOOD DR,3 m North of,2,Non-Fatal Injury,At Intersection,Stop Sign,Cyclist Collision,Clear,Daylight,Dry,Minor Arterial,false,-79.30721701365025,43.78896542385044,2,Bicycle,East,2,31,Major,Equipment Not Used But Available,,,,,Going Ahead,,"Driver turns right at non-signalized intersection (e.g. stop, yield, no control, driveway) and hits cyclist",Driving Properly,Normal,cyclist,,Scarborough-Agincourt (22),42 Division,Tam O'Shanter-Sullivan,true,false,true,false,false,false,false,false,false,false,"{""coordinates"": [[-79.30721701365025, 43.78896542385044]], ""type"": ""MultiPoint""}"
15918,2019:9001679481,2019-09-02T18:02:00,GARRYBROOK DR,HUNTINGWOOD DR,3 m North of,2,Non-Fatal Injury,At Intersection,Stop Sign,Cyclist Collision,Clear,Daylight,Dry,Minor Arterial,false,-79.30721701365025,43.78896542385044,1,Automobile or Station Wagon,South,1,24,None,Lap and Shoulder Belt,Failed to yield right-of-way,Normal,,,Turning Right,,,,,driver,,Scarborough-Agincourt (22),42 Division,Tam O'Shanter-Sullivan,true,false,true,false,false,false,false,false,false,false,"{""coordinates"": [[-79.30721701365025, 43.78896542385044]], ""type"": ""MultiPoint""}"
15919,2019:9001686602,2019-09-03T18:00:00,KENNEDY RD,HIGHWAY 401 C E,2 m South of,1,Non-Fatal Injury,Non-Intersection,No Control,SMV Other,Clear,Daylight,Dry,Major Arterial,false,-79.28433643517658,43.77437036353572,1,Automobile or Station Wagon,North,1,73,Major,Use Unknown,Other,Unknown,,,Going Ahead,,,,,driver,,Scarborough Centre (21),41 Division,Dorset Park,false,false,false,false,false,true,false,false,false,false,"{""coordinates"": [[-79.28433643517658, 43.77437036353572]], ""type"": ""MultiPoint""}"
15920,2019:9002117462,2019-09-03T19:03:00,KING ST W,PORTLAND ST,30 m East of,2,Non-Fatal Injury,At Intersection,Traffic Signal,Cyclist Collision,Clear,Dark,Dry,Major Arterial,false,-79.4000594738239,43.64438090915331,2,Automobile or Station Wagon,West,1,33,None,Lap and Shoulder Belt,Driving properly,Normal,,,Going Ahead,,,,,driver,,Spadina-Fort York (10),14 Division,Wellington Place,false,false,true,false,false,false,false,false,false,false,"{""coordinates"": [[-79.4000594738239, 43.64438090915331]], ""type"": ""MultiPoint""}"
15921,2019:9002117462,2019-09-03T19:03:00,KING ST W,PORTLAND ST,30 m East of,2,Non-Fatal Injury,At Intersection,Traffic Signal,Cyclist Collision,Clear,Dark,Dry,Major Arterial,false,-79.4000594738239,43.64438090915331,1,Bicycle,West,2,48,Major,Helmet,,,,,Going Ahead,,Rear end with cyclist and driver travelling in same direction,Following too Close,Normal,cyclist,,Spadina-Fort York (10),14 Division,Wellington Place,false,false,true,false,false,false,false,false,false,false,"{""coordinates"": [[-79.4000594738239, 43.64438090915331]], ""type"": ""MultiPoint""}"
15922,2019:9001687107,2019-09-03T19:10:00,LANSDOWNE AVE,WALLACE AVE,27 m South of,2,Non-Fatal Injury,At/Near Private Drive,No Control,Pedestrian Collision(internal code),Clear,Daylight,Dry,Minor Arterial,false,-79.44437868369803,43.662287157914164,1,,North,2,27,Major,Use Unknown,,,On sidewalk or shoulder,Normal,,,,,,pedestrian,,Davenport (9),11 Division,Junction-Wallace Emerson,false,true,false,false,false,false,true,false,false,false,"{""coordinates"": [[-79.44437868369803, 43.662287157914164]], ""type"": ""MultiPoint""}"
15923,2019:9001687107,2019-09-03T19:10:00,LANSDOWNE AVE,WALLACE AVE,27 m South of,2,Non-Fatal Injury,At/Near Private Drive,No Control,Pedestrian Collision(internal code),Clear,Daylight,Dry,Minor Arterial,false,-79.44437868369803,43.662287157914164,1,Automobile or Station Wagon,South,1,27,None,Lap and Shoulder Belt,Lost control,Inattentive,,,Going Ahead,,,,,driver,,Davenport (9),11 Division,Junction-Wallace Emerson,false,true,false,false,false,false,true,false,false,false,"{""coordinates"": [[-79.44437868369803, 43.662287157914164]], ""type"": ""MultiPoint""}"
15924,2019:9001689966,2019-09-04T08:00:00,1750 VICTORIA PARK AVE,,27 m South of,2,Non-Fatal Injury,At/Near Private Drive,No Control,Cyclist Collision,Clear,Daylight,Dry,Major Arterial,false,-79.30740780257894,43.73619671490035,2,Bicycle,North,2,14,Major,No Equipment Available,,,,,Going Ahead,,"Driver turns right at non-signalized intersection (e.g. stop, yield, no control, driveway) and hits cyclist",Driving Properly,Normal,cyclist,,Don Valley East (16),33 Division,Victoria Village,true,false,true,false,false,false,false,false,true,false,"{""coordinates"": [[-79.30740780257894, 43.73619671490035]], ""type"": ""MultiPoint""}"
15925,2019:9001689966,2019-09-04T08:00:00,1750 VICTORIA PARK AVE,,27 m South of,2,Non-Fatal Injury,At/Near Private Drive,No Control,Cyclist Collision,Clear,Daylight,Dry,Major Arterial,false,-79.30740780257894,43.73619671490035,1,Pickup Truck,East,1,59,Minimal,Lap and Shoulder Belt,Failed to yield right-of-way,Normal,,,Turning Right,,,,,driver,,Don Valley East (16),33 Division,Victoria Village,true,false,true,false,false,false,false,false,true,false,"{""coordinates"": [[-79.30740780257894, 43.73619671490035]], ""type"": ""MultiPoint""}"
15926,2019:9001693858,2019-09-04T17:22:00,O CONNOR DR,SUNRISE AVE,,3,Non-Fatal Injury,At Intersection,Traffic Signal,Angle,Clear,Daylight,Dry,Major Arterial,false,-79.30443235637327,43.71883220985835,2,Automobile or Station Wagon,East,2,51,None,Lap and Shoulder Belt,Driving properly,Normal,,,Going Ahead,,,,,driver,,Beaches-East York (19),55 Division,Victoria Village,true,false,false,false,false,false,false,true,false,false,"{""coordinates"": [[-79.30443235637327, 43.71883220985835]], ""type"": ""MultiPoint""}"
15927,2019:9001693858,2019-09-04T17:22:00,O CONNOR DR,SUNRISE AVE,,3,Non-Fatal Injury,At Intersection,Traffic Signal,Angle,Clear,Daylight,Dry,Major Arterial,false,-79.30443235637327,43.71883220985835,1,,,3,48,Minimal,Lap and Shoulder Belt,,,,,,,,,,passenger,,Beaches-East York (19),55 Division,Victoria Village,true,false,false,false,false,false,false,true,false,false,"{""coordinates"": [[-79.30443235637327, 43.71883220985835]], ""type"": ""MultiPoint""}"
15928,2019:9001693858,2019-09-04T17:22:00,O CONNOR DR,SUNRISE AVE,,3,Non-Fatal Injury,At Intersection,Traffic Signal,Angle,Clear,Daylight,Dry,Major Arterial,false,-79.30443235637327,43.71883220985835,1,Automobile or Station Wagon,North,1,51,Major,Lap and Shoulder Belt,Disobeyed traffic control,Ability Impaired - Alcohol,,,Going Ahead,,,,,driver,,Beaches-East York (19),55 Division,Victoria Village,true,false,false,false,false,false,false,true,false,false,"{""coordinates"": [[-79.30443235637327, 43.71883220985835]], ""type"": ""MultiPoint""}"
15929,2019:9001695892,2019-09-04T23:07:00,WESTON RD,ROGERS RD,,2,Non-Fatal Injury,At Intersection,Traffic Signal,Turning Movement,Clear,Dark with Artificial Lighting,Dry,Major Arterial,false,-79.47671208563992,43.68153615886893,2,Motorcycle,North,2,43,Major,Helmet,Driving properly,Normal,,,Going Ahead,,,,,motorcyclist,,York South-Weston (5),12 Division,Rockcliffe-Smythe,true,true,false,true,false,false,false,false,false,true,"{""coordinates"": [[-79.47671208563992, 43.68153615886893]], ""type"": ""MultiPoint""}"
15930,2019:9001695892,2019-09-04T23:07:00,WESTON RD,ROGERS RD,,2,Non-Fatal Injury,At Intersection,Traffic Signal,Turning Movement,Clear,Dark with Artificial Lighting,Dry,Major Arterial,false,-79.47671208563992,43.68153615886893,1,Municipal Transit Bus (TTC),South,1,27,None,Lap and Shoulder Belt,Failed to yield right-of-way,Inattentive,,,Turning Left,,,,,driver,,York South-Weston (5),12 Division,Rockcliffe-Smythe,true,true,false,true,false,false,false,false,false,true,"{""coordinates"": [[-79.47671208563992, 43.68153615886893]], ""type"": ""MultiPoint""}"
15931,2019:9001704678,2019-09-06T06:30:00,WARDEN AVE,MCNICOLL AVE,,2,Fatal Injury,Non-Intersection,No Control,Pedestrian Collision(internal code),Clear,Daylight,Dry,Major Arterial,false,-79.32191056659804,43.80835108584145,,Automobile or Station Wagon,South,2,28,None,,Driving properly,Normal,,,Going Ahead,,,,,driver,,Scarborough-Agincourt (22),42 Division,Steeles,false,true,false,false,false,true,true,false,false,false,"{""coordinates"": [[-79.32191056659804, 43.80835108584145]], ""type"": ""MultiPoint""}"
15932,2019:9001704678,2019-09-06T06:30:00,WARDEN AVE,MCNICOLL AVE,,2,Fatal Injury,Non-Intersection,No Control,Pedestrian Collision(internal code),Clear,Daylight,Dry,Major Arterial,false,-79.32191056659804,43.80835108584145,,,West,1,96,Fatal,,,,Crossing - no traffic control,Inattentive,,Driver hits pedestrian at midblock,,,,pedestrian,43,Scarborough-Agincourt (22),42 Division,Steeles,false,true,false,false,false,true,true,false,false,false,"{""coordinates"": [[-79.32191056659804, 43.80835108584145]], ""type"": ""MultiPoint""}"
15933,2019:9001708503,2019-09-06T16:17:00,DIXON RD,ISLINGTON AVE,,2,Fatal Injury,At Intersection,Traffic Signal,Pedestrian Collision(internal code),Clear,Daylight,Dry,Major Arterial,false,-79.54667370839267,43.69695524499456,,,South,1,75,Fatal,,,,Crossing without right-of-way (intersection),Unknown,,Driver going straight hits pedestrian crossing without right-of-way (at intersection),,,,pedestrian,40,Etobicoke Centre (2),23 Division,Kingsview Village-The Westway,false,false,false,false,false,true,true,false,false,false,"{""coordinates"": [[-79.54667370839267, 43.69695524499456]], ""type"": ""MultiPoint""}"
15934,2019:9001708503,2019-09-06T16:17:00,DIXON RD,ISLINGTON AVE,,2,Fatal Injury,At Intersection,Traffic Signal,Pedestrian Collision(internal code),Clear,Daylight,Dry,Major Arterial,false,-79.54667370839267,43.69695524499456,,Automobile or Station Wagon,West,2,47,None,,Driving properly,Normal,,,Going Ahead,,,,,driver,,Etobicoke Centre (2),23 Division,Kingsview Village-The Westway,false,false,false,false,false,true,true,false,false,false,"{""coordinates"": [[-79.54667370839267, 43.69695524499456]], ""type"": ""MultiPoint""}"
15935,2019:9001709057,2019-09-06T17:40:00,RICHMOND ST W,YONGE ST,57 m West of,2,Non-Fatal Injury,Non-Intersection,No Control,Pedestrian Collision(internal code),Clear,Daylight,Wet,Major Arterial,false,-79.3798033807055,43.65142662325295,1,,Unknown,2,51,Major,No Equipment Available,,,On sidewalk or shoulder,Normal,,Driver hits pedestrian on sidewalk or shoulder,,,,pedestrian,,Toronto Centre (13),52 Division,Yonge-Bay Corridor,false,false,false,false,false,false,true,false,false,false,"{""coordinates"": [[-79.3798033807055, 43.65142662325295]], ""type"": ""MultiPoint""}"
15936,2019:9001709057,2019-09-06T17:40:00,RICHMOND ST W,YONGE ST,57 m West of,2,Non-Fatal Injury,Non-Intersection,No Control,Pedestrian Collision(internal code),Clear,Daylight,Wet,Major Arterial,false,-79.3798033807055,43.65142662325295,1,Automobile or Station Wagon,West,1,46,Minimal,Lap and Shoulder Belt,Lost control,Unknown,,,Turning Right,,,,,driver,,Toronto Centre (13),52 Division,Yonge-Bay Corridor,false,false,false,false,false,false,true,false,false,false,"{""coordinates"": [[-79.3798033807055, 43.65142662325295]], ""type"": ""MultiPoint""}"
15937,2019:9001711653,2019-09-07T00:17:00,LAWRENCE AVE E,UNDERHILL DR,,2,Fatal Injury,At Intersection,Traffic Signal,Turning Movement,Clear,Dark,Dry,Major Arterial,false,-79.32466551654056,43.74071715293839,,Motorcycle,West,1,20,Fatal,,Speed too fast for conditions,Unknown,,,Going Ahead,,,,,motorcyclist,39,Don Valley East (16),33 Division,Victoria Village,true,true,false,true,false,false,false,false,false,false,"{""coordinates"": [[-79.32466551654056, 43.74071715293839]], ""type"": ""MultiPoint""}"
15938,2019:9001711653,2019-09-07T00:17:00,LAWRENCE AVE E,UNDERHILL DR,,2,Fatal Injury,At Intersection,Traffic Signal,Turning Movement,Clear,Dark,Dry,Major Arterial,false,-79.32466551654056,43.74071715293839,,Automobile or Station Wagon,East,2,43,None,,Failed to yield right-of-way,Inattentive,,,Turning Left,,,,,driver,,Don Valley East (16),33 Division,Victoria Village,true,true,false,true,false,false,false,false,false,false,"{""coordinates"": [[-79.32466551654056, 43.74071715293839]], ""type"": ""MultiPoint""}"
15939,2019:9001714515,2019-09-07T12:44:00,LAKE PROMENADE,CRYSTAL CRES,20 m West of,2,Non-Fatal Injury,Intersection-Related,No Control,Cyclist Collision,Clear,Daylight,Dry,Local,false,-79.52668486692804,43.590288712621216,1,Truck - Open (Flatbed),West,1,51,None,Lap and Shoulder Belt,Driving properly,Normal,,,Overtaking,,,,,driver,,Etobicoke-Lakeshore (3),22 Division,Long Branch,false,false,true,false,false,false,false,false,false,true,"{""coordinates"": [[-79.52668486692804, 43.590288712621216]], ""type"": ""MultiPoint""}"
15940,2019:9001714515,2019-09-07T12:44:00,LAKE PROMENADE,CRYSTAL CRES,20 m West of,2,Non-Fatal Injury,Intersection-Related,No Control,Cyclist Collision,Clear,Daylight,Dry,Local,false,-79.52668486692804,43.590288712621216,2,Bicycle,West,2,50,Major,Helmet,,,,,Unknown,,Sideswipe with cyclist and driver travelling in same direction,Other,Normal,cyclist,,Etobicoke-Lakeshore (3),22 Division,Long Branch,false,false,true,false,false,false,false,false,false,true,"{""coordinates"": [[-79.52668486692804, 43.590288712621216]], ""type"": ""MultiPoint""}"
15941,2019:9001718859,2019-09-08T01:06:00,KING ST W,PORTLAND ST,5 m West of,2,Non-Fatal Injury,At Intersection,Traffic Signal,Cyclist Collision,Clear,Dark,Dry,Major Arterial,false,-79.4000594738239,43.64438090915331,2,Bicycle,South,2,45,Major,Helmet,,,,,Going Ahead,,Driver turns right on red at signalized intersection and hits cyclist,Driving Properly,Normal,cyclist,,Spadina-Fort York (10),14 Division,Wellington Place,false,false,true,false,false,false,false,false,false,false,"{""coordinates"": [[-79.4000594738239, 43.64438090915331]], ""type"": ""MultiPoint""}"
15942,2019:9001718859,2019-09-08T01:06:00,KING ST W,PORTLAND ST,5 m West of,2,Non-Fatal Injury,At Intersection,Traffic Signal,Cyclist Collision,Clear,Dark,Dry,Major Arterial,false,-79.4000594738239,43.64438090915331,1,Automobile or Station Wagon,East,1,22,None,Lap and Shoulder Belt,Lost control,Ability Impaired - Alcohol Over .08,,,Turning Right,,,,,driver,,Spadina-Fort York (10),14 Division,Wellington Place,false,false,true,false,false,false,false,false,false,false,"{""coordinates"": [[-79.4000594738239, 43.64438090915331]], ""type"": ""MultiPoint""}"
15943,2019:9001722454,2019-09-08T15:15:00,STEELES AVE E,MOUNTCASTLE GT,,6,Non-Fatal Injury,At Intersection,Traffic Signal,Turning Movement,Clear,Daylight,Dry,Major Arterial,false,-79.32041585808882,43.82049772843639,2,Automobile or Station Wagon,West,2,68,Major,Air Bag Deployed,Driving properly,Normal,,,Turning Left,,,,,driver,,Scarborough-Agincourt (22),42 Division,Steeles,true,true,false,false,false,true,false,true,true,false,"{""coordinates"": [[-79.32041585808882, 43.82049772843639]], ""type"": ""MultiPoint""}"
15944,2019:9001722454,2019-09-08T15:15:00,STEELES AVE E,MOUNTCASTLE GT,,6,Non-Fatal Injury,At Intersection,Traffic Signal,Turning Movement,Clear,Daylight,Dry,Major Arterial,false,-79.32041585808882,43.82049772843639,2,,,6,66,Major,Air Bag Deployed,,,,,,,,,,passenger,,Scarborough-Agincourt (22),42 Division,Steeles,true,true,false,false,false,true,false,true,true,false,"{""coordinates"": [[-79.32041585808882, 43.82049772843639]], ""type"": ""MultiPoint""}"
15945,2019:9001722454,2019-09-08T15:15:00,STEELES AVE E,MOUNTCASTLE GT,,6,Non-Fatal Injury,At Intersection,Traffic Signal,Turning Movement,Clear,Daylight,Dry,Major Arterial,false,-79.32041585808882,43.82049772843639,1,,,5,6,None,Child Safety Seat Used Correctly,,,,,,,,,,passenger,,Scarborough-Agincourt (22),42 Division,Steeles,true,true,false,false,false,true,false,true,true,false,"{""coordinates"": [[-79.32041585808882, 43.82049772843639]], ""type"": ""MultiPoint""}"
15946,2019:9001722454,2019-09-08T15:15:00,STEELES AVE E,MOUNTCASTLE GT,,6,Non-Fatal Injury,At Intersection,Traffic Signal,Turning Movement,Clear,Daylight,Dry,Major Arterial,false,-79.32041585808882,43.82049772843639,1,,,4,1,Minimal,Child Safety Seat Used Correctly,,,,,,,,,,passenger,,Scarborough-Agincourt (22),42 Division,Steeles,true,true,false,false,false,true,false,true,true,false,"{""coordinates"": [[-79.32041585808882, 43.82049772843639]], ""type"": ""MultiPoint""}"
15947,2019:9001722454,2019-09-08T15:15:00,STEELES AVE E,MOUNTCASTLE GT,,6,Non-Fatal Injury,At Intersection,Traffic Signal,Turning Movement,Clear,Daylight,Dry,Major Arterial,false,-79.32041585808882,43.82049772843639,1,Automobile or Station Wagon,East,1,30,Minimal,Air Bag Deployed,Disobeyed traffic control,Inattentive,,,Going Ahead,,,,,driver,,Scarborough-Agincourt (22),42 Division,Steeles,true,true,false,false,false,true,false,true,true,false,"{""coordinates"": [[-79.32041585808882, 43.82049772843639]], ""type"": ""MultiPoint""}"
15948,2019:9001722454,2019-09-08T15:15:00,STEELES AVE E,MOUNTCASTLE GT,,6,Non-Fatal Injury,At Intersection,Traffic Signal,Turning Movement,Clear,Daylight,Dry,Major Arterial,false,-79.32041585808882,43.82049772843639,1,,,3,30,Minimal,Air Bag Deployed,,,,,,,,,,passenger,,Scarborough-Agincourt (22),42 Division,Steeles,true,true,false,false,false,true,false,true,true,false,"{""coordinates"": [[-79.32041585808882, 43.82049772843639]], ""type"": ""MultiPoint""}"
15949,2019:9001729898,2019-09-09T16:05:00,LAWRENCE AVE W,AVENUE RD,,2,Non-Fatal Injury,At Intersection,Traffic Signal,Turning Movement,Clear,Daylight,Dry,Major Arterial,false,-79.41556993794319,43.72218547473537,2,Automobile or Station Wagon,South,2,35,Major,Lap and Shoulder Belt,Driving properly,Normal,,,Turning Left,,,,,driver,,Eglinton-Lawrence (8),53 Division,Bedford Park-Nortown,true,false,false,false,false,false,false,true,false,false,"{""coordinates"": [[-79.41556993794319, 43.72218547473537]], ""type"": ""MultiPoint""}"
15950,2019:9001729898,2019-09-09T16:05:00,LAWRENCE AVE W,AVENUE RD,,2,Non-Fatal Injury,At Intersection,Traffic Signal,Turning Movement,Clear,Daylight,Dry,Major Arterial,false,-79.41556993794319,43.72218547473537,1,Automobile or Station Wagon,West,1,36,Minor,Lap and Shoulder Belt,Disobeyed traffic control,Normal,,,Going Ahead,,,,,driver,,Eglinton-Lawrence (8),53 Division,Bedford Park-Nortown,true,false,false,false,false,false,false,true,false,false,"{""coordinates"": [[-79.41556993794319, 43.72218547473537]], ""type"": ""MultiPoint""}"
15951,2019:9001731704,2019-09-09T20:43:00,EGLINTON AVE W,CHILTERN HILL RD,,2,Non-Fatal Injury,At Intersection,Stop Sign,Turning Movement,Clear,Dark,Dry,Major Arterial,false,-79.42772362062756,43.70045698208206,1,Automobile or Station Wagon,North,1,46,None,Lap and Shoulder Belt,Failed to yield right-of-way,Normal,,,Turning Left,,,,,driver,,Toronto-St. Paul's (12),13 Division,Humewood-Cedarvale,true,false,false,false,false,false,false,false,false,false,"{""coordinates"": [[-79.42772362062756, 43.70045698208206]], ""type"": ""MultiPoint""}"
15952,2019:9001731704,2019-09-09T20:43:00,EGLINTON AVE W,CHILTERN HILL RD,,2,Non-Fatal Injury,At Intersection,Stop Sign,Turning Movement,Clear,Dark,Dry,Major Arterial,false,-79.42772362062756,43.70045698208206,2,Automobile or Station Wagon,East,2,36,Major,Lap and Shoulder Belt,Driving properly,Normal,,,Going Ahead,,,,,driver,,Toronto-St. Paul's (12),13 Division,Humewood-Cedarvale,true,false,false,false,false,false,false,false,false,false,"{""coordinates"": [[-79.42772362062756, 43.70045698208206]], ""type"": ""MultiPoint""}"
15953,2019:9001733746,2019-09-10T07:40:00,19 FOUR WINDS DR,,90 m East of,2,Non-Fatal Injury,Non-Intersection,No Control,Pedestrian Collision(internal code),Clear,Daylight,Dry,Collector,false,-79.49895929827507,43.76391835526071,1,Automobile or Station Wagon,East,1,40,None,Lap and Shoulder Belt,Other,Inattentive,,,Making U-Turn,,,,,driver,,Humber River-Black Creek (7),31 Division,York University Heights,false,true,false,false,false,true,true,false,false,false,"{""coordinates"": [[-79.49895929827507, 43.76391835526071]], ""type"": ""MultiPoint""}"
15954,2019:9001733746,2019-09-10T07:40:00,19 FOUR WINDS DR,,90 m East of,2,Non-Fatal Injury,Non-Intersection,No Control,Pedestrian Collision(internal code),Clear,Daylight,Dry,Collector,false,-79.49895929827507,43.76391835526071,1,,Unknown,2,76,Major,Use Unknown,,,Crossing - no traffic control,Normal,,,,,,pedestrian,,Humber River-Black Creek (7),31 Division,York University Heights,false,true,false,false,false,true,true,false,false,false,"{""coordinates"": [[-79.49895929827507, 43.76391835526071]], ""type"": ""MultiPoint""}"