_id,collision_id,accdate,stname1,stname2,stname3,per_inv,acclass,accloc,traffictl,impactype,visible,light,rdsfcond,road_class,failtorem,longitude,latitude,veh_no,vehtype,initdir,per_no,invage,injury,safequip,drivact,drivcond,pedact,pedcond,manoeuvre,pedtype,cyclistype,cycact,cyccond,road_user,fatal_no,wardname,division,neighbourhood,aggressive,distracted,cyclist,motorcyclist,other_micromobility,older_adult,pedestrian,red_light,school_child,heavy_truck,geometry
16004,2019:9001878764,2019-09-29T20:31:00,KIPLING AVE,BETHRIDGE RD,,2,Fatal Injury,Non-Intersection,No Control,Pedestrian Collision(internal code),Clear,Daylight with Artificial Lighting,Dry,Major Arterial,false,-79.56470108256266,43.70735340192897,,Automobile or Station Wagon,North,2,52,None,,Driving properly,Normal,,,Going Ahead,,,,,driver,,Etobicoke North (1),23 Division,West Humber-Clairville,false,false,false,false,false,false,true,false,false,false,"{""coordinates"": [[-79.56470108256266, 43.70735340192897]], ""type"": ""MultiPoint""}"
16005,2019:9001878764,2019-09-29T20:31:00,KIPLING AVE,BETHRIDGE RD,,2,Fatal Injury,Non-Intersection,No Control,Pedestrian Collision(internal code),Clear,Daylight with Artificial Lighting,Dry,Major Arterial,false,-79.56470108256266,43.70735340192897,,,East,1,58,Fatal,,,,Crossing - no traffic control,Unknown,,Driver hits pedestrian at midblock,,,,pedestrian,47,Etobicoke North (1),23 Division,West Humber-Clairville,false,false,false,false,false,false,true,false,false,false,"{""coordinates"": [[-79.56470108256266, 43.70735340192897]], ""type"": ""MultiPoint""}"
16006,2019:9001911446,2019-10-04T09:55:00,EGLINTON AVE W,HEDDINGTON AVE,,2,Non-Fatal Injury,At Intersection,Traffic Signal,Pedestrian Collision(internal code),Clear,Daylight,Dry,Major Arterial,false,-79.41384572192983,43.7034019085735,1,,North,2,40,Major,No Equipment Available,,,Crossing with right-of-way (intersection),Normal,,Driver turns left into pedestrian crossing with right-of-way (at intersection),,,,pedestrian,,Toronto-St. Paul's (12),53 Division,Forest Hill South,true,false,false,false,false,false,true,false,false,false,"{""coordinates"": [[-79.41384572192983, 43.7034019085735]], ""type"": ""MultiPoint""}"
16007,2019:9001911446,2019-10-04T09:55:00,EGLINTON AVE W,HEDDINGTON AVE,,2,Non-Fatal Injury,At Intersection,Traffic Signal,Pedestrian Collision(internal code),Clear,Daylight,Dry,Major Arterial,false,-79.41384572192983,43.7034019085735,1,Automobile or Station Wagon,South,1,45,None,Lap and Shoulder Belt,Failed to yield right-of-way,Normal,,,Turning Left,,,,,driver,,Toronto-St. Paul's (12),53 Division,Forest Hill South,true,false,false,false,false,false,true,false,false,false,"{""coordinates"": [[-79.41384572192983, 43.7034019085735]], ""type"": ""MultiPoint""}"
16008,2019:9001916632,2019-10-04T22:31:00,BATHURST ST,LAKE SHORE BLVD W,5 m South of,2,Non-Fatal Injury,At Intersection,Traffic Signal,Pedestrian Collision(internal code),Clear,Dark,Dry,Major Arterial,false,-79.39960935115356,43.63641200805188,1,,North,2,31,Major,Use Unknown,,,Crossing with right-of-way (intersection),Normal,,Driver turns left into pedestrian crossing with right-of-way (at intersection),,,,pedestrian,,Spadina-Fort York (10),14 Division,Fort York-Liberty Village,false,false,false,false,false,false,true,false,false,false,"{""coordinates"": [[-79.39960935115356, 43.63641200805188]], ""type"": ""MultiPoint""}"
16009,2019:9001916632,2019-10-04T22:31:00,BATHURST ST,LAKE SHORE BLVD W,5 m South of,2,Non-Fatal Injury,At Intersection,Traffic Signal,Pedestrian Collision(internal code),Clear,Dark,Dry,Major Arterial,false,-79.39960935115356,43.63641200805188,1,Automobile or Station Wagon,North,1,20,None,Lap and Shoulder Belt,Improper turn,Normal,,,Turning Left,,,,,driver,,Spadina-Fort York (10),14 Division,Fort York-Liberty Village,false,false,false,false,false,false,true,false,false,false,"{""coordinates"": [[-79.39960935115356, 43.63641200805188]], ""type"": ""MultiPoint""}"
16010,2019:9001921394,2019-10-05T16:11:00,DUPONT ST,BEDFORD RD,,2,Non-Fatal Injury,At Intersection,No Control,Cyclist Collision,Clear,Daylight,Dry,Minor Arterial,false,-79.40050955880011,43.676298473561815,1,Automobile or Station Wagon,West,1,39,None,Use Unknown,Other,Normal,,,Turning Left,,,,,driver,,University-Rosedale (11),53 Division,Annex,false,false,true,false,false,false,false,false,false,false,"{""coordinates"": [[-79.40050955880011, 43.676298473561815]], ""type"": ""MultiPoint""}"
16011,2019:9001921394,2019-10-05T16:11:00,DUPONT ST,BEDFORD RD,,2,Non-Fatal Injury,At Intersection,No Control,Cyclist Collision,Clear,Daylight,Dry,Minor Arterial,false,-79.40050955880011,43.676298473561815,2,Bicycle,East,2,62,Major,Helmet,,,,,Going Ahead,,Driver turns left into path of cyclist,Driving Properly,Normal,cyclist,,University-Rosedale (11),53 Division,Annex,false,false,true,false,false,false,false,false,false,false,"{""coordinates"": [[-79.40050955880011, 43.676298473561815]], ""type"": ""MultiPoint""}"
16012,2019:9001943397,2019-10-08T17:35:00,COLLEGE ST,BATHURST ST,10 m East of,2,Non-Fatal Injury,Non-Intersection,Traffic Signal,Pedestrian Collision(internal code),Clear,Daylight,Dry,Major Arterial,false,-79.40768123479367,43.65640865769905,1,,Unknown,2,47,Major,No Equipment Available,,,Crossing - no traffic control,Inattentive,,Driver hits pedestrian at midblock,,,,pedestrian,,University-Rosedale (11),14 Division,Kensington-Chinatown,false,true,false,false,false,false,true,false,false,false,"{""coordinates"": [[-79.40768123479367, 43.65640865769905]], ""type"": ""MultiPoint""}"
16013,2019:9001943397,2019-10-08T17:35:00,COLLEGE ST,BATHURST ST,10 m East of,2,Non-Fatal Injury,Non-Intersection,Traffic Signal,Pedestrian Collision(internal code),Clear,Daylight,Dry,Major Arterial,false,-79.40768123479367,43.65640865769905,1,Automobile or Station Wagon,West,1,23,None,Lap and Shoulder Belt,Driving properly,Normal,,,Going Ahead,,,,,driver,,University-Rosedale (11),14 Division,Kensington-Chinatown,false,true,false,false,false,false,true,false,false,false,"{""coordinates"": [[-79.40768123479367, 43.65640865769905]], ""type"": ""MultiPoint""}"
16014,2019:9001949959,2019-10-09T14:46:00,KINGSTON RD,PORT UNION RD,82 m West of,2,Non-Fatal Injury,At/Near Private Drive,No Control,Turning Movement,Clear,Daylight,Dry,Major Arterial,false,-79.14768613917047,43.79789165048253,1,Automobile or Station Wagon,South,1,84,Major,Lap and Shoulder Belt,Failed to yield right-of-way,Inattentive,,,Turning Left,,,,,driver,,Scarborough-Rouge Park (25),42 Division,Centennial Scarborough,true,true,false,false,false,true,false,false,false,false,"{""coordinates"": [[-79.14768613917047, 43.79789165048253]], ""type"": ""MultiPoint""}"
16015,2019:9001949959,2019-10-09T14:46:00,KINGSTON RD,PORT UNION RD,82 m West of,2,Non-Fatal Injury,At/Near Private Drive,No Control,Turning Movement,Clear,Daylight,Dry,Major Arterial,false,-79.14768613917047,43.79789165048253,2,Pickup Truck,West,2,69,Minor,Lap and Shoulder Belt,Driving properly,Normal,,,Going Ahead,,,,,driver,,Scarborough-Rouge Park (25),42 Division,Centennial Scarborough,true,true,false,false,false,true,false,false,false,false,"{""coordinates"": [[-79.14768613917047, 43.79789165048253]], ""type"": ""MultiPoint""}"
16016,2019:9001955336,2019-10-10T09:32:00,LOWER SIMCOE ST,QUEENS QUAY W,25 m North of,2,Non-Fatal Injury,Non-Intersection,No Control,Turning Movement,Clear,Daylight,Dry,Collector,false,-79.38291619758071,43.63976128623726,2,Automobile or Station Wagon,North,1,40,None,Lap and Shoulder Belt,Driving properly,Normal,,,Turning Left,,,,,driver,,Spadina-Fort York (10),52 Division,Harbourfront-CityPlace,true,true,false,true,false,false,false,false,false,false,"{""coordinates"": [[-79.38291619758071, 43.63976128623726]], ""type"": ""MultiPoint""}"
16017,2019:9001955336,2019-10-10T09:32:00,LOWER SIMCOE ST,QUEENS QUAY W,25 m North of,2,Non-Fatal Injury,Non-Intersection,No Control,Turning Movement,Clear,Daylight,Dry,Collector,false,-79.38291619758071,43.63976128623726,1,Motorcycle,South,2,54,Major,Helmet,Improper passing,Inattentive,,,Going Ahead,,,,,motorcyclist,,Spadina-Fort York (10),52 Division,Harbourfront-CityPlace,true,true,false,true,false,false,false,false,false,false,"{""coordinates"": [[-79.38291619758071, 43.63976128623726]], ""type"": ""MultiPoint""}"
16018,2019:9001957432,2019-10-10T14:29:00,CHRISTIE ST,TYRREL AVE,,2,Non-Fatal Injury,At Intersection,Stop Sign,Cyclist Collision,Clear,Daylight,Dry,Minor Arterial,false,-79.42423701750775,43.67814482010021,2,Automobile or Station Wagon,North,2,45,None,Lap and Shoulder Belt,Driving properly,Normal,,,Going Ahead,,,,,driver,,Toronto-St. Paul's (12),13 Division,Wychwood,false,false,true,false,false,false,false,false,false,false,"{""coordinates"": [[-79.42423701750775, 43.67814482010021]], ""type"": ""MultiPoint""}"
16019,2019:9002471073,2019-12-23T14:15:00,ROYAL YORK RD,LAMBETH RD,,3,Non-Fatal Injury,At Intersection,No Control,Turning Movement,Clear,Daylight,Dry,Minor Arterial,false,-79.5170869463578,43.66030361785533,2,,,3,17,Minor,Lap and Shoulder Belt,,,,,,,,,,passenger,,Etobicoke Centre (2),22 Division,Edenbridge-Humber Valley,false,true,false,false,false,true,false,false,true,false,"{""coordinates"": [[-79.5170869463578, 43.66030361785533]], ""type"": ""MultiPoint""}"
16020,2019:9001957432,2019-10-10T14:29:00,CHRISTIE ST,TYRREL AVE,,2,Non-Fatal Injury,At Intersection,Stop Sign,Cyclist Collision,Clear,Daylight,Dry,Minor Arterial,false,-79.42423701750775,43.67814482010021,1,Bicycle,East,1,30,Major,Helmet,,,,,Going Ahead,,,Failed to Yield Right of Way,Normal,cyclist,,Toronto-St. Paul's (12),13 Division,Wychwood,false,false,true,false,false,false,false,false,false,false,"{""coordinates"": [[-79.42423701750775, 43.67814482010021]], ""type"": ""MultiPoint""}"
16021,2019:9001959130,2019-10-10T18:21:00,LAWRENCE AVE E,CROCKFORD BLVD,,2,Non-Fatal Injury,At Intersection,Traffic Signal,Pedestrian Collision(internal code),Clear,Daylight,Dry,Major Arterial,false,-79.29123344572547,43.74602716898425,1,,North,2,11,Major,Use Unknown,,,Crossing without right-of-way (intersection),Normal,,Driver going straight hits pedestrian crossing without right-of-way (at intersection),,,,pedestrian,,Scarborough Centre (21),41 Division,Wexford/Maryvale,false,false,false,false,false,false,true,false,true,false,"{""coordinates"": [[-79.29123344572547, 43.74602716898425]], ""type"": ""MultiPoint""}"
16022,2019:9001959130,2019-10-10T18:21:00,LAWRENCE AVE E,CROCKFORD BLVD,,2,Non-Fatal Injury,At Intersection,Traffic Signal,Pedestrian Collision(internal code),Clear,Daylight,Dry,Major Arterial,false,-79.29123344572547,43.74602716898425,1,Automobile or Station Wagon,West,1,49,None,Use Unknown,Driving properly,Normal,,,Going Ahead,,,,,driver,,Scarborough Centre (21),41 Division,Wexford/Maryvale,false,false,false,false,false,false,true,false,true,false,"{""coordinates"": [[-79.29123344572547, 43.74602716898425]], ""type"": ""MultiPoint""}"
16023,2019:9001959528,2019-10-10T19:18:00,LESLIE ST,RAVEL RD,20 m North of,2,Non-Fatal Injury,At Intersection,Traffic Signal,Pedestrian Collision(internal code),Clear,Daylight,Dry,Major Arterial,false,-79.3683514481499,43.791483196404265,1,,Unknown,2,82,Major,Lap and Shoulder Belt,,,Crossing without right-of-way (intersection),Normal,,Driver going straight hits pedestrian crossing without right-of-way (at intersection),,,,pedestrian,,Don Valley North (17),33 Division,Hillcrest Village,false,false,false,false,false,true,true,false,false,false,"{""coordinates"": [[-79.3683514481499, 43.791483196404265]], ""type"": ""MultiPoint""}"
16024,2019:9001959528,2019-10-10T19:18:00,LESLIE ST,RAVEL RD,20 m North of,2,Non-Fatal Injury,At Intersection,Traffic Signal,Pedestrian Collision(internal code),Clear,Daylight,Dry,Major Arterial,false,-79.3683514481499,43.791483196404265,1,Automobile or Station Wagon,South,1,68,None,Lap and Shoulder Belt,Driving properly,Normal,,,Going Ahead,,,,,driver,,Don Valley North (17),33 Division,Hillcrest Village,false,false,false,false,false,true,true,false,false,false,"{""coordinates"": [[-79.3683514481499, 43.791483196404265]], ""type"": ""MultiPoint""}"
16025,2019:9001960766,2019-10-10T22:59:00,THE QUEENSWAY,STOCK AVE,47 m East of,2,Non-Fatal Injury,Non-Intersection,No Control,Rear End,Clear,Dark with Artificial Lighting,Dry,Major Arterial,false,-79.52484612290837,43.62129836813708,2,Motorcycle,West,2,41,Major,Helmet,Driving properly,Normal,,,Going Ahead,,,,,motorcyclist,,Etobicoke-Lakeshore (3),22 Division,Etobicoke City Centre,false,true,false,true,false,false,false,false,false,false,"{""coordinates"": [[-79.52484612290837, 43.62129836813708]], ""type"": ""MultiPoint""}"
16026,2019:9001960766,2019-10-10T22:59:00,THE QUEENSWAY,STOCK AVE,47 m East of,2,Non-Fatal Injury,Non-Intersection,No Control,Rear End,Clear,Dark with Artificial Lighting,Dry,Major Arterial,false,-79.52484612290837,43.62129836813708,1,Automobile or Station Wagon,West,1,42,None,Use Unknown,Improper lane change,Inattentive,,,Changing Lanes,,,,,driver,,Etobicoke-Lakeshore (3),22 Division,Etobicoke City Centre,false,true,false,true,false,false,false,false,false,false,"{""coordinates"": [[-79.52484612290837, 43.62129836813708]], ""type"": ""MultiPoint""}"
16027,2019:9001963574,2019-10-11T11:00:00,NORTHVIEW AVE,VICTORIA PARK AVE,120 m East of,2,Non-Fatal Injury,At/Near Private Drive,No Control,Pedestrian Collision(internal code),Clear,Daylight,Dry,Local,false,-79.28329894082715,43.68330590584186,1,,South,1,13,Major,Use Unknown,,,Crossing - no traffic control,Inattentive,,Driver hits pedestrian at midblock,,,,pedestrian,,Scarborough Southwest (20),41 Division,Birchcliffe-Cliffside,false,true,false,false,false,false,true,false,true,false,"{""coordinates"": [[-79.28329894082715, 43.68330590584186]], ""type"": ""MultiPoint""}"
16028,2019:9001963574,2019-10-11T11:00:00,NORTHVIEW AVE,VICTORIA PARK AVE,120 m East of,2,Non-Fatal Injury,At/Near Private Drive,No Control,Pedestrian Collision(internal code),Clear,Daylight,Dry,Local,false,-79.28329894082715,43.68330590584186,1,Automobile or Station Wagon,East,2,24,None,Lap and Shoulder Belt,Driving properly,Normal,,,Going Ahead,,,,,driver,,Scarborough Southwest (20),41 Division,Birchcliffe-Cliffside,false,true,false,false,false,false,true,false,true,false,"{""coordinates"": [[-79.28329894082715, 43.68330590584186]], ""type"": ""MultiPoint""}"
16029,2019:9001964458,2019-10-11T13:20:00,678 KENNEDY RD,,5 m East of,4,Non-Fatal Injury,At/Near Private Drive,No Control,Turning Movement,Clear,Daylight,Dry,Major Arterial,false,-79.2656520656899,43.72678198808223,2,Automobile or Station Wagon,South,2,24,Minor,Use Unknown,Exceeding speed limit,Inattentive,,,Going Ahead,,,,,driver,,Scarborough Southwest (20),41 Division,Kennedy Park,true,true,false,false,false,true,false,false,false,false,"{""coordinates"": [[-79.2656520656899, 43.72678198808223]], ""type"": ""MultiPoint""}"
16030,2019:9001964458,2019-10-11T13:20:00,678 KENNEDY RD,,5 m East of,4,Non-Fatal Injury,At/Near Private Drive,No Control,Turning Movement,Clear,Daylight,Dry,Major Arterial,false,-79.2656520656899,43.72678198808223,3,Automobile or Station Wagon,North,3,86,Minimal,Use Unknown,Driving properly,Normal,,,Stopped,,,,,driver,,Scarborough Southwest (20),41 Division,Kennedy Park,true,true,false,false,false,true,false,false,false,false,"{""coordinates"": [[-79.2656520656899, 43.72678198808223]], ""type"": ""MultiPoint""}"
16031,2019:9001964458,2019-10-11T13:20:00,678 KENNEDY RD,,5 m East of,4,Non-Fatal Injury,At/Near Private Drive,No Control,Turning Movement,Clear,Daylight,Dry,Major Arterial,false,-79.2656520656899,43.72678198808223,1,Automobile or Station Wagon,North,1,82,Major,Use Unknown,Failed to yield right-of-way,Inattentive,,,Turning Left,,,,,driver,,Scarborough Southwest (20),41 Division,Kennedy Park,true,true,false,false,false,true,false,false,false,false,"{""coordinates"": [[-79.2656520656899, 43.72678198808223]], ""type"": ""MultiPoint""}"
16032,2019:9001964458,2019-10-11T13:20:00,678 KENNEDY RD,,5 m East of,4,Non-Fatal Injury,At/Near Private Drive,No Control,Turning Movement,Clear,Daylight,Dry,Major Arterial,false,-79.2656520656899,43.72678198808223,4,Automobile or Station Wagon,East,4,60,None,Use Unknown,Driving properly,Normal,,,Stopped,,,,,driver,,Scarborough Southwest (20),41 Division,Kennedy Park,true,true,false,false,false,true,false,false,false,false,"{""coordinates"": [[-79.2656520656899, 43.72678198808223]], ""type"": ""MultiPoint""}"
16033,2019:9001965744,2019-10-11T16:24:00,1166 ISLINGTON AVE,,,2,Fatal Injury,Non-Intersection,No Control,SMV Unattended Vehicle,Clear,Daylight,Dry,Major Arterial,false,-79.52189350680138,43.641073744759545,1,Automobile or Station Wagon,South,1,50,Fatal,,Lost control,Medical or Physical Disability,,,Going Ahead,,,,,driver,48,Etobicoke-Lakeshore (3),22 Division,Stonegate-Queensway,false,false,false,false,false,false,false,false,false,true,"{""coordinates"": [[-79.52189350680138, 43.641073744759545]], ""type"": ""MultiPoint""}"
16034,2019:9001965744,2019-10-11T16:24:00,1166 ISLINGTON AVE,,,2,Fatal Injury,Non-Intersection,No Control,SMV Unattended Vehicle,Clear,Daylight,Dry,Major Arterial,false,-79.52189350680138,43.641073744759545,2,Truck - Other,South,2,50,None,,,,,,Going Ahead,,,,,other,,Etobicoke-Lakeshore (3),22 Division,Stonegate-Queensway,false,false,false,false,false,false,false,false,false,true,"{""coordinates"": [[-79.52189350680138, 43.641073744759545]], ""type"": ""MultiPoint""}"
16035,2019:9001966767,2019-10-11T19:00:00,YONGE ST,WELLESLEY ST E,15 m South of,2,Non-Fatal Injury,Non-Intersection,No Control,Pedestrian Collision(internal code),Clear,Dusk with Artificial Lighting,Dry,Major Arterial,false,-79.38457174095578,43.66492684086809,1,,Unknown,2,44,Major,Use Unknown,,,Coming from behind parked vehicle or object,Normal,,Driver hits pedestrian at midblock,,,,pedestrian,,Toronto Centre (13),51 Division,Church-Wellesley,false,false,false,false,false,false,true,false,false,false,"{""coordinates"": [[-79.38457174095578, 43.66492684086809]], ""type"": ""MultiPoint""}"
16036,2019:9001966767,2019-10-11T19:00:00,YONGE ST,WELLESLEY ST E,15 m South of,2,Non-Fatal Injury,Non-Intersection,No Control,Pedestrian Collision(internal code),Clear,Dusk with Artificial Lighting,Dry,Major Arterial,false,-79.38457174095578,43.66492684086809,1,Automobile or Station Wagon,South,1,48,None,Lap and Shoulder Belt,Driving properly,Unknown,,,Going Ahead,,,,,driver,,Toronto Centre (13),51 Division,Church-Wellesley,false,false,false,false,false,false,true,false,false,false,"{""coordinates"": [[-79.38457174095578, 43.66492684086809]], ""type"": ""MultiPoint""}"
16037,2019:9001971045,2019-10-12T12:15:00,TURNBERRY AVE,OLD WESTON RD,,2,Non-Fatal Injury,At Intersection,Traffic Signal,Pedestrian Collision(internal code),Clear,Daylight,Dry,Minor Arterial,false,-79.4647796959293,43.67832035357775,1,Automobile or Station Wagon,East,1,59,None,Lap and Shoulder Belt,Failed to yield right-of-way,Inattentive,,,Turning Left,,,,,driver,,Davenport (9),12 Division,Weston-Pelham Park,true,true,false,false,false,false,true,false,true,false,"{""coordinates"": [[-79.4647796959293, 43.67832035357775]], ""type"": ""MultiPoint""}"
16038,2019:9001971045,2019-10-12T12:15:00,TURNBERRY AVE,OLD WESTON RD,,2,Non-Fatal Injury,At Intersection,Traffic Signal,Pedestrian Collision(internal code),Clear,Daylight,Dry,Minor Arterial,false,-79.4647796959293,43.67832035357775,1,,East,2,4,Major,Use Unknown,,,Crossing with right-of-way (intersection),Normal,,Driver turns left into pedestrian crossing with right-of-way (at intersection),,,,pedestrian,,Davenport (9),12 Division,Weston-Pelham Park,true,true,false,false,false,false,true,false,true,false,"{""coordinates"": [[-79.4647796959293, 43.67832035357775]], ""type"": ""MultiPoint""}"
16039,2019:9001976844,2019-10-13T10:49:00,ELLESMERE RD,PHARMACY AVE,26 m East of,5,Non-Fatal Injury,At Intersection,Traffic Signal,Pedestrian Collision(internal code),Clear,Daylight,Dry,Major Arterial,true,-79.31015436275783,43.75895901683864,1,,Unknown,2,37,Major,Use Unknown,,,On sidewalk or shoulder,Normal,,Driver hits pedestrian on sidewalk or shoulder,,,,pedestrian,,Scarborough Centre (21),41 Division,Wexford/Maryvale,false,false,false,false,false,false,true,false,false,false,"{""coordinates"": [[-79.31015436275783, 43.75895901683864]], ""type"": ""MultiPoint""}"
16040,2019:9001976844,2019-10-13T10:49:00,ELLESMERE RD,PHARMACY AVE,26 m East of,5,Non-Fatal Injury,At Intersection,Traffic Signal,Pedestrian Collision(internal code),Clear,Daylight,Dry,Major Arterial,true,-79.31015436275783,43.75895901683864,1,,,5,40,None,Use Unknown,,,,,,,,,,passenger,,Scarborough Centre (21),41 Division,Wexford/Maryvale,false,false,false,false,false,false,true,false,false,false,"{""coordinates"": [[-79.31015436275783, 43.75895901683864]], ""type"": ""MultiPoint""}"
16041,2019:9001976844,2019-10-13T10:49:00,ELLESMERE RD,PHARMACY AVE,26 m East of,5,Non-Fatal Injury,At Intersection,Traffic Signal,Pedestrian Collision(internal code),Clear,Daylight,Dry,Major Arterial,true,-79.31015436275783,43.75895901683864,1,Automobile or Station Wagon,East,1,34,None,Use Unknown,Lost control,Unknown,,,Going Ahead,,,,,driver,,Scarborough Centre (21),41 Division,Wexford/Maryvale,false,false,false,false,false,false,true,false,false,false,"{""coordinates"": [[-79.31015436275783, 43.75895901683864]], ""type"": ""MultiPoint""}"
16042,2019:9001976844,2019-10-13T10:49:00,ELLESMERE RD,PHARMACY AVE,26 m East of,5,Non-Fatal Injury,At Intersection,Traffic Signal,Pedestrian Collision(internal code),Clear,Daylight,Dry,Major Arterial,true,-79.31015436275783,43.75895901683864,1,,Unknown,4,1,Major,Use Unknown,,,Other,Unknown,,Driver hits pedestrian on sidewalk or shoulder,,,,pedestrian,,Scarborough Centre (21),41 Division,Wexford/Maryvale,false,false,false,false,false,false,true,false,false,false,"{""coordinates"": [[-79.31015436275783, 43.75895901683864]], ""type"": ""MultiPoint""}"
16043,2019:9001976844,2019-10-13T10:49:00,ELLESMERE RD,PHARMACY AVE,26 m East of,5,Non-Fatal Injury,At Intersection,Traffic Signal,Pedestrian Collision(internal code),Clear,Daylight,Dry,Major Arterial,true,-79.31015436275783,43.75895901683864,1,,Unknown,3,58,Major,Use Unknown,,,On sidewalk or shoulder,Unknown,,Driver hits pedestrian on sidewalk or shoulder,,,,pedestrian,,Scarborough Centre (21),41 Division,Wexford/Maryvale,false,false,false,false,false,false,true,false,false,false,"{""coordinates"": [[-79.31015436275783, 43.75895901683864]], ""type"": ""MultiPoint""}"
16044,2019:9001987118,2019-10-15T04:42:00,DUFFERIN ST,FINCH AVE W,,4,Non-Fatal Injury,At Intersection,Traffic Signal,Turning Movement,Clear,Dark with Artificial Lighting,Dry,Major Arterial,false,-79.46688526453674,43.76878205393239,2,Truck - Closed,North,2,33,None,Lap and Shoulder Belt,Driving properly,Normal,,,Turning Left,,,,,driver,,York Centre (6),32 Division,Bathurst Manor,false,false,false,false,false,false,false,false,true,true,"{""coordinates"": [[-79.46688526453674, 43.76878205393239]], ""type"": ""MultiPoint""}"
16045,2019:9001987118,2019-10-15T04:42:00,DUFFERIN ST,FINCH AVE W,,4,Non-Fatal Injury,At Intersection,Traffic Signal,Turning Movement,Clear,Dark with Artificial Lighting,Dry,Major Arterial,false,-79.46688526453674,43.76878205393239,3,Municipal Transit Bus (TTC),North,3,37,None,Lap and Shoulder Belt,Driving properly,Normal,,,Going Ahead,,,,,driver,,York Centre (6),32 Division,Bathurst Manor,false,false,false,false,false,false,false,false,true,true,"{""coordinates"": [[-79.46688526453674, 43.76878205393239]], ""type"": ""MultiPoint""}"
16046,2019:9001987118,2019-10-15T04:42:00,DUFFERIN ST,FINCH AVE W,,4,Non-Fatal Injury,At Intersection,Traffic Signal,Turning Movement,Clear,Dark with Artificial Lighting,Dry,Major Arterial,false,-79.46688526453674,43.76878205393239,1,,,4,13,Major,Use Unknown,,,,,,,,,,passenger,,York Centre (6),32 Division,Bathurst Manor,false,false,false,false,false,false,false,false,true,true,"{""coordinates"": [[-79.46688526453674, 43.76878205393239]], ""type"": ""MultiPoint""}"
16047,2019:9001987118,2019-10-15T04:42:00,DUFFERIN ST,FINCH AVE W,,4,Non-Fatal Injury,At Intersection,Traffic Signal,Turning Movement,Clear,Dark with Artificial Lighting,Dry,Major Arterial,false,-79.46688526453674,43.76878205393239,1,Automobile or Station Wagon,South,1,14,None,Use Unknown,Other,Normal,,,Going Ahead,,,,,driver,,York Centre (6),32 Division,Bathurst Manor,false,false,false,false,false,false,false,false,true,true,"{""coordinates"": [[-79.46688526453674, 43.76878205393239]], ""type"": ""MultiPoint""}"
16048,2019:9001987144,2019-10-15T04:57:00,LAMBTON AVE,ROCKCLIFFE BLVD,,4,Non-Fatal Injury,Intersection-Related,No Control,SMV Other,Clear,Daylight,Dry,Collector,false,-79.49168861360778,43.68239067176787,2,Automobile or Station Wagon,South,1,,None,Use Unknown,Driving properly,Normal,,,Parked,,,,,driver,,York South-Weston (5),12 Division,Rockcliffe-Smythe,false,false,false,true,false,false,false,false,false,false,"{""coordinates"": [[-79.49168861360778, 43.68239067176787]], ""type"": ""MultiPoint""}"
16049,2019:9001987144,2019-10-15T04:57:00,LAMBTON AVE,ROCKCLIFFE BLVD,,4,Non-Fatal Injury,Intersection-Related,No Control,SMV Other,Clear,Daylight,Dry,Collector,false,-79.49168861360778,43.68239067176787,3,Motorcycle,South,2,,None,Use Unknown,Driving properly,Normal,,,Parked,,,,,motorcyclist,,York South-Weston (5),12 Division,Rockcliffe-Smythe,false,false,false,true,false,false,false,false,false,false,"{""coordinates"": [[-79.49168861360778, 43.68239067176787]], ""type"": ""MultiPoint""}"
16050,2019:9001987144,2019-10-15T04:57:00,LAMBTON AVE,ROCKCLIFFE BLVD,,4,Non-Fatal Injury,Intersection-Related,No Control,SMV Other,Clear,Daylight,Dry,Collector,false,-79.49168861360778,43.68239067176787,1,Pickup Truck,North,3,35,Major,Lap and Shoulder Belt,Lost control,Medical or Physical Disability,,,Going Ahead,,,,,driver,,York South-Weston (5),12 Division,Rockcliffe-Smythe,false,false,false,true,false,false,false,false,false,false,"{""coordinates"": [[-79.49168861360778, 43.68239067176787]], ""type"": ""MultiPoint""}"
16051,2019:9001987144,2019-10-15T04:57:00,LAMBTON AVE,ROCKCLIFFE BLVD,,4,Non-Fatal Injury,Intersection-Related,No Control,SMV Other,Clear,Daylight,Dry,Collector,false,-79.49168861360778,43.68239067176787,4,Automobile or Station Wagon,North,4,,None,Use Unknown,Driving properly,Normal,,,Parked,,,,,driver,,York South-Weston (5),12 Division,Rockcliffe-Smythe,false,false,false,true,false,false,false,false,false,false,"{""coordinates"": [[-79.49168861360778, 43.68239067176787]], ""type"": ""MultiPoint""}"
16052,2019:9001991012,2019-10-15T15:48:00,MCCOWAN RD,KINGSTON RD,,2,Non-Fatal Injury,At Intersection,Traffic Signal,Pedestrian Collision(internal code),Clear,Daylight,Dry,Major Arterial,false,-79.23240311282203,43.72506533464966,1,,East,2,14,Major,Use Unknown,,,Crossing with right-of-way (intersection),Normal,,Driver turns right into pedestrian crossing with right-of-way (at intersection),,,,pedestrian,,Scarborough Southwest (20),43 Division,Cliffcrest,true,false,false,false,false,false,true,false,true,false,"{""coordinates"": [[-79.23240311282203, 43.72506533464966]], ""type"": ""MultiPoint""}"