_id,collision_id,accdate,stname1,stname2,stname3,per_inv,acclass,accloc,traffictl,impactype,visible,light,rdsfcond,road_class,failtorem,longitude,latitude,veh_no,vehtype,initdir,per_no,invage,injury,safequip,drivact,drivcond,pedact,pedcond,manoeuvre,pedtype,cyclistype,cycact,cyccond,road_user,fatal_no,wardname,division,neighbourhood,aggressive,distracted,cyclist,motorcyclist,other_micromobility,older_adult,pedestrian,red_light,school_child,heavy_truck,geometry
16151,2019:9002266612,2019-11-24T02:57:00,3207 KINGSTON RD,,200 m East of,2,Property Damage Only,Non-Intersection,No Control,Rear End,Clear,Dark with Artificial Lighting,Dry,Major Arterial,false,-79.22745925307694,43.72933779079147,2,Automobile or Station Wagon,East,2,49,Major,Lap and Shoulder Belt,Driving properly,Normal,,,Going Ahead,,,,,driver,,Scarborough Southwest (20),43 Division,Cliffcrest,true,false,false,false,false,false,false,false,false,false,"{""coordinates"": [[-79.22745925307694, 43.72933779079147]], ""type"": ""MultiPoint""}"
16152,2019:9002266612,2019-11-24T02:57:00,3207 KINGSTON RD,,200 m East of,2,Property Damage Only,Non-Intersection,No Control,Rear End,Clear,Dark with Artificial Lighting,Dry,Major Arterial,false,-79.22745925307694,43.72933779079147,1,Automobile or Station Wagon,East,1,38,None,Use Unknown,Speed too fast for conditions,Unknown,,,Going Ahead,,,,,driver,,Scarborough Southwest (20),43 Division,Cliffcrest,true,false,false,false,false,false,false,false,false,false,"{""coordinates"": [[-79.22745925307694, 43.72933779079147]], ""type"": ""MultiPoint""}"
16153,2019:9002274826,2019-11-25T12:10:00,DON MILLS RD,GREEN BELT DR,,5,Fatal Injury,At Intersection,Traffic Signal,Turning Movement,Clear,Daylight,Dry,Major Arterial,false,-79.34082462034988,43.727583172405765,2,,,1,17,Fatal,,,,,,,,,,,passenger,52,Don Valley East (16),33 Division,Banbury-Don Mills,true,false,false,false,false,false,false,false,true,false,"{""coordinates"": [[-79.34082462034988, 43.727583172405765]], ""type"": ""MultiPoint""}"
16154,2019:9002274826,2019-11-25T12:10:00,DON MILLS RD,GREEN BELT DR,,5,Fatal Injury,At Intersection,Traffic Signal,Turning Movement,Clear,Daylight,Dry,Major Arterial,false,-79.34082462034988,43.727583172405765,1,Automobile or Station Wagon,South,2,43,Minimal,,Failed to yield right-of-way,Normal,,,Turning Left,,,,,driver,,Don Valley East (16),33 Division,Banbury-Don Mills,true,false,false,false,false,false,false,false,true,false,"{""coordinates"": [[-79.34082462034988, 43.727583172405765]], ""type"": ""MultiPoint""}"
16155,2019:9002274826,2019-11-25T12:10:00,DON MILLS RD,GREEN BELT DR,,5,Fatal Injury,At Intersection,Traffic Signal,Turning Movement,Clear,Daylight,Dry,Major Arterial,false,-79.34082462034988,43.727583172405765,2,,,5,16,Minor,,,,,,,,,,,passenger,,Don Valley East (16),33 Division,Banbury-Don Mills,true,false,false,false,false,false,false,false,true,false,"{""coordinates"": [[-79.34082462034988, 43.727583172405765]], ""type"": ""MultiPoint""}"
16156,2019:9002274826,2019-11-25T12:10:00,DON MILLS RD,GREEN BELT DR,,5,Fatal Injury,At Intersection,Traffic Signal,Turning Movement,Clear,Daylight,Dry,Major Arterial,false,-79.34082462034988,43.727583172405765,2,Automobile or Station Wagon,North,3,17,Minor,,Driving properly,Normal,,,Going Ahead,,,,,driver,,Don Valley East (16),33 Division,Banbury-Don Mills,true,false,false,false,false,false,false,false,true,false,"{""coordinates"": [[-79.34082462034988, 43.727583172405765]], ""type"": ""MultiPoint""}"
16157,2019:9002274826,2019-11-25T12:10:00,DON MILLS RD,GREEN BELT DR,,5,Fatal Injury,At Intersection,Traffic Signal,Turning Movement,Clear,Daylight,Dry,Major Arterial,false,-79.34082462034988,43.727583172405765,2,,,4,18,Minor,,,,,,,,,,,passenger,,Don Valley East (16),33 Division,Banbury-Don Mills,true,false,false,false,false,false,false,false,true,false,"{""coordinates"": [[-79.34082462034988, 43.727583172405765]], ""type"": ""MultiPoint""}"
16158,2019:9002276399,2019-11-25T16:09:00,QUEENS QUAY W,ROBERTSON CRES,6 m  of,2,Non-Fatal Injury,Intersection-Related,Traffic Signal,Cyclist Collision,Clear,Daylight,Dry,Minor Arterial,false,-79.38656305682625,43.63884194984143,1,Bicycle,North,1,47,Major,No Equipment Available,,,,,Going Ahead,,"Cyclist without right-of-way rides into path of driver (at intersection, laneway, or driveway)",Disobeyed Traffic Control,Normal,cyclist,,Spadina-Fort York (10),52 Division,Harbourfront-CityPlace,false,false,true,false,false,false,false,false,false,false,"{""coordinates"": [[-79.38656305682625, 43.63884194984143]], ""type"": ""MultiPoint""}"
16159,2019:9002276399,2019-11-25T16:09:00,QUEENS QUAY W,ROBERTSON CRES,6 m  of,2,Non-Fatal Injury,Intersection-Related,Traffic Signal,Cyclist Collision,Clear,Daylight,Dry,Minor Arterial,false,-79.38656305682625,43.63884194984143,2,Pickup Truck,East,2,28,None,Lap and Shoulder Belt,Driving properly,Normal,,,Going Ahead,,,,,driver,,Spadina-Fort York (10),52 Division,Harbourfront-CityPlace,false,false,true,false,false,false,false,false,false,false,"{""coordinates"": [[-79.38656305682625, 43.63884194984143]], ""type"": ""MultiPoint""}"
16160,2019:9002294353,2019-11-28T06:23:00,ISLINGTON AVE,AVIEMORE DR,,2,Fatal Injury,Non-Intersection,No Control,Pedestrian Collision(internal code),Clear,Dark,Dry,Major Arterial,false,-79.56835637913252,43.748308695351945,1,,North,2,,None,,Other,Unknown,,,Going Ahead,,,,,driver,,Humber River-Black Creek (7),31 Division,Humber Summit,false,false,false,false,false,true,true,false,false,false,"{""coordinates"": [[-79.56835637913252, 43.748308695351945]], ""type"": ""MultiPoint""}"
16161,2019:9002294353,2019-11-28T06:23:00,ISLINGTON AVE,AVIEMORE DR,,2,Fatal Injury,Non-Intersection,No Control,Pedestrian Collision(internal code),Clear,Dark,Dry,Major Arterial,false,-79.56835637913252,43.748308695351945,,,West,1,77,Fatal,,,,Crossing without right-of-way (intersection),Other Condition,,Driver hits pedestrian at midblock,,,,pedestrian,56,Humber River-Black Creek (7),31 Division,Humber Summit,false,false,false,false,false,true,true,false,false,false,"{""coordinates"": [[-79.56835637913252, 43.748308695351945]], ""type"": ""MultiPoint""}"
16162,2019:9002297507,2019-11-28T14:48:00,YONGE ST,GERRARD ST E,4 m North of,2,Non-Fatal Injury,At Intersection,Traffic Signal,Pedestrian Collision(internal code),Clear,Daylight,Dry,Major Arterial,false,-79.38207693317274,43.659021687150805,1,,West,2,65,Major,Use Unknown,,,Crossing with right-of-way (intersection),Normal,,Driver turns right into pedestrian crossing with right-of-way (at intersection),,,,pedestrian,,Toronto Centre (13),51 Division,Downtown Yonge East,true,false,false,false,false,true,true,false,false,true,"{""coordinates"": [[-79.38207693317274, 43.659021687150805]], ""type"": ""MultiPoint""}"
16163,2019:9002297507,2019-11-28T14:48:00,YONGE ST,GERRARD ST E,4 m North of,2,Non-Fatal Injury,At Intersection,Traffic Signal,Pedestrian Collision(internal code),Clear,Daylight,Dry,Major Arterial,false,-79.38207693317274,43.659021687150805,1,Truck - Dump,West,1,56,None,Lap and Shoulder Belt,Failed to yield right-of-way,Normal,,,Turning Right,,,,,driver,,Toronto Centre (13),51 Division,Downtown Yonge East,true,false,false,false,false,true,true,false,false,true,"{""coordinates"": [[-79.38207693317274, 43.659021687150805]], ""type"": ""MultiPoint""}"
16164,2019:9002320157,2019-12-01T20:10:00,LAWRENCE AVE E,AINSDALE RD,5 m East of,8,Non-Fatal Injury,At Intersection,No Control,Rear End,Snow,Dark with Artificial Lighting,Loose Snow,Major Arterial,false,-79.29228630407877,43.7458974706114,4,,,8,35,None,Lap and Shoulder Belt,,,,,,,,,,passenger,,Scarborough Centre (21),41 Division,Wexford/Maryvale,true,false,false,false,false,false,false,false,false,false,"{""coordinates"": [[-79.29228630407877, 43.7458974706114]], ""type"": ""MultiPoint""}"
16165,2019:9002320157,2019-12-01T20:10:00,LAWRENCE AVE E,AINSDALE RD,5 m East of,8,Non-Fatal Injury,At Intersection,No Control,Rear End,Snow,Dark with Artificial Lighting,Loose Snow,Major Arterial,false,-79.29228630407877,43.7458974706114,3,Automobile or Station Wagon,West,3,54,Minor,Lap and Shoulder Belt,Driving properly,Normal,,,Going Ahead,,,,,driver,,Scarborough Centre (21),41 Division,Wexford/Maryvale,true,false,false,false,false,false,false,false,false,false,"{""coordinates"": [[-79.29228630407877, 43.7458974706114]], ""type"": ""MultiPoint""}"
16166,2019:9002320157,2019-12-01T20:10:00,LAWRENCE AVE E,AINSDALE RD,5 m East of,8,Non-Fatal Injury,At Intersection,No Control,Rear End,Snow,Dark with Artificial Lighting,Loose Snow,Major Arterial,false,-79.29228630407877,43.7458974706114,4,Automobile or Station Wagon,West,4,26,None,Lap and Shoulder Belt,Driving properly,Normal,,,Going Ahead,,,,,driver,,Scarborough Centre (21),41 Division,Wexford/Maryvale,true,false,false,false,false,false,false,false,false,false,"{""coordinates"": [[-79.29228630407877, 43.7458974706114]], ""type"": ""MultiPoint""}"
16167,2019:9002320157,2019-12-01T20:10:00,LAWRENCE AVE E,AINSDALE RD,5 m East of,8,Non-Fatal Injury,At Intersection,No Control,Rear End,Snow,Dark with Artificial Lighting,Loose Snow,Major Arterial,false,-79.29228630407877,43.7458974706114,1,Automobile or Station Wagon,East,1,28,None,Equipment Not Used But Available,Speed too fast for conditions,Had Been Drinking,,,Going Ahead,,,,,driver,,Scarborough Centre (21),41 Division,Wexford/Maryvale,true,false,false,false,false,false,false,false,false,false,"{""coordinates"": [[-79.29228630407877, 43.7458974706114]], ""type"": ""MultiPoint""}"
16168,2019:9002320157,2019-12-01T20:10:00,LAWRENCE AVE E,AINSDALE RD,5 m East of,8,Non-Fatal Injury,At Intersection,No Control,Rear End,Snow,Dark with Artificial Lighting,Loose Snow,Major Arterial,false,-79.29228630407877,43.7458974706114,2,,,7,31,Minimal,Lap and Shoulder Belt,,,,,,,,,,passenger,,Scarborough Centre (21),41 Division,Wexford/Maryvale,true,false,false,false,false,false,false,false,false,false,"{""coordinates"": [[-79.29228630407877, 43.7458974706114]], ""type"": ""MultiPoint""}"
16169,2019:9002320157,2019-12-01T20:10:00,LAWRENCE AVE E,AINSDALE RD,5 m East of,8,Non-Fatal Injury,At Intersection,No Control,Rear End,Snow,Dark with Artificial Lighting,Loose Snow,Major Arterial,false,-79.29228630407877,43.7458974706114,1,,,5,24,Major,Lap and Shoulder Belt,,,,,,,,,,passenger,,Scarborough Centre (21),41 Division,Wexford/Maryvale,true,false,false,false,false,false,false,false,false,false,"{""coordinates"": [[-79.29228630407877, 43.7458974706114]], ""type"": ""MultiPoint""}"
16170,2019:9002320157,2019-12-01T20:10:00,LAWRENCE AVE E,AINSDALE RD,5 m East of,8,Non-Fatal Injury,At Intersection,No Control,Rear End,Snow,Dark with Artificial Lighting,Loose Snow,Major Arterial,false,-79.29228630407877,43.7458974706114,2,Automobile or Station Wagon,East,2,50,None,Lap and Shoulder Belt,Driving properly,Normal,,,Going Ahead,,,,,driver,,Scarborough Centre (21),41 Division,Wexford/Maryvale,true,false,false,false,false,false,false,false,false,false,"{""coordinates"": [[-79.29228630407877, 43.7458974706114]], ""type"": ""MultiPoint""}"
16171,2019:9002320157,2019-12-01T20:10:00,LAWRENCE AVE E,AINSDALE RD,5 m East of,8,Non-Fatal Injury,At Intersection,No Control,Rear End,Snow,Dark with Artificial Lighting,Loose Snow,Major Arterial,false,-79.29228630407877,43.7458974706114,2,,,6,31,None,Lap and Shoulder Belt,,,,,,,,,,passenger,,Scarborough Centre (21),41 Division,Wexford/Maryvale,true,false,false,false,false,false,false,false,false,false,"{""coordinates"": [[-79.29228630407877, 43.7458974706114]], ""type"": ""MultiPoint""}"
16172,2019:9002330341,2019-12-03T10:30:00,MARKHAM RD,FINCH AVE E,1 m North of,2,Non-Fatal Injury,Intersection-Related,Traffic Signal,Pedestrian Collision(internal code),Clear,Daylight,Wet,Major Arterial,false,-79.2430384262501,43.812898763901515,1,Automobile or Station Wagon,East,1,57,None,Lap and Shoulder Belt,Failed to yield right-of-way,Normal,,,Turning Left,,,,,driver,,Scarborough North (23),42 Division,Malvern West,true,false,false,false,false,true,true,false,false,false,"{""coordinates"": [[-79.2430384262501, 43.812898763901515]], ""type"": ""MultiPoint""}"
16173,2019:9002330341,2019-12-03T10:30:00,MARKHAM RD,FINCH AVE E,1 m North of,2,Non-Fatal Injury,Intersection-Related,Traffic Signal,Pedestrian Collision(internal code),Clear,Daylight,Wet,Major Arterial,false,-79.2430384262501,43.812898763901515,1,,West,2,71,Major,No Equipment Available,,,Crossing with right-of-way (intersection),Normal,,Driver turns left into pedestrian crossing with right-of-way (at intersection),,,,pedestrian,,Scarborough North (23),42 Division,Malvern West,true,false,false,false,false,true,true,false,false,false,"{""coordinates"": [[-79.2430384262501, 43.812898763901515]], ""type"": ""MultiPoint""}"
16174,2019:9002354607,2019-12-06T17:20:00,3680 KEELE ST,,56 m South of St REGIS CR,2,Fatal Injury,Non-Intersection,No Control,Pedestrian Collision(internal code),Clear,Dark,Wet,Major Arterial,false,-79.48860620518913,43.75389332044223,1,Automobile or Station Wagon,South,2,28,None,Use Unknown,Driving properly,Normal,,,Going Ahead,,,,,driver,,York Centre (6),31 Division,York University Heights,false,true,false,false,false,true,true,false,false,false,"{""coordinates"": [[-79.48860620518913, 43.75389332044223]], ""type"": ""MultiPoint""}"
16175,2019:9002354607,2019-12-06T17:20:00,3680 KEELE ST,,56 m South of St REGIS CR,2,Fatal Injury,Non-Intersection,No Control,Pedestrian Collision(internal code),Clear,Dark,Wet,Major Arterial,false,-79.48860620518913,43.75389332044223,1,,East,1,75,Fatal,Lap and Shoulder Belt,,,Crossing - no traffic control,Inattentive,Going Ahead,Driver hits pedestrian at midblock,,,,pedestrian,64,York Centre (6),31 Division,York University Heights,false,true,false,false,false,true,true,false,false,false,"{""coordinates"": [[-79.48860620518913, 43.75389332044223]], ""type"": ""MultiPoint""}"
16176,2019:9002354867,2019-12-06T18:00:00,EGLINTON AVE E,BRENTCLIFFE RD,,2,Non-Fatal Injury,At Intersection,Traffic Signal,Pedestrian Collision(internal code),Snow,Dark with Artificial Lighting,Wet,Major Arterial,false,-79.35978371807037,43.714533119977084,1,Automobile or Station Wagon,West,1,49,None,Air Bag Deployed,Driving properly,Normal,,,Going Ahead,,,,,driver,,Don Valley West (15),53 Division,Thorncliffe Park,false,false,false,false,false,false,true,false,false,false,"{""coordinates"": [[-79.35978371807037, 43.714533119977084]], ""type"": ""MultiPoint""}"
16177,2019:9002354867,2019-12-06T18:00:00,EGLINTON AVE E,BRENTCLIFFE RD,,2,Non-Fatal Injury,At Intersection,Traffic Signal,Pedestrian Collision(internal code),Snow,Dark with Artificial Lighting,Wet,Major Arterial,false,-79.35978371807037,43.714533119977084,1,,North,2,58,Major,No Equipment Available,,,Crossing without right-of-way (intersection),Medical or Physical Disability,,Driver going straight hits pedestrian crossing without right-of-way (at intersection),,,,pedestrian,,Don Valley West (15),53 Division,Thorncliffe Park,false,false,false,false,false,false,true,false,false,false,"{""coordinates"": [[-79.35978371807037, 43.714533119977084]], ""type"": ""MultiPoint""}"
16178,2019:9002365700,2019-12-08T12:05:00,DANFORTH AVE,ST DUNSTAN DR,5 m East of,3,Non-Fatal Injury,At Intersection,Stop Sign,Turning Movement,Clear,Daylight,Dry,Major Arterial,false,-79.28547331157215,43.69178598104206,3,Automobile or Station Wagon,West,3,47,None,Lap and Shoulder Belt,Driving properly,Normal,,,Going Ahead,,,,,driver,,Scarborough Southwest (20),41 Division,Oakridge,true,true,false,true,false,false,false,false,false,false,"{""coordinates"": [[-79.28547331157215, 43.69178598104206]], ""type"": ""MultiPoint""}"
16179,2019:9002365700,2019-12-08T12:05:00,DANFORTH AVE,ST DUNSTAN DR,5 m East of,3,Non-Fatal Injury,At Intersection,Stop Sign,Turning Movement,Clear,Daylight,Dry,Major Arterial,false,-79.28547331157215,43.69178598104206,1,Automobile or Station Wagon,South,1,39,None,Lap and Shoulder Belt,Failed to yield right-of-way,Inattentive,,,Turning Left,,,,,driver,,Scarborough Southwest (20),41 Division,Oakridge,true,true,false,true,false,false,false,false,false,false,"{""coordinates"": [[-79.28547331157215, 43.69178598104206]], ""type"": ""MultiPoint""}"
16180,2019:9002365700,2019-12-08T12:05:00,DANFORTH AVE,ST DUNSTAN DR,5 m East of,3,Non-Fatal Injury,At Intersection,Stop Sign,Turning Movement,Clear,Daylight,Dry,Major Arterial,false,-79.28547331157215,43.69178598104206,2,Motorcycle,East,2,42,Major,Helmet,Exceeding speed limit,Unknown,,,Going Ahead,,,,,motorcyclist,,Scarborough Southwest (20),41 Division,Oakridge,true,true,false,true,false,false,false,false,false,false,"{""coordinates"": [[-79.28547331157215, 43.69178598104206]], ""type"": ""MultiPoint""}"
16181,2019:9002374451,2019-12-09T17:32:00,DANFORTH AVE,ARUNDEL AVE,2 m East of,4,Non-Fatal Injury,At Intersection,Stop Sign,Pedestrian Collision(internal code),Clear,Dark with Artificial Lighting,Wet,Major Arterial,false,-79.35071240477677,43.67772128457641,1,,,4,25,None,Use Unknown,,,,,,,,,,passenger,,Toronto-Danforth (14),55 Division,North Riverdale,false,false,false,false,false,false,true,false,false,false,"{""coordinates"": [[-79.35071240477677, 43.67772128457641]], ""type"": ""MultiPoint""}"
16182,2019:9002374451,2019-12-09T17:32:00,DANFORTH AVE,ARUNDEL AVE,2 m East of,4,Non-Fatal Injury,At Intersection,Stop Sign,Pedestrian Collision(internal code),Clear,Dark with Artificial Lighting,Wet,Major Arterial,false,-79.35071240477677,43.67772128457641,1,,East,2,53,Major,Use Unknown,,,Crossing without right-of-way (intersection),Normal,,Driver turns left into pedestrian crossing without right-of-way (at intersection),,,,pedestrian,,Toronto-Danforth (14),55 Division,North Riverdale,false,false,false,false,false,false,true,false,false,false,"{""coordinates"": [[-79.35071240477677, 43.67772128457641]], ""type"": ""MultiPoint""}"
16183,2019:9002374451,2019-12-09T17:32:00,DANFORTH AVE,ARUNDEL AVE,2 m East of,4,Non-Fatal Injury,At Intersection,Stop Sign,Pedestrian Collision(internal code),Clear,Dark with Artificial Lighting,Wet,Major Arterial,false,-79.35071240477677,43.67772128457641,1,,,3,24,None,Use Unknown,,,,,,,,,,passenger,,Toronto-Danforth (14),55 Division,North Riverdale,false,false,false,false,false,false,true,false,false,false,"{""coordinates"": [[-79.35071240477677, 43.67772128457641]], ""type"": ""MultiPoint""}"
16184,2019:9002374451,2019-12-09T17:32:00,DANFORTH AVE,ARUNDEL AVE,2 m East of,4,Non-Fatal Injury,At Intersection,Stop Sign,Pedestrian Collision(internal code),Clear,Dark with Artificial Lighting,Wet,Major Arterial,false,-79.35071240477677,43.67772128457641,1,Automobile or Station Wagon,South,1,25,None,Use Unknown,Driving properly,Normal,,,Turning Left,,,,,driver,,Toronto-Danforth (14),55 Division,North Riverdale,false,false,false,false,false,false,true,false,false,false,"{""coordinates"": [[-79.35071240477677, 43.67772128457641]], ""type"": ""MultiPoint""}"
16185,2019:9002380779,2019-12-10T14:54:00,SHEPPARD AVE W,SENLAC RD,,3,Fatal Injury,At Intersection,Traffic Signal,Turning Movement,Clear,Daylight,Dry,Major Arterial,false,-79.42254316136615,43.75894008214849,1,,,3,77,Major,Air Bag Deployed,,,,,,,,,,passenger,,Willowdale (18),32 Division,Lansing-Westgate,true,true,false,false,false,true,false,true,false,false,"{""coordinates"": [[-79.42254316136615, 43.75894008214849]], ""type"": ""MultiPoint""}"
16186,2019:9002380779,2019-12-10T14:54:00,SHEPPARD AVE W,SENLAC RD,,3,Fatal Injury,At Intersection,Traffic Signal,Turning Movement,Clear,Daylight,Dry,Major Arterial,false,-79.42254316136615,43.75894008214849,2,Automobile or Station Wagon,East,2,49,None,Air Bag Deployed,Speed too slow,Inattentive,,,Turning Left,,,,,driver,,Willowdale (18),32 Division,Lansing-Westgate,true,true,false,false,false,true,false,true,false,false,"{""coordinates"": [[-79.42254316136615, 43.75894008214849]], ""type"": ""MultiPoint""}"
16187,2019:9002380779,2019-12-10T14:54:00,SHEPPARD AVE W,SENLAC RD,,3,Fatal Injury,At Intersection,Traffic Signal,Turning Movement,Clear,Daylight,Dry,Major Arterial,false,-79.42254316136615,43.75894008214849,1,Automobile or Station Wagon,West,1,84,Fatal,Equipment Not Used But Available,Disobeyed traffic control,Inattentive,,,Going Ahead,,,,,driver,63,Willowdale (18),32 Division,Lansing-Westgate,true,true,false,false,false,true,false,true,false,false,"{""coordinates"": [[-79.42254316136615, 43.75894008214849]], ""type"": ""MultiPoint""}"
16188,2019:9002389266,2019-12-11T17:25:00,EGLINTON AVE E,VICTORIA PARK AVE,10 m North of,2,Non-Fatal Injury,At Intersection,Traffic Signal,Pedestrian Collision(internal code),Clear,Dark with Artificial Lighting,Dry,Major Arterial,false,-79.30260892022697,43.724649620546224,1,,East,2,41,Major,No Equipment Available,,,Crossing with right-of-way (intersection),Normal,,Driver turns left into pedestrian crossing with right-of-way (at intersection),,,,pedestrian,,Scarborough Southwest (20),41 Division,Clairlea-Birchmount,true,true,false,false,false,false,true,false,false,false,"{""coordinates"": [[-79.30260892022697, 43.724649620546224]], ""type"": ""MultiPoint""}"
16189,2019:9002389266,2019-12-11T17:25:00,EGLINTON AVE E,VICTORIA PARK AVE,10 m North of,2,Non-Fatal Injury,At Intersection,Traffic Signal,Pedestrian Collision(internal code),Clear,Dark with Artificial Lighting,Dry,Major Arterial,false,-79.30260892022697,43.724649620546224,1,Automobile or Station Wagon,East,1,58,None,Use Unknown,Failed to yield right-of-way,Inattentive,,,Turning Left,,,,,driver,,Scarborough Southwest (20),41 Division,Clairlea-Birchmount,true,true,false,false,false,false,true,false,false,false,"{""coordinates"": [[-79.30260892022697, 43.724649620546224]], ""type"": ""MultiPoint""}"
16190,2019:9002389784,2019-12-11T18:43:00,REXDALE BLVD,QUEENS PLATE DR,,4,Fatal Injury,At Intersection,Traffic Signal,,Clear,Dark with Artificial Lighting,Dry,Major Arterial,false,-79.60345169316957,43.71910342998793,,,,3,71,Fatal,,,,,,,,,,,passenger,59,Etobicoke North (1),23 Division,West Humber-Clairville,false,false,false,false,false,true,false,false,false,false,"{""coordinates"": [[-79.60345169316957, 43.71910342998793]], ""type"": ""MultiPoint""}"
16191,2019:9002389784,2019-12-11T18:43:00,REXDALE BLVD,QUEENS PLATE DR,,4,Fatal Injury,At Intersection,Traffic Signal,,Clear,Dark with Artificial Lighting,Dry,Major Arterial,false,-79.60345169316957,43.71910342998793,,Automobile or Station Wagon,North,4,70,Minimal,,Improper turn,Normal,,,Turning Left,,,,,driver,,Etobicoke North (1),23 Division,West Humber-Clairville,false,false,false,false,false,true,false,false,false,false,"{""coordinates"": [[-79.60345169316957, 43.71910342998793]], ""type"": ""MultiPoint""}"
16192,2019:9002389784,2019-12-11T18:43:00,REXDALE BLVD,QUEENS PLATE DR,,4,Fatal Injury,At Intersection,Traffic Signal,,Clear,Dark with Artificial Lighting,Dry,Major Arterial,false,-79.60345169316957,43.71910342998793,,Automobile or Station Wagon,West,2,26,Minimal,,Driving properly,Normal,,,Going Ahead,,,,,driver,,Etobicoke North (1),23 Division,West Humber-Clairville,false,false,false,false,false,true,false,false,false,false,"{""coordinates"": [[-79.60345169316957, 43.71910342998793]], ""type"": ""MultiPoint""}"
16193,2019:9002389784,2019-12-11T18:43:00,REXDALE BLVD,QUEENS PLATE DR,,4,Fatal Injury,At Intersection,Traffic Signal,,Clear,Dark with Artificial Lighting,Dry,Major Arterial,false,-79.60345169316957,43.71910342998793,,Automobile or Station Wagon,East,1,77,None,,Driving properly,Normal,,,Stopped,,,,,driver,,Etobicoke North (1),23 Division,West Humber-Clairville,false,false,false,false,false,true,false,false,false,false,"{""coordinates"": [[-79.60345169316957, 43.71910342998793]], ""type"": ""MultiPoint""}"
16194,2019:9002403770,2019-12-13T16:53:00,BLOOR ST W,ABERFOYLE CRES,,2,Non-Fatal Injury,At Intersection,Traffic Signal,Cyclist Collision,Clear,Dusk with Artificial Lighting,Dry,Major Arterial,false,-79.51894091888059,43.645594155085604,1,Automobile or Station Wagon,South,1,44,None,Lap and Shoulder Belt,Failed to yield right-of-way,Normal,,,Turning Right,,,,,driver,,Etobicoke-Lakeshore (3),22 Division,Stonegate-Queensway,true,false,true,false,false,false,false,false,true,false,"{""coordinates"": [[-79.51894091888059, 43.645594155085604]], ""type"": ""MultiPoint""}"
16195,2019:9002403770,2019-12-13T16:53:00,BLOOR ST W,ABERFOYLE CRES,,2,Non-Fatal Injury,At Intersection,Traffic Signal,Cyclist Collision,Clear,Dusk with Artificial Lighting,Dry,Major Arterial,false,-79.51894091888059,43.645594155085604,2,Bicycle,East,2,17,Major,Use Unknown,,,,,Going Ahead,,Driver turns right on red at signalized intersection and hits cyclist,Other,Normal,cyclist,,Etobicoke-Lakeshore (3),22 Division,Stonegate-Queensway,true,false,true,false,false,false,false,false,true,false,"{""coordinates"": [[-79.51894091888059, 43.645594155085604]], ""type"": ""MultiPoint""}"
16196,2019:9002404959,2019-12-13T20:41:00,SHEPPARD AVE W,KEELE ST,1 m West of,2,Non-Fatal Injury,At Intersection,Traffic Signal,Pedestrian Collision(internal code),Clear,Dark with Artificial Lighting,Dry,Major Arterial,false,-79.48640895029743,43.744703715366335,1,,North,2,53,Major,No Equipment Available,,,Crossing with right-of-way (intersection),Normal,,Driver turns left into pedestrian crossing with right-of-way (at intersection),,,,pedestrian,,York Centre (6),31 Division,Downsview,true,false,false,false,false,true,true,false,false,false,"{""coordinates"": [[-79.48640895029743, 43.744703715366335]], ""type"": ""MultiPoint""}"
16197,2019:9002404959,2019-12-13T20:41:00,SHEPPARD AVE W,KEELE ST,1 m West of,2,Non-Fatal Injury,At Intersection,Traffic Signal,Pedestrian Collision(internal code),Clear,Dark with Artificial Lighting,Dry,Major Arterial,false,-79.48640895029743,43.744703715366335,1,Automobile or Station Wagon,North,1,66,None,Lap and Shoulder Belt,Failed to yield right-of-way,Normal,,,Turning Left,,,,,driver,,York Centre (6),31 Division,Downsview,true,false,false,false,false,true,true,false,false,false,"{""coordinates"": [[-79.48640895029743, 43.744703715366335]], ""type"": ""MultiPoint""}"
16198,2019:9002407490,2019-12-14T07:20:00,LAWRENCE AVE W,ALLEN X N LAWRENCE RAMP,,2,Non-Fatal Injury,At Intersection,Traffic Signal,Turning Movement,Rain,Daylight,Wet,Major Arterial,false,-79.44318077540804,43.7162460294796,2,Automobile or Station Wagon,North,2,49,None,Lap and Shoulder Belt,Driving properly,Normal,,,Turning Left,,,,,driver,,Eglinton-Lawrence (8),13 Division,Englemount-Lawrence,true,false,false,false,false,false,false,true,false,false,"{""coordinates"": [[-79.44318077540804, 43.7162460294796]], ""type"": ""MultiPoint""}"
16199,2019:9002407490,2019-12-14T07:20:00,LAWRENCE AVE W,ALLEN X N LAWRENCE RAMP,,2,Non-Fatal Injury,At Intersection,Traffic Signal,Turning Movement,Rain,Daylight,Wet,Major Arterial,false,-79.44318077540804,43.7162460294796,1,Automobile or Station Wagon,West,1,38,Major,Air Bag Deployed,Disobeyed traffic control,Normal,,,Going Ahead,,,,,driver,,Eglinton-Lawrence (8),13 Division,Englemount-Lawrence,true,false,false,false,false,false,false,true,false,false,"{""coordinates"": [[-79.44318077540804, 43.7162460294796]], ""type"": ""MultiPoint""}"