_id,collision_id,accdate,stname1,stname2,stname3,per_inv,acclass,accloc,traffictl,impactype,visible,light,rdsfcond,road_class,failtorem,longitude,latitude,veh_no,vehtype,initdir,per_no,invage,injury,safequip,drivact,drivcond,pedact,pedcond,manoeuvre,pedtype,cyclistype,cycact,cyccond,road_user,fatal_no,wardname,division,neighbourhood,aggressive,distracted,cyclist,motorcyclist,other_micromobility,older_adult,pedestrian,red_light,school_child,heavy_truck,geometry
16200,2019:9002410570,2019-12-14T17:05:00,YORK MILLS RD,SCARSDALE RD,,2,Non-Fatal Injury,At Intersection,Traffic Signal,Cyclist Collision,Rain,Dark with Artificial Lighting,Wet,Major Arterial,false,-79.3574566934097,43.75342013496582,2,Bicycle,West,2,43,Major,Use Unknown,,,,,Going Ahead,,Driver turns right on red at signalized intersection and hits cyclist,Driving Properly,Normal,cyclist,,Don Valley East (16),33 Division,Banbury-Don Mills,true,false,true,false,false,false,false,false,false,false,"{""coordinates"": [[-79.3574566934097, 43.75342013496582]], ""type"": ""MultiPoint""}"
16201,2019:9002410570,2019-12-14T17:05:00,YORK MILLS RD,SCARSDALE RD,,2,Non-Fatal Injury,At Intersection,Traffic Signal,Cyclist Collision,Rain,Dark with Artificial Lighting,Wet,Major Arterial,false,-79.3574566934097,43.75342013496582,1,Automobile or Station Wagon,South,1,53,None,Lap and Shoulder Belt,Failed to yield right-of-way,Normal,,,Turning Right,,,,,driver,,Don Valley East (16),33 Division,Banbury-Don Mills,true,false,true,false,false,false,false,false,false,false,"{""coordinates"": [[-79.3574566934097, 43.75342013496582]], ""type"": ""MultiPoint""}"
16202,2019:9002410938,2019-12-14T18:15:00,20 ANTRIM CRES,,50 m West of,2,Non-Fatal Injury,Non-Intersection,No Control,Pedestrian Collision(internal code),Rain,Dark with Artificial Lighting,Wet,Collector,true,-79.28502308453038,43.77123086814708,1,,West,1,,None,No Equipment Available,Other,Unknown,,,Going Ahead,,,,,driver,,Scarborough Centre (21),41 Division,Dorset Park,false,false,false,false,false,false,true,false,false,false,"{""coordinates"": [[-79.28502308453038, 43.77123086814708]], ""type"": ""MultiPoint""}"
16203,2019:9002410938,2019-12-14T18:15:00,20 ANTRIM CRES,,50 m West of,2,Non-Fatal Injury,Non-Intersection,No Control,Pedestrian Collision(internal code),Rain,Dark with Artificial Lighting,Wet,Collector,true,-79.28502308453038,43.77123086814708,1,,North,2,58,Major,No Equipment Available,,,Crossing - no traffic control,Normal,,Driver hits pedestrian at midblock,,,,pedestrian,,Scarborough Centre (21),41 Division,Dorset Park,false,false,false,false,false,false,true,false,false,false,"{""coordinates"": [[-79.28502308453038, 43.77123086814708]], ""type"": ""MultiPoint""}"
16204,2019:9002413050,2019-12-15T01:29:00,LAWRENCE AVE E,BARRYMORE RD,,2,Fatal Injury,Non-Intersection,No Control,Pedestrian Collision(internal code),,Dark,,Major Arterial,false,-79.25001937821929,43.75449574605407,,,South,1,78,Fatal,,,,Crossing - no traffic control,Other Condition,,Driver hits pedestrian at midblock,,,,pedestrian,60,Scarborough Centre (21),43 Division,Bendale South,false,false,false,false,false,true,true,false,false,false,"{""coordinates"": [[-79.25001937821929, 43.75449574605407]], ""type"": ""MultiPoint""}"
16205,2019:9002413050,2019-12-15T01:29:00,LAWRENCE AVE E,BARRYMORE RD,,2,Fatal Injury,Non-Intersection,No Control,Pedestrian Collision(internal code),,Dark,,Major Arterial,false,-79.25001937821929,43.75449574605407,1,Automobile or Station Wagon,East,2,22,,,Driving properly,Unknown,,,Going Ahead,,,,,driver,,Scarborough Centre (21),43 Division,Bendale South,false,false,false,false,false,true,true,false,false,false,"{""coordinates"": [[-79.25001937821929, 43.75449574605407]], ""type"": ""MultiPoint""}"
16206,2019:9002413473,2019-12-15T03:09:00,MOUNT PLEASANT RD,SOUDAN AVE,,3,Non-Fatal Injury,At Intersection,Traffic Signal,Rear End,Clear,Dark,Dry,Major Arterial,false,-79.38925613473789,43.70601494225675,2,Automobile or Station Wagon,North,2,55,Minimal,Lap and Shoulder Belt,Lost control,Inattentive,,,Going Ahead,,,,,driver,,Don Valley West (15),53 Division,Mount Pleasant East,false,true,false,false,false,false,false,false,false,false,"{""coordinates"": [[-79.38925613473789, 43.70601494225675]], ""type"": ""MultiPoint""}"
16207,2019:9002413473,2019-12-15T03:09:00,MOUNT PLEASANT RD,SOUDAN AVE,,3,Non-Fatal Injury,At Intersection,Traffic Signal,Rear End,Clear,Dark,Dry,Major Arterial,false,-79.38925613473789,43.70601494225675,2,,,3,30,Major,Lap and Shoulder Belt,,,,,,,,,,passenger,,Don Valley West (15),53 Division,Mount Pleasant East,false,true,false,false,false,false,false,false,false,false,"{""coordinates"": [[-79.38925613473789, 43.70601494225675]], ""type"": ""MultiPoint""}"
16208,2019:9002413473,2019-12-15T03:09:00,MOUNT PLEASANT RD,SOUDAN AVE,,3,Non-Fatal Injury,At Intersection,Traffic Signal,Rear End,Clear,Dark,Dry,Major Arterial,false,-79.38925613473789,43.70601494225675,1,Automobile or Station Wagon,North,1,22,None,Lap and Shoulder Belt,Driving properly,Normal,,,Slowing or Stopping,,,,,driver,,Don Valley West (15),53 Division,Mount Pleasant East,false,true,false,false,false,false,false,false,false,false,"{""coordinates"": [[-79.38925613473789, 43.70601494225675]], ""type"": ""MultiPoint""}"
16209,2019:9002423251,2019-12-16T15:55:00,4600 DUNDAS ST W,,No.4600 (Driveway),3,Non-Fatal Injury,At/Near Private Drive,No Control,Approaching Head On,Clear,Daylight,Dry,Major Arterial,false,-79.52185533176237,43.6561875674673,2,,,3,66,Minor,Lap and Shoulder Belt,,,,,,,,,,passenger,,Etobicoke Centre (2),22 Division,Kingsway South,false,false,false,false,false,true,false,false,false,false,"{""coordinates"": [[-79.52185533176237, 43.6561875674673]], ""type"": ""MultiPoint""}"
16210,2019:9002423251,2019-12-16T15:55:00,4600 DUNDAS ST W,,No.4600 (Driveway),3,Non-Fatal Injury,At/Near Private Drive,No Control,Approaching Head On,Clear,Daylight,Dry,Major Arterial,false,-79.52185533176237,43.6561875674673,2,Automobile or Station Wagon,East,2,72,Minor,Lap and Shoulder Belt,Driving properly,Normal,,,Stopped,,,,,driver,,Etobicoke Centre (2),22 Division,Kingsway South,false,false,false,false,false,true,false,false,false,false,"{""coordinates"": [[-79.52185533176237, 43.6561875674673]], ""type"": ""MultiPoint""}"
16211,2019:9002423251,2019-12-16T15:55:00,4600 DUNDAS ST W,,No.4600 (Driveway),3,Non-Fatal Injury,At/Near Private Drive,No Control,Approaching Head On,Clear,Daylight,Dry,Major Arterial,false,-79.52185533176237,43.6561875674673,1,Automobile or Station Wagon,West,1,75,Major,Lap and Shoulder Belt,Lost control,Had Been Drinking,,,Going Ahead,,,,,driver,,Etobicoke Centre (2),22 Division,Kingsway South,false,false,false,false,false,true,false,false,false,false,"{""coordinates"": [[-79.52185533176237, 43.6561875674673]], ""type"": ""MultiPoint""}"
16212,2020:0001227964,2020-07-03T17:03:00,BROADVIEW AVE,HILLSIDE DR,,4,Non-Fatal Injury,At Intersection,Traffic Signal,Turning Movement,Clear,Daylight,Dry,Minor Arterial,false,-79.35625897310905,43.685907631538086,1,,,3,25,None,Lap and Shoulder Belt,,,,,,,,,,passenger,,Toronto-Danforth (14),55 Division,Broadview North,true,false,false,true,false,false,false,false,true,false,"{""coordinates"": [[-79.35625897310905, 43.685907631538086]], ""type"": ""MultiPoint""}"
16213,2019:9002437548,2019-12-18T15:38:00,MARINE PARADE DR,WATERFRONT DR,96 m West of,2,Non-Fatal Injury,Non-Intersection,No Control,Rear End,Clear,Dark with Artificial Lighting,Dry,Collector,false,-79.47598738628125,43.62839744819659,2,Automobile or Station Wagon,East,2,30,Minor,Lap and Shoulder Belt,Driving properly,Normal,,,Stopped,,,,,driver,,Etobicoke-Lakeshore (3),22 Division,Humber Bay Shores,true,false,false,false,false,true,false,false,false,false,"{""coordinates"": [[-79.47598738628125, 43.62839744819659]], ""type"": ""MultiPoint""}"
16214,2019:9002437548,2019-12-18T15:38:00,MARINE PARADE DR,WATERFRONT DR,96 m West of,2,Non-Fatal Injury,Non-Intersection,No Control,Rear End,Clear,Dark with Artificial Lighting,Dry,Collector,false,-79.47598738628125,43.62839744819659,1,Automobile or Station Wagon,East,1,70,Major,Lap and Shoulder Belt,Failed to yield right-of-way,Medical or Physical Disability,,,Going Ahead,,,,,driver,,Etobicoke-Lakeshore (3),22 Division,Humber Bay Shores,true,false,false,false,false,true,false,false,false,false,"{""coordinates"": [[-79.47598738628125, 43.62839744819659]], ""type"": ""MultiPoint""}"
16215,2019:9002439136,2019-12-18T19:45:00,NEWARK RD,SCARBOROUGH GOLF CLUB RD,,1,Non-Fatal Injury,At Intersection,Stop Sign,SMV Other,Clear,Dusk with Artificial Lighting,Dry,Local,false,-79.22101999311538,43.775606255347036,1,Automobile or Station Wagon,West,1,32,Major,Use Unknown,Lost control,Other Condition,,,Going Ahead,,,,,driver,,Scarborough-Guildwood (24),43 Division,Morningside,false,false,false,false,false,false,false,false,false,false,"{""coordinates"": [[-79.22101999311538, 43.775606255347036]], ""type"": ""MultiPoint""}"
16216,2019:9002450194,2019-12-20T12:30:00,MCCOWAN RD,TOWN CENTRE CRT,3 m South of,6,Non-Fatal Injury,Intersection-Related,Traffic Signal,Rear End,Clear,Daylight,Dry,Major Arterial,false,-79.25220137262926,43.77450002439253,2,,,6,35,Minimal,Lap and Shoulder Belt,,,,,,,,,,passenger,,Scarborough-Guildwood (24),43 Division,Woburn North,true,false,false,false,false,true,false,false,false,false,"{""coordinates"": [[-79.25220137262926, 43.77450002439253]], ""type"": ""MultiPoint""}"
16217,2019:9002450194,2019-12-20T12:30:00,MCCOWAN RD,TOWN CENTRE CRT,3 m South of,6,Non-Fatal Injury,Intersection-Related,Traffic Signal,Rear End,Clear,Daylight,Dry,Major Arterial,false,-79.25220137262926,43.77450002439253,2,,,5,33,None,Lap and Shoulder Belt,,,,,,,,,,passenger,,Scarborough-Guildwood (24),43 Division,Woburn North,true,false,false,false,false,true,false,false,false,false,"{""coordinates"": [[-79.25220137262926, 43.77450002439253]], ""type"": ""MultiPoint""}"
16218,2019:9002450194,2019-12-20T12:30:00,MCCOWAN RD,TOWN CENTRE CRT,3 m South of,6,Non-Fatal Injury,Intersection-Related,Traffic Signal,Rear End,Clear,Daylight,Dry,Major Arterial,false,-79.25220137262926,43.77450002439253,2,Automobile or Station Wagon,South,1,33,None,Lap and Shoulder Belt,Driving properly,Normal,,,Stopped,,,,,driver,,Scarborough-Guildwood (24),43 Division,Woburn North,true,false,false,false,false,true,false,false,false,false,"{""coordinates"": [[-79.25220137262926, 43.77450002439253]], ""type"": ""MultiPoint""}"
16219,2019:9002450194,2019-12-20T12:30:00,MCCOWAN RD,TOWN CENTRE CRT,3 m South of,6,Non-Fatal Injury,Intersection-Related,Traffic Signal,Rear End,Clear,Daylight,Dry,Major Arterial,false,-79.25220137262926,43.77450002439253,1,Automobile or Station Wagon,South,2,77,None,Lap and Shoulder Belt,Following too closely,Normal,,,Going Ahead,,,,,driver,,Scarborough-Guildwood (24),43 Division,Woburn North,true,false,false,false,false,true,false,false,false,false,"{""coordinates"": [[-79.25220137262926, 43.77450002439253]], ""type"": ""MultiPoint""}"
16220,2019:9002450194,2019-12-20T12:30:00,MCCOWAN RD,TOWN CENTRE CRT,3 m South of,6,Non-Fatal Injury,Intersection-Related,Traffic Signal,Rear End,Clear,Daylight,Dry,Major Arterial,false,-79.25220137262926,43.77450002439253,1,,,4,82,Major,Lap and Shoulder Belt,,,,,,,,,,passenger,,Scarborough-Guildwood (24),43 Division,Woburn North,true,false,false,false,false,true,false,false,false,false,"{""coordinates"": [[-79.25220137262926, 43.77450002439253]], ""type"": ""MultiPoint""}"
16221,2019:9002450194,2019-12-20T12:30:00,MCCOWAN RD,TOWN CENTRE CRT,3 m South of,6,Non-Fatal Injury,Intersection-Related,Traffic Signal,Rear End,Clear,Daylight,Dry,Major Arterial,false,-79.25220137262926,43.77450002439253,2,,,3,42,Minimal,Lap and Shoulder Belt,,,,,,,,,,passenger,,Scarborough-Guildwood (24),43 Division,Woburn North,true,false,false,false,false,true,false,false,false,false,"{""coordinates"": [[-79.25220137262926, 43.77450002439253]], ""type"": ""MultiPoint""}"
16222,2019:9002463440,2019-12-22T10:55:00,QUEEN ST W,DUNN AVE,15 m West of,2,Non-Fatal Injury,Non-Intersection,No Control,Pedestrian Collision(internal code),Clear,Daylight with Artificial Lighting,Wet,Major Arterial,false,-79.43447574607147,43.640951548992376,1,Streetcar,East,1,51,None,Use Unknown,Driving properly,Normal,,,Going Ahead,,,,,driver,,Parkdale-High Park (4),14 Division,South Parkdale,false,false,false,false,false,true,true,false,false,true,"{""coordinates"": [[-79.43447574607147, 43.640951548992376]], ""type"": ""MultiPoint""}"
16223,2019:9002463440,2019-12-22T10:55:00,QUEEN ST W,DUNN AVE,15 m West of,2,Non-Fatal Injury,Non-Intersection,No Control,Pedestrian Collision(internal code),Clear,Daylight with Artificial Lighting,Wet,Major Arterial,false,-79.43447574607147,43.640951548992376,1,,South,2,84,Major,Use Unknown,,,Crossing - no traffic control,Normal,,Transit vehicle driver hits pedestrian anywhere along roadway,,,,pedestrian,,Parkdale-High Park (4),14 Division,South Parkdale,false,false,false,false,false,true,true,false,false,true,"{""coordinates"": [[-79.43447574607147, 43.640951548992376]], ""type"": ""MultiPoint""}"
16224,2019:9002465950,2019-12-22T18:34:00,PROGRESS AVE,MARKHAM RD,,4,Fatal Injury,Non-Intersection,No Control,Pedestrian Collision(internal code),Clear,Dark with Artificial Lighting,Wet,Major Arterial,false,-79.23298289499067,43.78212558600602,,,Unknown,2,19,Fatal,,,,On sidewalk or shoulder,Unknown,,Driver hits pedestrian on sidewalk or shoulder,,,,pedestrian,62,Scarborough-Guildwood (24),43 Division,Woburn North,false,false,false,false,false,false,true,false,true,false,"{""coordinates"": [[-79.23298289499067, 43.78212558600602]], ""type"": ""MultiPoint""}"
16225,2019:9002465950,2019-12-22T18:34:00,PROGRESS AVE,MARKHAM RD,,4,Fatal Injury,Non-Intersection,No Control,Pedestrian Collision(internal code),Clear,Dark with Artificial Lighting,Wet,Major Arterial,false,-79.23298289499067,43.78212558600602,,,Unknown,3,21,Major,,,,On sidewalk or shoulder,Unknown,,Driver hits pedestrian on sidewalk or shoulder,,,,pedestrian,,Scarborough-Guildwood (24),43 Division,Woburn North,false,false,false,false,false,false,true,false,true,false,"{""coordinates"": [[-79.23298289499067, 43.78212558600602]], ""type"": ""MultiPoint""}"
16226,2019:9002465950,2019-12-22T18:34:00,PROGRESS AVE,MARKHAM RD,,4,Fatal Injury,Non-Intersection,No Control,Pedestrian Collision(internal code),Clear,Dark with Artificial Lighting,Wet,Major Arterial,false,-79.23298289499067,43.78212558600602,,Automobile or Station Wagon,East,4,40,Minimal,,Lost control,Ability Impaired - Alcohol,,,Going Ahead,,,,,driver,,Scarborough-Guildwood (24),43 Division,Woburn North,false,false,false,false,false,false,true,false,true,false,"{""coordinates"": [[-79.23298289499067, 43.78212558600602]], ""type"": ""MultiPoint""}"
16227,2019:9002465950,2019-12-22T18:34:00,PROGRESS AVE,MARKHAM RD,,4,Fatal Injury,Non-Intersection,No Control,Pedestrian Collision(internal code),Clear,Dark with Artificial Lighting,Wet,Major Arterial,false,-79.23298289499067,43.78212558600602,,,Unknown,1,19,Fatal,,,,On sidewalk or shoulder,Unknown,,Driver hits pedestrian on sidewalk or shoulder,,,,pedestrian,61,Scarborough-Guildwood (24),43 Division,Woburn North,false,false,false,false,false,false,true,false,true,false,"{""coordinates"": [[-79.23298289499067, 43.78212558600602]], ""type"": ""MultiPoint""}"
16228,2019:9002468442,2019-12-23T06:57:00,OLD WESTON RD,TURNBERRY AVE,,2,Non-Fatal Injury,At Intersection,Traffic Signal,Pedestrian Collision(internal code),Clear,Dawn,Wet,Minor Arterial,false,-79.4647796959293,43.67832035357775,1,,East,2,25,Major,Use Unknown,,,Crossing with right-of-way (intersection),Normal,,Driver turns right into pedestrian crossing with right-of-way (at intersection),,,,pedestrian,,Davenport (9),12 Division,Weston-Pelham Park,true,true,false,false,false,false,true,false,false,true,"{""coordinates"": [[-79.4647796959293, 43.67832035357775]], ""type"": ""MultiPoint""}"
16229,2019:9002468442,2019-12-23T06:57:00,OLD WESTON RD,TURNBERRY AVE,,2,Non-Fatal Injury,At Intersection,Traffic Signal,Pedestrian Collision(internal code),Clear,Dawn,Wet,Minor Arterial,false,-79.4647796959293,43.67832035357775,1,Delivery Van,West,1,56,None,Lap and Shoulder Belt,Failed to yield right-of-way,Inattentive,,,Turning Right,,,,,driver,,Davenport (9),12 Division,Weston-Pelham Park,true,true,false,false,false,false,true,false,false,true,"{""coordinates"": [[-79.4647796959293, 43.67832035357775]], ""type"": ""MultiPoint""}"
16230,2019:9002471073,2019-12-23T14:15:00,ROYAL YORK RD,LAMBETH RD,,3,Non-Fatal Injury,At Intersection,No Control,Turning Movement,Clear,Daylight,Dry,Minor Arterial,false,-79.5170869463578,43.66030361785533,2,Automobile or Station Wagon,South,2,59,Minimal,Lap and Shoulder Belt,Driving properly,Normal,,,Going Ahead,,,,,driver,,Etobicoke Centre (2),22 Division,Edenbridge-Humber Valley,false,true,false,false,false,true,false,false,true,false,"{""coordinates"": [[-79.5170869463578, 43.66030361785533]], ""type"": ""MultiPoint""}"
16231,2019:9002471073,2019-12-23T14:15:00,ROYAL YORK RD,LAMBETH RD,,3,Non-Fatal Injury,At Intersection,No Control,Turning Movement,Clear,Daylight,Dry,Minor Arterial,false,-79.5170869463578,43.66030361785533,1,Automobile or Station Wagon,North,1,66,Major,Lap and Shoulder Belt,Improper turn,Inattentive,,,Making U-Turn,,,,,driver,,Etobicoke Centre (2),22 Division,Edenbridge-Humber Valley,false,true,false,false,false,true,false,false,true,false,"{""coordinates"": [[-79.5170869463578, 43.66030361785533]], ""type"": ""MultiPoint""}"
16232,2019:9002481518,2019-12-25T08:50:00,SHEPPARD AVE E,DON MILLS RD,,2,Non-Fatal Injury,At Intersection,Traffic Signal,Pedestrian Collision(internal code),Clear,Daylight,Wet,Major Arterial,false,-79.34700438407906,43.77503419662391,1,Automobile or Station Wagon,South,1,46,None,Lap and Shoulder Belt,Failed to yield right-of-way,Inattentive,,,Turning Left,,,,,driver,,Don Valley North (17),33 Division,Henry Farm,true,true,false,false,false,false,true,false,false,false,"{""coordinates"": [[-79.34700438407906, 43.77503419662391]], ""type"": ""MultiPoint""}"
16233,2019:9002481518,2019-12-25T08:50:00,SHEPPARD AVE E,DON MILLS RD,,2,Non-Fatal Injury,At Intersection,Traffic Signal,Pedestrian Collision(internal code),Clear,Daylight,Wet,Major Arterial,false,-79.34700438407906,43.77503419662391,1,,North,2,38,Major,No Equipment Available,,,Crossing with right-of-way (intersection),Normal,,Driver turns left into pedestrian crossing with right-of-way (at intersection),,,,pedestrian,,Don Valley North (17),33 Division,Henry Farm,true,true,false,false,false,false,true,false,false,false,"{""coordinates"": [[-79.34700438407906, 43.77503419662391]], ""type"": ""MultiPoint""}"
16234,2019:9002484268,2019-12-25T21:18:00,LAKE SHORE BLVD E,LOWER JARVIS ST,,8,Non-Fatal Injury,At Intersection,Traffic Signal,Turning Movement,Clear,Dark with Artificial Lighting,Dry,Major Arterial,false,-79.36980886314488,43.645555790489425,3,,,5,4,Minimal,Child Safety Seat Used Correctly,,,,,,,,,,passenger,,Spadina-Fort York (10),51 Division,St Lawrence-East Bayfront-The Islands,false,false,false,false,false,true,false,false,true,false,"{""coordinates"": [[-79.36980886314488, 43.645555790489425]], ""type"": ""MultiPoint""}"
16235,2019:9002484268,2019-12-25T21:18:00,LAKE SHORE BLVD E,LOWER JARVIS ST,,8,Non-Fatal Injury,At Intersection,Traffic Signal,Turning Movement,Clear,Dark with Artificial Lighting,Dry,Major Arterial,false,-79.36980886314488,43.645555790489425,2,,,3,84,Major,Lap and Shoulder Belt,,,,,,,,,,passenger,,Spadina-Fort York (10),51 Division,St Lawrence-East Bayfront-The Islands,false,false,false,false,false,true,false,false,true,false,"{""coordinates"": [[-79.36980886314488, 43.645555790489425]], ""type"": ""MultiPoint""}"
16236,2019:9002484268,2019-12-25T21:18:00,LAKE SHORE BLVD E,LOWER JARVIS ST,,8,Non-Fatal Injury,At Intersection,Traffic Signal,Turning Movement,Clear,Dark with Artificial Lighting,Dry,Major Arterial,false,-79.36980886314488,43.645555790489425,2,Automobile or Station Wagon,West,6,64,Minimal,Lap and Shoulder Belt,Driving properly,Normal,,,Going Ahead,,,,,driver,,Spadina-Fort York (10),51 Division,St Lawrence-East Bayfront-The Islands,false,false,false,false,false,true,false,false,true,false,"{""coordinates"": [[-79.36980886314488, 43.645555790489425]], ""type"": ""MultiPoint""}"
16237,2019:9002484268,2019-12-25T21:18:00,LAKE SHORE BLVD E,LOWER JARVIS ST,,8,Non-Fatal Injury,At Intersection,Traffic Signal,Turning Movement,Clear,Dark with Artificial Lighting,Dry,Major Arterial,false,-79.36980886314488,43.645555790489425,3,Automobile or Station Wagon,West,1,46,Minimal,Lap and Shoulder Belt,Driving properly,Normal,,,Going Ahead,,,,,driver,,Spadina-Fort York (10),51 Division,St Lawrence-East Bayfront-The Islands,false,false,false,false,false,true,false,false,true,false,"{""coordinates"": [[-79.36980886314488, 43.645555790489425]], ""type"": ""MultiPoint""}"
16238,2019:9002484268,2019-12-25T21:18:00,LAKE SHORE BLVD E,LOWER JARVIS ST,,8,Non-Fatal Injury,At Intersection,Traffic Signal,Turning Movement,Clear,Dark with Artificial Lighting,Dry,Major Arterial,false,-79.36980886314488,43.645555790489425,1,Automobile or Station Wagon,East,8,20,Minimal,Lap and Shoulder Belt,Improper turn,Normal,,,Turning Left,,,,,driver,,Spadina-Fort York (10),51 Division,St Lawrence-East Bayfront-The Islands,false,false,false,false,false,true,false,false,true,false,"{""coordinates"": [[-79.36980886314488, 43.645555790489425]], ""type"": ""MultiPoint""}"
16239,2019:9002484268,2019-12-25T21:18:00,LAKE SHORE BLVD E,LOWER JARVIS ST,,8,Non-Fatal Injury,At Intersection,Traffic Signal,Turning Movement,Clear,Dark with Artificial Lighting,Dry,Major Arterial,false,-79.36980886314488,43.645555790489425,3,,,4,34,Minimal,Lap and Shoulder Belt,,,,,,,,,,passenger,,Spadina-Fort York (10),51 Division,St Lawrence-East Bayfront-The Islands,false,false,false,false,false,true,false,false,true,false,"{""coordinates"": [[-79.36980886314488, 43.645555790489425]], ""type"": ""MultiPoint""}"
16240,2019:9002484268,2019-12-25T21:18:00,LAKE SHORE BLVD E,LOWER JARVIS ST,,8,Non-Fatal Injury,At Intersection,Traffic Signal,Turning Movement,Clear,Dark with Artificial Lighting,Dry,Major Arterial,false,-79.36980886314488,43.645555790489425,3,,,7,0,Minimal,Child Safety Seat Used Correctly,,,,,,,,,,passenger,,Spadina-Fort York (10),51 Division,St Lawrence-East Bayfront-The Islands,false,false,false,false,false,true,false,false,true,false,"{""coordinates"": [[-79.36980886314488, 43.645555790489425]], ""type"": ""MultiPoint""}"
16241,2019:9002484268,2019-12-25T21:18:00,LAKE SHORE BLVD E,LOWER JARVIS ST,,8,Non-Fatal Injury,At Intersection,Traffic Signal,Turning Movement,Clear,Dark with Artificial Lighting,Dry,Major Arterial,false,-79.36980886314488,43.645555790489425,1,,,2,26,Minor,Lap and Shoulder Belt,,,,,,,,,,passenger,,Spadina-Fort York (10),51 Division,St Lawrence-East Bayfront-The Islands,false,false,false,false,false,true,false,false,true,false,"{""coordinates"": [[-79.36980886314488, 43.645555790489425]], ""type"": ""MultiPoint""}"
16242,2019:9002496688,2019-12-27T23:24:00,2901 JANE ST,,3 m East of,2,Non-Fatal Injury,Non-Intersection,No Control,Pedestrian Collision(internal code),Clear,Dark with Artificial Lighting,Dry,Major Arterial,false,-79.51665190026367,43.75324103991782,1,Automobile or Station Wagon,North,1,20,None,Use Unknown,Driving properly,Normal,,,Going Ahead,,,,,driver,,Humber River-Black Creek (7),31 Division,Glenfield-Jane Heights,false,true,false,false,false,false,true,false,true,false,"{""coordinates"": [[-79.51665190026367, 43.75324103991782]], ""type"": ""MultiPoint""}"
16243,2019:9002496688,2019-12-27T23:24:00,2901 JANE ST,,3 m East of,2,Non-Fatal Injury,Non-Intersection,No Control,Pedestrian Collision(internal code),Clear,Dark with Artificial Lighting,Dry,Major Arterial,false,-79.51665190026367,43.75324103991782,1,,West,2,14,Major,Lap and Shoulder Belt,,,Crossing - no traffic control,Inattentive,,Driver hits pedestrian at midblock,,,,pedestrian,,Humber River-Black Creek (7),31 Division,Glenfield-Jane Heights,false,true,false,false,false,false,true,false,true,false,"{""coordinates"": [[-79.51665190026367, 43.75324103991782]], ""type"": ""MultiPoint""}"
16244,2019:9002497348,2019-12-28T02:15:00,O CONNOR DR,DONLANDS AVE,100 m East of,2,Non-Fatal Injury,At Intersection,Traffic Signal,Pedestrian Collision(internal code),Clear,Dark with Artificial Lighting,Dry,Major Arterial,false,-79.343075342395,43.69465089807043,1,Delivery Van,South,1,,None,Use Unknown,Driving properly,Unknown,,,Turning Left,,,,,driver,,Toronto-Danforth (14),55 Division,Old East York,false,false,false,false,false,false,true,false,false,true,"{""coordinates"": [[-79.343075342395, 43.69465089807043]], ""type"": ""MultiPoint""}"
16245,2019:9002497348,2019-12-28T02:15:00,O CONNOR DR,DONLANDS AVE,100 m East of,2,Non-Fatal Injury,At Intersection,Traffic Signal,Pedestrian Collision(internal code),Clear,Dark with Artificial Lighting,Dry,Major Arterial,false,-79.343075342395,43.69465089807043,1,,Unknown,2,22,Major,No Equipment Available,,,Other,Unknown,,Other,,,,pedestrian,,Toronto-Danforth (14),55 Division,Old East York,false,false,false,false,false,false,true,false,false,true,"{""coordinates"": [[-79.343075342395, 43.69465089807043]], ""type"": ""MultiPoint""}"
16246,2019:9002500056,2019-12-28T14:39:00,1325 ST CLAIR AVE W,,,2,Non-Fatal Injury,Non-Intersection,No Control,Pedestrian Collision(internal code),Clear,Daylight,Dry,Major Arterial,false,-79.44898682251326,43.67657701525871,1,Automobile or Station Wagon,West,1,42,None,Lap and Shoulder Belt,Other,Normal,,,Reversing,,,,,driver,,Davenport (9),13 Division,Corso Italia-Davenport,false,false,false,false,false,true,true,false,false,false,"{""coordinates"": [[-79.44898682251326, 43.67657701525871]], ""type"": ""MultiPoint""}"
16247,2019:9002500056,2019-12-28T14:39:00,1325 ST CLAIR AVE W,,,2,Non-Fatal Injury,Non-Intersection,No Control,Pedestrian Collision(internal code),Clear,Daylight,Dry,Major Arterial,false,-79.44898682251326,43.67657701525871,1,,Unknown,2,82,Major,Use Unknown,,,Other,Normal,,Driver reversing hits pedestrian,,,,pedestrian,,Davenport (9),13 Division,Corso Italia-Davenport,false,false,false,false,false,true,true,false,false,false,"{""coordinates"": [[-79.44898682251326, 43.67657701525871]], ""type"": ""MultiPoint""}"
16248,2019:9002500260,2019-12-28T15:14:00,GERRARD ST W,BAY ST,,3,Non-Fatal Injury,At Intersection,Traffic Signal,Pedestrian Collision(internal code),Clear,Daylight,Dry,Major Arterial,false,-79.38485403903083,43.65843804274117,1,Automobile or Station Wagon,South,1,50,None,Lap and Shoulder Belt,Disobeyed traffic control,Inattentive,,,Going Ahead,,,,,driver,,University-Rosedale (11),52 Division,Yonge-Bay Corridor,true,true,false,false,false,false,true,true,false,false,"{""coordinates"": [[-79.38485403903083, 43.65843804274117]], ""type"": ""MultiPoint""}"