_id,collision_id,accdate,stname1,stname2,stname3,per_inv,acclass,accloc,traffictl,impactype,visible,light,rdsfcond,road_class,failtorem,longitude,latitude,veh_no,vehtype,initdir,per_no,invage,injury,safequip,drivact,drivcond,pedact,pedcond,manoeuvre,pedtype,cyclistype,cycact,cyccond,road_user,fatal_no,wardname,division,neighbourhood,aggressive,distracted,cyclist,motorcyclist,other_micromobility,older_adult,pedestrian,red_light,school_child,heavy_truck,geometry
16395,2020:0000500879,2020-03-10T06:32:00,ST CLAIR AVE W,CHRISTIE ST,,2,Non-Fatal Injury,At Intersection,Traffic Signal,Pedestrian Collision(internal code),Rain,Dark with Artificial Lighting,Wet,Major Arterial,false,-79.42567896998504,43.68163908372332,1,Automobile or Station Wagon,West,1,44,None,Lap and Shoulder Belt,Driving properly,Normal,,,Going Ahead,,,,,driver,,Toronto-St. Paul's (12),13 Division,Wychwood,false,true,false,false,false,false,true,false,false,false,"{""coordinates"": [[-79.42567896998504, 43.68163908372332]], ""type"": ""MultiPoint""}"
16396,2020:0000500879,2020-03-10T06:32:00,ST CLAIR AVE W,CHRISTIE ST,,2,Non-Fatal Injury,At Intersection,Traffic Signal,Pedestrian Collision(internal code),Rain,Dark with Artificial Lighting,Wet,Major Arterial,false,-79.42567896998504,43.68163908372332,1,,North,2,22,Major,No Equipment Available,,,Crossing without right-of-way (intersection),Inattentive,,Driver going straight hits pedestrian crossing without right-of-way (at intersection),,,,pedestrian,,Toronto-St. Paul's (12),13 Division,Wychwood,false,true,false,false,false,false,true,false,false,false,"{""coordinates"": [[-79.42567896998504, 43.68163908372332]], ""type"": ""MultiPoint""}"
16397,2020:0000500922,2020-03-10T06:44:00,FRONT ST E,PARLIAMENT ST,7 m West of,2,Non-Fatal Injury,At Intersection,Traffic Signal,Pedestrian Collision(internal code),Rain,Dark,Wet,Minor Arterial,false,-79.36269824471266,43.65149526244038,1,,East,2,25,Major,No Equipment Available,,,Crossing with right-of-way (intersection),Normal,,Driver turns left into pedestrian crossing with right-of-way (at intersection),,,,pedestrian,,Toronto Centre (13),51 Division,St Lawrence-East Bayfront-The Islands,true,false,false,false,false,false,true,false,false,false,"{""coordinates"": [[-79.36269824471266, 43.65149526244038]], ""type"": ""MultiPoint""}"
16398,2020:0000500922,2020-03-10T06:44:00,FRONT ST E,PARLIAMENT ST,7 m West of,2,Non-Fatal Injury,At Intersection,Traffic Signal,Pedestrian Collision(internal code),Rain,Dark,Wet,Minor Arterial,false,-79.36269824471266,43.65149526244038,1,Automobile or Station Wagon,West,1,35,None,Lap and Shoulder Belt,Failed to yield right-of-way,Normal,,,Turning Left,,,,,driver,,Toronto Centre (13),51 Division,St Lawrence-East Bayfront-The Islands,true,false,false,false,false,false,true,false,false,false,"{""coordinates"": [[-79.36269824471266, 43.65149526244038]], ""type"": ""MultiPoint""}"
16399,2020:0000522896,2020-03-13T00:27:00,QUEEN ST E,BROADVIEW AVE,,3,Non-Fatal Injury,At Intersection,Traffic Signal,Pedestrian Collision(internal code),Clear,Dark with Artificial Lighting,Dry,Major Arterial,false,-79.3498121616594,43.658804202328184,1,,North,3,28,Major,Use Unknown,,,Crossing without right-of-way (intersection),Normal,,Driver turns left into pedestrian crossing without right-of-way (at intersection),,,,pedestrian,,Toronto-Danforth (14),55 Division,South Riverdale,true,false,false,false,false,false,true,false,false,false,"{""coordinates"": [[-79.3498121616594, 43.658804202328184]], ""type"": ""MultiPoint""}"
16400,2020:0000522896,2020-03-13T00:27:00,QUEEN ST E,BROADVIEW AVE,,3,Non-Fatal Injury,At Intersection,Traffic Signal,Pedestrian Collision(internal code),Clear,Dark with Artificial Lighting,Dry,Major Arterial,false,-79.3498121616594,43.658804202328184,1,Automobile or Station Wagon,North,1,59,None,Lap and Shoulder Belt,Failed to yield right-of-way,Ability Impaired - Alcohol Over .08,,,Turning Left,,,,,driver,,Toronto-Danforth (14),55 Division,South Riverdale,true,false,false,false,false,false,true,false,false,false,"{""coordinates"": [[-79.3498121616594, 43.658804202328184]], ""type"": ""MultiPoint""}"
16401,2020:0000522896,2020-03-13T00:27:00,QUEEN ST E,BROADVIEW AVE,,3,Non-Fatal Injury,At Intersection,Traffic Signal,Pedestrian Collision(internal code),Clear,Dark with Artificial Lighting,Dry,Major Arterial,false,-79.3498121616594,43.658804202328184,1,,North,2,22,Minimal,Use Unknown,,,Crossing without right-of-way (intersection),Normal,,Driver turns left into pedestrian crossing without right-of-way (at intersection),,,,pedestrian,,Toronto-Danforth (14),55 Division,South Riverdale,true,false,false,false,false,false,true,false,false,false,"{""coordinates"": [[-79.3498121616594, 43.658804202328184]], ""type"": ""MultiPoint""}"
16402,2020:0000540779,2020-03-15T15:23:00,BRIMLEY RD,KINGSTON RD,,3,Non-Fatal Injury,At Intersection,Traffic Signal,Turning Movement,Clear,Daylight,Dry,Major Arterial,false,-79.24033007338313,43.71815311107822,2,Automobile or Station Wagon,South,2,23,None,Lap and Shoulder Belt,Driving properly,Normal,,,Going Ahead,,,,,driver,,Scarborough Southwest (20),43 Division,Cliffcrest,false,false,true,false,false,false,false,false,false,false,"{""coordinates"": [[-79.24033007338313, 43.71815311107822]], ""type"": ""MultiPoint""}"
16403,2020:0000540779,2020-03-15T15:23:00,BRIMLEY RD,KINGSTON RD,,3,Non-Fatal Injury,At Intersection,Traffic Signal,Turning Movement,Clear,Daylight,Dry,Major Arterial,false,-79.24033007338313,43.71815311107822,2,,,3,21,None,Lap and Shoulder Belt,,,,,,,,,,passenger,,Scarborough Southwest (20),43 Division,Cliffcrest,false,false,true,false,false,false,false,false,false,false,"{""coordinates"": [[-79.24033007338313, 43.71815311107822]], ""type"": ""MultiPoint""}"
16404,2020:0000540779,2020-03-15T15:23:00,BRIMLEY RD,KINGSTON RD,,3,Non-Fatal Injury,At Intersection,Traffic Signal,Turning Movement,Clear,Daylight,Dry,Major Arterial,false,-79.24033007338313,43.71815311107822,1,Bicycle,North,1,50,Major,Helmet,,,,,Turning Left,,Cyclist turns left into path of driver,Failed to Yield Right of Way,Unknown,cyclist,,Scarborough Southwest (20),43 Division,Cliffcrest,false,false,true,false,false,false,false,false,false,false,"{""coordinates"": [[-79.24033007338313, 43.71815311107822]], ""type"": ""MultiPoint""}"
16405,2020:0000562879,2020-03-18T21:05:00,KINGSTON RD,BEECHGROVE DR,10 m South of,3,Non-Fatal Injury,Intersection-Related,Traffic Signal,Pedestrian Collision(internal code),Rain,Dark,Wet,Major Arterial,true,-79.17352694691868,43.776422553624585,1,Automobile or Station Wagon,North,1,,None,Use Unknown,Other,Unknown,,,Going Ahead,,,,,driver,,Scarborough-Rouge Park (25),43 Division,West Hill,false,true,false,false,false,false,true,false,false,false,"{""coordinates"": [[-79.17352694691868, 43.776422553624585]], ""type"": ""MultiPoint""}"
16406,2020:0000562879,2020-03-18T21:05:00,KINGSTON RD,BEECHGROVE DR,10 m South of,3,Non-Fatal Injury,Intersection-Related,Traffic Signal,Pedestrian Collision(internal code),Rain,Dark,Wet,Major Arterial,true,-79.17352694691868,43.776422553624585,1,,,3,21,None,Use Unknown,,,,,,,,,,passenger,,Scarborough-Rouge Park (25),43 Division,West Hill,false,true,false,false,false,false,true,false,false,false,"{""coordinates"": [[-79.17352694691868, 43.776422553624585]], ""type"": ""MultiPoint""}"
16407,2020:0000562879,2020-03-18T21:05:00,KINGSTON RD,BEECHGROVE DR,10 m South of,3,Non-Fatal Injury,Intersection-Related,Traffic Signal,Pedestrian Collision(internal code),Rain,Dark,Wet,Major Arterial,true,-79.17352694691868,43.776422553624585,1,,West,2,58,Major,Use Unknown,,,Crossing without right-of-way (intersection),Inattentive,,Driver going straight hits pedestrian crossing without right-of-way (at intersection),,,,pedestrian,,Scarborough-Rouge Park (25),43 Division,West Hill,false,true,false,false,false,false,true,false,false,false,"{""coordinates"": [[-79.17352694691868, 43.776422553624585]], ""type"": ""MultiPoint""}"
16408,2020:0000565895,2020-03-19T12:20:00,MCCOWAN RD,MILNER AVE,6 m South of,5,Non-Fatal Injury,At Intersection,Traffic Signal,Sideswipe,Clear,Daylight,Dry,Major Arterial,false,-79.25643568466677,43.78530706842572,2,Automobile or Station Wagon,North,2,58,None,Lap and Shoulder Belt,Driving properly,Normal,,,Stopped,,,,,driver,,Scarborough North (23),42 Division,Agincourt South-Malvern West,false,false,false,false,false,false,false,false,false,true,"{""coordinates"": [[-79.25643568466677, 43.78530706842572]], ""type"": ""MultiPoint""}"
16409,2020:0000565895,2020-03-19T12:20:00,MCCOWAN RD,MILNER AVE,6 m South of,5,Non-Fatal Injury,At Intersection,Traffic Signal,Sideswipe,Clear,Daylight,Dry,Major Arterial,false,-79.25643568466677,43.78530706842572,3,,,5,51,Minor,Lap and Shoulder Belt,,,,,,,,,,passenger,,Scarborough North (23),42 Division,Agincourt South-Malvern West,false,false,false,false,false,false,false,false,false,true,"{""coordinates"": [[-79.25643568466677, 43.78530706842572]], ""type"": ""MultiPoint""}"
16410,2020:0000565895,2020-03-19T12:20:00,MCCOWAN RD,MILNER AVE,6 m South of,5,Non-Fatal Injury,At Intersection,Traffic Signal,Sideswipe,Clear,Daylight,Dry,Major Arterial,false,-79.25643568466677,43.78530706842572,4,Truck - Closed,North,4,45,None,Lap and Shoulder Belt,Driving properly,Normal,,,Stopped,,,,,driver,,Scarborough North (23),42 Division,Agincourt South-Malvern West,false,false,false,false,false,false,false,false,false,true,"{""coordinates"": [[-79.25643568466677, 43.78530706842572]], ""type"": ""MultiPoint""}"
16411,2020:0000565895,2020-03-19T12:20:00,MCCOWAN RD,MILNER AVE,6 m South of,5,Non-Fatal Injury,At Intersection,Traffic Signal,Sideswipe,Clear,Daylight,Dry,Major Arterial,false,-79.25643568466677,43.78530706842572,1,Automobile or Station Wagon,North,1,46,Major,Lap and Shoulder Belt,Lost control,Normal,,,Stopped,,,,,driver,,Scarborough North (23),42 Division,Agincourt South-Malvern West,false,false,false,false,false,false,false,false,false,true,"{""coordinates"": [[-79.25643568466677, 43.78530706842572]], ""type"": ""MultiPoint""}"
16412,2020:0000565895,2020-03-19T12:20:00,MCCOWAN RD,MILNER AVE,6 m South of,5,Non-Fatal Injury,At Intersection,Traffic Signal,Sideswipe,Clear,Daylight,Dry,Major Arterial,false,-79.25643568466677,43.78530706842572,3,Automobile or Station Wagon,North,3,44,Minor,Lap and Shoulder Belt,Driving properly,Normal,,,Stopped,,,,,driver,,Scarborough North (23),42 Division,Agincourt South-Malvern West,false,false,false,false,false,false,false,false,false,true,"{""coordinates"": [[-79.25643568466677, 43.78530706842572]], ""type"": ""MultiPoint""}"
16413,2020:0000568837,2020-03-19T21:10:00,YONGE ST,CUMMER AVE,2 m East of,2,Non-Fatal Injury,At Intersection,Traffic Signal,Pedestrian Collision(internal code),Rain,Dark with Artificial Lighting,Wet,Major Arterial,false,-79.41730935664485,43.78699717074976,1,,North,2,72,Major,Use Unknown,,,Crossing with right-of-way (intersection),Normal,,Driver turns left into pedestrian crossing with right-of-way (at intersection),,,,pedestrian,,Willowdale (18),32 Division,Newtonbrook East,true,true,false,false,false,true,true,false,false,false,"{""coordinates"": [[-79.41730935664485, 43.78699717074976]], ""type"": ""MultiPoint""}"
16414,2020:0000568837,2020-03-19T21:10:00,YONGE ST,CUMMER AVE,2 m East of,2,Non-Fatal Injury,At Intersection,Traffic Signal,Pedestrian Collision(internal code),Rain,Dark with Artificial Lighting,Wet,Major Arterial,false,-79.41730935664485,43.78699717074976,1,Automobile or Station Wagon,South,1,21,None,Lap and Shoulder Belt,Failed to yield right-of-way,Inattentive,,,Turning Left,,,,,driver,,Willowdale (18),32 Division,Newtonbrook East,true,true,false,false,false,true,true,false,false,false,"{""coordinates"": [[-79.41730935664485, 43.78699717074976]], ""type"": ""MultiPoint""}"
16415,2020:0000568853,2020-03-19T21:16:00,BROADVIEW AVE,MONTCREST BLVD,,2,Non-Fatal Injury,At Intersection,Stop Sign,Turning Movement,Rain,Dark with Artificial Lighting,Wet,Minor Arterial,false,-79.3560606269641,43.673162729683874,1,Automobile or Station Wagon,North,1,27,Major,Use Unknown,Improper turn,Unknown,,,Turning Left,,,,,driver,,Toronto-Danforth (14),55 Division,North Riverdale,false,false,false,false,false,false,false,false,false,false,"{""coordinates"": [[-79.3560606269641, 43.673162729683874]], ""type"": ""MultiPoint""}"
16416,2020:0000568853,2020-03-19T21:16:00,BROADVIEW AVE,MONTCREST BLVD,,2,Non-Fatal Injury,At Intersection,Stop Sign,Turning Movement,Rain,Dark with Artificial Lighting,Wet,Minor Arterial,false,-79.3560606269641,43.673162729683874,2,Automobile or Station Wagon,North,2,25,Minimal,Use Unknown,Driving properly,Normal,,,Going Ahead,,,,,driver,,Toronto-Danforth (14),55 Division,North Riverdale,false,false,false,false,false,false,false,false,false,false,"{""coordinates"": [[-79.3560606269641, 43.673162729683874]], ""type"": ""MultiPoint""}"
16417,2020:0000598639,2020-03-25T05:24:00,O CONNOR DR,SUNRISE AVE,,2,Non-Fatal Injury,Intersection-Related,Traffic Signal,Pedestrian Collision(internal code),Clear,Daylight,Dry,Major Arterial,false,-79.30443235637327,43.71883220985835,1,,West,2,57,Major,Use Unknown,,,Crossing without right-of-way (intersection),Normal,,Driver going straight hits pedestrian crossing without right-of-way (at intersection),,,,pedestrian,,Beaches-East York (19),55 Division,Victoria Village,false,false,false,false,false,false,true,false,false,false,"{""coordinates"": [[-79.30443235637327, 43.71883220985835]], ""type"": ""MultiPoint""}"
16418,2020:0000598639,2020-03-25T05:24:00,O CONNOR DR,SUNRISE AVE,,2,Non-Fatal Injury,Intersection-Related,Traffic Signal,Pedestrian Collision(internal code),Clear,Daylight,Dry,Major Arterial,false,-79.30443235637327,43.71883220985835,1,Automobile or Station Wagon,South,1,60,None,Lap and Shoulder Belt,Driving properly,Normal,,,Going Ahead,,,,,driver,,Beaches-East York (19),55 Division,Victoria Village,false,false,false,false,false,false,true,false,false,false,"{""coordinates"": [[-79.30443235637327, 43.71883220985835]], ""type"": ""MultiPoint""}"
16419,2020:0000602902,2020-03-25T20:32:00,KELVIN GROVE AVE,STEELES AVE E,,2,Non-Fatal Injury,At Intersection,Traffic Signal,Pedestrian Collision(internal code),Clear,Dark with Artificial Lighting,Dry,Major Arterial,false,-79.31222187379433,43.82240125316386,1,Automobile or Station Wagon,North,1,44,None,Lap and Shoulder Belt,Failed to yield right-of-way,Inattentive,,,Turning Left,,,,,driver,,Scarborough-Agincourt (22),42 Division,Steeles,true,true,false,false,false,false,true,false,false,false,"{""coordinates"": [[-79.31222187379433, 43.82240125316386]], ""type"": ""MultiPoint""}"
16420,2020:0000602902,2020-03-25T20:32:00,KELVIN GROVE AVE,STEELES AVE E,,2,Non-Fatal Injury,At Intersection,Traffic Signal,Pedestrian Collision(internal code),Clear,Dark with Artificial Lighting,Dry,Major Arterial,false,-79.31222187379433,43.82240125316386,1,,South,2,51,Major,Use Unknown,,,Crossing with right-of-way (intersection),Normal,,Driver turns left into pedestrian crossing with right-of-way (at intersection),,,,pedestrian,,Scarborough-Agincourt (22),42 Division,Steeles,true,true,false,false,false,false,true,false,false,false,"{""coordinates"": [[-79.31222187379433, 43.82240125316386]], ""type"": ""MultiPoint""}"
16421,2020:0000608251,2020-03-26T18:45:00,LASCELLES BLVD,FROBISHER AVE,,1,Non-Fatal Injury,At Intersection,Stop Sign,SMV Other,Clear,Dark with Artificial Lighting,Dry,Local,false,-79.40011279774005,43.69647058683,1,Automobile or Station Wagon,North,1,36,Major,Air Bag Deployed,Lost control,Medical or Physical Disability,,,Turning Left,,,,,driver,,Toronto-St. Paul's (12),53 Division,Yonge-Eglinton,false,false,false,false,false,false,false,false,false,false,"{""coordinates"": [[-79.40011279774005, 43.69647058683]], ""type"": ""MultiPoint""}"
16422,2020:0000623949,2020-03-29T15:35:00,MARINE PARADE DR,SHORE BREEZE DR,47 m East of,2,Non-Fatal Injury,Non-Intersection,No Control,Cyclist Collision,Clear,Daylight,Dry,Collector,false,-79.47794052341193,43.623796928323735,2,Bicycle,East,2,54,Major,Helmet,,,,,Going Ahead,,Sideswipe with cyclist and driver travelling in same direction,Driving Properly,Normal,cyclist,,Etobicoke-Lakeshore (3),22 Division,Humber Bay Shores,false,true,true,false,false,false,false,false,false,false,"{""coordinates"": [[-79.47794052341193, 43.623796928323735]], ""type"": ""MultiPoint""}"
16423,2020:0000623949,2020-03-29T15:35:00,MARINE PARADE DR,SHORE BREEZE DR,47 m East of,2,Non-Fatal Injury,Non-Intersection,No Control,Cyclist Collision,Clear,Daylight,Dry,Collector,false,-79.47794052341193,43.623796928323735,1,Automobile or Station Wagon,East,1,29,None,Lap and Shoulder Belt,Improper turn,Inattentive,,,Making U-Turn,,,,,driver,,Etobicoke-Lakeshore (3),22 Division,Humber Bay Shores,false,true,true,false,false,false,false,false,false,false,"{""coordinates"": [[-79.47794052341193, 43.623796928323735]], ""type"": ""MultiPoint""}"
16424,2020:0000627897,2020-03-30T09:45:00,KEELE ST,LAWRENCE AVE W,,3,Non-Fatal Injury,At Intersection,Traffic Signal,Pedestrian Collision(internal code),Rain,Daylight,Wet,Major Arterial,false,-79.47802429579424,43.70858616705522,1,,Unknown,3,42,Major,No Equipment Available,,,On sidewalk or shoulder,Normal,,Driver hits pedestrian on sidewalk or shoulder,,,,pedestrian,,York South-Weston (5),12 Division,Brookhaven-Amesbury,true,false,false,false,false,false,true,false,false,true,"{""coordinates"": [[-79.47802429579424, 43.70858616705522]], ""type"": ""MultiPoint""}"
16425,2020:0000627897,2020-03-30T09:45:00,KEELE ST,LAWRENCE AVE W,,3,Non-Fatal Injury,At Intersection,Traffic Signal,Pedestrian Collision(internal code),Rain,Daylight,Wet,Major Arterial,false,-79.47802429579424,43.70858616705522,1,Truck - Dump,South,1,44,None,Lap and Shoulder Belt,Speed too fast for conditions,Normal,,,Going Ahead,,,,,driver,,York South-Weston (5),12 Division,Brookhaven-Amesbury,true,false,false,false,false,false,true,false,false,true,"{""coordinates"": [[-79.47802429579424, 43.70858616705522]], ""type"": ""MultiPoint""}"
16426,2020:0000627897,2020-03-30T09:45:00,KEELE ST,LAWRENCE AVE W,,3,Non-Fatal Injury,At Intersection,Traffic Signal,Pedestrian Collision(internal code),Rain,Daylight,Wet,Major Arterial,false,-79.47802429579424,43.70858616705522,2,Automobile or Station Wagon,North,2,59,None,Use Unknown,Failed to yield right-of-way,Normal,,,Turning Left,,,,,driver,,York South-Weston (5),12 Division,Brookhaven-Amesbury,true,false,false,false,false,false,true,false,false,true,"{""coordinates"": [[-79.47802429579424, 43.70858616705522]], ""type"": ""MultiPoint""}"
16427,2020:0000656670,2020-04-03T23:10:00,STEELES AVE W,ISLINGTON AVE,,4,Fatal Injury,Non-Intersection,No Control,Turning Movement,Clear,Dark with Artificial Lighting,Wet,Major Arterial,false,-79.579899648106,43.76220183025058,1,Automobile or Station Wagon,West,1,28,Fatal,,Improper turn,Unknown,,,Making U-Turn,,,,,driver,7,Etobicoke North (1),23 Division,Mount Olive-Silverstone-Jamestown,false,false,false,false,false,false,false,false,false,false,"{""coordinates"": [[-79.579899648106, 43.76220183025058]], ""type"": ""MultiPoint""}"
16428,2020:0000656670,2020-04-03T23:10:00,STEELES AVE W,ISLINGTON AVE,,4,Fatal Injury,Non-Intersection,No Control,Turning Movement,Clear,Dark with Artificial Lighting,Wet,Major Arterial,false,-79.579899648106,43.76220183025058,2,Automobile or Station Wagon,East,2,53,Minor,,Driving properly,Normal,,,Going Ahead,,,,,driver,,Etobicoke North (1),23 Division,Mount Olive-Silverstone-Jamestown,false,false,false,false,false,false,false,false,false,false,"{""coordinates"": [[-79.579899648106, 43.76220183025058]], ""type"": ""MultiPoint""}"
16429,2020:0000656670,2020-04-03T23:10:00,STEELES AVE W,ISLINGTON AVE,,4,Fatal Injury,Non-Intersection,No Control,Turning Movement,Clear,Dark with Artificial Lighting,Wet,Major Arterial,false,-79.579899648106,43.76220183025058,3,Automobile or Station Wagon,East,4,35,Minor,,Driving properly,Normal,,,Going Ahead,,,,,driver,,Etobicoke North (1),23 Division,Mount Olive-Silverstone-Jamestown,false,false,false,false,false,false,false,false,false,false,"{""coordinates"": [[-79.579899648106, 43.76220183025058]], ""type"": ""MultiPoint""}"
16430,2020:0000656670,2020-04-03T23:10:00,STEELES AVE W,ISLINGTON AVE,,4,Fatal Injury,Non-Intersection,No Control,Turning Movement,Clear,Dark with Artificial Lighting,Wet,Major Arterial,false,-79.579899648106,43.76220183025058,2,,,3,50,Major,,,,,,,,,,,passenger,,Etobicoke North (1),23 Division,Mount Olive-Silverstone-Jamestown,false,false,false,false,false,false,false,false,false,false,"{""coordinates"": [[-79.579899648106, 43.76220183025058]], ""type"": ""MultiPoint""}"
16431,2020:0000657926,2020-04-04T07:15:00,HINTON RD,HAREFIELD DR,,2,Non-Fatal Injury,At Intersection,No Control,Cyclist Collision,Clear,Daylight,Dry,Local,true,-79.56952371868083,43.726561120054335,1,Automobile or Station Wagon,East,1,29,None,Use Unknown,Lost control,Inattentive,,,Going Ahead,,,,,driver,,Etobicoke North (1),23 Division,Rexdale-Kipling,false,true,true,false,false,false,false,false,false,false,"{""coordinates"": [[-79.56952371868083, 43.726561120054335]], ""type"": ""MultiPoint""}"
16432,2020:0000657926,2020-04-04T07:15:00,HINTON RD,HAREFIELD DR,,2,Non-Fatal Injury,At Intersection,No Control,Cyclist Collision,Clear,Daylight,Dry,Local,true,-79.56952371868083,43.726561120054335,2,Bicycle,East,2,57,Major,Helmet,,,,,Going Ahead,,Rear end with cyclist and driver travelling in same direction,Other,Normal,cyclist,,Etobicoke North (1),23 Division,Rexdale-Kipling,false,true,true,false,false,false,false,false,false,false,"{""coordinates"": [[-79.56952371868083, 43.726561120054335]], ""type"": ""MultiPoint""}"
16433,2020:0000658260,2020-04-04T09:17:00,KEELE ST,SHEPPARD AVE W,,3,Non-Fatal Injury,At Intersection,Traffic Signal,Angle,Clear,Daylight,Dry,Major Arterial,false,-79.48640895029743,43.744703715366335,1,Automobile or Station Wagon,South,1,23,Major,Lap and Shoulder Belt,Disobeyed traffic control,Unknown,,,Going Ahead,,,,,driver,,York Centre (6),31 Division,Downsview,true,false,false,false,false,false,false,true,false,true,"{""coordinates"": [[-79.48640895029743, 43.744703715366335]], ""type"": ""MultiPoint""}"
16434,2020:0000658260,2020-04-04T09:17:00,KEELE ST,SHEPPARD AVE W,,3,Non-Fatal Injury,At Intersection,Traffic Signal,Angle,Clear,Daylight,Dry,Major Arterial,false,-79.48640895029743,43.744703715366335,1,Automobile or Station Wagon,,3,24,Major,Lap and Shoulder Belt,,,,,,,,,,passenger,,York Centre (6),31 Division,Downsview,true,false,false,false,false,false,false,true,false,true,"{""coordinates"": [[-79.48640895029743, 43.744703715366335]], ""type"": ""MultiPoint""}"
16435,2020:0000658260,2020-04-04T09:17:00,KEELE ST,SHEPPARD AVE W,,3,Non-Fatal Injury,At Intersection,Traffic Signal,Angle,Clear,Daylight,Dry,Major Arterial,false,-79.48640895029743,43.744703715366335,2,Municipal Transit Bus (TTC),West,2,57,Minimal,Lap and Shoulder Belt,Driving properly,Normal,,,Going Ahead,,,,,driver,,York Centre (6),31 Division,Downsview,true,false,false,false,false,false,false,true,false,true,"{""coordinates"": [[-79.48640895029743, 43.744703715366335]], ""type"": ""MultiPoint""}"
16436,2020:0000780152,2020-04-23T10:30:00,KEELE ST,WILSON AVE,,2,Non-Fatal Injury,At Intersection,Traffic Signal,Pedestrian Collision(internal code),Clear,Daylight,Dry,Major Arterial,false,-79.48202970285949,43.726568647227424,1,Automobile or Station Wagon,South,1,63,None,Lap and Shoulder Belt,Failed to yield right-of-way,Inattentive,,,Turning Right,,,,,driver,,York Centre (6),31 Division,Downsview,true,true,false,false,false,false,true,false,false,false,"{""coordinates"": [[-79.48202970285949, 43.726568647227424]], ""type"": ""MultiPoint""}"
16437,2020:0000780152,2020-04-23T10:30:00,KEELE ST,WILSON AVE,,2,Non-Fatal Injury,At Intersection,Traffic Signal,Pedestrian Collision(internal code),Clear,Daylight,Dry,Major Arterial,false,-79.48202970285949,43.726568647227424,1,,East,2,62,Major,Use Unknown,,,Crossing with right-of-way (intersection),Normal,,Driver turns right into pedestrian crossing with right-of-way (at intersection),,,,pedestrian,,York Centre (6),31 Division,Downsview,true,true,false,false,false,false,true,false,false,false,"{""coordinates"": [[-79.48202970285949, 43.726568647227424]], ""type"": ""MultiPoint""}"
16438,2020:0000772626,2020-04-23T13:23:00,YONGE ST,BELSIZE DR,2 m South of,2,Non-Fatal Injury,Intersection-Related,Traffic Signal,Rear End,Clear,Daylight,Dry,Major Arterial,false,-79.39699999327142,43.70022424369861,2,Motorcycle,South,2,60,Major,Helmet,Driving properly,Normal,,,Slowing or Stopping,,,,,motorcyclist,,Toronto-St. Paul's (12),53 Division,South Eglinton-Davisville,true,false,false,true,false,true,false,false,false,false,"{""coordinates"": [[-79.39699999327142, 43.70022424369861]], ""type"": ""MultiPoint""}"
16439,2020:0000772626,2020-04-23T13:23:00,YONGE ST,BELSIZE DR,2 m South of,2,Non-Fatal Injury,Intersection-Related,Traffic Signal,Rear End,Clear,Daylight,Dry,Major Arterial,false,-79.39699999327142,43.70022424369861,1,Passenger Van,South,1,77,None,Other Safety Equipment Used,Following too closely,Medical or Physical Disability,,,Going Ahead,,,,,driver,,Toronto-St. Paul's (12),53 Division,South Eglinton-Davisville,true,false,false,true,false,true,false,false,false,false,"{""coordinates"": [[-79.39699999327142, 43.70022424369861]], ""type"": ""MultiPoint""}"
16440,2020:0000778481,2020-04-24T13:45:00,347 MORNINGSIDE AVE,,1 m East of,2,Non-Fatal Injury,At/Near Private Drive,No Control,Turning Movement,Clear,Daylight,Dry,Major Arterial,false,-79.18922063313126,43.77593428776649,2,Automobile or Station Wagon,North,2,19,None,Lap and Shoulder Belt,Driving properly,Normal,,,Turning Right,,,,,driver,,Scarborough-Rouge Park (25),43 Division,West Hill,false,true,true,false,false,false,false,false,true,false,"{""coordinates"": [[-79.18922063313126, 43.77593428776649]], ""type"": ""MultiPoint""}"
16441,2020:0000778481,2020-04-24T13:45:00,347 MORNINGSIDE AVE,,1 m East of,2,Non-Fatal Injury,At/Near Private Drive,No Control,Turning Movement,Clear,Daylight,Dry,Major Arterial,false,-79.18922063313126,43.77593428776649,1,Bicycle,North,1,57,Major,No Equipment Available,,,,,Going Ahead,,"Cyclist without right-of-way rides into path of driver (at intersection, laneway, or driveway)",Failed to Yield Right of Way,Inattentive,cyclist,,Scarborough-Rouge Park (25),43 Division,West Hill,false,true,true,false,false,false,false,false,true,false,"{""coordinates"": [[-79.18922063313126, 43.77593428776649]], ""type"": ""MultiPoint""}"
16442,2020:0000806061,2020-04-29T08:58:00,KENNEDY RD,ELLESMERE RD,,2,Non-Fatal Injury,At Intersection,Traffic Signal,Pedestrian Collision(internal code),Clear,Daylight,Dry,Major Arterial,false,-79.28104053880756,43.765730069314266,1,,South,2,65,Major,No Equipment Available,,,Crossing with right-of-way (intersection),Normal,,Driver turns left into pedestrian crossing with right-of-way (at intersection),,,,pedestrian,,Scarborough Centre (21),41 Division,Dorset Park,true,true,false,false,false,true,true,false,false,false,"{""coordinates"": [[-79.28104053880756, 43.765730069314266]], ""type"": ""MultiPoint""}"