_id,collision_id,accdate,stname1,stname2,stname3,per_inv,acclass,accloc,traffictl,impactype,visible,light,rdsfcond,road_class,failtorem,longitude,latitude,veh_no,vehtype,initdir,per_no,invage,injury,safequip,drivact,drivcond,pedact,pedcond,manoeuvre,pedtype,cyclistype,cycact,cyccond,road_user,fatal_no,wardname,division,neighbourhood,aggressive,distracted,cyclist,motorcyclist,other_micromobility,older_adult,pedestrian,red_light,school_child,heavy_truck,geometry
16939,2021:1000247746,2021-02-08T12:27:00,RENFORTH DR,CONVAIR DR,,2,Non-Fatal Injury,At Intersection,Traffic Signal,Angle,Clear,Daylight,Dry,Major Arterial,false,-79.59325889781789,43.67211782048856,2,Automobile or Station Wagon,West,2,54,Major,Air Bag Deployed,Driving properly,Normal,,,Going Ahead,,,,,driver,,,,,true,true,false,false,false,true,false,true,false,false,"{""coordinates"": [[-79.59325889781789, 43.67211782048856]], ""type"": ""MultiPoint""}"
16940,2021:1000247746,2021-02-08T12:27:00,RENFORTH DR,CONVAIR DR,,2,Non-Fatal Injury,At Intersection,Traffic Signal,Angle,Clear,Daylight,Dry,Major Arterial,false,-79.59325889781789,43.67211782048856,1,Automobile or Station Wagon,North,1,69,Minor,Air Bag Deployed,Disobeyed traffic control,Inattentive,,,Going Ahead,,,,,driver,,,,,true,true,false,false,false,true,false,true,false,false,"{""coordinates"": [[-79.59325889781789, 43.67211782048856]], ""type"": ""MultiPoint""}"
16941,2021:1000256266,2021-02-09T17:47:00,DIXON RD,CARLINGVIEW DR,,2,Non-Fatal Injury,At Intersection,Traffic Signal,Angle,Clear,Dark with Artificial Lighting,Dry,Major Arterial,false,-79.59552480343395,43.68668614317546,1,Automobile or Station Wagon,West,1,49,Major,Lap and Shoulder Belt,Disobeyed traffic control,Normal,,,Going Ahead,,,,,driver,,Etobicoke North (1),23 Division,West Humber-Clairville,true,false,false,false,false,false,false,true,false,true,"{""coordinates"": [[-79.59552480343395, 43.68668614317546]], ""type"": ""MultiPoint""}"
16942,2021:1000256266,2021-02-09T17:47:00,DIXON RD,CARLINGVIEW DR,,2,Non-Fatal Injury,At Intersection,Traffic Signal,Angle,Clear,Dark with Artificial Lighting,Dry,Major Arterial,false,-79.59552480343395,43.68668614317546,2,Municipal Transit Bus (TTC),South,2,60,None,Lap and Shoulder Belt,Driving properly,Normal,,,Going Ahead,,,,,driver,,Etobicoke North (1),23 Division,West Humber-Clairville,true,false,false,false,false,false,false,true,false,true,"{""coordinates"": [[-79.59552480343395, 43.68668614317546]], ""type"": ""MultiPoint""}"
16943,2021:1000266545,2021-02-11T09:45:00,DUNDAS ST W,EAST MALL CRES,,2,Non-Fatal Injury,At Intersection,Traffic Signal,Pedestrian Collision(internal code),Clear,Daylight,Dry,Major Arterial,false,-79.54977900030978,43.630304894709866,1,,North,2,45,Major,Use Unknown,,,Crossing without right-of-way (intersection),Inattentive,,Driver going straight hits pedestrian crossing without right-of-way (at intersection),,,,pedestrian,,Etobicoke-Lakeshore (3),22 Division,Etobicoke City Centre,true,true,false,false,false,false,true,true,false,true,"{""coordinates"": [[-79.54977900030978, 43.630304894709866]], ""type"": ""MultiPoint""}"
16944,2021:1000266545,2021-02-11T09:45:00,DUNDAS ST W,EAST MALL CRES,,2,Non-Fatal Injury,At Intersection,Traffic Signal,Pedestrian Collision(internal code),Clear,Daylight,Dry,Major Arterial,false,-79.54977900030978,43.630304894709866,1,Municipal Transit Bus (TTC),East,1,62,None,Lap and Shoulder Belt,Disobeyed traffic control,Inattentive,,,Going Ahead,,,,,driver,,Etobicoke-Lakeshore (3),22 Division,Etobicoke City Centre,true,true,false,false,false,false,true,true,false,true,"{""coordinates"": [[-79.54977900030978, 43.630304894709866]], ""type"": ""MultiPoint""}"
16945,2021:1000271831,2021-02-12T01:26:00,65 SHORNCLIFFE RD,LOCKPORT AVE,,2,Non-Fatal Injury,Intersection-Related,No Control,SMV Other,Clear,Dark with Artificial Lighting,Dry,Minor Arterial,false,-79.54283624727047,43.627531602663595,1,,,2,24,Minor,Lap and Shoulder Belt,,,,,,,,,,passenger,,Etobicoke-Lakeshore (3),22 Division,Etobicoke City Centre,false,true,false,false,false,false,false,false,false,false,"{""coordinates"": [[-79.54283624727047, 43.627531602663595]], ""type"": ""MultiPoint""}"
16946,2021:1000271831,2021-02-12T01:26:00,65 SHORNCLIFFE RD,LOCKPORT AVE,,2,Non-Fatal Injury,Intersection-Related,No Control,SMV Other,Clear,Dark with Artificial Lighting,Dry,Minor Arterial,false,-79.54283624727047,43.627531602663595,1,Automobile or Station Wagon,South,1,23,Major,Lap and Shoulder Belt,Lost control,Inattentive,,,Going Ahead,,,,,driver,,Etobicoke-Lakeshore (3),22 Division,Etobicoke City Centre,false,true,false,false,false,false,false,false,false,false,"{""coordinates"": [[-79.54283624727047, 43.627531602663595]], ""type"": ""MultiPoint""}"
16947,2021:1000283889,2021-02-13T22:03:00,MIDLAND AVE,BENJAMIN BLVD,25 m South of,4,Non-Fatal Injury,Intersection-Related,No Control,SMV Other,Snow,Dark,Ice,Minor Arterial,false,-79.25706897562416,43.73205007416607,1,,,3,35,Minor,Use Unknown,,,,,,,,,,passenger,,Scarborough Southwest (20),41 Division,Kennedy Park,true,true,false,false,false,false,false,false,false,false,"{""coordinates"": [[-79.25706897562416, 43.73205007416607]], ""type"": ""MultiPoint""}"
16948,2021:1000283889,2021-02-13T22:03:00,MIDLAND AVE,BENJAMIN BLVD,25 m South of,4,Non-Fatal Injury,Intersection-Related,No Control,SMV Other,Snow,Dark,Ice,Minor Arterial,false,-79.25706897562416,43.73205007416607,1,,,2,31,Minor,Use Unknown,,,,,,,,,,passenger,,Scarborough Southwest (20),41 Division,Kennedy Park,true,true,false,false,false,false,false,false,false,false,"{""coordinates"": [[-79.25706897562416, 43.73205007416607]], ""type"": ""MultiPoint""}"
16949,2021:1000283889,2021-02-13T22:03:00,MIDLAND AVE,BENJAMIN BLVD,25 m South of,4,Non-Fatal Injury,Intersection-Related,No Control,SMV Other,Snow,Dark,Ice,Minor Arterial,false,-79.25706897562416,43.73205007416607,1,,,4,21,Major,Use Unknown,,,,,,,,,,passenger,,Scarborough Southwest (20),41 Division,Kennedy Park,true,true,false,false,false,false,false,false,false,false,"{""coordinates"": [[-79.25706897562416, 43.73205007416607]], ""type"": ""MultiPoint""}"
16950,2021:1000283889,2021-02-13T22:03:00,MIDLAND AVE,BENJAMIN BLVD,25 m South of,4,Non-Fatal Injury,Intersection-Related,No Control,SMV Other,Snow,Dark,Ice,Minor Arterial,false,-79.25706897562416,43.73205007416607,1,Automobile or Station Wagon,South,1,35,Minor,Use Unknown,Speed too fast for conditions,Inattentive,,,Going Ahead,,,,,driver,,Scarborough Southwest (20),41 Division,Kennedy Park,true,true,false,false,false,false,false,false,false,false,"{""coordinates"": [[-79.25706897562416, 43.73205007416607]], ""type"": ""MultiPoint""}"
16951,2021:1000289849,2021-02-14T23:20:00,STEELES AVE W,DUFFERIN ST,,6,Non-Fatal Injury,At Intersection,Traffic Signal,Angle,Clear,Dark with Artificial Lighting,Dry,Major Arterial,false,-79.47004381669768,43.78721085647178,2,Intercity Coach Bus,West,2,41,None,Use Unknown,Driving properly,Normal,,,Going Ahead,,,,,driver,,York Centre (6),32 Division,Bathurst Manor,true,false,false,false,false,false,false,true,false,true,"{""coordinates"": [[-79.47004381669768, 43.78721085647178]], ""type"": ""MultiPoint""}"
16952,2021:1000289849,2021-02-14T23:20:00,STEELES AVE W,DUFFERIN ST,,6,Non-Fatal Injury,At Intersection,Traffic Signal,Angle,Clear,Dark with Artificial Lighting,Dry,Major Arterial,false,-79.47004381669768,43.78721085647178,2,,,3,63,None,Use Unknown,,,,,,,,,,passenger,,York Centre (6),32 Division,Bathurst Manor,true,false,false,false,false,false,false,true,false,true,"{""coordinates"": [[-79.47004381669768, 43.78721085647178]], ""type"": ""MultiPoint""}"
16953,2021:1000289849,2021-02-14T23:20:00,STEELES AVE W,DUFFERIN ST,,6,Non-Fatal Injury,At Intersection,Traffic Signal,Angle,Clear,Dark with Artificial Lighting,Dry,Major Arterial,false,-79.47004381669768,43.78721085647178,2,,,6,21,None,Use Unknown,,,,,,,,,,passenger,,York Centre (6),32 Division,Bathurst Manor,true,false,false,false,false,false,false,true,false,true,"{""coordinates"": [[-79.47004381669768, 43.78721085647178]], ""type"": ""MultiPoint""}"
16954,2021:1000289849,2021-02-14T23:20:00,STEELES AVE W,DUFFERIN ST,,6,Non-Fatal Injury,At Intersection,Traffic Signal,Angle,Clear,Dark with Artificial Lighting,Dry,Major Arterial,false,-79.47004381669768,43.78721085647178,1,Automobile or Station Wagon,South,1,50,Major,Use Unknown,Disobeyed traffic control,Unknown,,,Going Ahead,,,,,driver,,York Centre (6),32 Division,Bathurst Manor,true,false,false,false,false,false,false,true,false,true,"{""coordinates"": [[-79.47004381669768, 43.78721085647178]], ""type"": ""MultiPoint""}"
16955,2021:1000289849,2021-02-14T23:20:00,STEELES AVE W,DUFFERIN ST,,6,Non-Fatal Injury,At Intersection,Traffic Signal,Angle,Clear,Dark with Artificial Lighting,Dry,Major Arterial,false,-79.47004381669768,43.78721085647178,2,,,5,21,None,Use Unknown,,,,,,,,,,passenger,,York Centre (6),32 Division,Bathurst Manor,true,false,false,false,false,false,false,true,false,true,"{""coordinates"": [[-79.47004381669768, 43.78721085647178]], ""type"": ""MultiPoint""}"
16956,2021:1000289849,2021-02-14T23:20:00,STEELES AVE W,DUFFERIN ST,,6,Non-Fatal Injury,At Intersection,Traffic Signal,Angle,Clear,Dark with Artificial Lighting,Dry,Major Arterial,false,-79.47004381669768,43.78721085647178,2,,,4,21,None,Use Unknown,,,,,,,,,,passenger,,York Centre (6),32 Division,Bathurst Manor,true,false,false,false,false,false,false,true,false,true,"{""coordinates"": [[-79.47004381669768, 43.78721085647178]], ""type"": ""MultiPoint""}"
16957,2021:1000299624,2021-02-16T14:34:00,ST CLAIR AVE E,PHARMACY AVE,10 m West of,2,Non-Fatal Injury,Intersection-Related,Traffic Signal,Rear End,Snow,Daylight,Wet,Major Arterial,false,-79.29089779807704,43.7097799154256,1,Automobile or Station Wagon,West,1,65,Major,Use Unknown,Lost control,Medical or Physical Disability,,,Going Ahead,,,,,driver,,Scarborough Southwest (20),41 Division,Clairlea-Birchmount,false,false,false,false,false,true,false,false,false,false,"{""coordinates"": [[-79.29089779807704, 43.7097799154256]], ""type"": ""MultiPoint""}"
16958,2021:1000299624,2021-02-16T14:34:00,ST CLAIR AVE E,PHARMACY AVE,10 m West of,2,Non-Fatal Injury,Intersection-Related,Traffic Signal,Rear End,Snow,Daylight,Wet,Major Arterial,false,-79.29089779807704,43.7097799154256,2,Automobile or Station Wagon,West,2,42,Minor,Use Unknown,Driving properly,Normal,,,Stopped,,,,,driver,,Scarborough Southwest (20),41 Division,Clairlea-Birchmount,false,false,false,false,false,true,false,false,false,false,"{""coordinates"": [[-79.29089779807704, 43.7097799154256]], ""type"": ""MultiPoint""}"
16959,2021:1000349866,2021-02-24T11:25:00,1260 ST CLAIR AVE W,,,4,Non-Fatal Injury,Non-Intersection,No Control,Pedestrian Collision(internal code),Clear,Daylight,Wet,Major Arterial,false,-79.44653015196457,43.677118698568684,1,,Unknown,2,28,Major,Use Unknown,,,Other,Normal,,Driver reversing hits pedestrian,,,,pedestrian,,Davenport (9),13 Division,Corso Italia-Davenport,false,false,false,false,false,true,true,false,false,false,"{""coordinates"": [[-79.44653015196457, 43.677118698568684]], ""type"": ""MultiPoint""}"
16960,2021:1000349866,2021-02-24T11:25:00,1260 ST CLAIR AVE W,,,4,Non-Fatal Injury,Non-Intersection,No Control,Pedestrian Collision(internal code),Clear,Daylight,Wet,Major Arterial,false,-79.44653015196457,43.677118698568684,1,Automobile or Station Wagon,West,1,82,None,Use Unknown,Other,Unknown,,,Reversing,,,,,driver,,Davenport (9),13 Division,Corso Italia-Davenport,false,false,false,false,false,true,true,false,false,false,"{""coordinates"": [[-79.44653015196457, 43.677118698568684]], ""type"": ""MultiPoint""}"
16961,2021:1000349866,2021-02-24T11:25:00,1260 ST CLAIR AVE W,,,4,Non-Fatal Injury,Non-Intersection,No Control,Pedestrian Collision(internal code),Clear,Daylight,Wet,Major Arterial,false,-79.44653015196457,43.677118698568684,1,,Unknown,4,2,None,Use Unknown,,,Other,Normal,,Driver reversing hits pedestrian,,,,pedestrian,,Davenport (9),13 Division,Corso Italia-Davenport,false,false,false,false,false,true,true,false,false,false,"{""coordinates"": [[-79.44653015196457, 43.677118698568684]], ""type"": ""MultiPoint""}"
16962,2021:1000349866,2021-02-24T11:25:00,1260 ST CLAIR AVE W,,,4,Non-Fatal Injury,Non-Intersection,No Control,Pedestrian Collision(internal code),Clear,Daylight,Wet,Major Arterial,false,-79.44653015196457,43.677118698568684,1,,Unknown,3,3,Minor,Use Unknown,,,Other,Normal,,Driver reversing hits pedestrian,,,,pedestrian,,Davenport (9),13 Division,Corso Italia-Davenport,false,false,false,false,false,true,true,false,false,false,"{""coordinates"": [[-79.44653015196457, 43.677118698568684]], ""type"": ""MultiPoint""}"
16963,2021:1000367345,2021-02-26T22:00:00,BELLAMY RD N,BRAEBURN BLVD,,5,Non-Fatal Injury,At Intersection,No Control,Rear End,Clear,Dark with Artificial Lighting,Dry,Minor Arterial,false,-79.23225812706278,43.74938784743637,2,Automobile or Station Wagon,South,2,29,Minimal,Lap and Shoulder Belt,Driving properly,Normal,,,Slowing or Stopping,,,,,driver,,Scarborough-Guildwood (24),43 Division,Golfdale-Cedarbrae-Woburn,true,true,false,false,false,false,false,false,false,false,"{""coordinates"": [[-79.23225812706278, 43.74938784743637]], ""type"": ""MultiPoint""}"
16964,2021:1000367345,2021-02-26T22:00:00,BELLAMY RD N,BRAEBURN BLVD,,5,Non-Fatal Injury,At Intersection,No Control,Rear End,Clear,Dark with Artificial Lighting,Dry,Minor Arterial,false,-79.23225812706278,43.74938784743637,2,,,4,28,Minimal,Lap and Shoulder Belt,,,,,,,,,,passenger,,Scarborough-Guildwood (24),43 Division,Golfdale-Cedarbrae-Woburn,true,true,false,false,false,false,false,false,false,false,"{""coordinates"": [[-79.23225812706278, 43.74938784743637]], ""type"": ""MultiPoint""}"
16965,2021:1000367345,2021-02-26T22:00:00,BELLAMY RD N,BRAEBURN BLVD,,5,Non-Fatal Injury,At Intersection,No Control,Rear End,Clear,Dark with Artificial Lighting,Dry,Minor Arterial,false,-79.23225812706278,43.74938784743637,1,Automobile or Station Wagon,South,1,28,Major,Lap and Shoulder Belt,Following too closely,Inattentive,,,Going Ahead,,,,,driver,,Scarborough-Guildwood (24),43 Division,Golfdale-Cedarbrae-Woburn,true,true,false,false,false,false,false,false,false,false,"{""coordinates"": [[-79.23225812706278, 43.74938784743637]], ""type"": ""MultiPoint""}"
16966,2021:1000367345,2021-02-26T22:00:00,BELLAMY RD N,BRAEBURN BLVD,,5,Non-Fatal Injury,At Intersection,No Control,Rear End,Clear,Dark with Artificial Lighting,Dry,Minor Arterial,false,-79.23225812706278,43.74938784743637,2,,,5,35,Minimal,Lap and Shoulder Belt,,,,,,,,,,passenger,,Scarborough-Guildwood (24),43 Division,Golfdale-Cedarbrae-Woburn,true,true,false,false,false,false,false,false,false,false,"{""coordinates"": [[-79.23225812706278, 43.74938784743637]], ""type"": ""MultiPoint""}"
16967,2021:1000367345,2021-02-26T22:00:00,BELLAMY RD N,BRAEBURN BLVD,,5,Non-Fatal Injury,At Intersection,No Control,Rear End,Clear,Dark with Artificial Lighting,Dry,Minor Arterial,false,-79.23225812706278,43.74938784743637,2,,,3,29,Minimal,Lap and Shoulder Belt,,,,,,,,,,passenger,,Scarborough-Guildwood (24),43 Division,Golfdale-Cedarbrae-Woburn,true,true,false,false,false,false,false,false,false,false,"{""coordinates"": [[-79.23225812706278, 43.74938784743637]], ""type"": ""MultiPoint""}"
16968,2021:1000373871,2021-02-27T23:07:00,LN N DUNDAS W HURON,HURON ST,70 m West of,1,Non-Fatal Injury,Laneway,No Control,SMV Other,Clear,Dark with Artificial Lighting,Wet,Laneway,false,-79.39674829561442,43.65364680155415,1,Automobile or Station Wagon,West,1,50,Major,Use Unknown,Lost control,Medical or Physical Disability,,,Going Ahead,,,,,driver,,University-Rosedale (11),52 Division,Kensington-Chinatown,false,false,false,false,false,false,false,false,false,false,"{""coordinates"": [[-79.39674829561442, 43.65364680155415]], ""type"": ""MultiPoint""}"
16969,2021:1000403643,2021-03-04T11:43:00,QUEEN ST W,DOWLING AVE,24 m West of,4,Non-Fatal Injury,Intersection-Related,No Control,Pedestrian Collision(internal code),Clear,Daylight,Dry,Major Arterial,false,-79.4398239640627,43.63987962751215,1,,,2,24,None,Use Unknown,,,,,,,,,,passenger,,Parkdale-High Park (4),14 Division,South Parkdale,false,false,false,false,false,true,true,false,false,false,"{""coordinates"": [[-79.4398239640627, 43.63987962751215]], ""type"": ""MultiPoint""}"
16970,2021:1000403643,2021-03-04T11:43:00,QUEEN ST W,DOWLING AVE,24 m West of,4,Non-Fatal Injury,Intersection-Related,No Control,Pedestrian Collision(internal code),Clear,Daylight,Dry,Major Arterial,false,-79.4398239640627,43.63987962751215,1,,North,4,64,Major,No Equipment Available,,,Crossing - no traffic control,Normal,,Driver hits pedestrian at midblock,,,,pedestrian,,Parkdale-High Park (4),14 Division,South Parkdale,false,false,false,false,false,true,true,false,false,false,"{""coordinates"": [[-79.4398239640627, 43.63987962751215]], ""type"": ""MultiPoint""}"
16971,2021:1000403643,2021-03-04T11:43:00,QUEEN ST W,DOWLING AVE,24 m West of,4,Non-Fatal Injury,Intersection-Related,No Control,Pedestrian Collision(internal code),Clear,Daylight,Dry,Major Arterial,false,-79.4398239640627,43.63987962751215,1,,,3,66,None,Use Unknown,,,,,,,,,,passenger,,Parkdale-High Park (4),14 Division,South Parkdale,false,false,false,false,false,true,true,false,false,false,"{""coordinates"": [[-79.4398239640627, 43.63987962751215]], ""type"": ""MultiPoint""}"
16972,2021:1000403643,2021-03-04T11:43:00,QUEEN ST W,DOWLING AVE,24 m West of,4,Non-Fatal Injury,Intersection-Related,No Control,Pedestrian Collision(internal code),Clear,Daylight,Dry,Major Arterial,false,-79.4398239640627,43.63987962751215,1,Ambulance,East,1,27,None,Lap and Shoulder Belt,Driving properly,Normal,,,Going Ahead,,,,,driver,,Parkdale-High Park (4),14 Division,South Parkdale,false,false,false,false,false,true,true,false,false,false,"{""coordinates"": [[-79.4398239640627, 43.63987962751215]], ""type"": ""MultiPoint""}"
16973,2021:1000453193,2021-03-11T14:40:00,PLAXTON DR,ST CLAIR AVE E,,2,Non-Fatal Injury,At Intersection,Traffic Signal,Pedestrian Collision(internal code),Clear,Daylight,Dry,Major Arterial,false,-79.30260894255565,43.70759792433464,1,Pickup Truck,North,1,61,None,Lap Belt Only of Combined Assembly,Failed to yield right-of-way,Inattentive,,,Turning Left,,,,,driver,,Beaches-East York (19),55 Division,O'Connor-Parkview,true,true,false,false,false,false,true,false,false,false,"{""coordinates"": [[-79.30260894255565, 43.70759792433464]], ""type"": ""MultiPoint""}"
16974,2021:1001896382,2021-10-03T01:32:00,F G GARDINER XY E,ISLINGTON AVE,,3,Fatal Injury,Non-Intersection,No Control,Rear End,Clear,Dark,Dry,Expressway,false,-79.50780203329587,43.62123731154103,,,,1,58,Fatal,,,,,,,,,,,passenger,40,Etobicoke-Lakeshore (3),22 Division,Mimico-Queensway,true,false,false,false,false,false,false,false,false,false,"{""coordinates"": [[-79.50780203329587, 43.62123731154103]], ""type"": ""MultiPoint""}"
16975,2021:1000453193,2021-03-11T14:40:00,PLAXTON DR,ST CLAIR AVE E,,2,Non-Fatal Injury,At Intersection,Traffic Signal,Pedestrian Collision(internal code),Clear,Daylight,Dry,Major Arterial,false,-79.30260894255565,43.70759792433464,1,,South,2,58,Major,Use Unknown,,,Crossing with right-of-way (intersection),Normal,,Driver turns left into pedestrian crossing with right-of-way (at intersection),,,,pedestrian,,Beaches-East York (19),55 Division,O'Connor-Parkview,true,true,false,false,false,false,true,false,false,false,"{""coordinates"": [[-79.30260894255565, 43.70759792433464]], ""type"": ""MultiPoint""}"
16976,2021:1000461944,2021-03-12T19:12:00,PAPE AVE,GAMBLE AVE,30 m North of,3,Non-Fatal Injury,Intersection-Related,No Control,Pedestrian Collision(internal code),Clear,Dark with Artificial Lighting,Dry,Major Arterial,false,-79.34913309901658,43.690328855038494,1,,West,2,83,Major,No Equipment Available,,,Crossing - no traffic control,Normal,,Driver hits pedestrian at midblock,,,,pedestrian,,Toronto-Danforth (14),55 Division,Old East York,true,false,false,false,false,true,true,false,false,false,"{""coordinates"": [[-79.34913309901658, 43.690328855038494]], ""type"": ""MultiPoint""}"
16977,2021:1000461944,2021-03-12T19:12:00,PAPE AVE,GAMBLE AVE,30 m North of,3,Non-Fatal Injury,Intersection-Related,No Control,Pedestrian Collision(internal code),Clear,Dark with Artificial Lighting,Dry,Major Arterial,false,-79.34913309901658,43.690328855038494,1,,West,3,56,Major,No Equipment Available,,,Crossing - no traffic control,Normal,,Driver hits pedestrian at midblock,,,,pedestrian,,Toronto-Danforth (14),55 Division,Old East York,true,false,false,false,false,true,true,false,false,false,"{""coordinates"": [[-79.34913309901658, 43.690328855038494]], ""type"": ""MultiPoint""}"
16978,2021:1000461944,2021-03-12T19:12:00,PAPE AVE,GAMBLE AVE,30 m North of,3,Non-Fatal Injury,Intersection-Related,No Control,Pedestrian Collision(internal code),Clear,Dark with Artificial Lighting,Dry,Major Arterial,false,-79.34913309901658,43.690328855038494,1,Automobile or Station Wagon,North,1,51,None,Lap and Shoulder Belt,Speed too fast for conditions,Normal,,,Going Ahead,,,,,driver,,Toronto-Danforth (14),55 Division,Old East York,true,false,false,false,false,true,true,false,false,false,"{""coordinates"": [[-79.34913309901658, 43.690328855038494]], ""type"": ""MultiPoint""}"
16979,2021:1000474155,2021-03-14T18:04:00,DUNDAS ST W,BATHURST ST,5 m West of,2,Non-Fatal Injury,At Intersection,Traffic Signal,Cyclist Collision,Clear,Daylight,Dry,Major Arterial,false,-79.40597988311579,43.65223919224796,1,Automobile or Station Wagon,West,1,30,None,Use Unknown,Improper passing,Normal,,,Going Ahead,,,,,driver,,Spadina-Fort York (10),14 Division,Kensington-Chinatown,true,false,true,false,false,false,false,false,false,false,"{""coordinates"": [[-79.40597988311579, 43.65223919224796]], ""type"": ""MultiPoint""}"
16980,2021:1000474155,2021-03-14T18:04:00,DUNDAS ST W,BATHURST ST,5 m West of,2,Non-Fatal Injury,At Intersection,Traffic Signal,Cyclist Collision,Clear,Daylight,Dry,Major Arterial,false,-79.40597988311579,43.65223919224796,2,Bicycle,West,2,40,Major,No Equipment Available,,,,,Going Ahead,,Sideswipe with cyclist and driver travelling in same direction,Driving Properly,Normal,cyclist,,Spadina-Fort York (10),14 Division,Kensington-Chinatown,true,false,true,false,false,false,false,false,false,false,"{""coordinates"": [[-79.40597988311579, 43.65223919224796]], ""type"": ""MultiPoint""}"
16981,2021:1000488018,2021-03-16T17:34:00,KENNEDY RD,FINCH AVE E,100 m North of,3,Non-Fatal Injury,Non-Intersection,No Control,Approaching Head On,Clear,Daylight,Dry,Major Arterial,false,-79.29733692012127,43.80206889830478,1,,,3,19,Major,Lap and Shoulder Belt,,,,,,,,,,passenger,,Scarborough-Agincourt (22),42 Division,East L'Amoreaux,false,true,false,false,false,true,false,false,true,false,"{""coordinates"": [[-79.29733692012127, 43.80206889830478]], ""type"": ""MultiPoint""}"
16982,2021:1000488018,2021-03-16T17:34:00,KENNEDY RD,FINCH AVE E,100 m North of,3,Non-Fatal Injury,Non-Intersection,No Control,Approaching Head On,Clear,Daylight,Dry,Major Arterial,false,-79.29733692012127,43.80206889830478,1,Automobile or Station Wagon,South,1,19,Minor,Use Unknown,Lost control,Inattentive,,,Going Ahead,,,,,driver,,Scarborough-Agincourt (22),42 Division,East L'Amoreaux,false,true,false,false,false,true,false,false,true,false,"{""coordinates"": [[-79.29733692012127, 43.80206889830478]], ""type"": ""MultiPoint""}"
16983,2021:1000488018,2021-03-16T17:34:00,KENNEDY RD,FINCH AVE E,100 m North of,3,Non-Fatal Injury,Non-Intersection,No Control,Approaching Head On,Clear,Daylight,Dry,Major Arterial,false,-79.29733692012127,43.80206889830478,2,Automobile or Station Wagon,North,2,70,Minor,Lap and Shoulder Belt,Driving properly,Normal,,,Going Ahead,,,,,driver,,Scarborough-Agincourt (22),42 Division,East L'Amoreaux,false,true,false,false,false,true,false,false,true,false,"{""coordinates"": [[-79.29733692012127, 43.80206889830478]], ""type"": ""MultiPoint""}"
16984,2021:1000488865,2021-03-16T20:14:00,HIGHWAY 27 N,REXDALE BLVD,,2,Non-Fatal Injury,At Intersection,Traffic Signal,Turning Movement,Clear,Dark with Artificial Lighting,Dry,Major Arterial,false,-79.59557815159172,43.717196073452456,1,Delivery Van,South,1,30,Major,Lap and Shoulder Belt,Improper turn,Inattentive,,,Turning Left,,,,,driver,,Etobicoke North (1),23 Division,West Humber-Clairville,false,true,false,false,false,false,false,false,false,true,"{""coordinates"": [[-79.59557815159172, 43.717196073452456]], ""type"": ""MultiPoint""}"
16985,2021:1000488865,2021-03-16T20:14:00,HIGHWAY 27 N,REXDALE BLVD,,2,Non-Fatal Injury,At Intersection,Traffic Signal,Turning Movement,Clear,Dark with Artificial Lighting,Dry,Major Arterial,false,-79.59557815159172,43.717196073452456,2,Automobile or Station Wagon,North,2,34,Major,Lap and Shoulder Belt,Driving properly,Normal,,,Going Ahead,,,,,driver,,Etobicoke North (1),23 Division,West Humber-Clairville,false,true,false,false,false,false,false,false,false,true,"{""coordinates"": [[-79.59557815159172, 43.717196073452456]], ""type"": ""MultiPoint""}"
16986,2021:1000498081,2021-03-18T07:15:00,YONGE ST,ALEXANDER ST,2 m West of,2,Non-Fatal Injury,Intersection-Related,Traffic Signal,Pedestrian Collision(internal code),Clear,Daylight,Wet,Major Arterial,false,-79.38374776780239,43.662947012216904,1,Automobile or Station Wagon,North,1,58,None,Use Unknown,Failed to yield right-of-way,Unknown,,,Turning Right,,,,,driver,,Toronto Centre (13),51 Division,Church-Wellesley,true,false,false,false,false,false,true,false,false,false,"{""coordinates"": [[-79.38374776780239, 43.662947012216904]], ""type"": ""MultiPoint""}"
16987,2021:1000498081,2021-03-18T07:15:00,YONGE ST,ALEXANDER ST,2 m West of,2,Non-Fatal Injury,Intersection-Related,Traffic Signal,Pedestrian Collision(internal code),Clear,Daylight,Wet,Major Arterial,false,-79.38374776780239,43.662947012216904,1,,West,2,43,Major,No Equipment Available,,,Crossing with right-of-way (intersection),Normal,,Driver turns right into pedestrian crossing with right-of-way (at intersection),,,,pedestrian,,Toronto Centre (13),51 Division,Church-Wellesley,true,false,false,false,false,false,true,false,false,false,"{""coordinates"": [[-79.38374776780239, 43.662947012216904]], ""type"": ""MultiPoint""}"
16988,2021:1000499271,2021-03-18T10:56:00,GREENWIN VILLAGE RD,BATHURST ST,50 m East of,2,Non-Fatal Injury,At/Near Private Drive,No Control,Pedestrian Collision(internal code),Clear,Daylight,Dry,Collector,false,-79.44483625229509,43.79075467964197,1,,,2,62,Major,Use Unknown,,,Crossing - no traffic control,Normal,,Driver hits pedestrian at midblock,,,,pedestrian,,Willowdale (18),32 Division,Newtonbrook West,false,false,false,false,false,false,true,false,false,false,"{""coordinates"": [[-79.44483625229509, 43.79075467964197]], ""type"": ""MultiPoint""}"
16989,2021:1000499271,2021-03-18T10:56:00,GREENWIN VILLAGE RD,BATHURST ST,50 m East of,2,Non-Fatal Injury,At/Near Private Drive,No Control,Pedestrian Collision(internal code),Clear,Daylight,Dry,Collector,false,-79.44483625229509,43.79075467964197,1,Automobile or Station Wagon,South,1,59,None,Lap and Shoulder Belt,Improper turn,Normal,,,Turning Left,,,,,driver,,Willowdale (18),32 Division,Newtonbrook West,false,false,false,false,false,false,true,false,false,false,"{""coordinates"": [[-79.44483625229509, 43.79075467964197]], ""type"": ""MultiPoint""}"