_id,collision_id,accdate,stname1,stname2,stname3,per_inv,acclass,accloc,traffictl,impactype,visible,light,rdsfcond,road_class,failtorem,longitude,latitude,veh_no,vehtype,initdir,per_no,invage,injury,safequip,drivact,drivcond,pedact,pedcond,manoeuvre,pedtype,cyclistype,cycact,cyccond,road_user,fatal_no,wardname,division,neighbourhood,aggressive,distracted,cyclist,motorcyclist,other_micromobility,older_adult,pedestrian,red_light,school_child,heavy_truck,geometry
17141,2021:1001036123,2021-06-03T23:32:00,1651 ELLESMERE RD,,,5,Non-Fatal Injury,At/Near Private Drive,Yield Sign,Turning Movement,Clear,Dark with Artificial Lighting,Dry,Major Arterial,false,-79.25027113438804,43.7723523471159,1,Automobile or Station Wagon,South,1,21,None,Lap and Shoulder Belt,Improper turn,Inattentive,,,Turning Left,,,,,driver,,Scarborough-Guildwood (24),43 Division,Woburn North,false,true,false,true,false,false,false,false,true,false,"{""coordinates"": [[-79.25027113438804, 43.7723523471159]], ""type"": ""MultiPoint""}"
17142,2021:1001039843,2021-06-04T13:21:00,SCARLETT RD,EGLINTON AVE W,,2,Non-Fatal Injury,At Intersection,Traffic Controller,Cyclist Collision,Clear,Daylight,Dry,Major Arterial,false,-79.51141825535076,43.68388987223643,1,Automobile or Station Wagon,West,1,49,None,Lap and Shoulder Belt,Improper turn,Normal,,,Turning Left,,,,,driver,,Etobicoke Centre (2),22 Division,Edenbridge-Humber Valley,false,false,true,false,false,false,false,false,false,false,"{""coordinates"": [[-79.51141825535076, 43.68388987223643]], ""type"": ""MultiPoint""}"
17143,2021:1001039843,2021-06-04T13:21:00,SCARLETT RD,EGLINTON AVE W,,2,Non-Fatal Injury,At Intersection,Traffic Controller,Cyclist Collision,Clear,Daylight,Dry,Major Arterial,false,-79.51141825535076,43.68388987223643,2,Bicycle,East,2,24,Major,Use Unknown,,,,,Going Ahead,,Driver turns left into path of cyclist,Driving Properly,Normal,cyclist,,Etobicoke Centre (2),22 Division,Edenbridge-Humber Valley,false,false,true,false,false,false,false,false,false,false,"{""coordinates"": [[-79.51141825535076, 43.68388987223643]], ""type"": ""MultiPoint""}"
17144,2021:1001045574,2021-06-05T08:51:00,PARLIAMENT ST,RICHMOND ST E,7 m West of,2,Non-Fatal Injury,At Intersection,Traffic Signal,Angle,Clear,Daylight,Dry,Major Arterial,false,-79.3639876104188,43.654485986517415,1,Automobile or Station Wagon,North,1,40,Major,Lap and Shoulder Belt,Disobeyed traffic control,Normal,,,Going Ahead,,,,,driver,,Toronto Centre (13),51 Division,Moss Park,true,false,false,false,false,true,false,true,false,false,"{""coordinates"": [[-79.3639876104188, 43.654485986517415]], ""type"": ""MultiPoint""}"
17145,2021:1001045574,2021-06-05T08:51:00,PARLIAMENT ST,RICHMOND ST E,7 m West of,2,Non-Fatal Injury,At Intersection,Traffic Signal,Angle,Clear,Daylight,Dry,Major Arterial,false,-79.3639876104188,43.654485986517415,2,Pickup Truck,West,2,79,Major,Lap and Shoulder Belt,Driving properly,Normal,,,Going Ahead,,,,,driver,,Toronto Centre (13),51 Division,Moss Park,true,false,false,false,false,true,false,true,false,false,"{""coordinates"": [[-79.3639876104188, 43.654485986517415]], ""type"": ""MultiPoint""}"
17146,2021:1001046834,2021-06-05T12:46:00,PARK LAWN RD,LAKE SHORE BLVD W,13 m  of,2,Non-Fatal Injury,At Intersection,Traffic Signal,Turning Movement,Clear,Daylight,Dry,Major Arterial,false,-79.48116776536399,43.62289666510921,2,Truck - Tractor,South,2,24,None,Lap and Shoulder Belt,Driving properly,Normal,,,Turning Left,,,,,driver,,Etobicoke-Lakeshore (3),22 Division,Humber Bay Shores,true,false,false,true,false,false,false,true,false,true,"{""coordinates"": [[-79.48116776536399, 43.62289666510921]], ""type"": ""MultiPoint""}"
17147,2021:1001046834,2021-06-05T12:46:00,PARK LAWN RD,LAKE SHORE BLVD W,13 m  of,2,Non-Fatal Injury,At Intersection,Traffic Signal,Turning Movement,Clear,Daylight,Dry,Major Arterial,false,-79.48116776536399,43.62289666510921,1,Motorcycle,North,1,30,Major,Lap and Shoulder Belt,Disobeyed traffic control,Unknown,,,Turning Right,,,,,motorcyclist,,Etobicoke-Lakeshore (3),22 Division,Humber Bay Shores,true,false,false,true,false,false,false,true,false,true,"{""coordinates"": [[-79.48116776536399, 43.62289666510921]], ""type"": ""MultiPoint""}"
17148,2021:1001050264,2021-06-05T21:20:00,LAWRENCE AVE E,RODDA BLVD,,3,Non-Fatal Injury,At Intersection,No Control,Pedestrian Collision(internal code),Clear,Dark with Artificial Lighting,Dry,Major Arterial,false,-79.19062444962105,43.76733977422396,1,,North,2,30,Major,Use Unknown,,,Crossing with right-of-way (intersection),Normal,,Driver turns left into pedestrian crossing with right-of-way (at intersection),,,,pedestrian,,Scarborough-Guildwood (24),43 Division,West Hill,true,false,false,false,false,false,true,false,false,false,"{""coordinates"": [[-79.19062444962105, 43.76733977422396]], ""type"": ""MultiPoint""}"
17149,2021:1001050264,2021-06-05T21:20:00,LAWRENCE AVE E,RODDA BLVD,,3,Non-Fatal Injury,At Intersection,No Control,Pedestrian Collision(internal code),Clear,Dark with Artificial Lighting,Dry,Major Arterial,false,-79.19062444962105,43.76733977422396,1,,North,3,26,Major,Use Unknown,,,Crossing with right-of-way (intersection),Normal,,Driver turns left into pedestrian crossing with right-of-way (at intersection),,,,pedestrian,,Scarborough-Guildwood (24),43 Division,West Hill,true,false,false,false,false,false,true,false,false,false,"{""coordinates"": [[-79.19062444962105, 43.76733977422396]], ""type"": ""MultiPoint""}"
17150,2021:1001050264,2021-06-05T21:20:00,LAWRENCE AVE E,RODDA BLVD,,3,Non-Fatal Injury,At Intersection,No Control,Pedestrian Collision(internal code),Clear,Dark with Artificial Lighting,Dry,Major Arterial,false,-79.19062444962105,43.76733977422396,1,Automobile or Station Wagon,East,1,27,None,Lap and Shoulder Belt,Failed to yield right-of-way,Had Been Drinking,,,Turning Left,,,,,driver,,Scarborough-Guildwood (24),43 Division,West Hill,true,false,false,false,false,false,true,false,false,false,"{""coordinates"": [[-79.19062444962105, 43.76733977422396]], ""type"": ""MultiPoint""}"
17151,2021:1001050520,2021-06-05T21:59:00,QUEEN ST W,BAY ST,50 m West of,4,Non-Fatal Injury,Non-Intersection,No Control,Rear End,Clear,Dark with Artificial Lighting,Dry,Major Arterial,false,-79.3827483324752,43.65160973306846,2,,,4,34,Major,Helmet,,,,,,,,,,motorcyclist,,Spadina-Fort York (10),52 Division,Yonge-Bay Corridor,true,true,false,true,false,false,false,false,true,false,"{""coordinates"": [[-79.3827483324752, 43.65160973306846]], ""type"": ""MultiPoint""}"
17152,2021:1001050520,2021-06-05T21:59:00,QUEEN ST W,BAY ST,50 m West of,4,Non-Fatal Injury,Non-Intersection,No Control,Rear End,Clear,Dark with Artificial Lighting,Dry,Major Arterial,false,-79.3827483324752,43.65160973306846,1,,,3,15,None,Lap and Shoulder Belt,,,,,,,,,,passenger,,Spadina-Fort York (10),52 Division,Yonge-Bay Corridor,true,true,false,true,false,false,false,false,true,false,"{""coordinates"": [[-79.3827483324752, 43.65160973306846]], ""type"": ""MultiPoint""}"
17153,2021:1001050520,2021-06-05T21:59:00,QUEEN ST W,BAY ST,50 m West of,4,Non-Fatal Injury,Non-Intersection,No Control,Rear End,Clear,Dark with Artificial Lighting,Dry,Major Arterial,false,-79.3827483324752,43.65160973306846,1,Automobile or Station Wagon,East,1,17,None,Lap and Shoulder Belt,Following too closely,Inattentive,,,Going Ahead,,,,,driver,,Spadina-Fort York (10),52 Division,Yonge-Bay Corridor,true,true,false,true,false,false,false,false,true,false,"{""coordinates"": [[-79.3827483324752, 43.65160973306846]], ""type"": ""MultiPoint""}"
17154,2021:1001050520,2021-06-05T21:59:00,QUEEN ST W,BAY ST,50 m West of,4,Non-Fatal Injury,Non-Intersection,No Control,Rear End,Clear,Dark with Artificial Lighting,Dry,Major Arterial,false,-79.3827483324752,43.65160973306846,2,Motorcycle,East,2,42,Minimal,Helmet,Driving properly,Normal,,,Going Ahead,,,,,motorcyclist,,Spadina-Fort York (10),52 Division,Yonge-Bay Corridor,true,true,false,true,false,false,false,false,true,false,"{""coordinates"": [[-79.3827483324752, 43.65160973306846]], ""type"": ""MultiPoint""}"
17155,2021:1001050592,2021-06-05T22:11:00,DON VALLEY PY S,EASTERN AVE DN,16 m North of,2,Non-Fatal Injury,Intersection-Related,Traffic Signal,SMV Other,Clear,Dark with Artificial Lighting,Loose Sand or Gravel,Major Arterial,false,-79.35252823453622,43.65663745862519,1,Motorcycle,South,1,24,Major,Helmet,Improper passing,Unknown,,,Going Ahead,,,,,motorcyclist,,Toronto-Danforth (14),55 Division,South Riverdale,true,false,false,true,false,false,false,false,false,false,"{""coordinates"": [[-79.35252823453622, 43.65663745862519]], ""type"": ""MultiPoint""}"
17156,2021:1001050592,2021-06-05T22:11:00,DON VALLEY PY S,EASTERN AVE DN,16 m North of,2,Non-Fatal Injury,Intersection-Related,Traffic Signal,SMV Other,Clear,Dark with Artificial Lighting,Loose Sand or Gravel,Major Arterial,false,-79.35252823453622,43.65663745862519,2,Automobile or Station Wagon,South,2,22,None,Lap and Shoulder Belt,Driving properly,Normal,,,Going Ahead,,,,,driver,,Toronto-Danforth (14),55 Division,South Riverdale,true,false,false,true,false,false,false,false,false,false,"{""coordinates"": [[-79.35252823453622, 43.65663745862519]], ""type"": ""MultiPoint""}"
17157,2021:1001069325,2021-06-08T14:44:00,QUEEN ST W,MANNING AVE,10 m East of,2,Non-Fatal Injury,Intersection-Related,No Control,Pedestrian Collision(internal code),Clear,Daylight,Dry,Major Arterial,false,-79.40854337432053,43.64621579072587,1,,North,2,36,Major,Use Unknown,,,Running onto roadway,Had Been Drinking,,Driver going straight hits pedestrian crossing without right-of-way (at intersection),,,,pedestrian,,Spadina-Fort York (10),14 Division,West Queen West,false,false,false,false,false,false,true,false,false,false,"{""coordinates"": [[-79.40854337432053, 43.64621579072587]], ""type"": ""MultiPoint""}"
17158,2021:1001069325,2021-06-08T14:44:00,QUEEN ST W,MANNING AVE,10 m East of,2,Non-Fatal Injury,Intersection-Related,No Control,Pedestrian Collision(internal code),Clear,Daylight,Dry,Major Arterial,false,-79.40854337432053,43.64621579072587,1,Automobile or Station Wagon,East,1,27,None,Lap and Shoulder Belt,Driving properly,Normal,,,Going Ahead,,,,,driver,,Spadina-Fort York (10),14 Division,West Queen West,false,false,false,false,false,false,true,false,false,false,"{""coordinates"": [[-79.40854337432053, 43.64621579072587]], ""type"": ""MultiPoint""}"
17159,2021:1001072175,2021-06-08T22:09:00,WARDEN AVE,MCNICOLL AVE,320 m North of,2,Non-Fatal Injury,Non-Intersection,No Control,Pedestrian Collision(internal code),Clear,Dark with Artificial Lighting,Dry,Major Arterial,false,-79.3222087793348,43.809026935312005,1,Passenger Van,North,1,64,None,Use Unknown,Driving properly,Normal,,,Going Ahead,,,,,driver,,Scarborough-Agincourt (22),42 Division,Steeles,false,true,false,false,false,false,true,false,false,false,"{""coordinates"": [[-79.3222087793348, 43.809026935312005]], ""type"": ""MultiPoint""}"
17160,2021:1001072175,2021-06-08T22:09:00,WARDEN AVE,MCNICOLL AVE,320 m North of,2,Non-Fatal Injury,Non-Intersection,No Control,Pedestrian Collision(internal code),Clear,Dark with Artificial Lighting,Dry,Major Arterial,false,-79.3222087793348,43.809026935312005,1,,East,2,45,Major,Use Unknown,,,Crossing - no traffic control,Inattentive,,Driver hits pedestrian at midblock,,,,pedestrian,,Scarborough-Agincourt (22),42 Division,Steeles,false,true,false,false,false,false,true,false,false,false,"{""coordinates"": [[-79.3222087793348, 43.809026935312005]], ""type"": ""MultiPoint""}"
17161,2021:1001078704,2021-06-09T19:45:00,F G GARDINER XY W,YORK ST,14 m East of,1,Non-Fatal Injury,Non-Intersection,No Control,SMV Other,Clear,Daylight,Dry,Expressway,false,-79.38068840697026,43.64172966615651,1,Motorcycle,West,1,37,Major,Helmet,Exceeding speed limit,Normal,,,Going Ahead,,,,,motorcyclist,,Spadina-Fort York (10),52 Division,St Lawrence-East Bayfront-The Islands,true,false,false,true,false,false,false,false,false,false,"{""coordinates"": [[-79.38068840697026, 43.64172966615651]], ""type"": ""MultiPoint""}"
17162,2021:1001104105,2021-06-13T13:15:00,VICTORIA PARK AVE,FINCH AVE E,,2,Fatal Injury,At Intersection,Traffic Signal,Pedestrian Collision(internal code),Clear,Daylight,Dry,Major Arterial,false,-79.33137171185179,43.79303573457431,,,North,1,69,Fatal,,,,Other,Unknown,Going Ahead,Driver going straight hits pedestrian crossing without right-of-way (at intersection),,,,pedestrian,11,Scarborough-Agincourt (22),42 Division,L'Amoreaux West,false,false,false,false,false,true,true,false,false,false,"{""coordinates"": [[-79.33137171185179, 43.79303573457431]], ""type"": ""MultiPoint""}"
17163,2021:1001104105,2021-06-13T13:15:00,VICTORIA PARK AVE,FINCH AVE E,,2,Fatal Injury,At Intersection,Traffic Signal,Pedestrian Collision(internal code),Clear,Daylight,Dry,Major Arterial,false,-79.33137171185179,43.79303573457431,,,East,2,,None,,Other,Unknown,,,Going Ahead,,,,,driver,,Scarborough-Agincourt (22),42 Division,L'Amoreaux West,false,false,false,false,false,true,true,false,false,false,"{""coordinates"": [[-79.33137171185179, 43.79303573457431]], ""type"": ""MultiPoint""}"
17164,2021:1001141851,2021-06-18T15:50:00,LAWRENCE AVE W,WESTON RD,17 m West of,2,Non-Fatal Injury,Intersection-Related,No Control,Pedestrian Collision(internal code),Clear,Daylight,Dry,Major Arterial,false,-79.51615608548819,43.700087074144484,1,,North,2,74,Major,Use Unknown,,,Crossing - no traffic control,Inattentive,,Driver hits pedestrian at midblock,,,,pedestrian,,York South-Weston (5),12 Division,Weston,false,true,false,false,false,true,true,false,false,false,"{""coordinates"": [[-79.51615608548819, 43.700087074144484]], ""type"": ""MultiPoint""}"
17165,2021:1001141851,2021-06-18T15:50:00,LAWRENCE AVE W,WESTON RD,17 m West of,2,Non-Fatal Injury,Intersection-Related,No Control,Pedestrian Collision(internal code),Clear,Daylight,Dry,Major Arterial,false,-79.51615608548819,43.700087074144484,1,Automobile or Station Wagon,West,1,51,None,Use Unknown,Driving properly,Normal,,,Going Ahead,,,,,driver,,York South-Weston (5),12 Division,Weston,false,true,false,false,false,true,true,false,false,false,"{""coordinates"": [[-79.51615608548819, 43.700087074144484]], ""type"": ""MultiPoint""}"
17166,2021:1001146779,2021-06-19T10:15:00,FOREST MANOR RD,PARKWAY FOREST DR,,2,Non-Fatal Injury,At Intersection,Stop Sign,Pedestrian Collision(internal code),Clear,Daylight,Dry,Collector,false,-79.34334989811909,43.77499985990815,1,,East,2,78,Major,Use Unknown,,,Crossing with right-of-way (intersection),Normal,,Driver turns left into pedestrian crossing with right-of-way (at intersection),,,,pedestrian,,Don Valley North (17),33 Division,Henry Farm,true,true,false,false,false,true,true,false,false,false,"{""coordinates"": [[-79.34334989811909, 43.77499985990815]], ""type"": ""MultiPoint""}"
17167,2021:1001146779,2021-06-19T10:15:00,FOREST MANOR RD,PARKWAY FOREST DR,,2,Non-Fatal Injury,At Intersection,Stop Sign,Pedestrian Collision(internal code),Clear,Daylight,Dry,Collector,false,-79.34334989811909,43.77499985990815,1,Automobile or Station Wagon,East,1,32,None,Lap and Shoulder Belt,Failed to yield right-of-way,Inattentive,,,Turning Left,,,,,driver,,Don Valley North (17),33 Division,Henry Farm,true,true,false,false,false,true,true,false,false,false,"{""coordinates"": [[-79.34334989811909, 43.77499985990815]], ""type"": ""MultiPoint""}"
17168,2021:1001147674,2021-06-19T12:50:00,DAVISVILLE AV,MOUNT PLEASANT RD,6 m West of,2,Non-Fatal Injury,At Intersection,Traffic Signal,Pedestrian Collision(internal code),Clear,Daylight,Dry,Major Arterial,true,-79.38692154470378,43.700235674031866,1,Truck - Other,North,1,0,None,Use Unknown,Improper turn,Inattentive,,,Turning Left,,,,,driver,,Don Valley West (15),53 Division,Mount Pleasant East,false,true,false,false,false,false,true,false,false,true,"{""coordinates"": [[-79.38692154470378, 43.700235674031866]], ""type"": ""MultiPoint""}"
17169,2021:1001147674,2021-06-19T12:50:00,DAVISVILLE AV,MOUNT PLEASANT RD,6 m West of,2,Non-Fatal Injury,At Intersection,Traffic Signal,Pedestrian Collision(internal code),Clear,Daylight,Dry,Major Arterial,true,-79.38692154470378,43.700235674031866,1,,South,2,23,Major,No Equipment Available,,,Crossing with right-of-way (intersection),Normal,,Driver turns left into pedestrian crossing with right-of-way (at intersection),,,,pedestrian,,Don Valley West (15),53 Division,Mount Pleasant East,false,true,false,false,false,false,true,false,false,true,"{""coordinates"": [[-79.38692154470378, 43.700235674031866]], ""type"": ""MultiPoint""}"
17170,2021:1001151188,2021-06-19T22:19:00,LAKE SHORE BLVD W,FORTY SECOND ST,,2,Fatal Injury,At Intersection,Stop Sign,Turning Movement,Clear,Dark with Artificial Lighting,Dry,Major Arterial,false,-79.54559816233929,43.589678385922426,,Automobile or Station Wagon,North,2,30,None,,Driving properly,Normal,,,Turning Left,,,,,driver,,Etobicoke-Lakeshore (3),22 Division,Long Branch,false,false,false,true,false,false,false,false,false,false,"{""coordinates"": [[-79.54559816233929, 43.589678385922426]], ""type"": ""MultiPoint""}"
17171,2021:1001151188,2021-06-19T22:19:00,LAKE SHORE BLVD W,FORTY SECOND ST,,2,Fatal Injury,At Intersection,Stop Sign,Turning Movement,Clear,Dark with Artificial Lighting,Dry,Major Arterial,false,-79.54559816233929,43.589678385922426,,Motorcycle,East,1,35,Fatal,,Other,Unknown,,,Going Ahead,,,,,motorcyclist,10,Etobicoke-Lakeshore (3),22 Division,Long Branch,false,false,false,true,false,false,false,false,false,false,"{""coordinates"": [[-79.54559816233929, 43.589678385922426]], ""type"": ""MultiPoint""}"
17172,2021:1001195784,2021-06-26T10:04:00,HUNTINGWOOD DR,COLINAYRE CRES,,1,Fatal Injury,At Intersection,No Control,SMV Other,Clear,Daylight,Dry,Minor Arterial,false,-79.29552875746501,43.79450435086516,,Motorcycle,East,1,55,Fatal,,Lost control,Unknown,,,Going Ahead,,,,,motorcyclist,13,Scarborough-Agincourt (22),42 Division,Tam O'Shanter-Sullivan,false,false,false,true,false,false,false,false,false,false,"{""coordinates"": [[-79.29552875746501, 43.79450435086516]], ""type"": ""MultiPoint""}"
17173,2021:1001241239,2021-07-02T17:11:00,JANE ST,WILSON AVE,5 m North of,3,Non-Fatal Injury,Intersection-Related,Traffic Signal,Pedestrian Collision(internal code),Clear,Daylight,Wet,Major Arterial,false,-79.50859530753263,43.72084282269161,1,,West,3,61,Major,No Equipment Available,,,Crossing without right-of-way (intersection),Inattentive,,Driver turns right into pedestrian crossing without right-of-way (at intersection),,,,pedestrian,,York Centre (6),31 Division,Oakdale-Beverley Heights,false,true,false,false,false,false,true,false,false,false,"{""coordinates"": [[-79.50859530753263, 43.72084282269161]], ""type"": ""MultiPoint""}"
17174,2021:1001241239,2021-07-02T17:11:00,JANE ST,WILSON AVE,5 m North of,3,Non-Fatal Injury,Intersection-Related,Traffic Signal,Pedestrian Collision(internal code),Clear,Daylight,Wet,Major Arterial,false,-79.50859530753263,43.72084282269161,1,Pickup Truck,West,1,34,None,Lap and Shoulder Belt,Driving properly,Normal,,,Turning Right,,,,,driver,,York Centre (6),31 Division,Oakdale-Beverley Heights,false,true,false,false,false,false,true,false,false,false,"{""coordinates"": [[-79.50859530753263, 43.72084282269161]], ""type"": ""MultiPoint""}"
17175,2021:1001241239,2021-07-02T17:11:00,JANE ST,WILSON AVE,5 m North of,3,Non-Fatal Injury,Intersection-Related,Traffic Signal,Pedestrian Collision(internal code),Clear,Daylight,Wet,Major Arterial,false,-79.50859530753263,43.72084282269161,1,,,2,58,None,Lap and Shoulder Belt,,,,,,,,,,passenger,,York Centre (6),31 Division,Oakdale-Beverley Heights,false,true,false,false,false,false,true,false,false,false,"{""coordinates"": [[-79.50859530753263, 43.72084282269161]], ""type"": ""MultiPoint""}"
17176,2021:1001246886,2021-07-03T14:40:00,RIPLEY AV,SOUTH KINGSWAY,4 m South of,2,Non-Fatal Injury,At Intersection,Stop Sign,Turning Movement,Clear,Daylight,Dry,Minor Arterial,false,-79.47507947160526,43.63676688896099,2,Motorcycle,North,2,46,Major,Helmet,Driving properly,Normal,,,Going Ahead,,,,,motorcyclist,,Parkdale-High Park (4),11 Division,High Park-Swansea,false,true,false,true,false,false,false,false,false,false,"{""coordinates"": [[-79.47507947160526, 43.63676688896099]], ""type"": ""MultiPoint""}"
17177,2021:1001246886,2021-07-03T14:40:00,RIPLEY AV,SOUTH KINGSWAY,4 m South of,2,Non-Fatal Injury,At Intersection,Stop Sign,Turning Movement,Clear,Daylight,Dry,Minor Arterial,false,-79.47507947160526,43.63676688896099,1,Automobile or Station Wagon,South,1,56,None,Lap and Shoulder Belt,Improper turn,Inattentive,,,Turning Left,,,,,driver,,Parkdale-High Park (4),11 Division,High Park-Swansea,false,true,false,true,false,false,false,false,false,false,"{""coordinates"": [[-79.47507947160526, 43.63676688896099]], ""type"": ""MultiPoint""}"
17178,2021:1001249614,2021-07-03T22:33:00,DON VALLEY PARKWAY S,GERRARD ST E,,2,Fatal Injury,Non-Intersection,No Control,Pedestrian Collision(internal code),Clear,Dark with Artificial Lighting,Dry,Expressway,false,-79.355259554864,43.66226414014931,,,West,1,19,Fatal,,,,Crossing - no traffic control,Unknown,,Driver hits pedestrian at midblock,,,,pedestrian,14,Toronto-Danforth (14),55 Division,South Riverdale,false,false,false,false,false,false,true,false,true,false,"{""coordinates"": [[-79.355259554864, 43.66226414014931]], ""type"": ""MultiPoint""}"
17179,2021:1001249614,2021-07-03T22:33:00,DON VALLEY PARKWAY S,GERRARD ST E,,2,Fatal Injury,Non-Intersection,No Control,Pedestrian Collision(internal code),Clear,Dark with Artificial Lighting,Dry,Expressway,false,-79.355259554864,43.66226414014931,,Automobile or Station Wagon,South,2,60,None,,Driving properly,Normal,,,Going Ahead,,,,,driver,,Toronto-Danforth (14),55 Division,South Riverdale,false,false,false,false,false,false,true,false,true,false,"{""coordinates"": [[-79.355259554864, 43.66226414014931]], ""type"": ""MultiPoint""}"
17180,2021:1001250454,2021-07-04T01:38:00,KINGSTON RD,SHEPPARD AVE E,,2,Fatal Injury,At Intersection,Traffic Signal,Angle,Clear,Dark with Artificial Lighting,Dry,Major Arterial,false,-79.14619077530368,43.798849138323334,,Municipal Transit Bus (TTC),North,2,61,None,,Driving properly,Normal,,,Going Ahead,,,,,driver,,Scarborough-Rouge Park (25),42 Division,Centennial Scarborough,true,false,false,false,false,false,false,true,false,true,"{""coordinates"": [[-79.14619077530368, 43.798849138323334]], ""type"": ""MultiPoint""}"
17181,2021:1001250454,2021-07-04T01:38:00,KINGSTON RD,SHEPPARD AVE E,,2,Fatal Injury,At Intersection,Traffic Signal,Angle,Clear,Dark with Artificial Lighting,Dry,Major Arterial,false,-79.14619077530368,43.798849138323334,,Automobile or Station Wagon,West,1,23,Fatal,,Disobeyed traffic control,Normal,,,Going Ahead,,,,,driver,15,Scarborough-Rouge Park (25),42 Division,Centennial Scarborough,true,false,false,false,false,false,false,true,false,true,"{""coordinates"": [[-79.14619077530368, 43.798849138323334]], ""type"": ""MultiPoint""}"
17182,2021:1001250737,2021-07-04T03:25:00,SHEPPARD AVE W,WILLIAM R ALLEN RD,,1,Fatal Injury,Non-Intersection,No Control,SMV Other,Clear,Dark,Dry,Major Arterial,false,-79.46540518178537,43.750273144612,,Motorcycle,East,1,32,Fatal,,Lost control,Inattentive,,,Going Ahead,,,,,motorcyclist,16,York Centre (6),32 Division,Downsview,false,true,false,true,false,false,false,false,false,false,"{""coordinates"": [[-79.46540518178537, 43.750273144612]], ""type"": ""MultiPoint""}"
17183,2021:1001268493,2021-07-06T14:55:00,GREENCEDAR CRCT,LAWRENCE AVE E,25 m South of,1,Non-Fatal Injury,Non-Intersection,No Control,Pedestrian Collision(internal code),Clear,Daylight,Dry,Collector,true,-79.23300580184136,43.75802050964191,1,,East,1,78,Major,Use Unknown,,,Crossing - no traffic control,Normal,,Driver hits pedestrian at midblock,,,,pedestrian,,Scarborough-Guildwood (24),43 Division,Golfdale-Cedarbrae-Woburn,false,false,false,false,false,true,true,false,false,false,"{""coordinates"": [[-79.23300580184136, 43.75802050964191]], ""type"": ""MultiPoint""}"
17184,2021:1001274605,2021-07-07T11:56:00,WOODMOUNT AVE,STRATHMORE BLVD,,2,Non-Fatal Injury,At Intersection,Stop Sign,Pedestrian Collision(internal code),Clear,Daylight,Dry,Local,false,-79.31557133640027,43.6858770570191,1,Pickup Truck,North,1,38,None,Use Unknown,Failed to yield right-of-way,Inattentive,,,Going Ahead,,,,,driver,,Beaches-East York (19),55 Division,Danforth,true,true,false,false,false,false,true,false,false,false,"{""coordinates"": [[-79.31557133640027, 43.6858770570191]], ""type"": ""MultiPoint""}"
17185,2021:1001274605,2021-07-07T11:56:00,WOODMOUNT AVE,STRATHMORE BLVD,,2,Non-Fatal Injury,At Intersection,Stop Sign,Pedestrian Collision(internal code),Clear,Daylight,Dry,Local,false,-79.31557133640027,43.6858770570191,1,,East,2,32,Major,No Equipment Available,,,Crossing with right-of-way (intersection),Normal,,Driver going straight hits pedestrian crossing with right-of-way (at intersection),,,,pedestrian,,Beaches-East York (19),55 Division,Danforth,true,true,false,false,false,false,true,false,false,false,"{""coordinates"": [[-79.31557133640027, 43.6858770570191]], ""type"": ""MultiPoint""}"
17186,2021:1001297899,2021-07-10T21:47:00,WINTERTON DR,LLOYD MANOR RD,,1,Fatal Injury,At Intersection,Stop Sign,SMV Other,Clear,Dark with Artificial Lighting,Dry,Collector,false,-79.55500506475188,43.671846931339125,,Automobile or Station Wagon,North,1,61,Fatal,,Lost control,Ability Impaired - Drugs,,,Going Ahead,,,,,driver,17,Etobicoke Centre (2),22 Division,Princess-Rosethorn,false,false,false,false,false,false,false,false,false,false,"{""coordinates"": [[-79.55500506475188, 43.671846931339125]], ""type"": ""MultiPoint""}"
17187,2021:1001311707,2021-07-13T07:45:00,GERRARD ST E,HORTICULTURAL AVE,5 m East of,2,Non-Fatal Injury,Intersection-Related,Stop Sign,Cyclist Collision,Clear,Daylight,Dry,Minor Arterial,false,-79.37469929203526,43.66060859014792,1,Bicycle,South,1,77,Major,No Equipment Available,,,,,Going Ahead,,"Cyclist without right-of-way rides into path of driver (at intersection, laneway, or driveway)",Improper Passing,Inattentive,cyclist,,Toronto Centre (13),51 Division,Moss Park,false,true,true,false,false,true,false,false,false,false,"{""coordinates"": [[-79.37469929203526, 43.66060859014792]], ""type"": ""MultiPoint""}"
17188,2021:1001311707,2021-07-13T07:45:00,GERRARD ST E,HORTICULTURAL AVE,5 m East of,2,Non-Fatal Injury,Intersection-Related,Stop Sign,Cyclist Collision,Clear,Daylight,Dry,Minor Arterial,false,-79.37469929203526,43.66060859014792,2,Automobile or Station Wagon,East,2,52,None,Use Unknown,Driving properly,Normal,,,Going Ahead,,,,,driver,,Toronto Centre (13),51 Division,Moss Park,false,true,true,false,false,true,false,false,false,false,"{""coordinates"": [[-79.37469929203526, 43.66060859014792]], ""type"": ""MultiPoint""}"