_id,collision_id,accdate,stname1,stname2,stname3,per_inv,acclass,accloc,traffictl,impactype,visible,light,rdsfcond,road_class,failtorem,longitude,latitude,veh_no,vehtype,initdir,per_no,invage,injury,safequip,drivact,drivcond,pedact,pedcond,manoeuvre,pedtype,cyclistype,cycact,cyccond,road_user,fatal_no,wardname,division,neighbourhood,aggressive,distracted,cyclist,motorcyclist,other_micromobility,older_adult,pedestrian,red_light,school_child,heavy_truck,geometry
17189,2021:1001321784,2021-07-14T14:40:00,DON MILLS RD,GREEN BELT DR,270 m North of,2,Non-Fatal Injury,Non-Intersection,No Control,Pedestrian Collision(internal code),Clear,Daylight,Dry,Major Arterial,false,-79.34152652243408,43.730016949915566,1,,East,2,17,Major,No Equipment Available,,,Crossing - no traffic control,Medical or Physical Disability,,Driver hits pedestrian at midblock,,,,pedestrian,,Don Valley East (16),33 Division,Banbury-Don Mills,false,false,false,false,false,true,true,false,true,false,"{""coordinates"": [[-79.34152652243408, 43.730016949915566]], ""type"": ""MultiPoint""}"
17190,2021:1001321784,2021-07-14T14:40:00,DON MILLS RD,GREEN BELT DR,270 m North of,2,Non-Fatal Injury,Non-Intersection,No Control,Pedestrian Collision(internal code),Clear,Daylight,Dry,Major Arterial,false,-79.34152652243408,43.730016949915566,1,Automobile or Station Wagon,North,1,72,None,Lap and Shoulder Belt,Driving properly,Normal,,,Going Ahead,,,,,driver,,Don Valley East (16),33 Division,Banbury-Don Mills,false,false,false,false,false,true,true,false,true,false,"{""coordinates"": [[-79.34152652243408, 43.730016949915566]], ""type"": ""MultiPoint""}"
17191,2021:1001358291,2021-07-19T17:40:00,5231 YONGE ST,ELLERSLIE AVE,64 m South of,2,Non-Fatal Injury,Non-Intersection,No Control,Cyclist Collision,Clear,Daylight,Dry,Major Arterial,false,-79.41341074701506,43.77139887076936,2,Automobile or Station Wagon,South,2,47,None,Use Unknown,Driving properly,Unknown,,,Stopped,,,,,driver,,Willowdale (18),32 Division,Yonge-Doris,false,false,true,false,false,false,false,false,false,false,"{""coordinates"": [[-79.41341074701506, 43.77139887076936]], ""type"": ""MultiPoint""}"
17192,2021:1001358291,2021-07-19T17:40:00,5231 YONGE ST,ELLERSLIE AVE,64 m South of,2,Non-Fatal Injury,Non-Intersection,No Control,Cyclist Collision,Clear,Daylight,Dry,Major Arterial,false,-79.41341074701506,43.77139887076936,1,Bicycle,South,1,32,Major,Use Unknown,,,,,Going Ahead,,Rear end with cyclist and driver travelling in same direction,Lost control,Unknown,cyclist,,Willowdale (18),32 Division,Yonge-Doris,false,false,true,false,false,false,false,false,false,false,"{""coordinates"": [[-79.41341074701506, 43.77139887076936]], ""type"": ""MultiPoint""}"
17193,2021:1001358898,2021-07-19T19:15:00,RIDELLE AVE,TIMES RD,5 m East of,2,Non-Fatal Injury,At Intersection,Stop Sign,Pedestrian Collision(internal code),Clear,Daylight,Dry,Local,false,-79.44672084364473,43.702730566776175,1,,South,2,78,Major,No Equipment Available,,,Crossing with right-of-way (intersection),Normal,,Driver going straight hits pedestrian crossing with right-of-way (at intersection),,,,pedestrian,,Eglinton-Lawrence (8),13 Division,Briar Hill-Belgravia,true,false,false,false,false,true,true,false,false,true,"{""coordinates"": [[-79.44672084364473, 43.702730566776175]], ""type"": ""MultiPoint""}"
17194,2021:1001360205,2021-07-19T23:43:00,DIXON RD,ST PHILLIPS RD,8 m East of,2,Non-Fatal Injury,Intersection-Related,No Control,Pedestrian Collision(internal code),Clear,Dark with Artificial Lighting,Dry,Major Arterial,false,-79.53423014478966,43.69975140206797,1,,South,2,53,Major,Use Unknown,,,Running onto roadway,Inattentive,,Driver going straight hits pedestrian crossing without right-of-way (at intersection),,,,pedestrian,,Etobicoke Centre (2),23 Division,Humber Heights-Westmount,false,true,false,false,false,false,true,false,false,false,"{""coordinates"": [[-79.53423014478966, 43.69975140206797]], ""type"": ""MultiPoint""}"
17195,2021:1001360205,2021-07-19T23:43:00,DIXON RD,ST PHILLIPS RD,8 m East of,2,Non-Fatal Injury,Intersection-Related,No Control,Pedestrian Collision(internal code),Clear,Dark with Artificial Lighting,Dry,Major Arterial,false,-79.53423014478966,43.69975140206797,1,Automobile or Station Wagon,East,1,60,None,Lap and Shoulder Belt,Driving properly,Normal,,,Going Ahead,,,,,driver,,Etobicoke Centre (2),23 Division,Humber Heights-Westmount,false,true,false,false,false,false,true,false,false,false,"{""coordinates"": [[-79.53423014478966, 43.69975140206797]], ""type"": ""MultiPoint""}"
17196,2021:1001364901,2021-07-20T16:11:00,CARLINGVIEW DR,CONSTELLATION CRT,,2,Fatal Injury,At Intersection,No Control,SMV Other,Clear,Daylight,Dry,Major Arterial,false,-79.59731770587555,43.690687760258534,,Automobile or Station Wagon,South,1,65,Fatal,,Lost control,Unknown,,,Going Ahead,,,,,driver,20,Etobicoke North (1),23 Division,West Humber-Clairville,false,false,false,false,false,true,false,false,false,false,"{""coordinates"": [[-79.59731770587555, 43.690687760258534]], ""type"": ""MultiPoint""}"
17197,2021:1001364901,2021-07-20T16:11:00,CARLINGVIEW DR,CONSTELLATION CRT,,2,Fatal Injury,At Intersection,No Control,SMV Other,Clear,Daylight,Dry,Major Arterial,false,-79.59731770587555,43.690687760258534,,,,2,65,Fatal,,,,,,,,,,,passenger,19,Etobicoke North (1),23 Division,West Humber-Clairville,false,false,false,false,false,true,false,false,false,false,"{""coordinates"": [[-79.59731770587555, 43.690687760258534]], ""type"": ""MultiPoint""}"
17198,2021:1001373443,2021-07-21T19:37:00,27 S 427 C S RAMP,HIGHWAY 401 X E,,4,Fatal Injury,Non-Intersection,No Control,Rear End,Clear,Daylight,Dry,Expressway Ramp,false,-79.57796956150418,43.67742785767569,,,,4,37,Minimal,,,,,,,,,,,passenger,,Etobicoke North (1),23 Division,West Humber-Clairville,true,false,false,false,false,false,false,false,false,false,"{""coordinates"": [[-79.57796956150418, 43.67742785767569]], ""type"": ""MultiPoint""}"
17199,2021:1001373443,2021-07-21T19:37:00,27 S 427 C S RAMP,HIGHWAY 401 X E,,4,Fatal Injury,Non-Intersection,No Control,Rear End,Clear,Daylight,Dry,Expressway Ramp,false,-79.57796956150418,43.67742785767569,,Automobile or Station Wagon,South,2,38,Minimal,,Exceeding speed limit,Normal,,,Going Ahead,,,,,driver,,Etobicoke North (1),23 Division,West Humber-Clairville,true,false,false,false,false,false,false,false,false,false,"{""coordinates"": [[-79.57796956150418, 43.67742785767569]], ""type"": ""MultiPoint""}"
17200,2021:1001373443,2021-07-21T19:37:00,27 S 427 C S RAMP,HIGHWAY 401 X E,,4,Fatal Injury,Non-Intersection,No Control,Rear End,Clear,Daylight,Dry,Expressway Ramp,false,-79.57796956150418,43.67742785767569,,,,1,37,Fatal,,,,,,,,,,,passenger,21,Etobicoke North (1),23 Division,West Humber-Clairville,true,false,false,false,false,false,false,false,false,false,"{""coordinates"": [[-79.57796956150418, 43.67742785767569]], ""type"": ""MultiPoint""}"
17201,2021:1001373443,2021-07-21T19:37:00,27 S 427 C S RAMP,HIGHWAY 401 X E,,4,Fatal Injury,Non-Intersection,No Control,Rear End,Clear,Daylight,Dry,Expressway Ramp,false,-79.57796956150418,43.67742785767569,,Automobile or Station Wagon,South,3,39,None,,Driving properly,Normal,,,Going Ahead,,,,,driver,,Etobicoke North (1),23 Division,West Humber-Clairville,true,false,false,false,false,false,false,false,false,false,"{""coordinates"": [[-79.57796956150418, 43.67742785767569]], ""type"": ""MultiPoint""}"
17202,2021:1001375642,2021-07-22T06:24:00,1854 EGLINTON AVE W,1854 EGLINTON AVE W,,2,Non-Fatal Injury,At Intersection,Stop Sign,SMV Other,Clear,Daylight,Dry,Major Arterial,false,-79.45126798358386,43.69542543053605,1,Automobile or Station Wagon,West,1,27,None,Lap and Shoulder Belt,Driving properly,Normal,,,Going Ahead,,,,,driver,,Davenport (9),13 Division,Caledonia-Fairbank,false,true,false,false,false,false,true,false,false,false,"{""coordinates"": [[-79.45126798358386, 43.69542543053605]], ""type"": ""MultiPoint""}"
17203,2021:1001375642,2021-07-22T06:24:00,1854 EGLINTON AVE W,1854 EGLINTON AVE W,,2,Non-Fatal Injury,At Intersection,Stop Sign,SMV Other,Clear,Daylight,Dry,Major Arterial,false,-79.45126798358386,43.69542543053605,1,,South,2,25,Major,No Equipment Available,,,Crossing without right-of-way (intersection),Inattentive,Going Ahead,,,,,pedestrian,,Davenport (9),13 Division,Caledonia-Fairbank,false,true,false,false,false,false,true,false,false,false,"{""coordinates"": [[-79.45126798358386, 43.69542543053605]], ""type"": ""MultiPoint""}"
17204,2021:1001385290,2021-07-23T13:35:00,VICTORIA PARK AVE,EDGE PARK AVE,19 m North of,3,Non-Fatal Injury,Non-Intersection,No Control,Pedestrian Collision(internal code),Clear,Daylight,Dry,Major Arterial,false,-79.29988523020064,43.71808070846621,0,,East,3,20,Major,No Equipment Available,,,Running onto roadway,Inattentive,,Driver hits pedestrian at midblock,,,,pedestrian,,Beaches-East York (19),55 Division,Victoria Village,false,true,false,false,false,false,true,false,false,false,"{""coordinates"": [[-79.29988523020064, 43.71808070846621]], ""type"": ""MultiPoint""}"
17205,2021:1001385290,2021-07-23T13:35:00,VICTORIA PARK AVE,EDGE PARK AVE,19 m North of,3,Non-Fatal Injury,Non-Intersection,No Control,Pedestrian Collision(internal code),Clear,Daylight,Dry,Major Arterial,false,-79.29988523020064,43.71808070846621,1,Pickup Truck,North,1,36,None,Lap and Shoulder Belt,Driving properly,Normal,,,Going Ahead,,,,,driver,,Beaches-East York (19),55 Division,Victoria Village,false,true,false,false,false,false,true,false,false,false,"{""coordinates"": [[-79.29988523020064, 43.71808070846621]], ""type"": ""MultiPoint""}"
17206,2021:1001385290,2021-07-23T13:35:00,VICTORIA PARK AVE,EDGE PARK AVE,19 m North of,3,Non-Fatal Injury,Non-Intersection,No Control,Pedestrian Collision(internal code),Clear,Daylight,Dry,Major Arterial,false,-79.29988523020064,43.71808070846621,1,Pickup Truck,,2,39,None,Lap and Shoulder Belt,,,,,,,,,,passenger,,Beaches-East York (19),55 Division,Victoria Village,false,true,false,false,false,false,true,false,false,false,"{""coordinates"": [[-79.29988523020064, 43.71808070846621]], ""type"": ""MultiPoint""}"
17207,2021:1001386663,2021-07-23T16:55:00,ALBION RD,FINCH AV W,200 m West of,2,Non-Fatal Injury,At/Near Private Drive,No Control,Turning Movement,Clear,Daylight,Dry,Major Arterial,false,-79.59160318615595,43.741526193476616,2,Automobile or Station Wagon,East,2,50,None,Lap and Shoulder Belt,Driving properly,Normal,,,Going Ahead,,,,,driver,,Etobicoke North (1),23 Division,Mount Olive-Silverstone-Jamestown,true,false,false,false,false,false,false,false,false,false,"{""coordinates"": [[-79.59160318615595, 43.741526193476616]], ""type"": ""MultiPoint""}"
17208,2021:1001386663,2021-07-23T16:55:00,ALBION RD,FINCH AV W,200 m West of,2,Non-Fatal Injury,At/Near Private Drive,No Control,Turning Movement,Clear,Daylight,Dry,Major Arterial,false,-79.59160318615595,43.741526193476616,1,Automobile or Station Wagon,North,1,50,Major,Lap and Shoulder Belt,Failed to yield right-of-way,Normal,,,Turning Left,,,,,driver,,Etobicoke North (1),23 Division,Mount Olive-Silverstone-Jamestown,true,false,false,false,false,false,false,false,false,false,"{""coordinates"": [[-79.59160318615595, 43.741526193476616]], ""type"": ""MultiPoint""}"
17209,2021:1001388501,2021-07-23T21:10:00,2472 KINGSTON RD,,120 M WEST OF MIDLAND AVE,2,Fatal Injury,Non-Intersection,,Pedestrian Collision(internal code),Clear,Dark with Artificial Lighting,Dry,Major Arterial,false,-79.24901997664236,43.709795118184324,,Automobile or Station Wagon,West,2,24,None,,Exceeding speed limit,Normal,,,Going Ahead,,,,,driver,,Scarborough Southwest (20),41 Division,Birchcliffe-Cliffside,true,true,false,false,false,true,true,false,false,false,"{""coordinates"": [[-79.24901997664236, 43.709795118184324]], ""type"": ""MultiPoint""}"
17210,2021:1001388501,2021-07-23T21:10:00,2472 KINGSTON RD,,120 M WEST OF MIDLAND AVE,2,Fatal Injury,Non-Intersection,,Pedestrian Collision(internal code),Clear,Dark with Artificial Lighting,Dry,Major Arterial,false,-79.24901997664236,43.709795118184324,,,Unknown,1,71,Fatal,,,,Crossing - no traffic control,Inattentive,,Driver hits pedestrian at midblock,,,,pedestrian,22,Scarborough Southwest (20),41 Division,Birchcliffe-Cliffside,true,true,false,false,false,true,true,false,false,false,"{""coordinates"": [[-79.24901997664236, 43.709795118184324]], ""type"": ""MultiPoint""}"
17211,2021:1001392111,2021-07-24T13:11:00,ROYAL YORK RD,BLOOR ST W,,2,Non-Fatal Injury,At Intersection,Traffic Signal,Pedestrian Collision(internal code),Rain,Daylight,Wet,Major Arterial,true,-79.51132677001898,43.64729168517138,1,Pickup Truck,South,1,48,None,Use Unknown,Failed to yield right-of-way,Normal,,,Turning Right,,,,,driver,,Etobicoke-Lakeshore (3),22 Division,Stonegate-Queensway,true,false,false,false,false,false,true,false,false,false,"{""coordinates"": [[-79.51132677001898, 43.64729168517138]], ""type"": ""MultiPoint""}"
17212,2021:1001392111,2021-07-24T13:11:00,ROYAL YORK RD,BLOOR ST W,,2,Non-Fatal Injury,At Intersection,Traffic Signal,Pedestrian Collision(internal code),Rain,Daylight,Wet,Major Arterial,true,-79.51132677001898,43.64729168517138,1,,South,2,58,Major,Use Unknown,,,Crossing with right-of-way (intersection),Normal,,Driver turns right into pedestrian crossing with right-of-way (at intersection),,,,pedestrian,,Etobicoke-Lakeshore (3),22 Division,Stonegate-Queensway,true,false,false,false,false,false,true,false,false,false,"{""coordinates"": [[-79.51132677001898, 43.64729168517138]], ""type"": ""MultiPoint""}"
17213,2021:1001394967,2021-07-24T21:37:00,WILLIAM R ALLEN RD N,WILSON AVE,,7,Non-Fatal Injury,Intersection-Related,No Control,Rear End,Rain,Dark with Artificial Lighting,Wet,,false,-79.44966574198861,43.73398055902056,2,,,6,36,Minor,Equipment Not Used But Available,,,,,,,,,,passenger,,York Centre (6),32 Division,Clanton Park,true,true,false,false,false,false,false,false,true,false,"{""coordinates"": [[-79.44966574198861, 43.73398055902056]], ""type"": ""MultiPoint""}"
17214,2021:1001394967,2021-07-24T21:37:00,WILLIAM R ALLEN RD N,WILSON AVE,,7,Non-Fatal Injury,Intersection-Related,No Control,Rear End,Rain,Dark with Artificial Lighting,Wet,,false,-79.44966574198861,43.73398055902056,2,,,5,31,Minor,Air Bag Deployed,,,,,,,,,,passenger,,York Centre (6),32 Division,Clanton Park,true,true,false,false,false,false,false,false,true,false,"{""coordinates"": [[-79.44966574198861, 43.73398055902056]], ""type"": ""MultiPoint""}"
17215,2021:1001394967,2021-07-24T21:37:00,WILLIAM R ALLEN RD N,WILSON AVE,,7,Non-Fatal Injury,Intersection-Related,No Control,Rear End,Rain,Dark with Artificial Lighting,Wet,,false,-79.44966574198861,43.73398055902056,1,,,3,18,None,Lap and Shoulder Belt,,,,,,,,,,passenger,,York Centre (6),32 Division,Clanton Park,true,true,false,false,false,false,false,false,true,false,"{""coordinates"": [[-79.44966574198861, 43.73398055902056]], ""type"": ""MultiPoint""}"
17216,2021:1001394967,2021-07-24T21:37:00,WILLIAM R ALLEN RD N,WILSON AVE,,7,Non-Fatal Injury,Intersection-Related,No Control,Rear End,Rain,Dark with Artificial Lighting,Wet,,false,-79.44966574198861,43.73398055902056,2,,,7,38,Major,Equipment Not Used But Available,,,,,,,,,,passenger,,York Centre (6),32 Division,Clanton Park,true,true,false,false,false,false,false,false,true,false,"{""coordinates"": [[-79.44966574198861, 43.73398055902056]], ""type"": ""MultiPoint""}"
17217,2021:1001394967,2021-07-24T21:37:00,WILLIAM R ALLEN RD N,WILSON AVE,,7,Non-Fatal Injury,Intersection-Related,No Control,Rear End,Rain,Dark with Artificial Lighting,Wet,,false,-79.44966574198861,43.73398055902056,2,Automobile or Station Wagon,North,2,30,Major,Air Bag Deployed,Driving properly,Normal,,,Going Ahead,,,,,driver,,York Centre (6),32 Division,Clanton Park,true,true,false,false,false,false,false,false,true,false,"{""coordinates"": [[-79.44966574198861, 43.73398055902056]], ""type"": ""MultiPoint""}"
17218,2021:1001394967,2021-07-24T21:37:00,WILLIAM R ALLEN RD N,WILSON AVE,,7,Non-Fatal Injury,Intersection-Related,No Control,Rear End,Rain,Dark with Artificial Lighting,Wet,,false,-79.44966574198861,43.73398055902056,1,,,4,18,None,Lap and Shoulder Belt,,,,,,,,,,passenger,,York Centre (6),32 Division,Clanton Park,true,true,false,false,false,false,false,false,true,false,"{""coordinates"": [[-79.44966574198861, 43.73398055902056]], ""type"": ""MultiPoint""}"
17219,2021:1001394967,2021-07-24T21:37:00,WILLIAM R ALLEN RD N,WILSON AVE,,7,Non-Fatal Injury,Intersection-Related,No Control,Rear End,Rain,Dark with Artificial Lighting,Wet,,false,-79.44966574198861,43.73398055902056,1,Automobile or Station Wagon,North,1,24,None,Lap and Shoulder Belt,Failed to yield right-of-way,Inattentive,,,Going Ahead,,,,,driver,,York Centre (6),32 Division,Clanton Park,true,true,false,false,false,false,false,false,true,false,"{""coordinates"": [[-79.44966574198861, 43.73398055902056]], ""type"": ""MultiPoint""}"
17220,2021:1001400939,2021-07-25T19:22:00,52 HOLLAND AVE,VICTORIA PARK AVE,22 m West of,2,Non-Fatal Injury,At/Near Private Drive,No Control,Angle,Clear,Daylight,Dry,Local,false,-79.29936643354748,43.7157232249428,1,Automobile or Station Wagon,West,2,60,Major,Use Unknown,Other,Normal,,,Stopped,,,,,driver,,Beaches-East York (19),55 Division,O'Connor-Parkview,false,false,false,false,false,false,false,false,false,false,"{""coordinates"": [[-79.29936643354748, 43.7157232249428]], ""type"": ""MultiPoint""}"
17221,2021:1001400939,2021-07-25T19:22:00,52 HOLLAND AVE,VICTORIA PARK AVE,22 m West of,2,Non-Fatal Injury,At/Near Private Drive,No Control,Angle,Clear,Daylight,Dry,Local,false,-79.29936643354748,43.7157232249428,1,Automobile or Station Wagon,South,1,47,None,Lap and Shoulder Belt,Other,Normal,,,Reversing,,,,,driver,,Beaches-East York (19),55 Division,O'Connor-Parkview,false,false,false,false,false,false,false,false,false,false,"{""coordinates"": [[-79.29936643354748, 43.7157232249428]], ""type"": ""MultiPoint""}"
17222,2021:1001402939,2021-07-26T04:00:00,OAKWOOD AVE,ROGERS RD,,4,Non-Fatal Injury,At Intersection,Traffic Signal,Turning Movement,Clear,Dark with Artificial Lighting,Dry,Minor Arterial,true,-79.43865658527884,43.68705978490619,1,,,3,21,Minimal,Lap Belt Only of Combined Assembly,,,,,,,,,,passenger,,Toronto-St. Paul's (12),13 Division,Oakwood Village,false,false,false,false,false,false,false,false,false,false,"{""coordinates"": [[-79.43865658527884, 43.68705978490619]], ""type"": ""MultiPoint""}"
17223,2021:1001402939,2021-07-26T04:00:00,OAKWOOD AVE,ROGERS RD,,4,Non-Fatal Injury,At Intersection,Traffic Signal,Turning Movement,Clear,Dark with Artificial Lighting,Dry,Minor Arterial,true,-79.43865658527884,43.68705978490619,2,Automobile or Station Wagon,North,2,27,Major,Lap Belt Only of Combined Assembly,Driving properly,Had Been Drinking,,,Going Ahead,,,,,driver,,Toronto-St. Paul's (12),13 Division,Oakwood Village,false,false,false,false,false,false,false,false,false,false,"{""coordinates"": [[-79.43865658527884, 43.68705978490619]], ""type"": ""MultiPoint""}"
17224,2021:1002036399,2021-10-22T23:19:00,WILSON AV,ALLINGHAM GS,,6,Non-Fatal Injury,Intersection-Related,Traffic Signal,Approaching Head On,Clear,Dark with Artificial Lighting,Dry,Major Arterial,false,-79.44263905483798,43.73557890760017,1,,,3,18,Major,Use Unknown,,,,,,,,,,passenger,,York Centre (6),32 Division,Clanton Park,false,true,false,false,false,false,false,false,true,true,"{""coordinates"": [[-79.44263905483798, 43.73557890760017]], ""type"": ""MultiPoint""}"
17225,2021:1001402939,2021-07-26T04:00:00,OAKWOOD AVE,ROGERS RD,,4,Non-Fatal Injury,At Intersection,Traffic Signal,Turning Movement,Clear,Dark with Artificial Lighting,Dry,Minor Arterial,true,-79.43865658527884,43.68705978490619,2,,,4,22,Minimal,Lap Belt Only of Combined Assembly,,,,,,,,,,passenger,,Toronto-St. Paul's (12),13 Division,Oakwood Village,false,false,false,false,false,false,false,false,false,false,"{""coordinates"": [[-79.43865658527884, 43.68705978490619]], ""type"": ""MultiPoint""}"
17226,2021:1001402939,2021-07-26T04:00:00,OAKWOOD AVE,ROGERS RD,,4,Non-Fatal Injury,At Intersection,Traffic Signal,Turning Movement,Clear,Dark with Artificial Lighting,Dry,Minor Arterial,true,-79.43865658527884,43.68705978490619,1,Automobile or Station Wagon,South,1,21,Minor,Lap Belt Only of Combined Assembly,Improper turn,Unknown,,,Making U-Turn,,,,,driver,,Toronto-St. Paul's (12),13 Division,Oakwood Village,false,false,false,false,false,false,false,false,false,false,"{""coordinates"": [[-79.43865658527884, 43.68705978490619]], ""type"": ""MultiPoint""}"
17227,2021:1001406643,2021-07-26T15:32:00,FRONT ST W,SPADINA AVE,,2,Non-Fatal Injury,At Intersection,Traffic Controller,SMV Other,Clear,Daylight,Dry,Major Arterial,false,-79.39390254294587,43.64267191606724,1,,South,2,56,Major,Use Unknown,,,Crossing without right-of-way (intersection),Had Been Drinking,Going Ahead,,,,,pedestrian,,Spadina-Fort York (10),14 Division,Harbourfront-CityPlace,false,false,false,false,false,true,true,false,false,false,"{""coordinates"": [[-79.39390254294587, 43.64267191606724]], ""type"": ""MultiPoint""}"
17228,2021:1001406643,2021-07-26T15:32:00,FRONT ST W,SPADINA AVE,,2,Non-Fatal Injury,At Intersection,Traffic Controller,SMV Other,Clear,Daylight,Dry,Major Arterial,false,-79.39390254294587,43.64267191606724,1,Automobile or Station Wagon,West,1,65,None,Lap and Shoulder Belt,Driving properly,Normal,,,Going Ahead,,,,,driver,,Spadina-Fort York (10),14 Division,Harbourfront-CityPlace,false,false,false,false,false,true,true,false,false,false,"{""coordinates"": [[-79.39390254294587, 43.64267191606724]], ""type"": ""MultiPoint""}"
17229,2021:1001428194,2021-07-29T15:22:00,751 KIPLING AVE,,JUTLAND RD,2,Fatal Injury,At/Near Private Drive,No Control,Turning Movement,Clear,Daylight,Dry,Major Arterial,false,-79.52927116648206,43.62730651872884,,Motorcycle,North,1,37,Fatal,,Exceeding speed limit,Unknown,,,Going Ahead,,,,,motorcyclist,23,Etobicoke-Lakeshore (3),22 Division,Etobicoke City Centre,true,true,false,true,false,false,false,false,true,false,"{""coordinates"": [[-79.52927116648206, 43.62730651872884]], ""type"": ""MultiPoint""}"
17230,2021:1001428194,2021-07-29T15:22:00,751 KIPLING AVE,,JUTLAND RD,2,Fatal Injury,At/Near Private Drive,No Control,Turning Movement,Clear,Daylight,Dry,Major Arterial,false,-79.52927116648206,43.62730651872884,,Automobile or Station Wagon,West,2,17,None,,Failed to yield right-of-way,Inattentive,,,Turning Left,,,,,driver,,Etobicoke-Lakeshore (3),22 Division,Etobicoke City Centre,true,true,false,true,false,false,false,false,true,false,"{""coordinates"": [[-79.52927116648206, 43.62730651872884]], ""type"": ""MultiPoint""}"
17231,2021:1001438929,2021-07-31T00:36:00,F G GARDINER XY E,LOWER JARVIS ST,30 m West of,4,Non-Fatal Injury,Non-Intersection,No Control,Rear End,Clear,Dark with Artificial Lighting,Dry,Expressway,false,-79.37039632758149,43.64563589995099,2,Automobile or Station Wagon,East,2,50,None,Lap and Shoulder Belt,Driving properly,Normal,,,Going Ahead,,,,,driver,,Spadina-Fort York (10),51 Division,St Lawrence-East Bayfront-The Islands,true,true,false,true,false,false,false,false,true,false,"{""coordinates"": [[-79.37039632758149, 43.64563589995099]], ""type"": ""MultiPoint""}"
17232,2021:1001438929,2021-07-31T00:36:00,F G GARDINER XY E,LOWER JARVIS ST,30 m West of,4,Non-Fatal Injury,Non-Intersection,No Control,Rear End,Clear,Dark with Artificial Lighting,Dry,Expressway,false,-79.37039632758149,43.64563589995099,1,Motorcycle,East,1,35,Major,Use Unknown,Speed too fast for conditions,Inattentive,,,Going Ahead,,,,,motorcyclist,,Spadina-Fort York (10),51 Division,St Lawrence-East Bayfront-The Islands,true,true,false,true,false,false,false,false,true,false,"{""coordinates"": [[-79.37039632758149, 43.64563589995099]], ""type"": ""MultiPoint""}"
17233,2021:1001438929,2021-07-31T00:36:00,F G GARDINER XY E,LOWER JARVIS ST,30 m West of,4,Non-Fatal Injury,Non-Intersection,No Control,Rear End,Clear,Dark with Artificial Lighting,Dry,Expressway,false,-79.37039632758149,43.64563589995099,2,Automobile or Station Wagon,East,3,50,None,Lap and Shoulder Belt,,,,,Going Ahead,,,,,passenger,,Spadina-Fort York (10),51 Division,St Lawrence-East Bayfront-The Islands,true,true,false,true,false,false,false,false,true,false,"{""coordinates"": [[-79.37039632758149, 43.64563589995099]], ""type"": ""MultiPoint""}"
17234,2021:1001438929,2021-07-31T00:36:00,F G GARDINER XY E,LOWER JARVIS ST,30 m West of,4,Non-Fatal Injury,Non-Intersection,No Control,Rear End,Clear,Dark with Artificial Lighting,Dry,Expressway,false,-79.37039632758149,43.64563589995099,2,Automobile or Station Wagon,East,4,19,None,Lap and Shoulder Belt,,,,,Going Ahead,,,,,passenger,,Spadina-Fort York (10),51 Division,St Lawrence-East Bayfront-The Islands,true,true,false,true,false,false,false,false,true,false,"{""coordinates"": [[-79.37039632758149, 43.64563589995099]], ""type"": ""MultiPoint""}"
17235,2021:1001445870,2021-08-01T00:54:00,LAKE SHORE BLVD W,BATHURST ST,,3,Non-Fatal Injury,At Intersection,Traffic Signal,Angle,Clear,Dark with Artificial Lighting,Dry,Major Arterial,false,-79.39960935119551,43.63638530515882,2,Automobile or Station Wagon,West,2,41,Major,Lap and Shoulder Belt,Disobeyed traffic control,Other Condition,,,Going Ahead,,,,,driver,,Spadina-Fort York (10),14 Division,Fort York-Liberty Village,true,false,false,false,false,false,false,true,false,false,"{""coordinates"": [[-79.39960935119551, 43.63638530515882]], ""type"": ""MultiPoint""}"
17236,2021:1001445870,2021-08-01T00:54:00,LAKE SHORE BLVD W,BATHURST ST,,3,Non-Fatal Injury,At Intersection,Traffic Signal,Angle,Clear,Dark with Artificial Lighting,Dry,Major Arterial,false,-79.39960935119551,43.63638530515882,1,Automobile or Station Wagon,North,1,33,Minimal,Lap and Shoulder Belt,Other,Normal,,,Going Ahead,,,,,driver,,Spadina-Fort York (10),14 Division,Fort York-Liberty Village,true,false,false,false,false,false,false,true,false,false,"{""coordinates"": [[-79.39960935119551, 43.63638530515882]], ""type"": ""MultiPoint""}"
17237,2021:1001445870,2021-08-01T00:54:00,LAKE SHORE BLVD W,BATHURST ST,,3,Non-Fatal Injury,At Intersection,Traffic Signal,Angle,Clear,Dark with Artificial Lighting,Dry,Major Arterial,false,-79.39960935119551,43.63638530515882,1,Automobile or Station Wagon,North,3,31,Minimal,Lap and Shoulder Belt,,,,,Going Ahead,,,,,passenger,,Spadina-Fort York (10),14 Division,Fort York-Liberty Village,true,false,false,false,false,false,false,true,false,false,"{""coordinates"": [[-79.39960935119551, 43.63638530515882]], ""type"": ""MultiPoint""}"
17238,2021:1001452685,2021-08-02T05:30:00,WESTON RD,ROGERS RD,38 m South of,2,Non-Fatal Injury,At/Near Private Drive,No Control,Turning Movement,Clear,Dawn with Artificial Lighting,Dry,Major Arterial Ramp,false,-79.47646031555539,43.68131872090954,2,Motorcycle,South,2,39,Major,Helmet,Exceeding speed limit,Normal,,,Going Ahead,,,,,motorcyclist,,York South-Weston (5),12 Division,Rockcliffe-Smythe,true,false,false,true,false,true,false,false,false,false,"{""coordinates"": [[-79.47646031555539, 43.68131872090954]], ""type"": ""MultiPoint""}"
17239,2021:1001452685,2021-08-02T05:30:00,WESTON RD,ROGERS RD,38 m South of,2,Non-Fatal Injury,At/Near Private Drive,No Control,Turning Movement,Clear,Dawn with Artificial Lighting,Dry,Major Arterial Ramp,false,-79.47646031555539,43.68131872090954,1,Automobile or Station Wagon,North,1,70,None,Lap and Shoulder Belt,Improper turn,Normal,,,Turning Left,,,,,driver,,York South-Weston (5),12 Division,Rockcliffe-Smythe,true,false,false,true,false,true,false,false,false,false,"{""coordinates"": [[-79.47646031555539, 43.68131872090954]], ""type"": ""MultiPoint""}"