_id,collision_id,accdate,stname1,stname2,stname3,per_inv,acclass,accloc,traffictl,impactype,visible,light,rdsfcond,road_class,failtorem,longitude,latitude,veh_no,vehtype,initdir,per_no,invage,injury,safequip,drivact,drivcond,pedact,pedcond,manoeuvre,pedtype,cyclistype,cycact,cyccond,road_user,fatal_no,wardname,division,neighbourhood,aggressive,distracted,cyclist,motorcyclist,other_micromobility,older_adult,pedestrian,red_light,school_child,heavy_truck,geometry
17633,2022:2000627947,2022-04-05T01:25:00,LANSDOWNE AVE,LAPPIN AVE,,2,Fatal Injury,Non-Intersection,No Control,Pedestrian Collision(internal code),Clear,Dark with Artificial Lighting,Dry,Minor Arterial,false,-79.44569856723656,43.66482393260184,,Pickup Truck,South,2,42,None,,Driving properly,Normal,,,Going Ahead,,,,,driver,,Davenport (9),11 Division,Junction-Wallace Emerson,false,true,false,false,false,false,true,false,false,false,"{""coordinates"": [[-79.44569856723656, 43.66482393260184]], ""type"": ""MultiPoint""}"
17634,2022:2000627947,2022-04-05T01:25:00,LANSDOWNE AVE,LAPPIN AVE,,2,Fatal Injury,Non-Intersection,No Control,Pedestrian Collision(internal code),Clear,Dark with Artificial Lighting,Dry,Minor Arterial,false,-79.44569856723656,43.66482393260184,,,Unknown,1,47,Fatal,,,,Crossing - no traffic control,Inattentive,,Driver hits pedestrian at midblock,,,,pedestrian,13,Davenport (9),11 Division,Junction-Wallace Emerson,false,true,false,false,false,false,true,false,false,false,"{""coordinates"": [[-79.44569856723656, 43.66482393260184]], ""type"": ""MultiPoint""}"
17635,2022:2000630643,2022-04-05T12:30:00,FINCH AVE W,400 S FINCH E RAMP,,2,Fatal Injury,Non-Intersection,No Control,Pedestrian Collision(internal code),Clear,Daylight,Dry,Major Arterial,false,-79.53271942431735,43.75395822049955,,Truck - Tractor,West,1,39,None,,Driving properly,Normal,,,Going Ahead,,,,,driver,,Humber River-Black Creek (7),31 Division,Humbermede,false,true,false,false,false,false,true,false,false,true,"{""coordinates"": [[-79.53271942431735, 43.75395822049955]], ""type"": ""MultiPoint""}"
17636,2022:2000630643,2022-04-05T12:30:00,FINCH AVE W,400 S FINCH E RAMP,,2,Fatal Injury,Non-Intersection,No Control,Pedestrian Collision(internal code),Clear,Daylight,Dry,Major Arterial,false,-79.53271942431735,43.75395822049955,,,West,2,64,Fatal,,,,Walking on roadway with traffic,Inattentive,,Driver hits pedestrian at midblock,,,,pedestrian,14,Humber River-Black Creek (7),31 Division,Humbermede,false,true,false,false,false,false,true,false,false,true,"{""coordinates"": [[-79.53271942431735, 43.75395822049955]], ""type"": ""MultiPoint""}"
17637,2022:2000662470,2022-04-09T23:38:00,KNIGHTON DR,WYNDCLIFF CR,,1,Non-Fatal Injury,At Intersection,Stop Sign,SMV Other,Clear,Dark with Artificial Lighting,Dry,Local,false,-79.3154415672692,43.73735639312567,1,Motorcycle,South,1,18,Major,Helmet,Lost control,Normal,,,Turning Left,,,,,motorcyclist,,Don Valley East (16),33 Division,Victoria Village,false,false,false,true,false,false,false,false,true,false,"{""coordinates"": [[-79.3154415672692, 43.73735639312567]], ""type"": ""MultiPoint""}"
17638,2022:2000673769,2022-04-11T16:07:00,22 BENTON RD,,2 m South of,1,Non-Fatal Injury,At/Near Private Drive,No Control,SMV Other,Clear,Daylight,Dry,Collector,false,-79.47132567470955,43.70894855418251,1,Automobile or Station Wagon,North,1,15,Major,Use Unknown,Other,Other Condition,,,Reversing,,,,,driver,,York South-Weston (5),12 Division,Brookhaven-Amesbury,false,false,false,false,false,false,false,false,true,false,"{""coordinates"": [[-79.47132567470955, 43.70894855418251]], ""type"": ""MultiPoint""}"
17639,2022:2000677048,2022-04-12T05:56:00,DANFORTH RD,MACKINAC CR,3 m South of,2,Non-Fatal Injury,Intersection-Related,No Control,Approaching Head On,Clear,Dark,Dry,Major Arterial,false,-79.24444228709915,43.749532818463905,1,Automobile or Station Wagon,South,1,28,Minor,Lap and Shoulder Belt,Lost control,Unknown,,,Going Ahead,,,,,driver,,Scarborough Centre (21),43 Division,Bendale South,false,false,false,false,false,false,false,false,false,false,"{""coordinates"": [[-79.24444228709915, 43.749532818463905]], ""type"": ""MultiPoint""}"
17640,2022:2000677048,2022-04-12T05:56:00,DANFORTH RD,MACKINAC CR,3 m South of,2,Non-Fatal Injury,Intersection-Related,No Control,Approaching Head On,Clear,Dark,Dry,Major Arterial,false,-79.24444228709915,43.749532818463905,2,Automobile or Station Wagon,North,2,36,Major,Lap and Shoulder Belt,Driving properly,Normal,,,Going Ahead,,,,,driver,,Scarborough Centre (21),43 Division,Bendale South,false,false,false,false,false,false,false,false,false,false,"{""coordinates"": [[-79.24444228709915, 43.749532818463905]], ""type"": ""MultiPoint""}"
17641,2022:2000692125,2022-04-14T03:16:00,SPADINA AVE,KING ST W,,2,Fatal Injury,Non-Intersection,No Control,Pedestrian Collision(internal code),Rain,Dark with Artificial Lighting,Wet,Major Arterial,false,-79.39486384493175,43.644991252831296,,,East,1,30,Fatal,,,,Crossing - no traffic control,Normal,,Driver hits pedestrian at midblock,,,,pedestrian,16,Spadina-Fort York (10),14 Division,Wellington Place,true,false,false,false,false,false,true,false,false,false,"{""coordinates"": [[-79.39486384493175, 43.644991252831296]], ""type"": ""MultiPoint""}"
17642,2022:2000692125,2022-04-14T03:16:00,SPADINA AVE,KING ST W,,2,Fatal Injury,Non-Intersection,No Control,Pedestrian Collision(internal code),Rain,Dark with Artificial Lighting,Wet,Major Arterial,false,-79.39486384493175,43.644991252831296,,Automobile or Station Wagon,South,2,,None,,Exceeding speed limit,Unknown,,,Going Ahead,,,,,driver,,Spadina-Fort York (10),14 Division,Wellington Place,true,false,false,false,false,false,true,false,false,false,"{""coordinates"": [[-79.39486384493175, 43.644991252831296]], ""type"": ""MultiPoint""}"
17643,2022:2000697983,2022-04-14T20:42:00,CALEDONIA RD,KITCHENER AVE,,3,Non-Fatal Injury,At Intersection,Traffic Signal,Cyclist Collision,Clear,Dark with Artificial Lighting,Dry,Minor Arterial,false,-79.46052246720407,43.68899768095927,2,Bicycle,South,2,20,Major,Helmet,,,,,Going Ahead,,Driver turns left into path of cyclist,Driving Properly,Normal,cyclist,,Davenport (9),13 Division,Caledonia-Fairbank,false,false,true,false,false,false,false,false,true,false,"{""coordinates"": [[-79.46052246720407, 43.68899768095927]], ""type"": ""MultiPoint""}"
17644,2022:2000697983,2022-04-14T20:42:00,CALEDONIA RD,KITCHENER AVE,,3,Non-Fatal Injury,At Intersection,Traffic Signal,Cyclist Collision,Clear,Dark with Artificial Lighting,Dry,Minor Arterial,false,-79.46052246720407,43.68899768095927,2,,,3,18,Minor,Equipment Not Used But Available,,,,,,,,,,cyclist,,Davenport (9),13 Division,Caledonia-Fairbank,false,false,true,false,false,false,false,false,true,false,"{""coordinates"": [[-79.46052246720407, 43.68899768095927]], ""type"": ""MultiPoint""}"
17645,2022:2000697983,2022-04-14T20:42:00,CALEDONIA RD,KITCHENER AVE,,3,Non-Fatal Injury,At Intersection,Traffic Signal,Cyclist Collision,Clear,Dark with Artificial Lighting,Dry,Minor Arterial,false,-79.46052246720407,43.68899768095927,1,Automobile or Station Wagon,North,1,59,None,Lap and Shoulder Belt,Improper turn,Normal,,,Turning Left,,,,,driver,,Davenport (9),13 Division,Caledonia-Fairbank,false,false,true,false,false,false,false,false,true,false,"{""coordinates"": [[-79.46052246720407, 43.68899768095927]], ""type"": ""MultiPoint""}"
17646,2022:2000699120,2022-04-15T00:43:00,DON VALLEY PARKWAY S,LEASIDE BDGE,,2,Fatal Injury,Non-Intersection,No Control,Pedestrian Collision(internal code),Clear,Dark with Artificial Lighting,Dry,Expressway,false,-79.35012491123135,43.697923917614894,,,Unknown,1,37,Fatal,,,,Other,Unknown,,Other,,,,pedestrian,15,Toronto-Danforth (14),55 Division,Broadview North,false,false,false,false,false,false,true,false,false,false,"{""coordinates"": [[-79.35012491123135, 43.697923917614894]], ""type"": ""MultiPoint""}"
17647,2022:2000699120,2022-04-15T00:43:00,DON VALLEY PARKWAY S,LEASIDE BDGE,,2,Fatal Injury,Non-Intersection,No Control,Pedestrian Collision(internal code),Clear,Dark with Artificial Lighting,Dry,Expressway,false,-79.35012491123135,43.697923917614894,,Automobile or Station Wagon,South,2,60,None,,Driving properly,Normal,,,Going Ahead,,,,,driver,,Toronto-Danforth (14),55 Division,Broadview North,false,false,false,false,false,false,true,false,false,false,"{""coordinates"": [[-79.35012491123135, 43.697923917614894]], ""type"": ""MultiPoint""}"
17648,2022:2000699426,2022-04-15T02:11:00,665 KENNEDY RD,,,3,Non-Fatal Injury,Non-Intersection,No Control,Turning Movement,Clear,Dark with Artificial Lighting,Dry,Major Arterial,false,-79.2652934844989,43.72600760397421,1,,,3,28,None,Lap and Shoulder Belt,,,,,,,,,,passenger,,Scarborough Southwest (20),41 Division,Kennedy Park,true,true,false,false,false,false,false,false,false,false,"{""coordinates"": [[-79.2652934844989, 43.72600760397421]], ""type"": ""MultiPoint""}"
17649,2022:2000699426,2022-04-15T02:11:00,665 KENNEDY RD,,,3,Non-Fatal Injury,Non-Intersection,No Control,Turning Movement,Clear,Dark with Artificial Lighting,Dry,Major Arterial,false,-79.2652934844989,43.72600760397421,1,Automobile or Station Wagon,South,1,29,None,Lap and Shoulder Belt,Failed to yield right-of-way,Inattentive,,,Turning Left,,,,,driver,,Scarborough Southwest (20),41 Division,Kennedy Park,true,true,false,false,false,false,false,false,false,false,"{""coordinates"": [[-79.2652934844989, 43.72600760397421]], ""type"": ""MultiPoint""}"
17650,2022:2000699426,2022-04-15T02:11:00,665 KENNEDY RD,,,3,Non-Fatal Injury,Non-Intersection,No Control,Turning Movement,Clear,Dark with Artificial Lighting,Dry,Major Arterial,false,-79.2652934844989,43.72600760397421,2,Automobile or Station Wagon,North,2,60,Major,Lap and Shoulder Belt,Driving properly,Normal,,,Going Ahead,,,,,driver,,Scarborough Southwest (20),41 Division,Kennedy Park,true,true,false,false,false,false,false,false,false,false,"{""coordinates"": [[-79.2652934844989, 43.72600760397421]], ""type"": ""MultiPoint""}"
17651,2022:2000709624,2022-04-16T16:35:00,GERRARD ST W,ELIZABETH ST,30 m East of,2,Non-Fatal Injury,Non-Intersection,No Control,Pedestrian Collision(internal code),Clear,Daylight,Dry,Minor Arterial,false,-79.38591452730232,43.658163386155145,1,,South,2,58,Major,No Equipment Available,,,Crossing - no traffic control,Inattentive,,Driver hits pedestrian at midblock,,,,pedestrian,,University-Rosedale (11),52 Division,Yonge-Bay Corridor,false,true,false,false,false,false,true,false,false,false,"{""coordinates"": [[-79.38591452730232, 43.658163386155145]], ""type"": ""MultiPoint""}"
17652,2022:2000709624,2022-04-16T16:35:00,GERRARD ST W,ELIZABETH ST,30 m East of,2,Non-Fatal Injury,Non-Intersection,No Control,Pedestrian Collision(internal code),Clear,Daylight,Dry,Minor Arterial,false,-79.38591452730232,43.658163386155145,1,Automobile or Station Wagon,West,1,39,None,Lap and Shoulder Belt,Driving properly,Normal,,,Going Ahead,,,,,driver,,University-Rosedale (11),52 Division,Yonge-Bay Corridor,false,true,false,false,false,false,true,false,false,false,"{""coordinates"": [[-79.38591452730232, 43.658163386155145]], ""type"": ""MultiPoint""}"
17653,2022:2000718408,2022-04-18T05:54:00,MARTIN GROVE RD,GARFELLA DR,5 m South of,2,Non-Fatal Injury,At Intersection,Traffic Signal,Pedestrian Collision(internal code),Clear,Dark with Artificial Lighting,Dry,Minor Arterial,false,-79.59532633025583,43.74421555760123,1,,East,2,42,Major,No Equipment Available,,,Crossing with right-of-way (intersection),Normal,,Driver turns left into pedestrian crossing with right-of-way (at intersection),,,,pedestrian,,Etobicoke North (1),23 Division,Mount Olive-Silverstone-Jamestown,false,true,false,false,false,false,true,false,false,false,"{""coordinates"": [[-79.59532633025583, 43.74421555760123]], ""type"": ""MultiPoint""}"
17654,2022:2000718408,2022-04-18T05:54:00,MARTIN GROVE RD,GARFELLA DR,5 m South of,2,Non-Fatal Injury,At Intersection,Traffic Signal,Pedestrian Collision(internal code),Clear,Dark with Artificial Lighting,Dry,Minor Arterial,false,-79.59532633025583,43.74421555760123,1,Automobile or Station Wagon,West,1,29,None,Lap and Shoulder Belt,Driving properly,Inattentive,,,Turning Left,,,,,driver,,Etobicoke North (1),23 Division,Mount Olive-Silverstone-Jamestown,false,true,false,false,false,false,true,false,false,false,"{""coordinates"": [[-79.59532633025583, 43.74421555760123]], ""type"": ""MultiPoint""}"
17655,2022:2000722938,2022-04-18T21:20:00,KENNEDY RD,STEELES AVE E,,2,Non-Fatal Injury,At Intersection,Traffic Signal,Cyclist Collision,Rain,Dark with Artificial Lighting,Slush,Major Arterial,false,-79.3070262470248,43.82361813587535,2,Truck - Closed,North,2,25,None,Lap and Shoulder Belt,Driving properly,Normal,,,Turning Left,,,,,driver,,Scarborough-Agincourt (22),42 Division,Milliken,false,false,true,false,false,false,false,false,false,true,"{""coordinates"": [[-79.3070262470248, 43.82361813587535]], ""type"": ""MultiPoint""}"
17656,2022:2000722938,2022-04-18T21:20:00,KENNEDY RD,STEELES AVE E,,2,Non-Fatal Injury,At Intersection,Traffic Signal,Cyclist Collision,Rain,Dark with Artificial Lighting,Slush,Major Arterial,false,-79.3070262470248,43.82361813587535,1,Bicycle,East,1,64,Major,No Equipment Available,,,,,Going Ahead,,"Cyclist without right-of-way rides into path of driver (at intersection, laneway, or driveway)",Other,Normal,cyclist,,Scarborough-Agincourt (22),42 Division,Milliken,false,false,true,false,false,false,false,false,false,true,"{""coordinates"": [[-79.3070262470248, 43.82361813587535]], ""type"": ""MultiPoint""}"
17657,2022:2000725125,2022-04-19T08:37:00,1491 LAKE SHORE BLVD W,,10 m North of,2,Non-Fatal Injury,Non-Intersection,No Control,Rear End,Clear,Daylight,Dry,Major Arterial,false,-79.44404303353039,43.63638918713386,2,Pickup Truck,East,2,24,None,Lap and Shoulder Belt,Driving properly,Normal,,,Going Ahead,,,,,driver,,Parkdale-High Park (4),14 Division,South Parkdale,true,false,false,true,false,false,false,false,false,false,"{""coordinates"": [[-79.44404303353039, 43.63638918713386]], ""type"": ""MultiPoint""}"
17658,2022:2000725125,2022-04-19T08:37:00,1491 LAKE SHORE BLVD W,,10 m North of,2,Non-Fatal Injury,Non-Intersection,No Control,Rear End,Clear,Daylight,Dry,Major Arterial,false,-79.44404303353039,43.63638918713386,1,Motorcycle,East,1,37,Major,Helmet,Improper passing,Normal,,,Going Ahead,,,,,motorcyclist,,Parkdale-High Park (4),14 Division,South Parkdale,true,false,false,true,false,false,false,false,false,false,"{""coordinates"": [[-79.44404303353039, 43.63638918713386]], ""type"": ""MultiPoint""}"
17659,2022:2000729543,2022-04-19T20:15:00,LAKE SHORE BLVD W,LAKE CRES,63 m West of,2,Non-Fatal Injury,Non-Intersection,No Control,Approaching Head On,Clear,Dark with Artificial Lighting,Dry,Major Arterial,false,-79.49059011696095,43.60627605160677,2,Pickup Truck,West,2,32,Minor,Lap and Shoulder Belt,Driving properly,Normal,,,Going Ahead,,,,,driver,,Etobicoke-Lakeshore (3),22 Division,Mimico-Queensway,false,false,false,false,false,false,false,false,false,false,"{""coordinates"": [[-79.49059011696095, 43.60627605160677]], ""type"": ""MultiPoint""}"
17660,2022:2000729543,2022-04-19T20:15:00,LAKE SHORE BLVD W,LAKE CRES,63 m West of,2,Non-Fatal Injury,Non-Intersection,No Control,Approaching Head On,Clear,Dark with Artificial Lighting,Dry,Major Arterial,false,-79.49059011696095,43.60627605160677,1,Automobile or Station Wagon,East,1,23,Major,Lap and Shoulder Belt,Lost control,Unknown,,,Going Ahead,,,,,driver,,Etobicoke-Lakeshore (3),22 Division,Mimico-Queensway,false,false,false,false,false,false,false,false,false,false,"{""coordinates"": [[-79.49059011696095, 43.60627605160677]], ""type"": ""MultiPoint""}"
17661,2022:2000746819,2022-04-22T10:00:00,SPADINA AV,QUEEN ST W,10 m South of,2,Non-Fatal Injury,Intersection-Related,Traffic Signal,Cyclist Collision,Clear,Daylight,Dry,Major Arterial,false,-79.39635157387497,43.6487601750028,2,Bicycle,South,2,39,Major,Lap and Shoulder Belt,,,,,Going Ahead,,Sideswipe with cyclist and driver travelling in same direction,Driving Properly,Normal,cyclist,,Spadina-Fort York (10),52 Division,Wellington Place,true,false,true,false,false,false,false,false,false,true,"{""coordinates"": [[-79.39635157387497, 43.6487601750028]], ""type"": ""MultiPoint""}"
17662,2022:2000746819,2022-04-22T10:00:00,SPADINA AV,QUEEN ST W,10 m South of,2,Non-Fatal Injury,Intersection-Related,Traffic Signal,Cyclist Collision,Clear,Daylight,Dry,Major Arterial,false,-79.39635157387497,43.6487601750028,1,Truck - Dump,South,1,52,None,Lap and Shoulder Belt,Improper passing,Normal,,,Going Ahead,,,,,driver,,Spadina-Fort York (10),52 Division,Wellington Place,true,false,true,false,false,false,false,false,false,true,"{""coordinates"": [[-79.39635157387497, 43.6487601750028]], ""type"": ""MultiPoint""}"
17663,2022:2000768413,2022-04-25T13:45:00,452 DANFORTH AVE,,30 m West of LOGAN AVE,2,Non-Fatal Injury,Non-Intersection,No Control,Pedestrian Collision(internal code),Rain,Daylight,Wet,Major Arterial,false,-79.35010968129481,43.677824280606806,1,,North,2,8,Major,Use Unknown,,,Person getting on/off vehicle,Inattentive,,Driver hits pedestrian at midblock,,,,pedestrian,,Toronto-Danforth (14),55 Division,North Riverdale,true,true,false,true,false,false,true,false,true,false,"{""coordinates"": [[-79.35010968129481, 43.677824280606806]], ""type"": ""MultiPoint""}"
17664,2022:2000768413,2022-04-25T13:45:00,452 DANFORTH AVE,,30 m West of LOGAN AVE,2,Non-Fatal Injury,Non-Intersection,No Control,Pedestrian Collision(internal code),Rain,Daylight,Wet,Major Arterial,false,-79.35010968129481,43.677824280606806,1,Moped,West,1,35,Minimal,Helmet,Speed too fast for conditions,Inattentive,,,Going Ahead,,,,,motorcyclist,,Toronto-Danforth (14),55 Division,North Riverdale,true,true,false,true,false,false,true,false,true,false,"{""coordinates"": [[-79.35010968129481, 43.677824280606806]], ""type"": ""MultiPoint""}"
17665,2022:2000773802,2022-04-26T10:03:00,WESTON RD,HUMBER BLVD,,3,Non-Fatal Injury,Intersection-Related,Traffic Signal,Sideswipe,Clear,Daylight,Dry,Major Arterial,false,-79.48028264576716,43.683355773686074,2,Automobile or Station Wagon,South,2,61,None,Lap and Shoulder Belt,Driving properly,Normal,,,Changing Lanes,,,,,driver,,York South-Weston (5),12 Division,Rockcliffe-Smythe,true,true,false,true,false,false,false,false,false,false,"{""coordinates"": [[-79.48028264576716, 43.683355773686074]], ""type"": ""MultiPoint""}"
17666,2022:2000773802,2022-04-26T10:03:00,WESTON RD,HUMBER BLVD,,3,Non-Fatal Injury,Intersection-Related,Traffic Signal,Sideswipe,Clear,Daylight,Dry,Major Arterial,false,-79.48028264576716,43.683355773686074,3,Passenger Van,West,3,62,None,Lap and Shoulder Belt,Driving properly,Normal,,,Going Ahead,,,,,driver,,York South-Weston (5),12 Division,Rockcliffe-Smythe,true,true,false,true,false,false,false,false,false,false,"{""coordinates"": [[-79.48028264576716, 43.683355773686074]], ""type"": ""MultiPoint""}"
17667,2022:2000773802,2022-04-26T10:03:00,WESTON RD,HUMBER BLVD,,3,Non-Fatal Injury,Intersection-Related,Traffic Signal,Sideswipe,Clear,Daylight,Dry,Major Arterial,false,-79.48028264576716,43.683355773686074,1,Motorcycle,South,1,32,Major,Helmet,Failed to yield right-of-way,Inattentive,,,Going Ahead,,,,,motorcyclist,,York South-Weston (5),12 Division,Rockcliffe-Smythe,true,true,false,true,false,false,false,false,false,false,"{""coordinates"": [[-79.48028264576716, 43.683355773686074]], ""type"": ""MultiPoint""}"
17668,2022:2000774562,2022-04-26T11:49:00,BLUFFWOOD DR,STEELES AVE E,,2,Fatal Injury,At Intersection,Traffic Signal,Pedestrian Collision(internal code),Clear,Daylight,Dry,Major Arterial,false,-79.37605713228113,43.807638447594314,,Automobile or Station Wagon,North,2,64,None,,Improper turn,Inattentive,,,Turning Right,,,,,driver,,Don Valley North (17),33 Division,Bayview Woods-Steeles,false,true,false,false,false,true,true,false,false,false,"{""coordinates"": [[-79.37605713228113, 43.807638447594314]], ""type"": ""MultiPoint""}"
17669,2022:2000774562,2022-04-26T11:49:00,BLUFFWOOD DR,STEELES AVE E,,2,Fatal Injury,At Intersection,Traffic Signal,Pedestrian Collision(internal code),Clear,Daylight,Dry,Major Arterial,false,-79.37605713228113,43.807638447594314,,,West,1,99,Fatal,,,,Crossing with right-of-way (intersection),Inattentive,,Driver turns right into pedestrian crossing with right-of-way (at intersection),,,,pedestrian,17,Don Valley North (17),33 Division,Bayview Woods-Steeles,false,true,false,false,false,true,true,false,false,false,"{""coordinates"": [[-79.37605713228113, 43.807638447594314]], ""type"": ""MultiPoint""}"
17670,2022:2000785196,2022-04-27T21:35:00,MORNINGSIDE AVE,FINCH AVE E,,4,Non-Fatal Injury,At Intersection,Traffic Signal,Pedestrian Collision(internal code),Clear,Dark with Artificial Lighting,Dry,Minor Arterial,false,-79.22103521889285,43.819624055754,1,,,2,25,None,Lap and Shoulder Belt,,,,,,,,,,passenger,,Scarborough-Rouge Park (25),42 Division,Malvern West,true,true,false,false,false,false,true,false,false,false,"{""coordinates"": [[-79.22103521889285, 43.819624055754]], ""type"": ""MultiPoint""}"
17671,2022:2000785196,2022-04-27T21:35:00,MORNINGSIDE AVE,FINCH AVE E,,4,Non-Fatal Injury,At Intersection,Traffic Signal,Pedestrian Collision(internal code),Clear,Dark with Artificial Lighting,Dry,Minor Arterial,false,-79.22103521889285,43.819624055754,1,Automobile or Station Wagon,South,1,25,None,Lap and Shoulder Belt,Exceeding speed limit,Inattentive,,,Turning Left,,,,,driver,,Scarborough-Rouge Park (25),42 Division,Malvern West,true,true,false,false,false,false,true,false,false,false,"{""coordinates"": [[-79.22103521889285, 43.819624055754]], ""type"": ""MultiPoint""}"
17672,2022:2000785196,2022-04-27T21:35:00,MORNINGSIDE AVE,FINCH AVE E,,4,Non-Fatal Injury,At Intersection,Traffic Signal,Pedestrian Collision(internal code),Clear,Dark with Artificial Lighting,Dry,Minor Arterial,false,-79.22103521889285,43.819624055754,1,,North,4,24,Major,Use Unknown,,,Crossing with right-of-way (intersection),Normal,,Driver turns left into pedestrian crossing with right-of-way (at intersection),,,,pedestrian,,Scarborough-Rouge Park (25),42 Division,Malvern West,true,true,false,false,false,false,true,false,false,false,"{""coordinates"": [[-79.22103521889285, 43.819624055754]], ""type"": ""MultiPoint""}"
17673,2022:2000785196,2022-04-27T21:35:00,MORNINGSIDE AVE,FINCH AVE E,,4,Non-Fatal Injury,At Intersection,Traffic Signal,Pedestrian Collision(internal code),Clear,Dark with Artificial Lighting,Dry,Minor Arterial,false,-79.22103521889285,43.819624055754,1,,,3,26,None,Lap and Shoulder Belt,,,,,,,,,,passenger,,Scarborough-Rouge Park (25),42 Division,Malvern West,true,true,false,false,false,false,true,false,false,false,"{""coordinates"": [[-79.22103521889285, 43.819624055754]], ""type"": ""MultiPoint""}"
17674,2022:2000833786,2022-05-04T23:15:00,KEELE ST,TORO RD,,2,Non-Fatal Injury,Intersection-Related,Traffic Signal,Cyclist Collision,Clear,Dark with Artificial Lighting,Dry,Major Arterial,false,-79.49004052646698,43.75975651051827,2,Bicycle,North,2,41,Major,Helmet,,,,,Going Ahead,,Rear end with cyclist and driver travelling in same direction,Driving Properly,Unknown,cyclist,,York Centre (6),31 Division,York University Heights,false,false,true,false,false,false,false,false,false,false,"{""coordinates"": [[-79.49004052646698, 43.75975651051827]], ""type"": ""MultiPoint""}"
17675,2022:2000833786,2022-05-04T23:15:00,KEELE ST,TORO RD,,2,Non-Fatal Injury,Intersection-Related,Traffic Signal,Cyclist Collision,Clear,Dark with Artificial Lighting,Dry,Major Arterial,false,-79.49004052646698,43.75975651051827,1,Automobile or Station Wagon,North,1,21,None,Use Unknown,Other,Unknown,,,Going Ahead,,,,,driver,,York Centre (6),31 Division,York University Heights,false,false,true,false,false,false,false,false,false,false,"{""coordinates"": [[-79.49004052646698, 43.75975651051827]], ""type"": ""MultiPoint""}"
17676,2022:2000850476,2022-05-07T09:35:00,REINER RD,FAYWOOD BLVD,,2,Non-Fatal Injury,At Intersection,Stop Sign,Pedestrian Collision(internal code),Clear,Daylight,Dry,Collector,false,-79.45021503261454,43.749636071416,1,Automobile or Station Wagon,South,1,53,None,Lap and Shoulder Belt,Failed to yield right-of-way,Inattentive,,,Turning Left,,,,,driver,,York Centre (6),32 Division,Clanton Park,true,true,false,false,false,true,true,false,false,false,"{""coordinates"": [[-79.45021503261454, 43.749636071416]], ""type"": ""MultiPoint""}"
17677,2022:2000850476,2022-05-07T09:35:00,REINER RD,FAYWOOD BLVD,,2,Non-Fatal Injury,At Intersection,Stop Sign,Pedestrian Collision(internal code),Clear,Daylight,Dry,Collector,false,-79.45021503261454,43.749636071416,1,,North,2,72,Major,No Equipment Available,,,Crossing with right-of-way (intersection),Normal,,Driver turns left into pedestrian crossing with right-of-way (at intersection),,,,pedestrian,,York Centre (6),32 Division,Clanton Park,true,true,false,false,false,true,true,false,false,false,"{""coordinates"": [[-79.45021503261454, 43.749636071416]], ""type"": ""MultiPoint""}"
17678,2022:2000852942,2022-05-07T16:30:00,PARKVIEW AVE,LONGMORE ST,70 m West of,1,Non-Fatal Injury,Non-Intersection,No Control,SMV Other,Clear,Daylight,Dry,Local,false,-79.40176826960922,43.773454978240416,1,Motorcycle,East,1,52,Major,Equipment Not Used But Available,Lost control,Normal,,,Going Ahead,,,,,motorcyclist,,Willowdale (18),32 Division,East Willowdale,false,false,false,true,false,false,false,false,false,false,"{""coordinates"": [[-79.40176826960922, 43.773454978240416]], ""type"": ""MultiPoint""}"
17679,2022:2000860343,2022-05-08T19:15:00,ST CLAIR AVE W,GUNNS RD,2 m West of,5,Non-Fatal Injury,Intersection-Related,Traffic Signal,Turning Movement,Clear,Daylight,Dry,Major Arterial,false,-79.47108159933148,43.67170949502205,2,Automobile or Station Wagon,South,2,26,Major,Lap and Shoulder Belt,Disobeyed traffic control,Inattentive,,,Turning Right,,,,,driver,,York South-Weston (5),11 Division,Junction Area,true,true,false,false,false,false,false,true,true,false,"{""coordinates"": [[-79.47108159933148, 43.67170949502205]], ""type"": ""MultiPoint""}"
17680,2022:2000860343,2022-05-08T19:15:00,ST CLAIR AVE W,GUNNS RD,2 m West of,5,Non-Fatal Injury,Intersection-Related,Traffic Signal,Turning Movement,Clear,Daylight,Dry,Major Arterial,false,-79.47108159933148,43.67170949502205,3,Automobile or Station Wagon,South,3,38,None,Lap and Shoulder Belt,Driving properly,Normal,,,Turning Right,,,,,driver,,York South-Weston (5),11 Division,Junction Area,true,true,false,false,false,false,false,true,true,false,"{""coordinates"": [[-79.47108159933148, 43.67170949502205]], ""type"": ""MultiPoint""}"
17681,2022:2000860343,2022-05-08T19:15:00,ST CLAIR AVE W,GUNNS RD,2 m West of,5,Non-Fatal Injury,Intersection-Related,Traffic Signal,Turning Movement,Clear,Daylight,Dry,Major Arterial,false,-79.47108159933148,43.67170949502205,3,,,5,1,None,Lap and Shoulder Belt,,,,,,,,,,passenger,,York South-Weston (5),11 Division,Junction Area,true,true,false,false,false,false,false,true,true,false,"{""coordinates"": [[-79.47108159933148, 43.67170949502205]], ""type"": ""MultiPoint""}"