_id,collision_id,accdate,stname1,stname2,stname3,per_inv,acclass,accloc,traffictl,impactype,visible,light,rdsfcond,road_class,failtorem,longitude,latitude,veh_no,vehtype,initdir,per_no,invage,injury,safequip,drivact,drivcond,pedact,pedcond,manoeuvre,pedtype,cyclistype,cycact,cyccond,road_user,fatal_no,wardname,division,neighbourhood,aggressive,distracted,cyclist,motorcyclist,other_micromobility,older_adult,pedestrian,red_light,school_child,heavy_truck,geometry
17783,2022:2001252821,2022-07-01T23:41:00,WELLINGTON ST W,UNIVERSITY AVE,,10,Fatal Injury,At Intersection,Traffic Signal,Pedestrian Collision(internal code),Clear,Dark with Artificial Lighting,Wet,Major Arterial,false,-79.38406059903706,43.64631112169492,,,Unknown,4,34,None,,,,,,,,,,,passenger,,Spadina-Fort York (10),52 Division,Yonge-Bay Corridor,true,false,false,false,false,false,true,true,false,false,"{""coordinates"": [[-79.38406059903706, 43.64631112169492]], ""type"": ""MultiPoint""}"
17784,2022:2001253169,2022-07-02T00:42:00,ADELAIDE ST E,YONGE ST,,2,Non-Fatal Injury,At Intersection,Traffic Signal,Pedestrian Collision(internal code),Clear,Dark with Artificial Lighting,Dry,Major Arterial,true,-79.37843008867605,43.650335618051606,1,Automobile or Station Wagon,East,1,22,None,Use Unknown,Exceeding speed limit,Normal,,,Going Ahead,,,,,driver,,Toronto Centre (13),51 Division,Downtown Yonge East,true,false,false,false,false,false,true,false,false,false,"{""coordinates"": [[-79.37843008867605, 43.650335618051606]], ""type"": ""MultiPoint""}"
17785,2022:2001253169,2022-07-02T00:42:00,ADELAIDE ST E,YONGE ST,,2,Non-Fatal Injury,At Intersection,Traffic Signal,Pedestrian Collision(internal code),Clear,Dark with Artificial Lighting,Dry,Major Arterial,true,-79.37843008867605,43.650335618051606,1,,South,2,23,Major,No Equipment Available,,,Crossing without right-of-way (intersection),Normal,,Driver going straight hits pedestrian crossing without right-of-way (at intersection),,,,pedestrian,,Toronto Centre (13),51 Division,Downtown Yonge East,true,false,false,false,false,false,true,false,false,false,"{""coordinates"": [[-79.37843008867605, 43.650335618051606]], ""type"": ""MultiPoint""}"
17786,2026:6000227245,2026-01-31T15:44:00,JANE ST,SHOREHAM DR,,2,Non-Fatal Injury,Four-way,Traffic Signal,SMV Other,Clear,Daylight,Dry,Major Arterial,false,-79.52037482312538,43.76873142333409,1,,,2,73,Major,Use Unknown,,,Crossing with right-of-way (intersection),Normal,,Driver turns left into pedestrian crossing with right-of-way (at intersection),,,,pedestrian,,Humber River-Black Creek (7),31 Division,Black Creek,true,false,false,false,false,true,true,false,false,false,"{""coordinates"": [[-79.52037482312538, 43.76873142333409]], ""type"": ""MultiPoint""}"
17787,2022:2001311462,2022-07-09T22:33:00,DON VALLEY PARKWAY S,DVP S YORK MILLS E RAMP,30 m North of,5,Non-Fatal Injury,Non-Intersection,No Control,Rear End,Clear,Dark with Artificial Lighting,Dry,Expressway,false,-79.33599516556058,43.75859665254765,1,Motorcycle,South,1,23,Major,Helmet,Lost control,Unknown,,,Going Ahead,,,,,motorcyclist,,Don Valley East (16),33 Division,Parkwoods-O'Connor Hills,false,false,false,true,false,false,false,false,false,false,"{""coordinates"": [[-79.33599516556058, 43.75859665254765]], ""type"": ""MultiPoint""}"
17788,2022:2001257548,2022-07-02T18:09:00,ADELAIDE ST W,PORTLAND ST,8 m East of,2,Non-Fatal Injury,At Intersection,Traffic Signal,Cyclist Collision,Clear,Daylight,Dry,Major Arterial,false,-79.40059353046594,43.645658833216835,2,Bicycle,North,2,19,Major,Helmet,,,,,Going Ahead,,Driver turns right on green or amber at signalized intersection and hits cyclist,Driving Properly,Normal,cyclist,,Spadina-Fort York (10),14 Division,Wellington Place,true,false,true,false,false,false,false,false,true,true,"{""coordinates"": [[-79.40059353046594, 43.645658833216835]], ""type"": ""MultiPoint""}"
17789,2022:2001257548,2022-07-02T18:09:00,ADELAIDE ST W,PORTLAND ST,8 m East of,2,Non-Fatal Injury,At Intersection,Traffic Signal,Cyclist Collision,Clear,Daylight,Dry,Major Arterial,false,-79.40059353046594,43.645658833216835,1,Truck - Other,North,1,49,None,Lap and Shoulder Belt,Failed to yield right-of-way,Normal,,,Turning Right,,,,,driver,,Spadina-Fort York (10),14 Division,Wellington Place,true,false,true,false,false,false,false,false,true,true,"{""coordinates"": [[-79.40059353046594, 43.645658833216835]], ""type"": ""MultiPoint""}"
17790,2022:2001265655,2022-07-03T22:45:00,701 WARDEN AVE,,,7,Fatal Injury,Non-Intersection,No Control,Rear End,Clear,Dusk with Artificial Lighting,Dry,Minor Arterial,false,-79.28032343763367,43.71031014412828,,,,6,6,None,,,,,,,,,,,passenger,,Scarborough Southwest (20),41 Division,Oakridge,false,false,false,false,false,true,false,false,true,false,"{""coordinates"": [[-79.28032343763367, 43.71031014412828]], ""type"": ""MultiPoint""}"
17791,2022:2001265655,2022-07-03T22:45:00,701 WARDEN AVE,,,7,Fatal Injury,Non-Intersection,No Control,Rear End,Clear,Dusk with Artificial Lighting,Dry,Minor Arterial,false,-79.28032343763367,43.71031014412828,,Automobile or Station Wagon,South,1,87,Fatal,,Lost control,Unknown,,,Going Ahead,,,,,driver,26,Scarborough Southwest (20),41 Division,Oakridge,false,false,false,false,false,true,false,false,true,false,"{""coordinates"": [[-79.28032343763367, 43.71031014412828]], ""type"": ""MultiPoint""}"
17792,2022:2001265655,2022-07-03T22:45:00,701 WARDEN AVE,,,7,Fatal Injury,Non-Intersection,No Control,Rear End,Clear,Dusk with Artificial Lighting,Dry,Minor Arterial,false,-79.28032343763367,43.71031014412828,,,,5,78,Major,,,,,,,,,,,passenger,,Scarborough Southwest (20),41 Division,Oakridge,false,false,false,false,false,true,false,false,true,false,"{""coordinates"": [[-79.28032343763367, 43.71031014412828]], ""type"": ""MultiPoint""}"
17793,2022:2001265655,2022-07-03T22:45:00,701 WARDEN AVE,,,7,Fatal Injury,Non-Intersection,No Control,Rear End,Clear,Dusk with Artificial Lighting,Dry,Minor Arterial,false,-79.28032343763367,43.71031014412828,,Automobile or Station Wagon,North,3,56,Major,,Driving properly,Normal,,,Going Ahead,,,,,driver,,Scarborough Southwest (20),41 Division,Oakridge,false,false,false,false,false,true,false,false,true,false,"{""coordinates"": [[-79.28032343763367, 43.71031014412828]], ""type"": ""MultiPoint""}"
17794,2022:2001265655,2022-07-03T22:45:00,701 WARDEN AVE,,,7,Fatal Injury,Non-Intersection,No Control,Rear End,Clear,Dusk with Artificial Lighting,Dry,Minor Arterial,false,-79.28032343763367,43.71031014412828,,,,7,3,None,,,,,,,,,,,passenger,,Scarborough Southwest (20),41 Division,Oakridge,false,false,false,false,false,true,false,false,true,false,"{""coordinates"": [[-79.28032343763367, 43.71031014412828]], ""type"": ""MultiPoint""}"
17795,2022:2001265655,2022-07-03T22:45:00,701 WARDEN AVE,,,7,Fatal Injury,Non-Intersection,No Control,Rear End,Clear,Dusk with Artificial Lighting,Dry,Minor Arterial,false,-79.28032343763367,43.71031014412828,,Automobile or Station Wagon,South,2,40,None,,Driving properly,Normal,,,Going Ahead,,,,,driver,,Scarborough Southwest (20),41 Division,Oakridge,false,false,false,false,false,true,false,false,true,false,"{""coordinates"": [[-79.28032343763367, 43.71031014412828]], ""type"": ""MultiPoint""}"
17796,2022:2001265655,2022-07-03T22:45:00,701 WARDEN AVE,,,7,Fatal Injury,Non-Intersection,No Control,Rear End,Clear,Dusk with Artificial Lighting,Dry,Minor Arterial,false,-79.28032343763367,43.71031014412828,,,,4,48,Minor,,,,,,,,,,,passenger,,Scarborough Southwest (20),41 Division,Oakridge,false,false,false,false,false,true,false,false,true,false,"{""coordinates"": [[-79.28032343763367, 43.71031014412828]], ""type"": ""MultiPoint""}"
17797,2022:2001272860,2022-07-04T21:45:00,LAKE SHORE BV W,ONTARIO PLACE BV,25 m East of,2,Non-Fatal Injury,Non-Intersection,No Control,Sideswipe,Clear,Dark with Artificial Lighting,Dry,Major Arterial,false,-79.41089325459978,43.63237607649109,1,Motorcycle,East,1,22,Major,Helmet,Exceeding speed limit,Inattentive,,,Going Ahead,,,,,motorcyclist,,Spadina-Fort York (10),14 Division,Fort York-Liberty Village,true,true,false,true,false,false,false,false,false,false,"{""coordinates"": [[-79.41089325459978, 43.63237607649109]], ""type"": ""MultiPoint""}"
17798,2022:2001272860,2022-07-04T21:45:00,LAKE SHORE BV W,ONTARIO PLACE BV,25 m East of,2,Non-Fatal Injury,Non-Intersection,No Control,Sideswipe,Clear,Dark with Artificial Lighting,Dry,Major Arterial,false,-79.41089325459978,43.63237607649109,2,Pickup Truck,East,2,31,None,Lap and Shoulder Belt,Driving properly,Normal,,,Going Ahead,,,,,driver,,Spadina-Fort York (10),14 Division,Fort York-Liberty Village,true,true,false,true,false,false,false,false,false,false,"{""coordinates"": [[-79.41089325459978, 43.63237607649109]], ""type"": ""MultiPoint""}"
17799,2022:2001286974,2022-07-06T19:45:00,KING ST W,GWYNNE AVE,5 m South of,2,Non-Fatal Injury,Intersection-Related,No Control,Pedestrian Collision(internal code),Clear,Dusk with Artificial Lighting,Dry,Major Arterial,false,-79.4288223574893,43.63857879957064,1,,North,2,27,Major,No Equipment Available,,,Crossing without right-of-way (intersection),Inattentive,,Driver going straight hits pedestrian crossing without right-of-way (at intersection),,,,pedestrian,,Parkdale-High Park (4),14 Division,South Parkdale,false,true,false,false,false,false,true,false,false,false,"{""coordinates"": [[-79.4288223574893, 43.63857879957064]], ""type"": ""MultiPoint""}"
17800,2022:2001286974,2022-07-06T19:45:00,KING ST W,GWYNNE AVE,5 m South of,2,Non-Fatal Injury,Intersection-Related,No Control,Pedestrian Collision(internal code),Clear,Dusk with Artificial Lighting,Dry,Major Arterial,false,-79.4288223574893,43.63857879957064,1,Automobile or Station Wagon,West,1,26,None,Lap and Shoulder Belt,Driving properly,Normal,,,Going Ahead,,,,,driver,,Parkdale-High Park (4),14 Division,South Parkdale,false,true,false,false,false,false,true,false,false,false,"{""coordinates"": [[-79.4288223574893, 43.63857879957064]], ""type"": ""MultiPoint""}"
17801,2022:2001292860,2022-07-07T16:05:00,KEELE ST,MURRAY ROSS PARKWAY,,2,Non-Fatal Injury,At Intersection,Traffic Signal,Cyclist Collision,Clear,Daylight,Dry,Major Arterial,false,-79.49200127475306,43.76724094721611,1,Truck - Tractor,West,1,55,None,Lap and Shoulder Belt,Improper turn,Inattentive,,,Turning Right,,,,,driver,,York Centre (6),31 Division,York University Heights,false,true,true,false,false,true,false,false,false,true,"{""coordinates"": [[-79.49200127475306, 43.76724094721611]], ""type"": ""MultiPoint""}"
17802,2022:2001292860,2022-07-07T16:05:00,KEELE ST,MURRAY ROSS PARKWAY,,2,Non-Fatal Injury,At Intersection,Traffic Signal,Cyclist Collision,Clear,Daylight,Dry,Major Arterial,false,-79.49200127475306,43.76724094721611,2,Bicycle,South,2,71,Major,Helmet,,,,,Going Ahead,,Driver turns right on red at signalized intersection and hits cyclist,Driving Properly,Normal,cyclist,,York Centre (6),31 Division,York University Heights,false,true,true,false,false,true,false,false,false,true,"{""coordinates"": [[-79.49200127475306, 43.76724094721611]], ""type"": ""MultiPoint""}"
17803,2022:2001311462,2022-07-09T22:33:00,DON VALLEY PARKWAY S,DVP S YORK MILLS E RAMP,30 m North of,5,Non-Fatal Injury,Non-Intersection,No Control,Rear End,Clear,Dark with Artificial Lighting,Dry,Expressway,false,-79.33599516556058,43.75859665254765,2,,,5,22,None,Use Unknown,,,,,,,,,,passenger,,Don Valley East (16),33 Division,Parkwoods-O'Connor Hills,false,false,false,true,false,false,false,false,false,false,"{""coordinates"": [[-79.33599516556058, 43.75859665254765]], ""type"": ""MultiPoint""}"
17804,2022:2001311462,2022-07-09T22:33:00,DON VALLEY PARKWAY S,DVP S YORK MILLS E RAMP,30 m North of,5,Non-Fatal Injury,Non-Intersection,No Control,Rear End,Clear,Dark with Artificial Lighting,Dry,Expressway,false,-79.33599516556058,43.75859665254765,2,Automobile or Station Wagon,South,2,31,None,Use Unknown,Driving properly,Normal,,,Slowing or Stopping,,,,,driver,,Don Valley East (16),33 Division,Parkwoods-O'Connor Hills,false,false,false,true,false,false,false,false,false,false,"{""coordinates"": [[-79.33599516556058, 43.75859665254765]], ""type"": ""MultiPoint""}"
17805,2022:2001311462,2022-07-09T22:33:00,DON VALLEY PARKWAY S,DVP S YORK MILLS E RAMP,30 m North of,5,Non-Fatal Injury,Non-Intersection,No Control,Rear End,Clear,Dark with Artificial Lighting,Dry,Expressway,false,-79.33599516556058,43.75859665254765,2,,,4,30,None,Use Unknown,,,,,,,,,,passenger,,Don Valley East (16),33 Division,Parkwoods-O'Connor Hills,false,false,false,true,false,false,false,false,false,false,"{""coordinates"": [[-79.33599516556058, 43.75859665254765]], ""type"": ""MultiPoint""}"
17806,2022:2001311462,2022-07-09T22:33:00,DON VALLEY PARKWAY S,DVP S YORK MILLS E RAMP,30 m North of,5,Non-Fatal Injury,Non-Intersection,No Control,Rear End,Clear,Dark with Artificial Lighting,Dry,Expressway,false,-79.33599516556058,43.75859665254765,2,,,3,21,None,Use Unknown,,,,,,,,,,passenger,,Don Valley East (16),33 Division,Parkwoods-O'Connor Hills,false,false,false,true,false,false,false,false,false,false,"{""coordinates"": [[-79.33599516556058, 43.75859665254765]], ""type"": ""MultiPoint""}"
17807,2022:2001318455,2022-07-11T00:03:00,GUILDWOOD PKWY,GALLOWAY RD,,3,Non-Fatal Injury,At Intersection,Stop Sign,Approaching Head On,Clear,Dark with Artificial Lighting,Dry,Minor Arterial,false,-79.18938086902216,43.74959379704943,2,,,3,41,Minor,Lap and Shoulder Belt,,,,,,,,,,passenger,,Scarborough-Guildwood (24),43 Division,Guildwood,true,false,false,false,false,false,false,false,false,false,"{""coordinates"": [[-79.18938086902216, 43.74959379704943]], ""type"": ""MultiPoint""}"
17808,2022:2001318455,2022-07-11T00:03:00,GUILDWOOD PKWY,GALLOWAY RD,,3,Non-Fatal Injury,At Intersection,Stop Sign,Approaching Head On,Clear,Dark with Artificial Lighting,Dry,Minor Arterial,false,-79.18938086902216,43.74959379704943,2,Automobile or Station Wagon,West,2,41,Minor,Lap and Shoulder Belt,Driving properly,Normal,,,Going Ahead,,,,,driver,,Scarborough-Guildwood (24),43 Division,Guildwood,true,false,false,false,false,false,false,false,false,false,"{""coordinates"": [[-79.18938086902216, 43.74959379704943]], ""type"": ""MultiPoint""}"
17809,2022:2001318455,2022-07-11T00:03:00,GUILDWOOD PKWY,GALLOWAY RD,,3,Non-Fatal Injury,At Intersection,Stop Sign,Approaching Head On,Clear,Dark with Artificial Lighting,Dry,Minor Arterial,false,-79.18938086902216,43.74959379704943,1,Automobile or Station Wagon,East,1,22,Major,Use Unknown,Disobeyed traffic control,Other Condition,,,Going Ahead,,,,,driver,,Scarborough-Guildwood (24),43 Division,Guildwood,true,false,false,false,false,false,false,false,false,false,"{""coordinates"": [[-79.18938086902216, 43.74959379704943]], ""type"": ""MultiPoint""}"
17810,2022:2001319854,2022-07-11T07:49:00,F G GARDINER XY E,GARDINER E LOWER JARVIS RAMP,5 m North of,3,Non-Fatal Injury,Non-Intersection,No Control,Rear End,Clear,Daylight,Dry,Expressway,false,-79.37987968916518,43.64199669368491,1,Truck - Open (Flatbed),East,1,58,None,Lap and Shoulder Belt,Following too closely,Normal,,,Slowing or Stopping,,,,,driver,,Spadina-Fort York (10),52 Division,St Lawrence-East Bayfront-The Islands,true,false,false,false,false,true,false,false,false,true,"{""coordinates"": [[-79.37987968916518, 43.64199669368491]], ""type"": ""MultiPoint""}"
17811,2022:2001319854,2022-07-11T07:49:00,F G GARDINER XY E,GARDINER E LOWER JARVIS RAMP,5 m North of,3,Non-Fatal Injury,Non-Intersection,No Control,Rear End,Clear,Daylight,Dry,Expressway,false,-79.37987968916518,43.64199669368491,2,Automobile or Station Wagon,East,2,52,Major,Lap and Shoulder Belt,Driving properly,Normal,,,Slowing or Stopping,,,,,driver,,Spadina-Fort York (10),52 Division,St Lawrence-East Bayfront-The Islands,true,false,false,false,false,true,false,false,false,true,"{""coordinates"": [[-79.37987968916518, 43.64199669368491]], ""type"": ""MultiPoint""}"
17812,2022:2001319854,2022-07-11T07:49:00,F G GARDINER XY E,GARDINER E LOWER JARVIS RAMP,5 m North of,3,Non-Fatal Injury,Non-Intersection,No Control,Rear End,Clear,Daylight,Dry,Expressway,false,-79.37987968916518,43.64199669368491,3,Automobile or Station Wagon,East,3,67,None,Lap and Shoulder Belt,Driving properly,Normal,,,Stopped,,,,,driver,,Spadina-Fort York (10),52 Division,St Lawrence-East Bayfront-The Islands,true,false,false,false,false,true,false,false,false,true,"{""coordinates"": [[-79.37987968916518, 43.64199669368491]], ""type"": ""MultiPoint""}"
17813,2022:2001329600,2022-07-12T14:07:00,QUEEN ST W,BROCK AVE,,3,Non-Fatal Injury,At Intersection,Traffic Signal,Pedestrian Collision(internal code),Clear,Daylight,Dry,Major Arterial,false,-79.43233188127914,43.64140167991787,2,Automobile or Station Wagon,West,2,61,None,Lap and Shoulder Belt,Driving properly,Normal,,,Going Ahead,,,,,driver,,Parkdale-High Park (4),14 Division,South Parkdale,false,false,false,false,false,false,true,false,false,false,"{""coordinates"": [[-79.43233188127914, 43.64140167991787]], ""type"": ""MultiPoint""}"
17814,2022:2001329600,2022-07-12T14:07:00,QUEEN ST W,BROCK AVE,,3,Non-Fatal Injury,At Intersection,Traffic Signal,Pedestrian Collision(internal code),Clear,Daylight,Dry,Major Arterial,false,-79.43233188127914,43.64140167991787,1,Automobile or Station Wagon,East,1,30,Minor,Lap Belt Only of Combined Assembly,Improper turn,Normal,,,Turning Left,,,,,driver,,Parkdale-High Park (4),14 Division,South Parkdale,false,false,false,false,false,false,true,false,false,false,"{""coordinates"": [[-79.43233188127914, 43.64140167991787]], ""type"": ""MultiPoint""}"
17815,2022:2001329600,2022-07-12T14:07:00,QUEEN ST W,BROCK AVE,,3,Non-Fatal Injury,At Intersection,Traffic Signal,Pedestrian Collision(internal code),Clear,Daylight,Dry,Major Arterial,false,-79.43233188127914,43.64140167991787,1,,Unknown,3,51,Major,No Equipment Available,,,On sidewalk or shoulder,Normal,,Driver hits pedestrian on sidewalk or shoulder,,,,pedestrian,,Parkdale-High Park (4),14 Division,South Parkdale,false,false,false,false,false,false,true,false,false,false,"{""coordinates"": [[-79.43233188127914, 43.64140167991787]], ""type"": ""MultiPoint""}"
17816,2022:2001330011,2022-07-12T15:08:00,JANE ST,FINCH AVE W,50 m South of,5,Non-Fatal Injury,Non-Intersection,No Control,Pedestrian Collision(internal code),Clear,Daylight,Dry,Major Arterial,false,-79.517575053816,43.75667426747532,1,,,3,12,None,Lap and Shoulder Belt,,,,,,,,,,passenger,,Humber River-Black Creek (7),31 Division,Glenfield-Jane Heights,false,false,false,false,false,false,true,false,true,false,"{""coordinates"": [[-79.517575053816, 43.75667426747532]], ""type"": ""MultiPoint""}"
17817,2022:2001330011,2022-07-12T15:08:00,JANE ST,FINCH AVE W,50 m South of,5,Non-Fatal Injury,Non-Intersection,No Control,Pedestrian Collision(internal code),Clear,Daylight,Dry,Major Arterial,false,-79.517575053816,43.75667426747532,1,,West,5,19,Major,Use Unknown,,,Crossing - no traffic control,Normal,,Driver hits pedestrian at midblock,,,,pedestrian,,Humber River-Black Creek (7),31 Division,Glenfield-Jane Heights,false,false,false,false,false,false,true,false,true,false,"{""coordinates"": [[-79.517575053816, 43.75667426747532]], ""type"": ""MultiPoint""}"
17818,2022:2001330011,2022-07-12T15:08:00,JANE ST,FINCH AVE W,50 m South of,5,Non-Fatal Injury,Non-Intersection,No Control,Pedestrian Collision(internal code),Clear,Daylight,Dry,Major Arterial,false,-79.517575053816,43.75667426747532,1,,,2,62,None,Lap and Shoulder Belt,,,,,,,,,,passenger,,Humber River-Black Creek (7),31 Division,Glenfield-Jane Heights,false,false,false,false,false,false,true,false,true,false,"{""coordinates"": [[-79.517575053816, 43.75667426747532]], ""type"": ""MultiPoint""}"
17819,2022:2001330011,2022-07-12T15:08:00,JANE ST,FINCH AVE W,50 m South of,5,Non-Fatal Injury,Non-Intersection,No Control,Pedestrian Collision(internal code),Clear,Daylight,Dry,Major Arterial,false,-79.517575053816,43.75667426747532,1,Automobile or Station Wagon,North,1,41,None,Lap and Shoulder Belt,Driving properly,Normal,,,Going Ahead,,,,,driver,,Humber River-Black Creek (7),31 Division,Glenfield-Jane Heights,false,false,false,false,false,false,true,false,true,false,"{""coordinates"": [[-79.517575053816, 43.75667426747532]], ""type"": ""MultiPoint""}"
17820,2022:2001330011,2022-07-12T15:08:00,JANE ST,FINCH AVE W,50 m South of,5,Non-Fatal Injury,Non-Intersection,No Control,Pedestrian Collision(internal code),Clear,Daylight,Dry,Major Arterial,false,-79.517575053816,43.75667426747532,1,,,4,4,None,Lap and Shoulder Belt,,,,,,,,,,passenger,,Humber River-Black Creek (7),31 Division,Glenfield-Jane Heights,false,false,false,false,false,false,true,false,true,false,"{""coordinates"": [[-79.517575053816, 43.75667426747532]], ""type"": ""MultiPoint""}"
17821,2022:2001333771,2022-07-13T03:45:00,NORGROVE CRES,SUMMITCREST DR,50 m North of,2,Non-Fatal Injury,Non-Intersection,No Control,Pedestrian Collision(internal code),Clear,Dark with Artificial Lighting,Dry,Local,false,-79.52925579813184,43.686335113055115,1,,East,2,30,Major,Use Unknown,,,Running onto roadway,Other Condition,,Driver hits pedestrian at midblock,,,,pedestrian,,Etobicoke Centre (2),23 Division,Willowridge-Martingrove-Richview,false,false,false,false,false,false,true,false,false,false,"{""coordinates"": [[-79.52925579813184, 43.686335113055115]], ""type"": ""MultiPoint""}"
17822,2022:2001333771,2022-07-13T03:45:00,NORGROVE CRES,SUMMITCREST DR,50 m North of,2,Non-Fatal Injury,Non-Intersection,No Control,Pedestrian Collision(internal code),Clear,Dark with Artificial Lighting,Dry,Local,false,-79.52925579813184,43.686335113055115,1,Automobile or Station Wagon,North,1,30,Minor,Use Unknown,Other,Unknown,,,Going Ahead,,,,,driver,,Etobicoke Centre (2),23 Division,Willowridge-Martingrove-Richview,false,false,false,false,false,false,true,false,false,false,"{""coordinates"": [[-79.52925579813184, 43.686335113055115]], ""type"": ""MultiPoint""}"
17823,2022:2001336552,2022-07-13T13:11:00,LAKESHORE BLVD E,YONGE ST,60 m East of,2,Non-Fatal Injury,Non-Intersection,No Control,Rear End,Clear,Daylight,Dry,Major Arterial,false,-79.37498923410482,43.64431602187389,1,Automobile or Station Wagon,West,1,32,Major,Lap and Shoulder Belt,Improper lane change,Inattentive,,,Changing Lanes,,,,,driver,,Spadina-Fort York (10),51 Division,St Lawrence-East Bayfront-The Islands,true,true,false,false,false,false,false,false,false,true,"{""coordinates"": [[-79.37498923410482, 43.64431602187389]], ""type"": ""MultiPoint""}"
17824,2022:2001336552,2022-07-13T13:11:00,LAKESHORE BLVD E,YONGE ST,60 m East of,2,Non-Fatal Injury,Non-Intersection,No Control,Rear End,Clear,Daylight,Dry,Major Arterial,false,-79.37498923410482,43.64431602187389,2,Truck - Closed,West,2,50,None,Lap and Shoulder Belt,Following too closely,Inattentive,,,Going Ahead,,,,,driver,,Spadina-Fort York (10),51 Division,St Lawrence-East Bayfront-The Islands,true,true,false,false,false,false,false,false,false,true,"{""coordinates"": [[-79.37498923410482, 43.64431602187389]], ""type"": ""MultiPoint""}"
17825,2022:2001340330,2022-07-13T23:38:00,EGLINTON AVE E,DANFORTH RD,20 m South of,2,Non-Fatal Injury,At Intersection,Traffic Signal,Pedestrian Collision(internal code),Clear,Dark,Dry,Major Arterial,false,-79.24612840013343,43.73702442658373,1,Automobile or Station Wagon,West,1,54,None,Lap and Shoulder Belt,Improper turn,Normal,,,Turning Left,,,,,driver,,Scarborough Southwest (20),43 Division,Eglinton East,false,false,false,false,false,false,true,false,false,false,"{""coordinates"": [[-79.24612840013343, 43.73702442658373]], ""type"": ""MultiPoint""}"
17826,2022:2001340330,2022-07-13T23:38:00,EGLINTON AVE E,DANFORTH RD,20 m South of,2,Non-Fatal Injury,At Intersection,Traffic Signal,Pedestrian Collision(internal code),Clear,Dark,Dry,Major Arterial,false,-79.24612840013343,43.73702442658373,1,,West,2,53,Major,No Equipment Available,,,Crossing with right-of-way (intersection),Normal,,Driver turns left into pedestrian crossing with right-of-way (at intersection),,,,pedestrian,,Scarborough Southwest (20),43 Division,Eglinton East,false,false,false,false,false,false,true,false,false,false,"{""coordinates"": [[-79.24612840013343, 43.73702442658373]], ""type"": ""MultiPoint""}"
17827,2022:2001344891,2022-07-14T16:00:00,EVANS AVE,TREEVIEW DR,,2,Non-Fatal Injury,At Intersection,Traffic Signal,Cyclist Collision,Clear,Daylight,Dry,Major Arterial,false,-79.53637416788493,43.61344011044276,1,Passenger Van,West,1,79,None,Lap and Shoulder Belt,Improper turn,Inattentive,,,Turning Left,,,,,driver,,Etobicoke-Lakeshore (3),22 Division,Alderwood,false,true,true,false,false,true,false,false,false,false,"{""coordinates"": [[-79.53637416788493, 43.61344011044276]], ""type"": ""MultiPoint""}"
17828,2022:2001344891,2022-07-14T16:00:00,EVANS AVE,TREEVIEW DR,,2,Non-Fatal Injury,At Intersection,Traffic Signal,Cyclist Collision,Clear,Daylight,Dry,Major Arterial,false,-79.53637416788493,43.61344011044276,2,Bicycle,East,2,63,Major,No Equipment Available,,,,,Going Ahead,,Driver turns left into path of cyclist,Other,Inattentive,cyclist,,Etobicoke-Lakeshore (3),22 Division,Alderwood,false,true,true,false,false,true,false,false,false,false,"{""coordinates"": [[-79.53637416788493, 43.61344011044276]], ""type"": ""MultiPoint""}"
17829,2022:2001353218,2022-07-15T18:30:00,UNIVERSITY AVE,ELM ST,,2,Non-Fatal Injury,At Intersection,Traffic Signal,Angle,Clear,Daylight,Dry,Major Arterial,false,-79.38893577639239,43.65625222762608,2,Automobile or Station Wagon,South,2,54,None,Use Unknown,Driving properly,Normal,,,Going Ahead,,,,,driver,,University-Rosedale (11),52 Division,Kensington-Chinatown,true,true,false,false,false,false,false,true,false,false,"{""coordinates"": [[-79.38893577639239, 43.65625222762608]], ""type"": ""MultiPoint""}"
17830,2022:2001353218,2022-07-15T18:30:00,UNIVERSITY AVE,ELM ST,,2,Non-Fatal Injury,At Intersection,Traffic Signal,Angle,Clear,Daylight,Dry,Major Arterial,false,-79.38893577639239,43.65625222762608,1,,West,1,26,Major,Helmet,Disobeyed traffic control,Inattentive,,,Going Ahead,,,,,driver,,University-Rosedale (11),52 Division,Kensington-Chinatown,true,true,false,false,false,false,false,true,false,false,"{""coordinates"": [[-79.38893577639239, 43.65625222762608]], ""type"": ""MultiPoint""}"
17831,2022:2001354914,2022-07-15T23:17:00,BATHURST ST,EGLINTON AVE W,3 m North of,2,Non-Fatal Injury,At Intersection,Traffic Signal,Cyclist Collision,Clear,Dark,Dry,Major Arterial,false,-79.42556449729052,43.70088803979644,2,Automobile or Station Wagon,South,2,58,None,Lap and Shoulder Belt,Driving properly,Normal,,,Stopped,,,,,driver,,Toronto-St. Paul's (12),13 Division,Humewood-Cedarvale,false,false,true,false,false,false,false,false,false,false,"{""coordinates"": [[-79.42556449729052, 43.70088803979644]], ""type"": ""MultiPoint""}"