_id,collision_id,accdate,stname1,stname2,stname3,per_inv,acclass,accloc,traffictl,impactype,visible,light,rdsfcond,road_class,failtorem,longitude,latitude,veh_no,vehtype,initdir,per_no,invage,injury,safequip,drivact,drivcond,pedact,pedcond,manoeuvre,pedtype,cyclistype,cycact,cyccond,road_user,fatal_no,wardname,division,neighbourhood,aggressive,distracted,cyclist,motorcyclist,other_micromobility,older_adult,pedestrian,red_light,school_child,heavy_truck,geometry
17881,2022:2001464726,2022-07-31T01:12:00,KENNEDY RD,TRANSWAY CRES,,3,Fatal Injury,At Intersection,No Control,Turning Movement,Clear,Dark with Artificial Lighting,Dry,Major Arterial,false,-79.26752126535737,43.73114600432494,,,,3,39,None,,,,,,,,,,,passenger,,Scarborough Southwest (20),41 Division,Kennedy Park,true,false,false,true,false,false,false,false,false,false,"{""coordinates"": [[-79.26752126535737, 43.73114600432494]], ""type"": ""MultiPoint""}"
17882,2022:2001464726,2022-07-31T01:12:00,KENNEDY RD,TRANSWAY CRES,,3,Fatal Injury,At Intersection,No Control,Turning Movement,Clear,Dark with Artificial Lighting,Dry,Major Arterial,false,-79.26752126535737,43.73114600432494,,Automobile or Station Wagon,South,2,30,None,,Driving properly,Normal,,,Turning Left,,,,,driver,,Scarborough Southwest (20),41 Division,Kennedy Park,true,false,false,true,false,false,false,false,false,false,"{""coordinates"": [[-79.26752126535737, 43.73114600432494]], ""type"": ""MultiPoint""}"
17883,2022:2001464726,2022-07-31T01:12:00,KENNEDY RD,TRANSWAY CRES,,3,Fatal Injury,At Intersection,No Control,Turning Movement,Clear,Dark with Artificial Lighting,Dry,Major Arterial,false,-79.26752126535737,43.73114600432494,,Motorcycle,North,1,39,Fatal,,Exceeding speed limit,Unknown,,,Going Ahead,,,,,motorcyclist,32,Scarborough Southwest (20),41 Division,Kennedy Park,true,false,false,true,false,false,false,false,false,false,"{""coordinates"": [[-79.26752126535737, 43.73114600432494]], ""type"": ""MultiPoint""}"
17884,2022:2001470034,2022-07-31T20:25:00,DISCO RD,ATTWELL DR,,1,Non-Fatal Injury,At Intersection,No Control,SMV Other,Clear,Daylight,Dry,Collector,false,-79.60892200966495,43.701338402077745,1,Motorcycle,North,1,43,Major,Helmet,Lost control,Other Condition,,,Other,,,,,motorcyclist,,Etobicoke North (1),23 Division,West Humber-Clairville,false,false,false,true,false,false,false,false,false,false,"{""coordinates"": [[-79.60892200966495, 43.701338402077745]], ""type"": ""MultiPoint""}"
17885,2022:2001477527,2022-08-01T22:22:00,STEELES AVE E,SEWELLS RD,,7,Fatal Injury,Non-Intersection,No Control,Approaching Head On,Clear,Dark,Dry,Minor Arterial,false,-79.207355677408,43.84652910854544,,Automobile or Station Wagon,West,4,36,None,,Driving properly,Normal,,,Going Ahead,,,,,driver,,Scarborough-Rouge Park (25),42 Division,Morningside Heights,true,false,false,false,false,false,false,false,true,false,"{""coordinates"": [[-79.207355677408, 43.84652910854544]], ""type"": ""MultiPoint""}"
17886,2022:2001477527,2022-08-01T22:22:00,STEELES AVE E,SEWELLS RD,,7,Fatal Injury,Non-Intersection,No Control,Approaching Head On,Clear,Dark,Dry,Minor Arterial,false,-79.207355677408,43.84652910854544,,,,7,7,None,,,,,,,,,,,passenger,,Scarborough-Rouge Park (25),42 Division,Morningside Heights,true,false,false,false,false,false,false,false,true,false,"{""coordinates"": [[-79.207355677408, 43.84652910854544]], ""type"": ""MultiPoint""}"
17887,2022:2001477527,2022-08-01T22:22:00,STEELES AVE E,SEWELLS RD,,7,Fatal Injury,Non-Intersection,No Control,Approaching Head On,Clear,Dark,Dry,Minor Arterial,false,-79.207355677408,43.84652910854544,,,,3,22,Minor,,,,,,,,,,,passenger,,Scarborough-Rouge Park (25),42 Division,Morningside Heights,true,false,false,false,false,false,false,false,true,false,"{""coordinates"": [[-79.207355677408, 43.84652910854544]], ""type"": ""MultiPoint""}"
17888,2022:2001477527,2022-08-01T22:22:00,STEELES AVE E,SEWELLS RD,,7,Fatal Injury,Non-Intersection,No Control,Approaching Head On,Clear,Dark,Dry,Minor Arterial,false,-79.207355677408,43.84652910854544,,Automobile or Station Wagon,East,2,21,Major,,Exceeding speed limit,Normal,,,Going Ahead,,,,,driver,,Scarborough-Rouge Park (25),42 Division,Morningside Heights,true,false,false,false,false,false,false,false,true,false,"{""coordinates"": [[-79.207355677408, 43.84652910854544]], ""type"": ""MultiPoint""}"
17889,2022:2001477527,2022-08-01T22:22:00,STEELES AVE E,SEWELLS RD,,7,Fatal Injury,Non-Intersection,No Control,Approaching Head On,Clear,Dark,Dry,Minor Arterial,false,-79.207355677408,43.84652910854544,,Automobile or Station Wagon,West,1,41,Fatal,,Driving properly,Normal,,,Going Ahead,,,,,driver,33,Scarborough-Rouge Park (25),42 Division,Morningside Heights,true,false,false,false,false,false,false,false,true,false,"{""coordinates"": [[-79.207355677408, 43.84652910854544]], ""type"": ""MultiPoint""}"
17890,2022:2001477527,2022-08-01T22:22:00,STEELES AVE E,SEWELLS RD,,7,Fatal Injury,Non-Intersection,No Control,Approaching Head On,Clear,Dark,Dry,Minor Arterial,false,-79.207355677408,43.84652910854544,,,,6,4,None,,,,,,,,,,,passenger,,Scarborough-Rouge Park (25),42 Division,Morningside Heights,true,false,false,false,false,false,false,false,true,false,"{""coordinates"": [[-79.207355677408, 43.84652910854544]], ""type"": ""MultiPoint""}"
17891,2022:2001477527,2022-08-01T22:22:00,STEELES AVE E,SEWELLS RD,,7,Fatal Injury,Non-Intersection,No Control,Approaching Head On,Clear,Dark,Dry,Minor Arterial,false,-79.207355677408,43.84652910854544,,,,5,41,None,,,,,,,,,,,passenger,,Scarborough-Rouge Park (25),42 Division,Morningside Heights,true,false,false,false,false,false,false,false,true,false,"{""coordinates"": [[-79.207355677408, 43.84652910854544]], ""type"": ""MultiPoint""}"
17892,2022:2001485578,2022-08-03T00:25:00,JANE ST,ALLIANCE AVE,100 m South of,2,Non-Fatal Injury,Non-Intersection,No Control,Pedestrian Collision(internal code),Clear,Dark with Artificial Lighting,Dry,Major Arterial,true,-79.49525919009011,43.6751656436769,1,,Unknown,2,23,Major,No Equipment Available,,,Other,Normal,,Other,,,,pedestrian,,York South-Weston (5),12 Division,Rockcliffe-Smythe,false,false,false,false,false,false,true,false,false,false,"{""coordinates"": [[-79.49525919009011, 43.6751656436769]], ""type"": ""MultiPoint""}"
17893,2022:2001485578,2022-08-03T00:25:00,JANE ST,ALLIANCE AVE,100 m South of,2,Non-Fatal Injury,Non-Intersection,No Control,Pedestrian Collision(internal code),Clear,Dark with Artificial Lighting,Dry,Major Arterial,true,-79.49525919009011,43.6751656436769,1,Automobile or Station Wagon,North,1,55,None,Lap and Shoulder Belt,Other,Other Condition,,,Slowing or Stopping,,,,,driver,,York South-Weston (5),12 Division,Rockcliffe-Smythe,false,false,false,false,false,false,true,false,false,false,"{""coordinates"": [[-79.49525919009011, 43.6751656436769]], ""type"": ""MultiPoint""}"
17894,2022:2001487064,2022-08-03T08:55:00,DEAUVILLE LANE,GRENOBLE DR,,2,Non-Fatal Injury,At Intersection,Stop Sign,Pedestrian Collision(internal code),Clear,Daylight,Dry,Collector,false,-79.33034182937493,43.71650146425284,1,,West,2,41,Major,No Equipment Available,,,Crossing with right-of-way (intersection),Normal,,Driver going straight hits pedestrian crossing with right-of-way (at intersection),,,,pedestrian,,Don Valley East (16),55 Division,Flemingdon Park,true,true,false,false,false,true,true,false,false,false,"{""coordinates"": [[-79.33034182937493, 43.71650146425284]], ""type"": ""MultiPoint""}"
17895,2022:2001487064,2022-08-03T08:55:00,DEAUVILLE LANE,GRENOBLE DR,,2,Non-Fatal Injury,At Intersection,Stop Sign,Pedestrian Collision(internal code),Clear,Daylight,Dry,Collector,false,-79.33034182937493,43.71650146425284,1,Automobile or Station Wagon,North,1,90,None,Use Unknown,Failed to yield right-of-way,Inattentive,,,Going Ahead,,,,,driver,,Don Valley East (16),55 Division,Flemingdon Park,true,true,false,false,false,true,true,false,false,false,"{""coordinates"": [[-79.33034182937493, 43.71650146425284]], ""type"": ""MultiPoint""}"
17896,2022:2001490698,2022-08-03T18:00:00,ROYAL YORK RD,STANLEY AVE,,2,Fatal Injury,At Intersection,No Control,Pedestrian Collision(internal code),Clear,Daylight,Dry,Minor Arterial,false,-79.49759390105115,43.61425259071084,,,North,1,89,Fatal,,,,Crossing with right-of-way (intersection),Normal,Going Ahead,Driver turns left into pedestrian crossing with right-of-way (at intersection),,,,pedestrian,36,Etobicoke-Lakeshore (3),22 Division,Mimico-Queensway,false,true,false,false,false,true,true,false,false,false,"{""coordinates"": [[-79.49759390105115, 43.61425259071084]], ""type"": ""MultiPoint""}"
17897,2022:2001490698,2022-08-03T18:00:00,ROYAL YORK RD,STANLEY AVE,,2,Fatal Injury,At Intersection,No Control,Pedestrian Collision(internal code),Clear,Daylight,Dry,Minor Arterial,false,-79.49759390105115,43.61425259071084,,Automobile or Station Wagon,South,2,36,None,,Improper turn,Inattentive,,,Turning Left,,,,,driver,,Etobicoke-Lakeshore (3),22 Division,Mimico-Queensway,false,true,false,false,false,true,true,false,false,false,"{""coordinates"": [[-79.49759390105115, 43.61425259071084]], ""type"": ""MultiPoint""}"
17898,2022:2001503800,2022-08-05T15:33:00,VICTORIA PARK AVE,SURREY AVE,,4,Fatal Injury,At/Near Private Drive,Traffic Signal,Turning Movement,Clear,Daylight,Dry,Major Arterial,false,-79.30739254375263,43.73619671488079,,,,4,19,Minor,,,,,,,,,,,passenger,,Scarborough Centre (21),41 Division,Wexford/Maryvale,true,true,false,false,false,true,false,false,true,false,"{""coordinates"": [[-79.30739254375263, 43.73619671488079]], ""type"": ""MultiPoint""}"
17899,2022:2001503800,2022-08-05T15:33:00,VICTORIA PARK AVE,SURREY AVE,,4,Fatal Injury,At/Near Private Drive,Traffic Signal,Turning Movement,Clear,Daylight,Dry,Major Arterial,false,-79.30739254375263,43.73619671488079,,Automobile or Station Wagon,South,2,26,Minor,,Driving properly,Normal,,,Going Ahead,,,,,driver,,Scarborough Centre (21),41 Division,Wexford/Maryvale,true,true,false,false,false,true,false,false,true,false,"{""coordinates"": [[-79.30739254375263, 43.73619671488079]], ""type"": ""MultiPoint""}"
17900,2022:2001503800,2022-08-05T15:33:00,VICTORIA PARK AVE,SURREY AVE,,4,Fatal Injury,At/Near Private Drive,Traffic Signal,Turning Movement,Clear,Daylight,Dry,Major Arterial,false,-79.30739254375263,43.73619671488079,,Automobile or Station Wagon,North,3,74,Minor,,Failed to yield right-of-way,Inattentive,,,Turning Left,,,,,driver,,Scarborough Centre (21),41 Division,Wexford/Maryvale,true,true,false,false,false,true,false,false,true,false,"{""coordinates"": [[-79.30739254375263, 43.73619671488079]], ""type"": ""MultiPoint""}"
17901,2022:2001503800,2022-08-05T15:33:00,VICTORIA PARK AVE,SURREY AVE,,4,Fatal Injury,At/Near Private Drive,Traffic Signal,Turning Movement,Clear,Daylight,Dry,Major Arterial,false,-79.30739254375263,43.73619671488079,,,,1,86,Fatal,,,,,,,,,,,passenger,34,Scarborough Centre (21),41 Division,Wexford/Maryvale,true,true,false,false,false,true,false,false,true,false,"{""coordinates"": [[-79.30739254375263, 43.73619671488079]], ""type"": ""MultiPoint""}"
17902,2022:2001504296,2022-08-05T16:40:00,DUPONT ST,OSSINGTON AVE,1 m West of,2,Property Damage Only,Intersection-Related,Traffic Signal,Other,Clear,Daylight,Dry,Major Arterial,false,-79.4289901526438,43.67002333910153,1,Bus - Other,East,1,40,None,Use Unknown,Driving properly,Normal,,,Changing Lanes,,,,,driver,,University-Rosedale (11),14 Division,Dovercourt Village,false,false,false,false,false,false,false,false,false,true,"{""coordinates"": [[-79.4289901526438, 43.67002333910153]], ""type"": ""MultiPoint""}"
17903,2022:2001504296,2022-08-05T16:40:00,DUPONT ST,OSSINGTON AVE,1 m West of,2,Property Damage Only,Intersection-Related,Traffic Signal,Other,Clear,Daylight,Dry,Major Arterial,false,-79.4289901526438,43.67002333910153,0,,,2,58,Major,No Equipment Available,,,,,,,,,,passenger,,University-Rosedale (11),14 Division,Dovercourt Village,false,false,false,false,false,false,false,false,false,true,"{""coordinates"": [[-79.4289901526438, 43.67002333910153]], ""type"": ""MultiPoint""}"
17904,2022:2001506529,2022-08-05T22:31:00,QUEEN ST E,ORCHARD PARK BLVD,12 m East of,2,Non-Fatal Injury,Intersection-Related,No Control,Pedestrian Collision(internal code),Clear,Dark with Artificial Lighting,Dry,Minor Arterial,false,-79.3135190508166,43.66695615688055,1,Pickup Truck,East,1,64,None,Use Unknown,Driving properly,Normal,,,Going Ahead,,,,,driver,,Beaches-East York (19),55 Division,The Beaches,false,false,false,false,false,false,true,false,false,false,"{""coordinates"": [[-79.3135190508166, 43.66695615688055]], ""type"": ""MultiPoint""}"
17905,2022:2001506529,2022-08-05T22:31:00,QUEEN ST E,ORCHARD PARK BLVD,12 m East of,2,Non-Fatal Injury,Intersection-Related,No Control,Pedestrian Collision(internal code),Clear,Dark with Artificial Lighting,Dry,Minor Arterial,false,-79.3135190508166,43.66695615688055,1,,North,2,62,Major,Use Unknown,,,Crossing - no traffic control,Normal,,Driver hits pedestrian at midblock,,,,pedestrian,,Beaches-East York (19),55 Division,The Beaches,false,false,false,false,false,false,true,false,false,false,"{""coordinates"": [[-79.3135190508166, 43.66695615688055]], ""type"": ""MultiPoint""}"
17906,2022:2001507092,2022-08-06T00:40:00,ST CLAIR AVE W,LAUGHTON AVE,1662 St Clair Ave W,2,Non-Fatal Injury,At Intersection,Traffic Signal,Pedestrian Collision(internal code),Clear,Dark with Artificial Lighting,Dry,Major Arterial,false,-79.45760805788602,43.67465060606711,1,,North,2,56,Major,Use Unknown,,,Crossing without right-of-way (intersection),Inattentive,,Driver going straight hits pedestrian crossing without right-of-way (at intersection),,,,pedestrian,,Davenport (9),11 Division,Weston-Pelham Park,false,true,false,false,false,false,true,false,false,false,"{""coordinates"": [[-79.45760805788602, 43.67465060606711]], ""type"": ""MultiPoint""}"
17907,2022:2001507092,2022-08-06T00:40:00,ST CLAIR AVE W,LAUGHTON AVE,1662 St Clair Ave W,2,Non-Fatal Injury,At Intersection,Traffic Signal,Pedestrian Collision(internal code),Clear,Dark with Artificial Lighting,Dry,Major Arterial,false,-79.45760805788602,43.67465060606711,1,Automobile or Station Wagon,West,1,49,None,Lap and Shoulder Belt,Other,Ability Impaired - Alcohol,,,Going Ahead,,,,,driver,,Davenport (9),11 Division,Weston-Pelham Park,false,true,false,false,false,false,true,false,false,false,"{""coordinates"": [[-79.45760805788602, 43.67465060606711]], ""type"": ""MultiPoint""}"
17908,2022:2001513623,2022-08-07T00:13:00,HIGHWAY 2A E,HIGHLAND CREEK OVERPASS,200 m East of,2,Fatal Injury,Non-Intersection,No Control,Pedestrian Collision(internal code),Clear,Dark,Dry,Expressway,false,-79.16514985512939,43.78440289417233,1,,Unknown,2,47,Fatal,Use Unknown,,,Crossing - no traffic control,Inattentive,,Driver hits pedestrian at midblock,,,,pedestrian,40,Scarborough-Rouge Park (25),43 Division,Centennial Scarborough,false,true,false,false,false,false,true,false,false,false,"{""coordinates"": [[-79.16514985512939, 43.78440289417233]], ""type"": ""MultiPoint""}"
17909,2022:2001513623,2022-08-07T00:13:00,HIGHWAY 2A E,HIGHLAND CREEK OVERPASS,200 m East of,2,Fatal Injury,Non-Intersection,No Control,Pedestrian Collision(internal code),Clear,Dark,Dry,Expressway,false,-79.16514985512939,43.78440289417233,1,Automobile or Station Wagon,East,1,45,None,Lap and Shoulder Belt,Driving properly,Normal,,,Going Ahead,,,,,driver,,Scarborough-Rouge Park (25),43 Division,Centennial Scarborough,false,true,false,false,false,false,true,false,false,false,"{""coordinates"": [[-79.16514985512939, 43.78440289417233]], ""type"": ""MultiPoint""}"
17910,2022:2001514494,2022-08-07T04:14:00,KENNEDY RD,MERRIAN RD,18 m East of,2,Non-Fatal Injury,At Intersection,Traffic Signal,Pedestrian Collision(internal code),Clear,Dark with Artificial Lighting,Dry,Major Arterial,false,-79.26588094732068,43.72733511950882,1,Motorcycle,South,1,31,Major,Helmet,Other,Unknown,,,Going Ahead,,,,,motorcyclist,,Scarborough Southwest (20),41 Division,Kennedy Park,false,false,false,true,false,false,true,false,false,false,"{""coordinates"": [[-79.26588094732068, 43.72733511950882]], ""type"": ""MultiPoint""}"
17911,2022:2001514494,2022-08-07T04:14:00,KENNEDY RD,MERRIAN RD,18 m East of,2,Non-Fatal Injury,At Intersection,Traffic Signal,Pedestrian Collision(internal code),Clear,Dark with Artificial Lighting,Dry,Major Arterial,false,-79.26588094732068,43.72733511950882,1,,West,2,64,Major,Use Unknown,,,Crossing without right-of-way (intersection),Normal,,Driver going straight hits pedestrian crossing without right-of-way (at intersection),,,,pedestrian,,Scarborough Southwest (20),41 Division,Kennedy Park,false,false,false,true,false,false,true,false,false,false,"{""coordinates"": [[-79.26588094732068, 43.72733511950882]], ""type"": ""MultiPoint""}"
17912,2022:2001527997,2022-08-09T05:32:00,STEELES AVE W,BATHURST ST,,3,Fatal Injury,At Intersection,Traffic Signal,Rear End,Clear,Dark,Dry,Major Arterial,false,-79.44571363225961,43.792337779816016,,,,1,32,Fatal,,,,,,,,,,,passenger,35,York Centre (6),32 Division,Newtonbrook West,false,false,false,false,false,false,false,false,false,false,"{""coordinates"": [[-79.44571363225961, 43.792337779816016]], ""type"": ""MultiPoint""}"
17913,2022:2001527997,2022-08-09T05:32:00,STEELES AVE W,BATHURST ST,,3,Fatal Injury,At Intersection,Traffic Signal,Rear End,Clear,Dark,Dry,Major Arterial,false,-79.44571363225961,43.792337779816016,,Automobile or Station Wagon,East,3,64,Major,,Driving properly,Normal,,,Stopped,,,,,driver,,York Centre (6),32 Division,Newtonbrook West,false,false,false,false,false,false,false,false,false,false,"{""coordinates"": [[-79.44571363225961, 43.792337779816016]], ""type"": ""MultiPoint""}"
17914,2022:2001535137,2022-08-10T06:48:00,525 ELM ST,,5 m South of,2,Non-Fatal Injury,Non-Intersection,No Control,Pedestrian Collision(internal code),Clear,Daylight,Dry,Collector,false,-79.39149925848967,43.655847873586524,1,,North,2,32,Major,Equipment Not Used But Available,,,Crossing - no traffic control,Normal,,Driver hits pedestrian at midblock,,,,pedestrian,,University-Rosedale (11),52 Division,Kensington-Chinatown,false,false,false,false,false,false,true,false,false,false,"{""coordinates"": [[-79.39149925848967, 43.655847873586524]], ""type"": ""MultiPoint""}"
17915,2022:2001536072,2022-08-10T09:39:00,MARTIN GROVE RD,STEELES AVE W,15 m South of,2,Non-Fatal Injury,Non-Intersection,No Control,Pedestrian Collision(internal code),Clear,Daylight,Dry,Minor Arterial,false,-79.60333718317722,43.75779206741336,1,Automobile or Station Wagon,West,1,53,None,Lap and Shoulder Belt,Driving properly,Normal,,,Turning Left,,,,,driver,,Etobicoke North (1),23 Division,West Humber-Clairville,false,false,false,false,false,false,true,false,false,false,"{""coordinates"": [[-79.60333718317722, 43.75779206741336]], ""type"": ""MultiPoint""}"
17916,2022:2001536072,2022-08-10T09:39:00,MARTIN GROVE RD,STEELES AVE W,15 m South of,2,Non-Fatal Injury,Non-Intersection,No Control,Pedestrian Collision(internal code),Clear,Daylight,Dry,Minor Arterial,false,-79.60333718317722,43.75779206741336,1,,West,2,61,Major,Use Unknown,,,Crossing - no traffic control,Normal,,Driver hits pedestrian at midblock,,,,pedestrian,,Etobicoke North (1),23 Division,West Humber-Clairville,false,false,false,false,false,false,true,false,false,false,"{""coordinates"": [[-79.60333718317722, 43.75779206741336]], ""type"": ""MultiPoint""}"
17917,2022:2001538160,2022-08-10T14:38:00,BLOOR ST W,JOPLING AVE S,,2,Fatal Injury,At Intersection,Stop Sign,Turning Movement,Clear,Daylight,Dry,Major Arterial,false,-79.5395174315859,43.64082199664064,,Automobile or Station Wagon,North,2,91,None,,Disobeyed traffic control,Normal,,,Turning Left,,,,,driver,,Etobicoke-Lakeshore (3),22 Division,Islington,true,false,false,true,false,true,false,false,false,false,"{""coordinates"": [[-79.5395174315859, 43.64082199664064]], ""type"": ""MultiPoint""}"
17918,2022:2001538160,2022-08-10T14:38:00,BLOOR ST W,JOPLING AVE S,,2,Fatal Injury,At Intersection,Stop Sign,Turning Movement,Clear,Daylight,Dry,Major Arterial,false,-79.5395174315859,43.64082199664064,,Motorcycle,East,1,48,Fatal,,Driving properly,Normal,,,Going Ahead,,,,,motorcyclist,38,Etobicoke-Lakeshore (3),22 Division,Islington,true,false,false,true,false,true,false,false,false,false,"{""coordinates"": [[-79.5395174315859, 43.64082199664064]], ""type"": ""MultiPoint""}"
17919,2022:2001544933,2022-08-11T13:14:00,QUEEN ST E,YONGE ST,1 m South of,2,Non-Fatal Injury,At Intersection,Traffic Signal,Turning Movement,Clear,Daylight,Dry,Major Arterial,false,-79.37922354414533,43.65236885239499,2,Motorcycle,West,2,56,Major,Helmet,Driving properly,Normal,,,Going Ahead,,,,,motorcyclist,,Toronto Centre (13),51 Division,Downtown Yonge East,true,true,false,true,false,false,false,true,false,true,"{""coordinates"": [[-79.37922354414533, 43.65236885239499]], ""type"": ""MultiPoint""}"
17920,2022:2001544933,2022-08-11T13:14:00,QUEEN ST E,YONGE ST,1 m South of,2,Non-Fatal Injury,At Intersection,Traffic Signal,Turning Movement,Clear,Daylight,Dry,Major Arterial,false,-79.37922354414533,43.65236885239499,1,Truck - Dump,West,1,52,None,Lap and Shoulder Belt,Disobeyed traffic control,Inattentive,,,Turning Right,,,,,driver,,Toronto Centre (13),51 Division,Downtown Yonge East,true,true,false,true,false,false,false,true,false,true,"{""coordinates"": [[-79.37922354414533, 43.65236885239499]], ""type"": ""MultiPoint""}"
17921,2022:2001549410,2022-08-12T04:10:00,DUFFERIN ST,GERRY FITZGERALD DR,,2,Fatal Injury,Non-Intersection,No Control,Approaching Head On,Clear,Dawn with Artificial Lighting,Dry,Major Arterial,false,-79.47012011580098,43.78310624311152,,Automobile or Station Wagon,South,1,57,Fatal,,Driving properly,Normal,,,Going Ahead,,,,,driver,37,York Centre (6),32 Division,Bathurst Manor,false,false,false,false,false,false,false,false,false,false,"{""coordinates"": [[-79.47012011580098, 43.78310624311152]], ""type"": ""MultiPoint""}"
17922,2022:2001549410,2022-08-12T04:10:00,DUFFERIN ST,GERRY FITZGERALD DR,,2,Fatal Injury,Non-Intersection,No Control,Approaching Head On,Clear,Dawn with Artificial Lighting,Dry,Major Arterial,false,-79.47012011580098,43.78310624311152,,Automobile or Station Wagon,North,2,31,Minor,,Lost control,Fatigue/Fell Asleep,,,Going Ahead,,,,,driver,,York Centre (6),32 Division,Bathurst Manor,false,false,false,false,false,false,false,false,false,false,"{""coordinates"": [[-79.47012011580098, 43.78310624311152]], ""type"": ""MultiPoint""}"
17923,2022:2001553400,2022-08-12T16:20:00,EGLINTON AVE E,DON VALLEY PKWY SOUTHBOUND RAMP,5 m North of,2,Non-Fatal Injury,Non-Intersection,No Control,Cyclist Collision,Clear,Daylight,Dry,Major Arterial,false,-79.33041811444872,43.7229750050123,1,Bicycle,West,1,21,Major,No Equipment Available,,,,,Going Ahead,,"Cyclist without right-of-way rides into path of driver (at intersection, laneway, or driveway)",Other,Inattentive,cyclist,,Don Valley East (16),55 Division,Flemingdon Park,false,true,true,false,false,false,false,false,false,false,"{""coordinates"": [[-79.33041811444872, 43.7229750050123]], ""type"": ""MultiPoint""}"
17924,2022:2001553400,2022-08-12T16:20:00,EGLINTON AVE E,DON VALLEY PKWY SOUTHBOUND RAMP,5 m North of,2,Non-Fatal Injury,Non-Intersection,No Control,Cyclist Collision,Clear,Daylight,Dry,Major Arterial,false,-79.33041811444872,43.7229750050123,2,Automobile or Station Wagon,West,2,58,None,Lap and Shoulder Belt,Driving properly,Normal,,,Turning Right,,,,,driver,,Don Valley East (16),55 Division,Flemingdon Park,false,true,true,false,false,false,false,false,false,false,"{""coordinates"": [[-79.33041811444872, 43.7229750050123]], ""type"": ""MultiPoint""}"
17925,2022:2001555147,2022-08-12T21:05:00,LAKE SHORE BLVD W [E/B],BRITISH COLUMBIA RD,29 m South of,2,Non-Fatal Injury,At Intersection,Traffic Signal,Pedestrian Collision(internal code),Clear,Daylight,Dry,Major Arterial,false,-79.4292648754963,43.631170660574995,1,Automobile or Station Wagon,East,1,44,None,Lap and Shoulder Belt,Driving properly,Normal,,,Going Ahead,,,,,driver,,Parkdale-High Park (4),14 Division,South Parkdale,false,false,false,false,false,false,true,false,false,false,"{""coordinates"": [[-79.4292648754963, 43.631170660574995]], ""type"": ""MultiPoint""}"
17926,2022:2001555147,2022-08-12T21:05:00,LAKE SHORE BLVD W [E/B],BRITISH COLUMBIA RD,29 m South of,2,Non-Fatal Injury,At Intersection,Traffic Signal,Pedestrian Collision(internal code),Clear,Daylight,Dry,Major Arterial,false,-79.4292648754963,43.631170660574995,1,,South,2,31,Major,No Equipment Available,,,Crossing - marked crosswalk without right-of-way,Normal,,Driver going straight hits pedestrian crossing without right-of-way (at intersection),,,,pedestrian,,Parkdale-High Park (4),14 Division,South Parkdale,false,false,false,false,false,false,true,false,false,false,"{""coordinates"": [[-79.4292648754963, 43.631170660574995]], ""type"": ""MultiPoint""}"
17927,2022:2001556474,2022-08-13T02:20:00,672 KENNEDY RD,,8 m East of,5,Non-Fatal Injury,Non-Intersection,No Control,Rear End,Clear,Dark with Artificial Lighting,Dry,Major Arterial,false,-79.26551473667729,43.72651114438914,2,,,5,44,None,Lap and Shoulder Belt,,,,,,,,,,passenger,,Scarborough Southwest (20),41 Division,Kennedy Park,false,false,false,false,false,false,false,false,false,false,"{""coordinates"": [[-79.26551473667729, 43.72651114438914]], ""type"": ""MultiPoint""}"
17928,2022:2001556474,2022-08-13T02:20:00,672 KENNEDY RD,,8 m East of,5,Non-Fatal Injury,Non-Intersection,No Control,Rear End,Clear,Dark with Artificial Lighting,Dry,Major Arterial,false,-79.26551473667729,43.72651114438914,2,Automobile or Station Wagon,South,2,40,None,Lap and Shoulder Belt,Driving properly,Normal,,,Stopped,,,,,driver,,Scarborough Southwest (20),41 Division,Kennedy Park,false,false,false,false,false,false,false,false,false,false,"{""coordinates"": [[-79.26551473667729, 43.72651114438914]], ""type"": ""MultiPoint""}"
17929,2022:2001556474,2022-08-13T02:20:00,672 KENNEDY RD,,8 m East of,5,Non-Fatal Injury,Non-Intersection,No Control,Rear End,Clear,Dark with Artificial Lighting,Dry,Major Arterial,false,-79.26551473667729,43.72651114438914,2,,,4,55,Minor,Lap and Shoulder Belt,,,,,,,,,,passenger,,Scarborough Southwest (20),41 Division,Kennedy Park,false,false,false,false,false,false,false,false,false,false,"{""coordinates"": [[-79.26551473667729, 43.72651114438914]], ""type"": ""MultiPoint""}"
17930,2022:2001556474,2022-08-13T02:20:00,672 KENNEDY RD,,8 m East of,5,Non-Fatal Injury,Non-Intersection,No Control,Rear End,Clear,Dark with Artificial Lighting,Dry,Major Arterial,false,-79.26551473667729,43.72651114438914,2,,,3,46,Major,Lap and Shoulder Belt,,,,,,,,,,passenger,,Scarborough Southwest (20),41 Division,Kennedy Park,false,false,false,false,false,false,false,false,false,false,"{""coordinates"": [[-79.26551473667729, 43.72651114438914]], ""type"": ""MultiPoint""}"
17931,2022:2001556474,2022-08-13T02:20:00,672 KENNEDY RD,,8 m East of,5,Non-Fatal Injury,Non-Intersection,No Control,Rear End,Clear,Dark with Artificial Lighting,Dry,Major Arterial,false,-79.26551473667729,43.72651114438914,1,Automobile or Station Wagon,South,1,27,None,Use Unknown,Lost control,Ability Impaired - Alcohol Over .08,,,Going Ahead,,,,,driver,,Scarborough Southwest (20),41 Division,Kennedy Park,false,false,false,false,false,false,false,false,false,false,"{""coordinates"": [[-79.26551473667729, 43.72651114438914]], ""type"": ""MultiPoint""}"