_id,collision_id,accdate,stname1,stname2,stname3,per_inv,acclass,accloc,traffictl,impactype,visible,light,rdsfcond,road_class,failtorem,longitude,latitude,veh_no,vehtype,initdir,per_no,invage,injury,safequip,drivact,drivcond,pedact,pedcond,manoeuvre,pedtype,cyclistype,cycact,cyccond,road_user,fatal_no,wardname,division,neighbourhood,aggressive,distracted,cyclist,motorcyclist,other_micromobility,older_adult,pedestrian,red_light,school_child,heavy_truck,geometry
18526,2023:3001446604,2023-06-23T11:38:00,DUFFERIN ST,SYLVAN AV,65 m North of,2,Non-Fatal Injury,Intersection-Related,Traffic Signal,Reversing,Clear,Daylight,Dry,Major Arterial,true,-79.43339234702344,43.6547340438981,1,Truck - Dump,South,1,25,None,Lap and Shoulder Belt,Failed to yield right-of-way,Normal,,,Going Ahead,,,,,driver,,Davenport (9),11 Division,Dufferin Grove,true,false,false,false,false,true,true,false,false,true,"{""coordinates"": [[-79.43339234702344, 43.6547340438981]], ""type"": ""MultiPoint""}"
18527,2023:3001448363,2023-06-23T14:51:00,SHEPPARD AVE W,BEECROFT RD,,2,Non-Fatal Injury,At Intersection,Traffic Signal,Angle,Rain,Daylight,Wet,Major Arterial,false,-79.41309032347534,43.76093134225068,2,Automobile or Station Wagon,East,2,36,Major,Lap and Shoulder Belt,Driving properly,Normal,,,Going Ahead,,,,,driver,,Willowdale (18),32 Division,Lansing-Westgate,true,false,false,false,false,false,false,true,false,false,"{""coordinates"": [[-79.41309032347534, 43.76093134225068]], ""type"": ""MultiPoint""}"
18528,2023:3001448363,2023-06-23T14:51:00,SHEPPARD AVE W,BEECROFT RD,,2,Non-Fatal Injury,At Intersection,Traffic Signal,Angle,Rain,Daylight,Wet,Major Arterial,false,-79.41309032347534,43.76093134225068,1,Automobile or Station Wagon,South,1,41,None,Lap and Shoulder Belt,Disobeyed traffic control,Normal,,,Going Ahead,,,,,driver,,Willowdale (18),32 Division,Lansing-Westgate,true,false,false,false,false,false,false,true,false,false,"{""coordinates"": [[-79.41309032347534, 43.76093134225068]], ""type"": ""MultiPoint""}"
18529,2023:3001452923,2023-06-24T00:31:00,GARDINER E LOWER JARVIS RAMP,LOWER JARVIS ST,,2,Fatal Injury,Non-Intersection,No Control,Reversing,Clear,Dark with Artificial Lighting,Dry,Expressway Ramp,false,-79.36991567501433,43.64544897916927,,,East,2,68,None,,Driving properly,Normal,,,Going Ahead,,,,,driver,,Spadina-Fort York (10),51 Division,St Lawrence-East Bayfront-The Islands,false,false,false,false,false,true,true,false,false,false,"{""coordinates"": [[-79.36991567501433, 43.64544897916927]], ""type"": ""MultiPoint""}"
18530,2023:3001452923,2023-06-24T00:31:00,GARDINER E LOWER JARVIS RAMP,LOWER JARVIS ST,,2,Fatal Injury,Non-Intersection,No Control,Reversing,Clear,Dark with Artificial Lighting,Dry,Expressway Ramp,false,-79.36991567501433,43.64544897916927,,,North,1,24,Fatal,,,,Running onto roadway,Normal,,Driver hits pedestrian at midblock,,,,pedestrian,17,Spadina-Fort York (10),51 Division,St Lawrence-East Bayfront-The Islands,false,false,false,false,false,true,true,false,false,false,"{""coordinates"": [[-79.36991567501433, 43.64544897916927]], ""type"": ""MultiPoint""}"
18531,2023:3001483428,2023-06-27T09:32:00,JANE ST,YEWTREE BLVD,,2,Non-Fatal Injury,Intersection-Related,Traffic Signal,Reversing,Clear,Daylight,Dry,Major Arterial,false,-79.51704099777216,43.75486228619451,1,Automobile or Station Wagon,West,1,53,None,Lap and Shoulder Belt,Improper turn,Normal,,,Turning Left,,,,,driver,,Humber River-Black Creek (7),31 Division,Glenfield-Jane Heights,false,false,false,false,false,false,true,false,false,false,"{""coordinates"": [[-79.51704099777216, 43.75486228619451]], ""type"": ""MultiPoint""}"
18532,2023:3001483428,2023-06-27T09:32:00,JANE ST,YEWTREE BLVD,,2,Non-Fatal Injury,Intersection-Related,Traffic Signal,Reversing,Clear,Daylight,Dry,Major Arterial,false,-79.51704099777216,43.75486228619451,1,,,2,48,Major,No Equipment Available,,,Crossing with right-of-way (intersection),Normal,,Driver turns left into pedestrian crossing with right-of-way (at intersection),,,,pedestrian,,Humber River-Black Creek (7),31 Division,Glenfield-Jane Heights,false,false,false,false,false,false,true,false,false,false,"{""coordinates"": [[-79.51704099777216, 43.75486228619451]], ""type"": ""MultiPoint""}"
18533,2023:3001486985,2023-06-27T15:59:00,DANFORTH AV,COXWELL AV,90 m West of,2,Non-Fatal Injury,Non-Intersection,No Control,Turning Movement,Clear,Daylight,Wet,,false,-79.32468071748187,43.683142092698226,1,E-Scooter (Electric Kick-Style Scooter),West,1,42,Major,No Equipment Available,,,,,Going Ahead,,Driver turns left into path of cyclist,Driving Properly,Normal,other_micromobility,,Toronto-Danforth (14),55 Division,Danforth,true,false,false,false,true,false,false,false,false,false,"{""coordinates"": [[-79.32468071748187, 43.683142092698226]], ""type"": ""MultiPoint""}"
18534,2023:3001486985,2023-06-27T15:59:00,DANFORTH AV,COXWELL AV,90 m West of,2,Non-Fatal Injury,Non-Intersection,No Control,Turning Movement,Clear,Daylight,Wet,,false,-79.32468071748187,43.683142092698226,2,Automobile or Station Wagon,East,2,46,None,Lap and Shoulder Belt,Failed to yield right-of-way,Normal,,,Turning Left,,,,,driver,,Toronto-Danforth (14),55 Division,Danforth,true,false,false,false,true,false,false,false,false,false,"{""coordinates"": [[-79.32468071748187, 43.683142092698226]], ""type"": ""MultiPoint""}"
18535,2023:3001489552,2023-06-27T21:22:00,EGLINTON AV W,WILLOWRIDGE RD,20 m West of,1,Non-Fatal Injury,Intersection-Related,Traffic Signal,SMV Other,Clear,Dark with Artificial Lighting,Dry,Major Arterial,false,-79.56535816187032,43.674326495523886,1,Motorcycle,West,1,21,Major,Helmet,Lost control,Other Condition,,,Turning Left,,,,,motorcyclist,,Etobicoke North (1),23 Division,Willowridge-Martingrove-Richview,false,false,false,true,false,false,false,false,false,false,"{""coordinates"": [[-79.56535816187032, 43.674326495523886]], ""type"": ""MultiPoint""}"
18536,2023:3001490275,2023-06-27T23:17:00,LOWER SIMCOE ST,GRAND TRUNK CRES,22 m South of,1,Non-Fatal Injury,Non-Intersection,No Control,Reversing,Clear,Dark with Artificial Lighting,Dry,Collector,false,-79.38347314259781,43.64099724870119,1,,,1,30,Major,Use Unknown,,,On sidewalk or shoulder,Normal,,Driver hits pedestrian on sidewalk or shoulder,,,,pedestrian,,Spadina-Fort York (10),52 Division,Harbourfront-CityPlace,false,false,false,false,false,false,true,false,false,false,"{""coordinates"": [[-79.38347314259781, 43.64099724870119]], ""type"": ""MultiPoint""}"
18537,2023:3001492664,2023-06-28T09:14:00,WESTON RD,CORONADO CT,95 m North of,2,Non-Fatal Injury,Intersection-Related,Traffic Signal,SMV Other,Clear,Daylight,Dry,Major Arterial,false,-79.53976138750681,43.740244398037696,1,Intercity Coach Bus,North,1,27,None,Lap and Shoulder Belt,Driving properly,Normal,,,Slowing or Stopping,,,,,driver,,Humber River-Black Creek (7),31 Division,Humbermede,false,false,false,false,false,true,false,false,false,true,"{""coordinates"": [[-79.53976138750681, 43.740244398037696]], ""type"": ""MultiPoint""}"
18538,2023:3001492664,2023-06-28T09:14:00,WESTON RD,CORONADO CT,95 m North of,2,Non-Fatal Injury,Intersection-Related,Traffic Signal,SMV Other,Clear,Daylight,Dry,Major Arterial,false,-79.53976138750681,43.740244398037696,1,,,2,73,Major,Use Unknown,,,,,,,,,,passenger,,Humber River-Black Creek (7),31 Division,Humbermede,false,false,false,false,false,true,false,false,false,true,"{""coordinates"": [[-79.53976138750681, 43.740244398037696]], ""type"": ""MultiPoint""}"
18539,2023:3001494486,2023-06-28T12:30:00,LAKE SHORE BV E,LOWER JARVIS ST,4 m North of,5,Non-Fatal Injury,Intersection-Related,Traffic Signal,Turning Movement,Clear,Daylight,Dry,Major Arterial,false,-79.36979360432623,43.645548161068106,1,,,3,51,None,Lap and Shoulder Belt,,,,,,,,,,passenger,,Spadina-Fort York (10),51 Division,St Lawrence-East Bayfront-The Islands,true,false,false,false,false,true,false,true,true,false,"{""coordinates"": [[-79.36979360432623, 43.645548161068106]], ""type"": ""MultiPoint""}"
18540,2023:3001494486,2023-06-28T12:30:00,LAKE SHORE BV E,LOWER JARVIS ST,4 m North of,5,Non-Fatal Injury,Intersection-Related,Traffic Signal,Turning Movement,Clear,Daylight,Dry,Major Arterial,false,-79.36979360432623,43.645548161068106,1,,,5,80,None,Lap and Shoulder Belt,,,,,,,,,,passenger,,Spadina-Fort York (10),51 Division,St Lawrence-East Bayfront-The Islands,true,false,false,false,false,true,false,true,true,false,"{""coordinates"": [[-79.36979360432623, 43.645548161068106]], ""type"": ""MultiPoint""}"
18541,2023:3001494486,2023-06-28T12:30:00,LAKE SHORE BV E,LOWER JARVIS ST,4 m North of,5,Non-Fatal Injury,Intersection-Related,Traffic Signal,Turning Movement,Clear,Daylight,Dry,Major Arterial,false,-79.36979360432623,43.645548161068106,1,Automobile or Station Wagon,East,1,81,None,Lap and Shoulder Belt,Disobeyed traffic control,Other Condition,,,Turning Right,,,,,driver,,Spadina-Fort York (10),51 Division,St Lawrence-East Bayfront-The Islands,true,false,false,false,false,true,false,true,true,false,"{""coordinates"": [[-79.36979360432623, 43.645548161068106]], ""type"": ""MultiPoint""}"
18542,2023:3001494486,2023-06-28T12:30:00,LAKE SHORE BV E,LOWER JARVIS ST,4 m North of,5,Non-Fatal Injury,Intersection-Related,Traffic Signal,Turning Movement,Clear,Daylight,Dry,Major Arterial,false,-79.36979360432623,43.645548161068106,2,Passenger Van,East,2,27,Major,Lap and Shoulder Belt,Driving properly,Normal,,,Turning Right,,,,,driver,,Spadina-Fort York (10),51 Division,St Lawrence-East Bayfront-The Islands,true,false,false,false,false,true,false,true,true,false,"{""coordinates"": [[-79.36979360432623, 43.645548161068106]], ""type"": ""MultiPoint""}"
18543,2023:3001494486,2023-06-28T12:30:00,LAKE SHORE BV E,LOWER JARVIS ST,4 m North of,5,Non-Fatal Injury,Intersection-Related,Traffic Signal,Turning Movement,Clear,Daylight,Dry,Major Arterial,false,-79.36979360432623,43.645548161068106,1,,,4,16,None,Lap and Shoulder Belt,,,,,,,,,,passenger,,Spadina-Fort York (10),51 Division,St Lawrence-East Bayfront-The Islands,true,false,false,false,false,true,false,true,true,false,"{""coordinates"": [[-79.36979360432623, 43.645548161068106]], ""type"": ""MultiPoint""}"
18544,2023:3001497037,2023-06-28T17:05:00,26 GERRARD ST E,YONGE ST,50 m West of,2,Non-Fatal Injury,Non-Intersection,No Control,Cyclist Collision,Clear,Daylight,Dry,Minor Arterial,false,-79.38155813299188,43.659204791852666,1,Bicycle,East,1,37,Major,Helmet,,,,,Going Ahead,,Sideswipe with cyclist and driver travelling in same direction,Lost control,Normal,cyclist,,Toronto Centre (13),51 Division,Downtown Yonge East,false,false,true,false,false,false,false,false,false,false,"{""coordinates"": [[-79.38155813299188, 43.659204791852666]], ""type"": ""MultiPoint""}"
18545,2023:3001497037,2023-06-28T17:05:00,26 GERRARD ST E,YONGE ST,50 m West of,2,Non-Fatal Injury,Non-Intersection,No Control,Cyclist Collision,Clear,Daylight,Dry,Minor Arterial,false,-79.38155813299188,43.659204791852666,2,Pickup Truck,East,2,57,None,Lap and Shoulder Belt,Driving properly,Normal,,,Stopped,,,,,driver,,Toronto Centre (13),51 Division,Downtown Yonge East,false,false,true,false,false,false,false,false,false,false,"{""coordinates"": [[-79.38155813299188, 43.659204791852666]], ""type"": ""MultiPoint""}"
18546,2023:3001500863,2023-06-29T06:30:00,DON VALLEY PKWY N,LAWRENCE W DVP N RAMP,49 m East of,1,Non-Fatal Injury,Non-Intersection,No Control,SMV Other,Clear,Daylight,Dry,Expressway Ramp,false,-79.33208129838685,43.74240707309401,1,Automobile or Station Wagon,North,1,40,Major,Lap and Shoulder Belt,Lost control,Normal,,,Turning Right,,,,,driver,,Don Valley East (16),33 Division,Parkwoods-O'Connor Hills,false,false,false,false,false,false,false,false,false,false,"{""coordinates"": [[-79.33208129838685, 43.74240707309401]], ""type"": ""MultiPoint""}"
18547,2023:3001506035,2023-06-29T16:50:00,SPADINA AV,BALDWIN ST,100 m North of,2,Non-Fatal Injury,Non-Intersection,No Control,Reversing,Clear,Daylight,Dry,Major Arterial,false,-79.3989684512633,43.65522227441934,1,Motorcycle,North,1,26,None,Helmet,Driving properly,Normal,,,Going Ahead,,,,,motorcyclist,,University-Rosedale (11),14 Division,Kensington-Chinatown,false,false,false,true,false,true,true,false,false,false,"{""coordinates"": [[-79.3989684512633, 43.65522227441934]], ""type"": ""MultiPoint""}"
18548,2023:3001506035,2023-06-29T16:50:00,SPADINA AV,BALDWIN ST,100 m North of,2,Non-Fatal Injury,Non-Intersection,No Control,Reversing,Clear,Daylight,Dry,Major Arterial,false,-79.3989684512633,43.65522227441934,1,,,2,74,Major,No Equipment Available,,,Crossing - no traffic control,Normal,,Driver hits pedestrian at midblock,,,,pedestrian,,University-Rosedale (11),14 Division,Kensington-Chinatown,false,false,false,true,false,true,true,false,false,false,"{""coordinates"": [[-79.3989684512633, 43.65522227441934]], ""type"": ""MultiPoint""}"
18549,2023:3001508922,2023-06-29T23:10:00,KENNEDY RD,FINCH AV,5 m North of,2,Non-Fatal Injury,Intersection-Related,Traffic Signal,Reversing,Clear,Dark with Artificial Lighting,Dry,Major Arterial,false,-79.29647479775498,43.8013898811459,1,,West,2,46,Major,Use Unknown,,,Crossing without right-of-way (intersection),Inattentive,,Driver turns right into pedestrian crossing without right-of-way (at intersection),,,,pedestrian,,Scarborough-Agincourt (22),42 Division,Milliken,false,true,false,false,false,false,true,false,false,false,"{""coordinates"": [[-79.29647479775498, 43.8013898811459]], ""type"": ""MultiPoint""}"
18550,2023:3001508922,2023-06-29T23:10:00,KENNEDY RD,FINCH AV,5 m North of,2,Non-Fatal Injury,Intersection-Related,Traffic Signal,Reversing,Clear,Dark with Artificial Lighting,Dry,Major Arterial,false,-79.29647479775498,43.8013898811459,1,Automobile or Station Wagon,North,1,45,None,Lap and Shoulder Belt,Driving properly,Normal,,,Going Ahead,,,,,driver,,Scarborough-Agincourt (22),42 Division,Milliken,false,true,false,false,false,false,true,false,false,false,"{""coordinates"": [[-79.29647479775498, 43.8013898811459]], ""type"": ""MultiPoint""}"
18551,2023:3001514208,2023-06-30T14:44:00,MCCOWAN RD,ELLESMERE RD,50 m East of,2,Non-Fatal Injury,Non-Intersection,No Control,Rear End,Clear,Daylight,Dry,Major Arterial,false,-79.2508433399583,43.77219213048443,2,Automobile or Station Wagon,West,2,71,None,Lap and Shoulder Belt,Driving properly,Normal,,,Slowing or Stopping,,,,,driver,,Scarborough-Guildwood (24),43 Division,Woburn North,false,false,false,false,false,true,false,false,false,false,"{""coordinates"": [[-79.2508433399583, 43.77219213048443]], ""type"": ""MultiPoint""}"
18552,2023:3001514208,2023-06-30T14:44:00,MCCOWAN RD,ELLESMERE RD,50 m East of,2,Non-Fatal Injury,Non-Intersection,No Control,Rear End,Clear,Daylight,Dry,Major Arterial,false,-79.2508433399583,43.77219213048443,1,Automobile or Station Wagon,West,1,40,Major,Other Safety Equipment Used,Other,Other Condition,,,Going Ahead,,,,,driver,,Scarborough-Guildwood (24),43 Division,Woburn North,false,false,false,false,false,true,false,false,false,false,"{""coordinates"": [[-79.2508433399583, 43.77219213048443]], ""type"": ""MultiPoint""}"
18553,2023:3001514707,2023-06-30T15:37:00,KENNEDY RD,WICKWARE GT,,2,Non-Fatal Injury,Intersection-Related,Traffic Signal,Reversing,Clear,Daylight,Dry,Major Arterial,false,-79.2762569111328,43.753229299007074,1,,East,2,16,Major,Use Unknown,,,Crossing without right-of-way (intersection),Normal,,Driver going straight hits pedestrian crossing without right-of-way (at intersection),,,,pedestrian,,Scarborough Centre (21),41 Division,Dorset Park,false,false,false,false,false,false,true,false,true,false,"{""coordinates"": [[-79.2762569111328, 43.753229299007074]], ""type"": ""MultiPoint""}"
18554,2023:3001514707,2023-06-30T15:37:00,KENNEDY RD,WICKWARE GT,,2,Non-Fatal Injury,Intersection-Related,Traffic Signal,Reversing,Clear,Daylight,Dry,Major Arterial,false,-79.2762569111328,43.753229299007074,1,Automobile or Station Wagon,North,1,32,None,Lap and Shoulder Belt,Driving properly,Normal,,,Going Ahead,,,,,driver,,Scarborough Centre (21),41 Division,Dorset Park,false,false,false,false,false,false,true,false,true,false,"{""coordinates"": [[-79.2762569111328, 43.753229299007074]], ""type"": ""MultiPoint""}"
18555,2023:3001524851,2023-07-01T18:40:00,BROCK AV,CROATIA ST,,2,Non-Fatal Injury,Intersection-Related,Stop Sign,Reversing,Clear,Daylight,Dry,Collector,false,-79.43841249391825,43.65739670905255,1,,West,2,74,Major,Use Unknown,,,Crossing with right-of-way (intersection),Normal,,Driver going straight hits pedestrian crossing with right-of-way (at intersection),,,,pedestrian,,Davenport (9),11 Division,Dufferin Grove,true,false,false,false,false,true,true,false,false,false,"{""coordinates"": [[-79.43841249391825, 43.65739670905255]], ""type"": ""MultiPoint""}"
18556,2023:3001524851,2023-07-01T18:40:00,BROCK AV,CROATIA ST,,2,Non-Fatal Injury,Intersection-Related,Stop Sign,Reversing,Clear,Daylight,Dry,Collector,false,-79.43841249391825,43.65739670905255,1,Automobile or Station Wagon,North,1,53,None,Lap and Shoulder Belt,Failed to yield right-of-way,Normal,,,Going Ahead,,,,,driver,,Davenport (9),11 Division,Dufferin Grove,true,false,false,false,false,true,true,false,false,false,"{""coordinates"": [[-79.43841249391825, 43.65739670905255]], ""type"": ""MultiPoint""}"
18557,2023:3001535064,2023-07-03T00:26:00,MORNINGSIDE AVE,MORNINGVIEW TRL,,2,Fatal Injury,Non-Intersection,No Control,Reversing,Clear,Dark with Artificial Lighting,Dry,Minor Arterial,false,-79.20455571090369,43.81218537910991,,,North,2,27,None,,Driving properly,Ability Impaired - Alcohol Over .08,,,Going Ahead,,,,,driver,,Scarborough-Rouge Park (25),42 Division,Malvern East,false,false,false,false,false,false,true,false,false,false,"{""coordinates"": [[-79.20455571090369, 43.81218537910991]], ""type"": ""MultiPoint""}"
18558,2026:6000747334,2026-04-11T21:23:00,ALBION RD,993 ALBION RD,1 m North of,6,Non-Fatal Injury,At/Near Private Drive,No Control,SMV Other,Clear,Daylight,Dry,Major Arterial,true,-79.56365702674508,43.736452384185185,1,,,6,2,Minimal,Child Safety Seat Used Correctly,,,,,,,,,,passenger,,Etobicoke North (1),23 Division,Thistletown-Beaumond Heights,false,false,false,false,false,false,true,false,false,false,"{""coordinates"": [[-79.56365702674508, 43.736452384185185]], ""type"": ""MultiPoint""}"
18559,2025:5000946520,2025-05-07T14:26:00,HARNESS RD,QUEENS PLATE DR,,2,Non-Fatal Injury,T Intersection,No Control,SMV Other,Clear,Daylight,Dry,Collector,false,-79.59442029562307,43.72048052834208,1,Automobile or Station Wagon,South,1,28,None,Lap and Shoulder Belt,Lost control,Normal,,,Turning Right,,,,,driver,,Etobicoke North (1),23 Division,West Humber-Clairville,false,false,false,false,false,false,true,false,false,false,"{""coordinates"": [[-79.59442029562307, 43.72048052834208]], ""type"": ""MultiPoint""}"
18560,2025:5002458262,2025-11-24T11:23:00,DUPONT ST,LANSDOWNE AVE,100 m West of,2,Non-Fatal Injury,T Intersection,Traffic Signal,Turning Movement,Clear,Daylight,Dry,Major Arterial,false,-79.4476209752991,43.66648327166888,2,Motorcycle,West,2,44,Major,Helmet,Driving properly,Normal,,,Going Ahead,,,,,motorcyclist,,Davenport (9),11 Division,Junction-Wallace Emerson,true,false,false,true,false,false,false,false,false,false,"{""coordinates"": [[-79.4476209752991, 43.66648327166888]], ""type"": ""MultiPoint""}"
18561,2023:3001535064,2023-07-03T00:26:00,MORNINGSIDE AVE,MORNINGVIEW TRL,,2,Fatal Injury,Non-Intersection,No Control,Reversing,Clear,Dark with Artificial Lighting,Dry,Minor Arterial,false,-79.20455571090369,43.81218537910991,,,West,1,38,Fatal,,,,Crossing without right-of-way (intersection),Other Condition,,Driver hits pedestrian at midblock,,,,pedestrian,18,Scarborough-Rouge Park (25),42 Division,Malvern East,false,false,false,false,false,false,true,false,false,false,"{""coordinates"": [[-79.20455571090369, 43.81218537910991]], ""type"": ""MultiPoint""}"
18562,2023:3001543521,2023-07-04T00:21:00,ADELAIDE ST W,SPADINA AV,,2,Non-Fatal Injury,Intersection-Related,Traffic Signal,Cyclist Collision,Clear,Dark with Artificial Lighting,Dry,Major Arterial,false,-79.39553523022302,43.64674219939578,2,Bicycle,South,2,39,Major,Use Unknown,,,,,Going Ahead,,"Driver without right-of-way drives into path of cyclist (at intersection, laneway, or driveway)",,Unknown,cyclist,,Spadina-Fort York (10),52 Division,Wellington Place,true,false,true,false,false,false,false,false,false,false,"{""coordinates"": [[-79.39553523022302, 43.64674219939578]], ""type"": ""MultiPoint""}"
18563,2023:3001543521,2023-07-04T00:21:00,ADELAIDE ST W,SPADINA AV,,2,Non-Fatal Injury,Intersection-Related,Traffic Signal,Cyclist Collision,Clear,Dark with Artificial Lighting,Dry,Major Arterial,false,-79.39553523022302,43.64674219939578,1,Automobile or Station Wagon,East,1,29,None,Lap and Shoulder Belt,Exceeding speed limit,Normal,,,Going Ahead,,,,,driver,,Spadina-Fort York (10),52 Division,Wellington Place,true,false,true,false,false,false,false,false,false,false,"{""coordinates"": [[-79.39553523022302, 43.64674219939578]], ""type"": ""MultiPoint""}"
18564,2023:3001551096,2023-07-04T18:15:00,DAWES RD,HALSEY AVE,5 m North of,2,Non-Fatal Injury,Intersection-Related,No Control,Rear End,Clear,Daylight,Dry,Minor Arterial,false,-79.29700133787672,43.69962519964365,2,Automobile or Station Wagon,South,2,24,None,Lap and Shoulder Belt,Driving properly,Normal,,,Slowing or Stopping,,,,,driver,,Beaches-East York (19),55 Division,Taylor-Massey,true,false,true,false,false,false,false,false,true,false,"{""coordinates"": [[-79.29700133787672, 43.69962519964365]], ""type"": ""MultiPoint""}"
18565,2023:3001551096,2023-07-04T18:15:00,DAWES RD,HALSEY AVE,5 m North of,2,Non-Fatal Injury,Intersection-Related,No Control,Rear End,Clear,Daylight,Dry,Minor Arterial,false,-79.29700133787672,43.69962519964365,1,E-Bike (Power-Assisted Bicycle),South,1,18,Major,Helmet,Following too closely,Normal,,,Slowing or Stopping,,,,,cyclist,,Beaches-East York (19),55 Division,Taylor-Massey,true,false,true,false,false,false,false,false,true,false,"{""coordinates"": [[-79.29700133787672, 43.69962519964365]], ""type"": ""MultiPoint""}"
18566,2023:3001553842,2023-07-05T02:35:00,EGLINTON AV W,OAKWOOD AV,83 m West of,3,Non-Fatal Injury,Non-Intersection,No Control,Turning Movement,Clear,Dark with Artificial Lighting,Dry,Major Arterial,false,-79.44374538398635,43.6970848128769,2,,,3,22,Major,Helmet,,,,,,,,,,motorcyclist,,Toronto-St. Paul's (12),13 Division,Oakwood Village,false,false,false,true,false,false,false,false,false,false,"{""coordinates"": [[-79.44374538398635, 43.6970848128769]], ""type"": ""MultiPoint""}"
18567,2023:3001553842,2023-07-05T02:35:00,EGLINTON AV W,OAKWOOD AV,83 m West of,3,Non-Fatal Injury,Non-Intersection,No Control,Turning Movement,Clear,Dark with Artificial Lighting,Dry,Major Arterial,false,-79.44374538398635,43.6970848128769,1,Automobile or Station Wagon,West,1,39,None,Lap and Shoulder Belt,Driving properly,Normal,,,Turning Left,,,,,driver,,Toronto-St. Paul's (12),13 Division,Oakwood Village,false,false,false,true,false,false,false,false,false,false,"{""coordinates"": [[-79.44374538398635, 43.6970848128769]], ""type"": ""MultiPoint""}"
18568,2023:3001553842,2023-07-05T02:35:00,EGLINTON AV W,OAKWOOD AV,83 m West of,3,Non-Fatal Injury,Non-Intersection,No Control,Turning Movement,Clear,Dark with Artificial Lighting,Dry,Major Arterial,false,-79.44374538398635,43.6970848128769,2,Motorcycle,West,2,39,None,Use Unknown,,Unknown,,,Going Ahead,,,,,motorcyclist,,Toronto-St. Paul's (12),13 Division,Oakwood Village,false,false,false,true,false,false,false,false,false,false,"{""coordinates"": [[-79.44374538398635, 43.6970848128769]], ""type"": ""MultiPoint""}"
18569,2023:3001556354,2023-07-05T10:28:00,WESTON RD,HIGHWAY 401 X W,,3,Non-Fatal Injury,Intersection-Related,Traffic Signal,Cyclist Collision,Clear,Daylight,Dry,Major Arterial Ramp,false,-79.53615272928631,43.71339275439673,2,Bicycle,South,2,22,Major,Equipment Not Used But Available,,,,,Going Ahead,,Driver turns right on green or amber at signalized intersection and hits cyclist,Driving Properly,Normal,cyclist,,Humber River-Black Creek (7),31 Division,Pelmo Park-Humberlea,false,false,true,false,false,true,false,false,false,false,"{""coordinates"": [[-79.53615272928631, 43.71339275439673]], ""type"": ""MultiPoint""}"
18570,2023:3001556354,2023-07-05T10:28:00,WESTON RD,HIGHWAY 401 X W,,3,Non-Fatal Injury,Intersection-Related,Traffic Signal,Cyclist Collision,Clear,Daylight,Dry,Major Arterial Ramp,false,-79.53615272928631,43.71339275439673,1,Automobile or Station Wagon,West,1,53,None,Lap and Shoulder Belt,Improper turn,Other Condition,,,Turning Right,,,,,driver,,Humber River-Black Creek (7),31 Division,Pelmo Park-Humberlea,false,false,true,false,false,true,false,false,false,false,"{""coordinates"": [[-79.53615272928631, 43.71339275439673]], ""type"": ""MultiPoint""}"
18571,2023:3001556354,2023-07-05T10:28:00,WESTON RD,HIGHWAY 401 X W,,3,Non-Fatal Injury,Intersection-Related,Traffic Signal,Cyclist Collision,Clear,Daylight,Dry,Major Arterial Ramp,false,-79.53615272928631,43.71339275439673,1,,,3,83,None,Lap and Shoulder Belt,,,,,,,,,,passenger,,Humber River-Black Creek (7),31 Division,Pelmo Park-Humberlea,false,false,true,false,false,true,false,false,false,false,"{""coordinates"": [[-79.53615272928631, 43.71339275439673]], ""type"": ""MultiPoint""}"
18572,2023:3001558655,2023-07-05T14:20:00,THE EAST ML,THE QUEENSWAY,,2,Non-Fatal Injury,Intersection-Related,Traffic Signal,Turning Movement,Clear,Daylight,Dry,Minor Arterial,false,-79.54626187066525,43.616427029328186,1,Automobile or Station Wagon,North,1,58,None,Lap and Shoulder Belt,Improper turn,Normal,,,Turning Left,,,,,driver,,Etobicoke-Lakeshore (3),22 Division,Etobicoke City Centre,false,false,false,false,false,false,false,false,false,false,"{""coordinates"": [[-79.54626187066525, 43.616427029328186]], ""type"": ""MultiPoint""}"
18573,2023:3001558655,2023-07-05T14:20:00,THE EAST ML,THE QUEENSWAY,,2,Non-Fatal Injury,Intersection-Related,Traffic Signal,Turning Movement,Clear,Daylight,Dry,Minor Arterial,false,-79.54626187066525,43.616427029328186,2,Automobile or Station Wagon,South,2,64,Major,Lap and Shoulder Belt,Driving properly,Normal,,,Going Ahead,,,,,driver,,Etobicoke-Lakeshore (3),22 Division,Etobicoke City Centre,false,false,false,false,false,false,false,false,false,false,"{""coordinates"": [[-79.54626187066525, 43.616427029328186]], ""type"": ""MultiPoint""}"
18574,2023:3001559884,2023-07-05T16:25:00,DUNDAS ST W,HIGH PARK AVE,,2,Fatal Injury,Intersection-Related,Traffic Signal,Reversing,Clear,Daylight,Dry,Major Arterial,false,-79.4703491871409,43.66540761674781,,,South,1,6,Fatal,,,,Running onto roadway,Normal,,Driver going straight hits pedestrian crossing without right-of-way (at intersection),,,,pedestrian,19,Parkdale-High Park (4),11 Division,Junction Area,false,false,false,false,false,false,true,false,true,false,"{""coordinates"": [[-79.4703491871409, 43.66540761674781]], ""type"": ""MultiPoint""}"