_id,collision_id,accdate,stname1,stname2,stname3,per_inv,acclass,accloc,traffictl,impactype,visible,light,rdsfcond,road_class,failtorem,longitude,latitude,veh_no,vehtype,initdir,per_no,invage,injury,safequip,drivact,drivcond,pedact,pedcond,manoeuvre,pedtype,cyclistype,cycact,cyccond,road_user,fatal_no,wardname,division,neighbourhood,aggressive,distracted,cyclist,motorcyclist,other_micromobility,older_adult,pedestrian,red_light,school_child,heavy_truck,geometry
18677,2023:3001889840,2023-08-13T22:56:00,BEECHBOROUGH AV,KEELE ST,,2,Non-Fatal Injury,Intersection-Related,Traffic Signal,Turning Movement,Clear,Dark,Dry,Collector,false,-79.47478945190797,43.69435734808595,1,Automobile or Station Wagon,South,1,55,None,Lap and Shoulder Belt,Improper turn,Normal,,,Turning Left,,,,,driver,,York South-Weston (5),12 Division,Beechborough-Greenbrook,false,false,false,true,false,false,false,false,false,false,"{""coordinates"": [[-79.47478945190797, 43.69435734808595]], ""type"": ""MultiPoint""}"
18678,2023:3001897484,2023-08-14T20:47:00,YONGE ST,ROXBOROUGH ST E,,2,Non-Fatal Injury,Intersection-Related,Stop Sign,SMV Other,Clear,Dark with Artificial Lighting,Dry,Collector,false,-79.38871448978918,43.678098993474855,2,E-Bike (Power-Assisted Bicycle),North,2,39,Major,Helmet,Driving properly,Normal,,,Going Ahead,,,,,cyclist,,University-Rosedale (11),53 Division,Rosedale-Moore Park,false,false,true,false,false,false,false,false,false,false,"{""coordinates"": [[-79.38871448978918, 43.678098993474855]], ""type"": ""MultiPoint""}"
18679,2023:3001897484,2023-08-14T20:47:00,YONGE ST,ROXBOROUGH ST E,,2,Non-Fatal Injury,Intersection-Related,Stop Sign,SMV Other,Clear,Dark with Artificial Lighting,Dry,Collector,false,-79.38871448978918,43.678098993474855,1,Automobile or Station Wagon,South,1,56,None,Lap and Shoulder Belt,Improper turn,Normal,,,Turning Left,,,,,driver,,University-Rosedale (11),53 Division,Rosedale-Moore Park,false,false,true,false,false,false,false,false,false,false,"{""coordinates"": [[-79.38871448978918, 43.678098993474855]], ""type"": ""MultiPoint""}"
18680,2023:3001904810,2023-08-15T18:17:00,500 THE EAST ML,FOUR SEASONS PL,189 m North of,1,Non-Fatal Injury,At/Near Private Drive,No Control,SMV Other,Clear,Daylight,Dry,Minor Arterial,false,-79.56249717852616,43.65122469850321,1,Automobile or Station Wagon,South,1,19,Major,Lap and Shoulder Belt,Exceeding speed limit,Other Condition,,,Going Ahead,,,,,driver,,Etobicoke Centre (2),22 Division,Islington,true,false,false,false,false,false,false,false,true,false,"{""coordinates"": [[-79.56249717852616, 43.65122469850321]], ""type"": ""MultiPoint""}"
18681,2023:3001922494,2023-08-17T20:36:00,EGLINTON AV E,MARKHAM RD,6 m East of,3,Non-Fatal Injury,Intersection-Related,Traffic Signal,Reversing,Clear,Dusk with Artificial Lighting,Dry,Major Arterial,false,-79.2188837862144,43.743185134905474,1,Automobile or Station Wagon,East,1,49,None,Lap and Shoulder Belt,Driving properly,Normal,,,Going Ahead,,,,,driver,,Scarborough-Guildwood (24),43 Division,Scarborough Village,false,false,false,false,false,false,true,false,true,false,"{""coordinates"": [[-79.2188837862144, 43.743185134905474]], ""type"": ""MultiPoint""}"
18682,2023:3001922494,2023-08-17T20:36:00,EGLINTON AV E,MARKHAM RD,6 m East of,3,Non-Fatal Injury,Intersection-Related,Traffic Signal,Reversing,Clear,Dusk with Artificial Lighting,Dry,Major Arterial,false,-79.2188837862144,43.743185134905474,1,,South,3,48,Major,No Equipment Available,,,Crossing - marked crosswalk without right-of-way,Had Been Drinking,,Driver going straight hits pedestrian crossing without right-of-way (at intersection),,,,pedestrian,,Scarborough-Guildwood (24),43 Division,Scarborough Village,false,false,false,false,false,false,true,false,true,false,"{""coordinates"": [[-79.2188837862144, 43.743185134905474]], ""type"": ""MultiPoint""}"
18683,2023:3001922494,2023-08-17T20:36:00,EGLINTON AV E,MARKHAM RD,6 m East of,3,Non-Fatal Injury,Intersection-Related,Traffic Signal,Reversing,Clear,Dusk with Artificial Lighting,Dry,Major Arterial,false,-79.2188837862144,43.743185134905474,1,,East,2,10,None,Lap and Shoulder Belt,,,,,,,,,,passenger,,Scarborough-Guildwood (24),43 Division,Scarborough Village,false,false,false,false,false,false,true,false,true,false,"{""coordinates"": [[-79.2188837862144, 43.743185134905474]], ""type"": ""MultiPoint""}"
18684,2023:3001923294,2023-08-17T22:46:00,F G GARDINER XY E,ISLINGTON AV,275 m West of,5,Non-Fatal Injury,Non-Intersection,No Control,Rear End,Rain,Dark with Artificial Lighting,Wet,Expressway,false,-79.51630119286362,43.61967711182589,2,Passenger Van,East,2,27,Major,Lap and Shoulder Belt,Driving properly,Normal,,,Going Ahead,,,,,driver,,Etobicoke-Lakeshore (3),22 Division,Mimico-Queensway,true,false,false,false,false,false,false,false,false,false,"{""coordinates"": [[-79.51630119286362, 43.61967711182589]], ""type"": ""MultiPoint""}"
18685,2023:3001923294,2023-08-17T22:46:00,F G GARDINER XY E,ISLINGTON AV,275 m West of,5,Non-Fatal Injury,Non-Intersection,No Control,Rear End,Rain,Dark with Artificial Lighting,Wet,Expressway,false,-79.51630119286362,43.61967711182589,2,,,4,24,Minimal,Lap and Shoulder Belt,,,,,,,,,,passenger,,Etobicoke-Lakeshore (3),22 Division,Mimico-Queensway,true,false,false,false,false,false,false,false,false,false,"{""coordinates"": [[-79.51630119286362, 43.61967711182589]], ""type"": ""MultiPoint""}"
18686,2023:3001923294,2023-08-17T22:46:00,F G GARDINER XY E,ISLINGTON AV,275 m West of,5,Non-Fatal Injury,Non-Intersection,No Control,Rear End,Rain,Dark with Artificial Lighting,Wet,Expressway,false,-79.51630119286362,43.61967711182589,3,,,5,29,Minimal,Lap and Shoulder Belt,,,,,,,,,,passenger,,Etobicoke-Lakeshore (3),22 Division,Mimico-Queensway,true,false,false,false,false,false,false,false,false,false,"{""coordinates"": [[-79.51630119286362, 43.61967711182589]], ""type"": ""MultiPoint""}"
18687,2023:3001923294,2023-08-17T22:46:00,F G GARDINER XY E,ISLINGTON AV,275 m West of,5,Non-Fatal Injury,Non-Intersection,No Control,Rear End,Rain,Dark with Artificial Lighting,Wet,Expressway,false,-79.51630119286362,43.61967711182589,1,Automobile or Station Wagon,East,1,24,None,Lap and Shoulder Belt,Speed too fast for conditions,Ability Impaired - Alcohol Over .08,,,Going Ahead,,,,,driver,,Etobicoke-Lakeshore (3),22 Division,Mimico-Queensway,true,false,false,false,false,false,false,false,false,false,"{""coordinates"": [[-79.51630119286362, 43.61967711182589]], ""type"": ""MultiPoint""}"
18688,2023:3001923294,2023-08-17T22:46:00,F G GARDINER XY E,ISLINGTON AV,275 m West of,5,Non-Fatal Injury,Non-Intersection,No Control,Rear End,Rain,Dark with Artificial Lighting,Wet,Expressway,false,-79.51630119286362,43.61967711182589,3,Passenger Van,East,3,32,Minimal,Lap and Shoulder Belt,Driving properly,Normal,,,Going Ahead,,,,,driver,,Etobicoke-Lakeshore (3),22 Division,Mimico-Queensway,true,false,false,false,false,false,false,false,false,false,"{""coordinates"": [[-79.51630119286362, 43.61967711182589]], ""type"": ""MultiPoint""}"
18689,2023:3001923363,2023-08-17T22:55:00,JANE ST,EXBURY RD,100 m South of,2,Non-Fatal Injury,Non-Intersection,No Control,Approaching Head On,Rain,Dark with Artificial Lighting,Wet,Major Arterial,true,-79.51049501515841,43.72841499512789,1,Automobile or Station Wagon,North,1,28,Major,Lap and Shoulder Belt,Speed too fast for conditions,Normal,,,Other,,,,,driver,,Humber River-Black Creek (7),31 Division,Oakdale-Beverley Heights,true,false,false,false,false,false,false,false,false,false,"{""coordinates"": [[-79.51049501515841, 43.72841499512789]], ""type"": ""MultiPoint""}"
18690,2023:3001923363,2023-08-17T22:55:00,JANE ST,EXBURY RD,100 m South of,2,Non-Fatal Injury,Non-Intersection,No Control,Approaching Head On,Rain,Dark with Artificial Lighting,Wet,Major Arterial,true,-79.51049501515841,43.72841499512789,2,Automobile or Station Wagon,South,2,34,Major,Lap and Shoulder Belt,Driving properly,Normal,,,Going Ahead,,,,,driver,,Humber River-Black Creek (7),31 Division,Oakdale-Beverley Heights,true,false,false,false,false,false,false,false,false,false,"{""coordinates"": [[-79.51049501515841, 43.72841499512789]], ""type"": ""MultiPoint""}"
18691,2023:3001924743,2023-08-18T06:30:00,EGLINTON AVE E,BRIMLEY RD,20 m West of,2,Non-Fatal Injury,Non-Intersection,,Reversing,Clear,Dawn,Dry,Major Arterial,false,-79.24805864010621,43.73670399409227,1,,,2,26,Major,No Equipment Available,,,Crossing without right-of-way (intersection),Other Condition,,Driver hits pedestrian at midblock,,,,pedestrian,,Scarborough Centre (21),43 Division,Eglinton East,false,false,false,false,false,false,true,false,false,false,"{""coordinates"": [[-79.24805864010621, 43.73670399409227]], ""type"": ""MultiPoint""}"
18692,2023:3001924743,2023-08-18T06:30:00,EGLINTON AVE E,BRIMLEY RD,20 m West of,2,Non-Fatal Injury,Non-Intersection,,Reversing,Clear,Dawn,Dry,Major Arterial,false,-79.24805864010621,43.73670399409227,1,Pickup Truck,West,1,25,None,Lap and Shoulder Belt,Driving properly,Normal,,,Going Ahead,,,,,driver,,Scarborough Centre (21),43 Division,Eglinton East,false,false,false,false,false,false,true,false,false,false,"{""coordinates"": [[-79.24805864010621, 43.73670399409227]], ""type"": ""MultiPoint""}"
18693,2023:3001930218,2023-08-18T19:43:00,MERTON ST,MOUNT PLEASANT RD,,2,Non-Fatal Injury,Intersection-Related,Traffic Signal,Turning Movement,Clear,Dark with Artificial Lighting,Dry,Major Arterial,false,-79.38644852449927,43.698179552057525,2,Motorcycle,South,2,27,Major,Helmet,Driving properly,Unknown,,,Going Ahead,,,,,motorcyclist,,Don Valley West (15),53 Division,Mount Pleasant East,false,false,false,true,false,false,false,false,false,false,"{""coordinates"": [[-79.38644852449927, 43.698179552057525]], ""type"": ""MultiPoint""}"
18694,2023:3001930218,2023-08-18T19:43:00,MERTON ST,MOUNT PLEASANT RD,,2,Non-Fatal Injury,Intersection-Related,Traffic Signal,Turning Movement,Clear,Dark with Artificial Lighting,Dry,Major Arterial,false,-79.38644852449927,43.698179552057525,1,Automobile or Station Wagon,North,1,25,None,Lap and Shoulder Belt,Improper turn,Normal,,,Turning Left,,,,,driver,,Don Valley West (15),53 Division,Mount Pleasant East,false,false,false,true,false,false,false,false,false,false,"{""coordinates"": [[-79.38644852449927, 43.698179552057525]], ""type"": ""MultiPoint""}"
18695,2023:3001940328,2023-08-20T03:05:00,BAY ST,BLOOR ST,9 m South of,3,Non-Fatal Injury,Intersection-Related,Traffic Signal,Reversing,Clear,Dark,Dry,Major Arterial,false,-79.38947744372975,43.66967233024834,1,Automobile or Station Wagon,South,1,29,None,Lap and Shoulder Belt,Driving properly,Normal,,,Going Ahead,,,,,driver,,University-Rosedale (11),52 Division,Bay-Cloverhill,false,false,false,false,false,false,true,false,false,false,"{""coordinates"": [[-79.38947744372975, 43.66967233024834]], ""type"": ""MultiPoint""}"
18696,2023:3001940328,2023-08-20T03:05:00,BAY ST,BLOOR ST,9 m South of,3,Non-Fatal Injury,Intersection-Related,Traffic Signal,Reversing,Clear,Dark,Dry,Major Arterial,false,-79.38947744372975,43.66967233024834,1,,,3,53,Major,No Equipment Available,,,Crossing without right-of-way (intersection),Normal,,Driver going straight hits pedestrian crossing without right-of-way (at intersection),,,,pedestrian,,University-Rosedale (11),52 Division,Bay-Cloverhill,false,false,false,false,false,false,true,false,false,false,"{""coordinates"": [[-79.38947744372975, 43.66967233024834]], ""type"": ""MultiPoint""}"
18697,2023:3001959767,2023-08-22T14:51:00,KING ST W,JAMESON AVE,10 m West of,2,Non-Fatal Injury,Intersection-Related,Traffic Signal,Reversing,Clear,Daylight,Dry,Major Arterial,false,-79.43634495802714,43.63702622965836,1,Automobile or Station Wagon,East,1,28,None,Lap and Shoulder Belt,Failed to yield right-of-way,Other Condition,,,Going Ahead,,,,,driver,,Parkdale-High Park (4),14 Division,South Parkdale,true,false,false,false,false,false,true,false,false,false,"{""coordinates"": [[-79.43634495802714, 43.63702622965836]], ""type"": ""MultiPoint""}"
18698,2023:3001959767,2023-08-22T14:51:00,KING ST W,JAMESON AVE,10 m West of,2,Non-Fatal Injury,Intersection-Related,Traffic Signal,Reversing,Clear,Daylight,Dry,Major Arterial,false,-79.43634495802714,43.63702622965836,1,,,2,53,Major,No Equipment Available,,,Crossing with right-of-way (intersection),Normal,,Other,,,,pedestrian,,Parkdale-High Park (4),14 Division,South Parkdale,true,false,false,false,false,false,true,false,false,false,"{""coordinates"": [[-79.43634495802714, 43.63702622965836]], ""type"": ""MultiPoint""}"
18699,2023:3001964542,2023-08-23T05:45:00,WESTON RD,SHEPPARD AVE W,,2,Non-Fatal Injury,Intersection-Related,Traffic Signal,Reversing,Clear,Daylight,Dry,Major Arterial,false,-79.53819737181674,43.733751785085715,1,Automobile or Station Wagon,North,1,58,None,Lap and Shoulder Belt,Failed to yield right-of-way,Normal,,,Turning Right,,,,,driver,,Humber River-Black Creek (7),31 Division,Pelmo Park-Humberlea,true,false,false,false,false,false,true,false,false,false,"{""coordinates"": [[-79.53819737181674, 43.733751785085715]], ""type"": ""MultiPoint""}"
18700,2023:3001964542,2023-08-23T05:45:00,WESTON RD,SHEPPARD AVE W,,2,Non-Fatal Injury,Intersection-Related,Traffic Signal,Reversing,Clear,Daylight,Dry,Major Arterial,false,-79.53819737181674,43.733751785085715,1,,,2,62,Major,Use Unknown,,,Crossing with right-of-way (intersection),Normal,,Driver turns right into pedestrian crossing with right-of-way (at intersection),,,,pedestrian,,Humber River-Black Creek (7),31 Division,Pelmo Park-Humberlea,true,false,false,false,false,false,true,false,false,false,"{""coordinates"": [[-79.53819737181674, 43.733751785085715]], ""type"": ""MultiPoint""}"
18701,2023:3001969077,2023-08-23T17:33:00,DIXON RD,CITY VIEW DR,60 m East of,3,Non-Fatal Injury,At/Near Private Drive,Traffic Signal,Reversing,Clear,Daylight,Dry,Major Arterial,false,-79.57632158574275,43.69038256005747,1,,,3,60,Major,Use Unknown,,,Crossing without right-of-way (intersection),Normal,,Driver hits pedestrian at midblock,,,,pedestrian,,Etobicoke North (1),23 Division,West Humber-Clairville,false,false,false,false,false,false,true,false,false,false,"{""coordinates"": [[-79.57632158574275, 43.69038256005747]], ""type"": ""MultiPoint""}"
18702,2023:3001969077,2023-08-23T17:33:00,DIXON RD,CITY VIEW DR,60 m East of,3,Non-Fatal Injury,At/Near Private Drive,Traffic Signal,Reversing,Clear,Daylight,Dry,Major Arterial,false,-79.57632158574275,43.69038256005747,1,,,2,41,None,Lap and Shoulder Belt,,,,,,,,,,passenger,,Etobicoke North (1),23 Division,West Humber-Clairville,false,false,false,false,false,false,true,false,false,false,"{""coordinates"": [[-79.57632158574275, 43.69038256005747]], ""type"": ""MultiPoint""}"
18703,2023:3001969077,2023-08-23T17:33:00,DIXON RD,CITY VIEW DR,60 m East of,3,Non-Fatal Injury,At/Near Private Drive,Traffic Signal,Reversing,Clear,Daylight,Dry,Major Arterial,false,-79.57632158574275,43.69038256005747,1,Pickup Truck,North,1,51,None,Lap and Shoulder Belt,Improper turn,Normal,,,Turning Left,,,,,driver,,Etobicoke North (1),23 Division,West Humber-Clairville,false,false,false,false,false,false,true,false,false,false,"{""coordinates"": [[-79.57632158574275, 43.69038256005747]], ""type"": ""MultiPoint""}"
18704,2023:3001971666,2023-08-24T00:09:00,QUEEN ST W,DUFFERIN ST,67 m East of,2,Non-Fatal Injury,Non-Intersection,No Control,Cyclist Collision,Clear,Dark with Artificial Lighting,Dry,Major Arterial,false,-79.427815269088,43.642404938205395,2,Bicycle,West,2,32,Major,Helmet,,,,,Going Ahead,,Dooring,Driving Properly,Normal,cyclist,,Davenport (9),14 Division,Little Portugal,false,false,true,false,false,false,false,false,false,false,"{""coordinates"": [[-79.427815269088, 43.642404938205395]], ""type"": ""MultiPoint""}"
18705,2023:3001971666,2023-08-24T00:09:00,QUEEN ST W,DUFFERIN ST,67 m East of,2,Non-Fatal Injury,Non-Intersection,No Control,Cyclist Collision,Clear,Dark with Artificial Lighting,Dry,Major Arterial,false,-79.427815269088,43.642404938205395,1,Automobile or Station Wagon,West,1,21,None,Equipment Not Used But Available,Other,Normal,,,Stopped,,,,,driver,,Davenport (9),14 Division,Little Portugal,false,false,true,false,false,false,false,false,false,false,"{""coordinates"": [[-79.427815269088, 43.642404938205395]], ""type"": ""MultiPoint""}"
18706,2023:3001976844,2023-08-24T16:30:00,DANFORTH AVE,BYNG AVE,34 m East of,2,Non-Fatal Injury,Non-Intersection,No Control,Cyclist Collision,Clear,Daylight,Dry,Major Arterial,false,-79.27961392406222,43.69315544925094,1,Automobile or Station Wagon,West,1,61,None,Lap and Shoulder Belt,Improper lane change,Normal,,,Pulling Onto Shoulder or Toward Curb,,,,,driver,,Scarborough Southwest (20),41 Division,Oakridge,false,false,true,false,false,false,false,false,false,false,"{""coordinates"": [[-79.27961392406222, 43.69315544925094]], ""type"": ""MultiPoint""}"
18707,2023:3001976844,2023-08-24T16:30:00,DANFORTH AVE,BYNG AVE,34 m East of,2,Non-Fatal Injury,Non-Intersection,No Control,Cyclist Collision,Clear,Daylight,Dry,Major Arterial,false,-79.27961392406222,43.69315544925094,2,Bicycle,West,2,31,Major,No Equipment Available,,,,,Going Ahead,,Sideswipe with cyclist and driver travelling in same direction,Driving Properly,Normal,cyclist,,Scarborough Southwest (20),41 Division,Oakridge,false,false,true,false,false,false,false,false,false,false,"{""coordinates"": [[-79.27961392406222, 43.69315544925094]], ""type"": ""MultiPoint""}"
18708,2023:3001982879,2023-08-25T11:44:00,ROYAL YORK RD,CAVELL AVE,45 m North of,3,Non-Fatal Injury,Non-Intersection,No Control,Cyclist Collision,Clear,Daylight,Dry,Minor Arterial,false,-79.49791433479439,43.61502315973609,1,Automobile or Station Wagon,North,1,55,None,Lap and Shoulder Belt,Driving properly,Normal,,,Stopped,,,,,driver,,Etobicoke-Lakeshore (3),22 Division,Mimico-Queensway,false,false,true,false,false,false,false,false,false,false,"{""coordinates"": [[-79.49791433479439, 43.61502315973609]], ""type"": ""MultiPoint""}"
18709,2023:3001982879,2023-08-25T11:44:00,ROYAL YORK RD,CAVELL AVE,45 m North of,3,Non-Fatal Injury,Non-Intersection,No Control,Cyclist Collision,Clear,Daylight,Dry,Minor Arterial,false,-79.49791433479439,43.61502315973609,2,Bicycle,North,2,56,Major,No Equipment Available,,,,,Going Ahead,,Dooring,Driving Properly,Normal,cyclist,,Etobicoke-Lakeshore (3),22 Division,Mimico-Queensway,false,false,true,false,false,false,false,false,false,false,"{""coordinates"": [[-79.49791433479439, 43.61502315973609]], ""type"": ""MultiPoint""}"
18710,2023:3001982879,2023-08-25T11:44:00,ROYAL YORK RD,CAVELL AVE,45 m North of,3,Non-Fatal Injury,Non-Intersection,No Control,Cyclist Collision,Clear,Daylight,Dry,Minor Arterial,false,-79.49791433479439,43.61502315973609,1,,,3,53,None,Equipment Not Used But Available,,,,,,,,,,passenger,,Etobicoke-Lakeshore (3),22 Division,Mimico-Queensway,false,false,true,false,false,false,false,false,false,false,"{""coordinates"": [[-79.49791433479439, 43.61502315973609]], ""type"": ""MultiPoint""}"
18711,2023:3001984053,2023-08-25T14:16:00,HENLEY CRES,ELMHURST DRIVE,10 m North of,2,Non-Fatal Injury,Non-Intersection,No Control,Reversing,Clear,Daylight,Dry,Local,true,-79.57156076586152,43.72858291079482,1,Automobile or Station Wagon,North,1,,None,Use Unknown,Other,Unknown,,,Going Ahead,,,,,driver,,Etobicoke North (1),23 Division,Rexdale-Kipling,false,false,false,false,false,false,true,false,false,false,"{""coordinates"": [[-79.57156076586152, 43.72858291079482]], ""type"": ""MultiPoint""}"
18712,2023:3001984053,2023-08-25T14:16:00,HENLEY CRES,ELMHURST DRIVE,10 m North of,2,Non-Fatal Injury,Non-Intersection,No Control,Reversing,Clear,Daylight,Dry,Local,true,-79.57156076586152,43.72858291079482,1,,,2,31,Major,Use Unknown,,,Other,Normal,,Driver hits pedestrian at midblock,,,,pedestrian,,Etobicoke North (1),23 Division,Rexdale-Kipling,false,false,false,false,false,false,true,false,false,false,"{""coordinates"": [[-79.57156076586152, 43.72858291079482]], ""type"": ""MultiPoint""}"
18713,2023:3001985783,2023-08-25T17:57:00,KINGSTON RD,MANSE RD,,4,Non-Fatal Injury,Intersection-Related,Traffic Signal,Turning Movement,Clear,Daylight,Dry,Major Arterial,false,-79.17794437338408,43.7748623464089,1,Automobile or Station Wagon,East,1,65,None,Lap and Shoulder Belt,Improper turn,Normal,,,Turning Left,,,,,driver,,Scarborough-Rouge Park (25),43 Division,West Hill,false,false,false,false,false,true,false,false,true,false,"{""coordinates"": [[-79.17794437338408, 43.7748623464089]], ""type"": ""MultiPoint""}"
18714,2023:3001985783,2023-08-25T17:57:00,KINGSTON RD,MANSE RD,,4,Non-Fatal Injury,Intersection-Related,Traffic Signal,Turning Movement,Clear,Daylight,Dry,Major Arterial,false,-79.17794437338408,43.7748623464089,2,Automobile or Station Wagon,West,2,21,Major,Lap and Shoulder Belt,Driving properly,Normal,,,Going Ahead,,,,,driver,,Scarborough-Rouge Park (25),43 Division,West Hill,false,false,false,false,false,true,false,false,true,false,"{""coordinates"": [[-79.17794437338408, 43.7748623464089]], ""type"": ""MultiPoint""}"
18715,2023:3001986496,2023-08-25T19:20:00,LOWER SIMCOE ST,STATION ST,10 m South of,2,Non-Fatal Injury,Non-Intersection,No Control,Sideswipe,Clear,Daylight,Dry,Collector,false,-79.38477776654769,43.64428551892101,1,Automobile or Station Wagon,South,1,21,None,Lap and Shoulder Belt,Improper lane change,Normal,,,Changing Lanes,,,,,driver,,Spadina-Fort York (10),52 Division,Harbourfront-CityPlace,false,false,true,false,false,false,false,false,false,false,"{""coordinates"": [[-79.38477776654769, 43.64428551892101]], ""type"": ""MultiPoint""}"
18716,2023:3001986496,2023-08-25T19:20:00,LOWER SIMCOE ST,STATION ST,10 m South of,2,Non-Fatal Injury,Non-Intersection,No Control,Sideswipe,Clear,Daylight,Dry,Collector,false,-79.38477776654769,43.64428551892101,2,Bicycle,South,2,42,Major,Helmet,,,,,Going Ahead,,Sideswipe with cyclist and driver travelling in same direction,Driving Properly,Normal,cyclist,,Spadina-Fort York (10),52 Division,Harbourfront-CityPlace,false,false,true,false,false,false,false,false,false,false,"{""coordinates"": [[-79.38477776654769, 43.64428551892101]], ""type"": ""MultiPoint""}"
18717,2023:3001989785,2023-08-25T19:47:00,DUNDAS ST E,RIVER ST,34 m East of,2,Non-Fatal Injury,Non-Intersection,No Control,Cyclist Collision,Clear,Daylight,Dry,Major Arterial,false,-79.35772385540425,43.66130284018857,2,Bicycle,East,2,51,Major,Helmet,,,,,Going Ahead,,"Driver without right-of-way drives into path of cyclist (at intersection, laneway, or driveway)",Driving Properly,Normal,cyclist,,Toronto Centre (13),51 Division,Regent Park,true,false,true,true,false,false,false,false,false,false,"{""coordinates"": [[-79.35772385540425, 43.66130284018857]], ""type"": ""MultiPoint""}"
18718,2023:3001989785,2023-08-25T19:47:00,DUNDAS ST E,RIVER ST,34 m East of,2,Non-Fatal Injury,Non-Intersection,No Control,Cyclist Collision,Clear,Daylight,Dry,Major Arterial,false,-79.35772385540425,43.66130284018857,1,Motorcycle,East,1,,None,Helmet,Improper passing,Unknown,,,Overtaking,,,,,motorcyclist,,Toronto Centre (13),51 Division,Regent Park,true,false,true,true,false,false,false,false,false,false,"{""coordinates"": [[-79.35772385540425, 43.66130284018857]], ""type"": ""MultiPoint""}"
18719,2023:3001995620,2023-08-26T23:25:00,HILDA AVE,STEELES AVE W,,2,Non-Fatal Injury,,Traffic Signal,Reversing,Clear,Dark with Artificial Lighting,Dry,Major Arterial,false,-79.42942484454372,43.79596553720007,1,,South,2,48,Major,No Equipment Available,,,Crossing with right-of-way (intersection),Normal,,Driver turns left into pedestrian crossing with right-of-way (at intersection),,,,pedestrian,,Willowdale (18),32 Division,Newtonbrook West,false,false,false,false,false,false,true,false,false,false,"{""coordinates"": [[-79.42942484454372, 43.79596553720007]], ""type"": ""MultiPoint""}"
18720,2023:3001995620,2023-08-26T23:25:00,HILDA AVE,STEELES AVE W,,2,Non-Fatal Injury,,Traffic Signal,Reversing,Clear,Dark with Artificial Lighting,Dry,Major Arterial,false,-79.42942484454372,43.79596553720007,1,Automobile or Station Wagon,North,1,41,None,Lap and Shoulder Belt,Improper turn,Normal,,,Turning Left,,,,,driver,,Willowdale (18),32 Division,Newtonbrook West,false,false,false,false,false,false,true,false,false,false,"{""coordinates"": [[-79.42942484454372, 43.79596553720007]], ""type"": ""MultiPoint""}"
18721,2023:3001998353,2023-08-27T10:55:00,KEELE ST,INGRAM DR,,2,Non-Fatal Injury,Intersection-Related,Traffic Signal,Turning Movement,Clear,Daylight,Dry,Major Arterial,false,-79.47594148360473,43.699434709554126,2,Motorcycle,North,2,22,Major,Helmet,Driving properly,Normal,,,Going Ahead,,,,,motorcyclist,,York South-Weston (5),12 Division,Brookhaven-Amesbury,false,false,false,true,false,true,false,false,false,false,"{""coordinates"": [[-79.47594148360473, 43.699434709554126]], ""type"": ""MultiPoint""}"
18722,2023:3001998353,2023-08-27T10:55:00,KEELE ST,INGRAM DR,,2,Non-Fatal Injury,Intersection-Related,Traffic Signal,Turning Movement,Clear,Daylight,Dry,Major Arterial,false,-79.47594148360473,43.699434709554126,1,Automobile or Station Wagon,South,1,90,None,Lap and Shoulder Belt,Driving properly,Normal,,,Turning Left,,,,,driver,,York South-Weston (5),12 Division,Brookhaven-Amesbury,false,false,false,true,false,true,false,false,false,false,"{""coordinates"": [[-79.47594148360473, 43.699434709554126]], ""type"": ""MultiPoint""}"
18723,2023:3002003989,2023-08-28T05:24:00,VICTORIA PARK AV,LAWRENCE AV E,16 m North of,2,Non-Fatal Injury,Intersection-Related,Traffic Signal,Turning Movement,Clear,Dusk with Artificial Lighting,Dry,Major Arterial,false,-79.3097576522175,43.74215146010862,1,Automobile or Station Wagon,North,1,60,Minor,Lap and Shoulder Belt,Failed to yield right-of-way,Other Condition,,,Turning Left,,,,,driver,,Scarborough Centre (21),41 Division,Wexford/Maryvale,true,false,false,true,false,false,false,false,false,false,"{""coordinates"": [[-79.3097576522175, 43.74215146010862]], ""type"": ""MultiPoint""}"
18724,2023:3002003989,2023-08-28T05:24:00,VICTORIA PARK AV,LAWRENCE AV E,16 m North of,2,Non-Fatal Injury,Intersection-Related,Traffic Signal,Turning Movement,Clear,Dusk with Artificial Lighting,Dry,Major Arterial,false,-79.3097576522175,43.74215146010862,2,Motorcycle,South,2,55,Major,Helmet,Driving properly,Normal,,,Going Ahead,,,,,motorcyclist,,Scarborough Centre (21),41 Division,Wexford/Maryvale,true,false,false,true,false,false,false,false,false,false,"{""coordinates"": [[-79.3097576522175, 43.74215146010862]], ""type"": ""MultiPoint""}"
18725,2023:3002017221,2023-08-29T16:59:00,OLD WESTON RD,ROGERS RD,,1,Non-Fatal Injury,Intersection-Related,Traffic Signal,SMV Other,Clear,Daylight,Dry,Minor Arterial,false,-79.46764834733881,43.68190235684378,1,E-Bike (Power-Assisted Bicycle),South,1,46,Major,No Equipment Available,Lost control,Unknown,,,Going Ahead,,,,,cyclist,,York South-Weston (5),12 Division,Keelesdale-Eglinton West,false,false,true,false,false,false,false,false,false,false,"{""coordinates"": [[-79.46764834733881, 43.68190235684378]], ""type"": ""MultiPoint""}"