_id,collision_id,accdate,stname1,stname2,stname3,per_inv,acclass,accloc,traffictl,impactype,visible,light,rdsfcond,road_class,failtorem,longitude,latitude,veh_no,vehtype,initdir,per_no,invage,injury,safequip,drivact,drivcond,pedact,pedcond,manoeuvre,pedtype,cyclistype,cycact,cyccond,road_user,fatal_no,wardname,division,neighbourhood,aggressive,distracted,cyclist,motorcyclist,other_micromobility,older_adult,pedestrian,red_light,school_child,heavy_truck,geometry
18876,2023:3002403703,2023-10-16T10:40:00,DAVISVILLE AVE,MOUNT PLEASANT RD,,2,Fatal Injury,At Intersection,Traffic Signal,Reversing,Clear,Daylight,Dry,Major Arterial,false,-79.38694443295718,43.70022804466488,,,East,1,86,Fatal,,,,Crossing with right-of-way (intersection),,,Driver turns right into pedestrian crossing with right-of-way (at intersection),,,,pedestrian,32,Don Valley West (15),53 Division,Mount Pleasant East,false,false,false,false,false,true,true,false,false,true,"{""coordinates"": [[-79.38694443295718, 43.70022804466488]], ""type"": ""MultiPoint""}"
18877,2023:3002425032,2023-10-18T23:15:00,MIDLAND AVE,KINGSTON RD,,2,Non-Fatal Injury,Intersection-Related,Traffic Signal,Reversing,Clear,Dark with Artificial Lighting,Dry,Major Arterial,false,-79.24815785217059,43.71112644664174,1,,West,2,22,Major,Use Unknown,,,Crossing without right-of-way (intersection),Normal,Going Ahead,Driver going straight hits pedestrian crossing without right-of-way (at intersection),,,,pedestrian,,Scarborough Southwest (20),41 Division,Cliffcrest,false,false,false,false,false,false,true,false,false,false,"{""coordinates"": [[-79.24815785217059, 43.71112644664174]], ""type"": ""MultiPoint""}"
18878,2023:3002425032,2023-10-18T23:15:00,MIDLAND AVE,KINGSTON RD,,2,Non-Fatal Injury,Intersection-Related,Traffic Signal,Reversing,Clear,Dark with Artificial Lighting,Dry,Major Arterial,false,-79.24815785217059,43.71112644664174,2,Automobile or Station Wagon,North,1,39,None,Lap and Shoulder Belt,Driving properly,Normal,,,Going Ahead,,,,,driver,,Scarborough Southwest (20),41 Division,Cliffcrest,false,false,false,false,false,false,true,false,false,false,"{""coordinates"": [[-79.24815785217059, 43.71112644664174]], ""type"": ""MultiPoint""}"
18879,2023:3002428276,2023-10-19T11:38:00,KING ST W,JAMESON AV,5 m North of,2,Non-Fatal Injury,Intersection-Related,Traffic Signal,Reversing,Clear,Daylight,Dry,Major Arterial,false,-79.43600926369781,43.637182631696696,1,Other Non-Motorized Vehicle,North,1,41,None,Use Unknown,Failed to yield right-of-way,Normal,,,Turning Left,,,,,driver,,Parkdale-High Park (4),14 Division,South Parkdale,true,false,false,false,false,false,true,false,false,false,"{""coordinates"": [[-79.43600926369781, 43.637182631696696]], ""type"": ""MultiPoint""}"
18880,2023:3002428276,2023-10-19T11:38:00,KING ST W,JAMESON AV,5 m North of,2,Non-Fatal Injury,Intersection-Related,Traffic Signal,Reversing,Clear,Daylight,Dry,Major Arterial,false,-79.43600926369781,43.637182631696696,1,,,2,60,Major,Use Unknown,,,Crossing with right-of-way (intersection),Normal,,Driver turns left into pedestrian crossing with right-of-way (at intersection),,,,pedestrian,,Parkdale-High Park (4),14 Division,South Parkdale,true,false,false,false,false,false,true,false,false,false,"{""coordinates"": [[-79.43600926369781, 43.637182631696696]], ""type"": ""MultiPoint""}"
18881,2023:3002438140,2023-10-20T14:35:00,EGLINTON AVE E,RUMSEY RD EY,,2,Non-Fatal Injury,Intersection-Related,Traffic Signal,Reversing,Rain,Daylight,Wet,Major Arterial,false,-79.36985453974346,43.71250371478306,1,Pickup Truck,North,1,40,None,Lap and Shoulder Belt,Failed to yield right-of-way,Other Condition,,,Turning Left,,,,,driver,,Don Valley West (15),53 Division,Leaside-Bennington,true,false,false,false,false,false,true,false,false,false,"{""coordinates"": [[-79.36985453974346, 43.71250371478306]], ""type"": ""MultiPoint""}"
18882,2023:3002438140,2023-10-20T14:35:00,EGLINTON AVE E,RUMSEY RD EY,,2,Non-Fatal Injury,Intersection-Related,Traffic Signal,Reversing,Rain,Daylight,Wet,Major Arterial,false,-79.36985453974346,43.71250371478306,1,,South,2,47,Major,Use Unknown,,,Crossing with right-of-way (intersection),Normal,,Driver turns left into pedestrian crossing with right-of-way (at intersection),,,,pedestrian,,Don Valley West (15),53 Division,Leaside-Bennington,true,false,false,false,false,false,true,false,false,false,"{""coordinates"": [[-79.36985453974346, 43.71250371478306]], ""type"": ""MultiPoint""}"
18883,2023:3002475391,2023-10-25T09:32:00,ISLINGTON AV,JUTLAND RD,,2,Non-Fatal Injury,At Intersection,Traffic Signal,Reversing,Clear,Daylight,Dry,Major Arterial,false,-79.51695730447626,43.628950636991846,1,Pickup Truck,East,1,50,None,Lap and Shoulder Belt,Failed to yield right-of-way,Normal,,,Turning Left,,,,,driver,,Etobicoke-Lakeshore (3),22 Division,Stonegate-Queensway,true,false,false,false,false,true,true,false,false,false,"{""coordinates"": [[-79.51695730447626, 43.628950636991846]], ""type"": ""MultiPoint""}"
18884,2023:3002475391,2023-10-25T09:32:00,ISLINGTON AV,JUTLAND RD,,2,Non-Fatal Injury,At Intersection,Traffic Signal,Reversing,Clear,Daylight,Dry,Major Arterial,false,-79.51695730447626,43.628950636991846,1,,,2,70,Major,Use Unknown,,,Crossing with right-of-way (intersection),Normal,,Driver turns left into pedestrian crossing with right-of-way (at intersection),,,,pedestrian,,Etobicoke-Lakeshore (3),22 Division,Stonegate-Queensway,true,false,false,false,false,true,true,false,false,false,"{""coordinates"": [[-79.51695730447626, 43.628950636991846]], ""type"": ""MultiPoint""}"
18885,2023:3002480656,2023-10-25T21:15:00,MCCOWAN RD,MILNER AV,,2,Non-Fatal Injury,Intersection-Related,Traffic Signal,Reversing,Rain,Dark,Wet,Major Arterial,false,-79.256519608349,43.785127777798955,1,,East,2,29,Major,Use Unknown,,,Crossing with right-of-way (intersection),Normal,,Driver turns left into pedestrian crossing with right-of-way (at intersection),,,,pedestrian,,Scarborough North (23),42 Division,Agincourt South-Malvern West,true,false,false,false,false,false,true,false,false,false,"{""coordinates"": [[-79.256519608349, 43.785127777798955]], ""type"": ""MultiPoint""}"
18886,2023:3002480656,2023-10-25T21:15:00,MCCOWAN RD,MILNER AV,,2,Non-Fatal Injury,Intersection-Related,Traffic Signal,Reversing,Rain,Dark,Wet,Major Arterial,false,-79.256519608349,43.785127777798955,1,Automobile or Station Wagon,West,1,29,None,Use Unknown,Failed to yield right-of-way,Unknown,,,Turning Left,,,,,driver,,Scarborough North (23),42 Division,Agincourt South-Malvern West,true,false,false,false,false,false,true,false,false,false,"{""coordinates"": [[-79.256519608349, 43.785127777798955]], ""type"": ""MultiPoint""}"
18887,2023:3002481939,2023-10-26T02:20:00,110 YORE RD,Yore RD,13 m North of,3,Non-Fatal Injury,Non-Intersection,No Control,SMV Other,Clear,Dark with Artificial Lighting,Dry,Major Arterial,false,-79.47479708674018,43.691301776924874,1,,South,3,16,Major,Lap and Shoulder Belt,,,,,,,,,,passenger,,York South-Weston (5),12 Division,Beechborough-Greenbrook,false,false,false,false,false,false,false,false,true,false,"{""coordinates"": [[-79.47479708674018, 43.691301776924874]], ""type"": ""MultiPoint""}"
18888,2023:3002481939,2023-10-26T02:20:00,110 YORE RD,Yore RD,13 m North of,3,Non-Fatal Injury,Non-Intersection,No Control,SMV Other,Clear,Dark with Artificial Lighting,Dry,Major Arterial,false,-79.47479708674018,43.691301776924874,1,,South,2,16,Minimal,Lap and Shoulder Belt,,,,,,,,,,passenger,,York South-Weston (5),12 Division,Beechborough-Greenbrook,false,false,false,false,false,false,false,false,true,false,"{""coordinates"": [[-79.47479708674018, 43.691301776924874]], ""type"": ""MultiPoint""}"
18889,2023:3002481939,2023-10-26T02:20:00,110 YORE RD,Yore RD,13 m North of,3,Non-Fatal Injury,Non-Intersection,No Control,SMV Other,Clear,Dark with Artificial Lighting,Dry,Major Arterial,false,-79.47479708674018,43.691301776924874,1,Automobile or Station Wagon,South,1,17,Minimal,Lap and Shoulder Belt,Lost control,Other Condition,,,Turning Right,,,,,driver,,York South-Weston (5),12 Division,Beechborough-Greenbrook,false,false,false,false,false,false,false,false,true,false,"{""coordinates"": [[-79.47479708674018, 43.691301776924874]], ""type"": ""MultiPoint""}"
18890,2023:3002496578,2023-10-27T19:15:00,WAYSIDE AVE,FINCH AVE E,,2,Non-Fatal Injury,Intersection-Related,Traffic Signal,Reversing,Clear,Daylight with Artificial Lighting,Dry,Major Arterial,false,-79.29961048472623,43.800516319029384,1,,,2,21,Major,No Equipment Available,,,Crossing with right-of-way (intersection),Normal,,Driver turns left into pedestrian crossing with right-of-way (at intersection),,,,pedestrian,,Scarborough-Agincourt (22),42 Division,East L'Amoreaux,true,false,false,false,false,false,true,false,false,false,"{""coordinates"": [[-79.29961048472623, 43.800516319029384]], ""type"": ""MultiPoint""}"
18891,2023:3002496578,2023-10-27T19:15:00,WAYSIDE AVE,FINCH AVE E,,2,Non-Fatal Injury,Intersection-Related,Traffic Signal,Reversing,Clear,Daylight with Artificial Lighting,Dry,Major Arterial,false,-79.29961048472623,43.800516319029384,1,Automobile or Station Wagon,East,1,27,None,Lap and Shoulder Belt,Failed to yield right-of-way,Normal,,,Turning Left,,,,,driver,,Scarborough-Agincourt (22),42 Division,East L'Amoreaux,true,false,false,false,false,false,true,false,false,false,"{""coordinates"": [[-79.29961048472623, 43.800516319029384]], ""type"": ""MultiPoint""}"
18892,2023:3002964045,2023-10-27T19:44:00,150 WYNFORD DR,,,2,Fatal Injury,Intersection-Related,Traffic Signal,Reversing,Rain,Dark with Artificial Lighting,Wet,Minor Arterial,false,-79.32773255692936,43.727255091389026,1,Automobile or Station Wagon,East,2,25,None,,Driving properly,Normal,,,Going Ahead,,,,,driver,,Don Valley East (16),33 Division,Banbury-Don Mills,false,false,false,false,false,true,true,false,false,false,"{""coordinates"": [[-79.32773255692936, 43.727255091389026]], ""type"": ""MultiPoint""}"
18893,2023:3002964045,2023-10-27T19:44:00,150 WYNFORD DR,,,2,Fatal Injury,Intersection-Related,Traffic Signal,Reversing,Rain,Dark with Artificial Lighting,Wet,Minor Arterial,false,-79.32773255692936,43.727255091389026,,,North,1,72,Fatal,,,,Crossing without right-of-way (intersection),Fatigue/Fell Asleep,,Driver going straight hits pedestrian crossing without right-of-way (at intersection),,,,pedestrian,44,Don Valley East (16),33 Division,Banbury-Don Mills,false,false,false,false,false,true,true,false,false,false,"{""coordinates"": [[-79.32773255692936, 43.727255091389026]], ""type"": ""MultiPoint""}"
18894,2023:3002503345,2023-10-28T16:43:00,SHEPPARD AV W,ARROW RD,15 m West of,3,Non-Fatal Injury,Intersection-Related,Traffic Signal,Reversing,Clear,Daylight,Dry,Major Arterial,false,-79.52930148289582,43.735697269653684,1,Automobile or Station Wagon,West,1,17,None,Lap and Shoulder Belt,Lost control,Inattentive,,,Going Ahead,,,,,driver,,Humber River-Black Creek (7),31 Division,Oakdale-Beverley Heights,false,true,false,false,false,false,true,false,true,false,"{""coordinates"": [[-79.52930148289582, 43.735697269653684]], ""type"": ""MultiPoint""}"
18895,2023:3002503345,2023-10-28T16:43:00,SHEPPARD AV W,ARROW RD,15 m West of,3,Non-Fatal Injury,Intersection-Related,Traffic Signal,Reversing,Clear,Daylight,Dry,Major Arterial,false,-79.52930148289582,43.735697269653684,1,,,2,39,Minimal,Lap and Shoulder Belt,,,,,,,,,,passenger,,Humber River-Black Creek (7),31 Division,Oakdale-Beverley Heights,false,true,false,false,false,false,true,false,true,false,"{""coordinates"": [[-79.52930148289582, 43.735697269653684]], ""type"": ""MultiPoint""}"
18896,2023:3002503345,2023-10-28T16:43:00,SHEPPARD AV W,ARROW RD,15 m West of,3,Non-Fatal Injury,Intersection-Related,Traffic Signal,Reversing,Clear,Daylight,Dry,Major Arterial,false,-79.52930148289582,43.735697269653684,1,,,3,19,Major,No Equipment Available,,,Other,Normal,,Driver hits pedestrian on sidewalk or shoulder,,,,pedestrian,,Humber River-Black Creek (7),31 Division,Oakdale-Beverley Heights,false,true,false,false,false,false,true,false,true,false,"{""coordinates"": [[-79.52930148289582, 43.735697269653684]], ""type"": ""MultiPoint""}"
18897,2023:3002515701,2023-10-30T10:14:00,DUFFERIN ST,RIDELLE AV,9 m East of,3,Fatal Injury,Intersection-Related,Stop Sign,Reversing,Rain,Daylight,Wet,Major Arterial,false,-79.45190121408334,43.701479353598195,1,Pickup Truck,South,1,66,None,Lap and Shoulder Belt,Improper turn,Normal,,,Turning Left,,,,,driver,,Eglinton-Lawrence (8),13 Division,Briar Hill-Belgravia,false,false,false,false,false,true,true,false,false,false,"{""coordinates"": [[-79.45190121408334, 43.701479353598195]], ""type"": ""MultiPoint""}"
18898,2023:3002515701,2023-10-30T10:14:00,DUFFERIN ST,RIDELLE AV,9 m East of,3,Fatal Injury,Intersection-Related,Stop Sign,Reversing,Rain,Daylight,Wet,Major Arterial,false,-79.45190121408334,43.701479353598195,1,,,3,79,Minor,No Equipment Available,,,Crossing without right-of-way (intersection),Normal,,Driver turns left into pedestrian crossing without right-of-way (at intersection),,,,pedestrian,,Eglinton-Lawrence (8),13 Division,Briar Hill-Belgravia,false,false,false,false,false,true,true,false,false,false,"{""coordinates"": [[-79.45190121408334, 43.701479353598195]], ""type"": ""MultiPoint""}"
18899,2023:3002515701,2023-10-30T10:14:00,DUFFERIN ST,RIDELLE AV,9 m East of,3,Fatal Injury,Intersection-Related,Stop Sign,Reversing,Rain,Daylight,Wet,Major Arterial,false,-79.45190121408334,43.701479353598195,1,,,2,86,Fatal,No Equipment Available,,,Crossing without right-of-way (intersection),Normal,,Driver turns left into pedestrian crossing without right-of-way (at intersection),,,,pedestrian,41,Eglinton-Lawrence (8),13 Division,Briar Hill-Belgravia,false,false,false,false,false,true,true,false,false,false,"{""coordinates"": [[-79.45190121408334, 43.701479353598195]], ""type"": ""MultiPoint""}"
18900,2023:3002525409,2023-10-31T12:50:00,ROYAL YORK RD,EDENBRIDGE DR,,3,Non-Fatal Injury,Intersection-Related,Traffic Signal,Reversing,Clear,Daylight,Dry,Minor Arterial,false,-79.52135176521273,43.67011883403188,1,Automobile or Station Wagon,South,3,75,Minor,Lap and Shoulder Belt,Disobeyed traffic control,Normal,,,Going Ahead,,,,,driver,,Etobicoke Centre (2),22 Division,Edenbridge-Humber Valley,true,false,false,false,false,true,true,true,false,false,"{""coordinates"": [[-79.52135176521273, 43.67011883403188]], ""type"": ""MultiPoint""}"
18901,2023:3002525409,2023-10-31T12:50:00,ROYAL YORK RD,EDENBRIDGE DR,,3,Non-Fatal Injury,Intersection-Related,Traffic Signal,Reversing,Clear,Daylight,Dry,Minor Arterial,false,-79.52135176521273,43.67011883403188,1,,,2,74,None,Use Unknown,,,Crossing with right-of-way (intersection),Normal,,Driver going straight hits pedestrian crossing with right-of-way (at intersection),,,,pedestrian,,Etobicoke Centre (2),22 Division,Edenbridge-Humber Valley,true,false,false,false,false,true,true,true,false,false,"{""coordinates"": [[-79.52135176521273, 43.67011883403188]], ""type"": ""MultiPoint""}"
18902,2023:3002525409,2023-10-31T12:50:00,ROYAL YORK RD,EDENBRIDGE DR,,3,Non-Fatal Injury,Intersection-Related,Traffic Signal,Reversing,Clear,Daylight,Dry,Minor Arterial,false,-79.52135176521273,43.67011883403188,1,,,1,67,Major,Use Unknown,,,Crossing with right-of-way (intersection),Normal,,Driver going straight hits pedestrian crossing with right-of-way (at intersection),,,,pedestrian,,Etobicoke Centre (2),22 Division,Edenbridge-Humber Valley,true,false,false,false,false,true,true,true,false,false,"{""coordinates"": [[-79.52135176521273, 43.67011883403188]], ""type"": ""MultiPoint""}"
18903,2023:3002568792,2023-11-05T20:25:00,YORK MILLS RD,BIRCHWOOD AV,,2,Non-Fatal Injury,Intersection-Related,Pedestrian Crossover,Reversing,Clear,Dark with Artificial Lighting,Dry,Major Arterial,false,-79.39158304164586,43.746485058937026,1,,,2,26,Major,No Equipment Available,,,Other,Normal,,Driver going straight hits pedestrian crossing without right-of-way (at intersection),,,,pedestrian,,Don Valley West (15),32 Division,St.Andrew-Windfields,false,false,false,false,false,false,true,false,false,false,"{""coordinates"": [[-79.39158304164586, 43.746485058937026]], ""type"": ""MultiPoint""}"
18904,2023:3002568792,2023-11-05T20:25:00,YORK MILLS RD,BIRCHWOOD AV,,2,Non-Fatal Injury,Intersection-Related,Pedestrian Crossover,Reversing,Clear,Dark with Artificial Lighting,Dry,Major Arterial,false,-79.39158304164586,43.746485058937026,1,Automobile or Station Wagon,East,1,55,None,Lap and Shoulder Belt,Driving properly,Normal,,,Going Ahead,,,,,driver,,Don Valley West (15),32 Division,St.Andrew-Windfields,false,false,false,false,false,false,true,false,false,false,"{""coordinates"": [[-79.39158304164586, 43.746485058937026]], ""type"": ""MultiPoint""}"
18905,2023:3002578946,2023-11-07T06:20:00,KIPLING AVE,RONSON DR,5 m south of,2,Fatal Injury,Intersection-Related,Traffic Signal,Reversing,Clear,Daylight,Dry,Major Arterial,false,-79.56232923558842,43.70252090342639,1,Automobile or Station Wagon,South,2,56,None,,Driving properly,Normal,,,Going Ahead,,,,,driver,,Etobicoke North (1),23 Division,West Humber-Clairville,false,false,false,false,false,false,true,false,false,false,"{""coordinates"": [[-79.56232923558842, 43.70252090342639]], ""type"": ""MultiPoint""}"
18906,2023:3002578946,2023-11-07T06:20:00,KIPLING AVE,RONSON DR,5 m south of,2,Fatal Injury,Intersection-Related,Traffic Signal,Reversing,Clear,Daylight,Dry,Major Arterial,false,-79.56232923558842,43.70252090342639,,,West,1,30,Fatal,,,,Crossing without right-of-way (intersection),Normal,,Driver going straight hits pedestrian crossing without right-of-way (at intersection),,,,pedestrian,33,Etobicoke North (1),23 Division,West Humber-Clairville,false,false,false,false,false,false,true,false,false,false,"{""coordinates"": [[-79.56232923558842, 43.70252090342639]], ""type"": ""MultiPoint""}"
18907,2023:3002585631,2023-11-07T22:12:00,BELGRAVIA AV,TIMES RD,34 m East of,2,Non-Fatal Injury,Non-Intersection,Stop Sign,SMV Unattended Vehicle,Clear,Dark with Artificial Lighting,Dry,Local,false,-79.4445693575443,43.698591618859005,1,Automobile or Station Wagon,East,1,22,Major,Lap and Shoulder Belt,Lost control,Had Been Drinking,,,Going Ahead,,,,,driver,,Eglinton-Lawrence (8),13 Division,Briar Hill-Belgravia,false,false,false,false,false,false,false,false,false,false,"{""coordinates"": [[-79.4445693575443, 43.698591618859005]], ""type"": ""MultiPoint""}"
18908,2023:3002585631,2023-11-07T22:12:00,BELGRAVIA AV,TIMES RD,34 m East of,2,Non-Fatal Injury,Non-Intersection,Stop Sign,SMV Unattended Vehicle,Clear,Dark with Artificial Lighting,Dry,Local,false,-79.4445693575443,43.698591618859005,2,Automobile or Station Wagon,West,2,0,None,Use Unknown,,Unknown,,,Parked,,,,,driver,,Eglinton-Lawrence (8),13 Division,Briar Hill-Belgravia,false,false,false,false,false,false,false,false,false,false,"{""coordinates"": [[-79.4445693575443, 43.698591618859005]], ""type"": ""MultiPoint""}"
18909,2023:3002610286,2023-11-08T00:01:00,WILSON AVE,Wilson heights Blvd,2 m West of,1,Non-Fatal Injury,Intersection-Related,Traffic Signal,Reversing,Other,Dark with Artificial Lighting,Dry,Minor Arterial,false,-79.45188589518938,43.73657455508882,1,,,1,51,Major,Lap and Shoulder Belt,,,Crossing without right-of-way (intersection),Normal,,Unknown,,,,pedestrian,,York Centre (6),32 Division,Clanton Park,false,false,false,false,false,false,true,false,false,false,"{""coordinates"": [[-79.45188589518938, 43.73657455508882]], ""type"": ""MultiPoint""}"
18910,2023:3002591929,2023-11-08T17:17:00,DUNDAS ST E,YONGE ST,30 m South of,2,Non-Fatal Injury,Non-Intersection,No Control,Reversing,Rain,Dusk with Artificial Lighting,Wet,Major Arterial,false,-79.38081808512926,43.65606911034967,1,Automobile or Station Wagon,North,1,65,None,Lap and Shoulder Belt,Other,Other Condition,,,Going Ahead,,,,,driver,,Toronto Centre (13),52 Division,Yonge-Bay Corridor,false,false,false,false,false,true,true,false,false,false,"{""coordinates"": [[-79.38081808512926, 43.65606911034967]], ""type"": ""MultiPoint""}"
18911,2023:3002591929,2023-11-08T17:17:00,DUNDAS ST E,YONGE ST,30 m South of,2,Non-Fatal Injury,Non-Intersection,No Control,Reversing,Rain,Dusk with Artificial Lighting,Wet,Major Arterial,false,-79.38081808512926,43.65606911034967,1,,,2,36,Major,Use Unknown,,,Other,Other Condition,,Driver hits pedestrian at midblock,,,,pedestrian,,Toronto Centre (13),52 Division,Yonge-Bay Corridor,false,false,false,false,false,true,true,false,false,false,"{""coordinates"": [[-79.38081808512926, 43.65606911034967]], ""type"": ""MultiPoint""}"
18912,2023:3002607163,2023-11-10T15:57:00,55 ST CLAIR AVE W,YONGE ST,11 m North of,2,Non-Fatal Injury,Intersection-Related,No Control,,Clear,Daylight,Dry,Major Arterial,false,-79.39410846639292,43.68808587605014,1,Automobile or Station Wagon,East,1,34,None,Lap and Shoulder Belt,Improper passing,Normal,,,Going Ahead,,,,,driver,,Toronto-St. Paul's (12),53 Division,Rosedale-Moore Park,true,false,false,true,false,false,false,false,false,false,"{""coordinates"": [[-79.39410846639292, 43.68808587605014]], ""type"": ""MultiPoint""}"
18913,2023:3002607163,2023-11-10T15:57:00,55 ST CLAIR AVE W,YONGE ST,11 m North of,2,Non-Fatal Injury,Intersection-Related,No Control,,Clear,Daylight,Dry,Major Arterial,false,-79.39410846639292,43.68808587605014,2,Motorcycle,East,2,27,Major,Helmet,Driving properly,Normal,,,Overtaking,,,,,motorcyclist,,Toronto-St. Paul's (12),53 Division,Rosedale-Moore Park,true,false,false,true,false,false,false,false,false,false,"{""coordinates"": [[-79.39410846639292, 43.68808587605014]], ""type"": ""MultiPoint""}"
18914,2023:3002611058,2023-11-11T03:03:00,FGX W,B AMD DUNN AV,100 m West of,4,Fatal Injury,Non-Intersection,No Control,SMV Other,Clear,Dark with Artificial Lighting,Dry,Expressway,false,-79.43336949539759,43.63269654522306,1,Automobile or Station Wagon,,3,22,None,Lap and Shoulder Belt,,,,,,,,,,passenger,,Parkdale-High Park (4),14 Division,South Parkdale,true,false,false,false,false,false,false,false,false,false,"{""coordinates"": [[-79.43336949539759, 43.63269654522306]], ""type"": ""MultiPoint""}"
18915,2023:3002611058,2023-11-11T03:03:00,FGX W,B AMD DUNN AV,100 m West of,4,Fatal Injury,Non-Intersection,No Control,SMV Other,Clear,Dark with Artificial Lighting,Dry,Expressway,false,-79.43336949539759,43.63269654522306,1,Automobile or Station Wagon,West,1,22,Minimal,Lap and Shoulder Belt,Exceeding speed limit,Ability Impaired - Alcohol Over .08,,,Going Ahead,,,,,driver,,Parkdale-High Park (4),14 Division,South Parkdale,true,false,false,false,false,false,false,false,false,false,"{""coordinates"": [[-79.43336949539759, 43.63269654522306]], ""type"": ""MultiPoint""}"
18916,2023:3002611058,2023-11-11T03:03:00,FGX W,B AMD DUNN AV,100 m West of,4,Fatal Injury,Non-Intersection,No Control,SMV Other,Clear,Dark with Artificial Lighting,Dry,Expressway,false,-79.43336949539759,43.63269654522306,1,Automobile or Station Wagon,,4,25,Major,Lap and Shoulder Belt,,,,,,,,,,passenger,,Parkdale-High Park (4),14 Division,South Parkdale,true,false,false,false,false,false,false,false,false,false,"{""coordinates"": [[-79.43336949539759, 43.63269654522306]], ""type"": ""MultiPoint""}"
18917,2023:3002611058,2023-11-11T03:03:00,FGX W,B AMD DUNN AV,100 m West of,4,Fatal Injury,Non-Intersection,No Control,SMV Other,Clear,Dark with Artificial Lighting,Dry,Expressway,false,-79.43336949539759,43.63269654522306,1,Automobile or Station Wagon,,2,22,Fatal,Use Unknown,,,,,,,,,,passenger,36,Parkdale-High Park (4),14 Division,South Parkdale,true,false,false,false,false,false,false,false,false,false,"{""coordinates"": [[-79.43336949539759, 43.63269654522306]], ""type"": ""MultiPoint""}"
18918,2023:3002611595,2023-11-11T06:28:00,F G GARDINER XY E,KIPLING AV,657 m West of,6,Non-Fatal Injury,Non-Intersection,No Control,Sideswipe,Clear,Dark with Artificial Lighting,Dry,Expressway,true,-79.5335665417077,43.61627824017488,1,,,5,68,Minor,Lap and Shoulder Belt,,,,,,,,,,passenger,,Etobicoke-Lakeshore (3),22 Division,Alderwood,false,false,false,false,false,true,false,false,false,false,"{""coordinates"": [[-79.5335665417077, 43.61627824017488]], ""type"": ""MultiPoint""}"
18919,2023:3002611595,2023-11-11T06:28:00,F G GARDINER XY E,KIPLING AV,657 m West of,6,Non-Fatal Injury,Non-Intersection,No Control,Sideswipe,Clear,Dark with Artificial Lighting,Dry,Expressway,true,-79.5335665417077,43.61627824017488,2,Pickup Truck,East,2,44,None,Lap and Shoulder Belt,Driving properly,Normal,,,Going Ahead,,,,,driver,,Etobicoke-Lakeshore (3),22 Division,Alderwood,false,false,false,false,false,true,false,false,false,false,"{""coordinates"": [[-79.5335665417077, 43.61627824017488]], ""type"": ""MultiPoint""}"
18920,2023:3002611595,2023-11-11T06:28:00,F G GARDINER XY E,KIPLING AV,657 m West of,6,Non-Fatal Injury,Non-Intersection,No Control,Sideswipe,Clear,Dark with Artificial Lighting,Dry,Expressway,true,-79.5335665417077,43.61627824017488,3,Automobile or Station Wagon,East,3,58,None,Lap and Shoulder Belt,Driving properly,Normal,,,Going Ahead,,,,,driver,,Etobicoke-Lakeshore (3),22 Division,Alderwood,false,false,false,false,false,true,false,false,false,false,"{""coordinates"": [[-79.5335665417077, 43.61627824017488]], ""type"": ""MultiPoint""}"
18921,2023:3002611595,2023-11-11T06:28:00,F G GARDINER XY E,KIPLING AV,657 m West of,6,Non-Fatal Injury,Non-Intersection,No Control,Sideswipe,Clear,Dark with Artificial Lighting,Dry,Expressway,true,-79.5335665417077,43.61627824017488,4,Automobile or Station Wagon,East,4,53,Minor,Lap and Shoulder Belt,Driving properly,Normal,,,Going Ahead,,,,,driver,,Etobicoke-Lakeshore (3),22 Division,Alderwood,false,false,false,false,false,true,false,false,false,false,"{""coordinates"": [[-79.5335665417077, 43.61627824017488]], ""type"": ""MultiPoint""}"
18922,2023:3002611595,2023-11-11T06:28:00,F G GARDINER XY E,KIPLING AV,657 m West of,6,Non-Fatal Injury,Non-Intersection,No Control,Sideswipe,Clear,Dark with Artificial Lighting,Dry,Expressway,true,-79.5335665417077,43.61627824017488,1,Automobile or Station Wagon,East,1,71,Minor,Lap and Shoulder Belt,Driving properly,Normal,,,Going Ahead,,,,,driver,,Etobicoke-Lakeshore (3),22 Division,Alderwood,false,false,false,false,false,true,false,false,false,false,"{""coordinates"": [[-79.5335665417077, 43.61627824017488]], ""type"": ""MultiPoint""}"
18923,2023:3002611595,2023-11-11T06:28:00,F G GARDINER XY E,KIPLING AV,657 m West of,6,Non-Fatal Injury,Non-Intersection,No Control,Sideswipe,Clear,Dark with Artificial Lighting,Dry,Expressway,true,-79.5335665417077,43.61627824017488,4,,,6,48,Major,Lap and Shoulder Belt,,,,,,,,,,passenger,,Etobicoke-Lakeshore (3),22 Division,Alderwood,false,false,false,false,false,true,false,false,false,false,"{""coordinates"": [[-79.5335665417077, 43.61627824017488]], ""type"": ""MultiPoint""}"
18924,2023:3002616293,2023-11-11T20:20:00,sandhurst crcl,finch ave e,61 m North of,1,Non-Fatal Injury,Non-Intersection,No Control,SMV Other,Clear,Dark with Artificial Lighting,Dry,Major Arterial,false,-79.27039748089192,43.80718437661301,1,Motorcycle,West,1,25,Major,Helmet,Driving properly,Normal,,,Turning Left,,,,,motorcyclist,,Scarborough North (23),42 Division,Agincourt North,false,false,false,true,false,false,false,false,false,false,"{""coordinates"": [[-79.27039748089192, 43.80718437661301]], ""type"": ""MultiPoint""}"