_id,collision_id,accdate,stname1,stname2,stname3,per_inv,acclass,accloc,traffictl,impactype,visible,light,rdsfcond,road_class,failtorem,longitude,latitude,veh_no,vehtype,initdir,per_no,invage,injury,safequip,drivact,drivcond,pedact,pedcond,manoeuvre,pedtype,cyclistype,cycact,cyccond,road_user,fatal_no,wardname,division,neighbourhood,aggressive,distracted,cyclist,motorcyclist,other_micromobility,older_adult,pedestrian,red_light,school_child,heavy_truck,geometry
18925,2023:3002626902,2023-11-13T10:33:00,DUFFERIN ST,EGLINTON AVE W,,2,Fatal Injury,Intersection-Related,Traffic Signal,Reversing,,,,Major Arterial,false,-79.45023801306316,43.695619978544464,,,East,1,53,Fatal,,,,Crossing with right-of-way (intersection),Normal,,Driver turns left into pedestrian crossing with right-of-way (at intersection),,,,pedestrian,34,Toronto-St. Paul's (12),13 Division,Oakwood Village,true,false,false,false,false,false,true,false,false,true,"{""coordinates"": [[-79.45023801306316, 43.695619978544464]], ""type"": ""MultiPoint""}"
18926,2023:3002626902,2023-11-13T10:33:00,DUFFERIN ST,EGLINTON AVE W,,2,Fatal Injury,Intersection-Related,Traffic Signal,Reversing,,,,Major Arterial,false,-79.45023801306316,43.695619978544464,1,Truck - Dump,West,2,31,None,,Failed to yield right-of-way,,,,,,,,,driver,,Toronto-St. Paul's (12),13 Division,Oakwood Village,true,false,false,false,false,false,true,false,false,true,"{""coordinates"": [[-79.45023801306316, 43.695619978544464]], ""type"": ""MultiPoint""}"
18927,2023:3002628249,2023-11-13T13:30:00,FINCH AVE E,WARDEN AVE,,2,Fatal Injury,,Traffic Signal,Turning Movement,Clear,Daylight,Dry,Major Arterial,false,-79.31572379511945,43.79670164042182,1,Automobile or Station Wagon,North,1,51,,,Failed to yield right-of-way,Inattentive,,,Making U-Turn,,,,,driver,,Scarborough-Agincourt (22),42 Division,East L'Amoreaux,true,true,false,true,false,false,false,false,false,false,"{""coordinates"": [[-79.31572379511945, 43.79670164042182]], ""type"": ""MultiPoint""}"
18928,2023:3002628249,2023-11-13T13:30:00,FINCH AVE E,WARDEN AVE,,2,Fatal Injury,,Traffic Signal,Turning Movement,Clear,Daylight,Dry,Major Arterial,false,-79.31572379511945,43.79670164042182,2,Motorcycle,North,2,34,Fatal,,Driving properly,Normal,,,Going Ahead,,,,,motorcyclist,39,Scarborough-Agincourt (22),42 Division,East L'Amoreaux,true,true,false,true,false,false,false,false,false,false,"{""coordinates"": [[-79.31572379511945, 43.79670164042182]], ""type"": ""MultiPoint""}"
18929,2023:3002629156,2023-11-13T15:42:00,WOODBINE AVE,MORTIMER AVE,,2,Non-Fatal Injury,Intersection-Related,Traffic Signal,Turning Movement,Clear,Daylight,Dry,Major Arterial,false,-79.31582309764025,43.692812176519006,1,Automobile or Station Wagon,North,1,46,None,Lap and Shoulder Belt,Improper turn,Normal,,,Turning Left,,,,,driver,,Beaches-East York (19),55 Division,Woodbine-Lumsden,false,false,false,true,false,false,false,false,false,false,"{""coordinates"": [[-79.31582309764025, 43.692812176519006]], ""type"": ""MultiPoint""}"
18930,2023:3002629156,2023-11-13T15:42:00,WOODBINE AVE,MORTIMER AVE,,2,Non-Fatal Injury,Intersection-Related,Traffic Signal,Turning Movement,Clear,Daylight,Dry,Major Arterial,false,-79.31582309764025,43.692812176519006,2,Motorcycle,South,2,54,Major,Helmet,Driving properly,Normal,,,Going Ahead,,,,,motorcyclist,,Beaches-East York (19),55 Division,Woodbine-Lumsden,false,false,false,true,false,false,false,false,false,false,"{""coordinates"": [[-79.31582309764025, 43.692812176519006]], ""type"": ""MultiPoint""}"
18931,2023:3002633234,2023-11-14T06:42:00,WELLINGTON ST E,SCOTT ST,,6,Fatal Injury,Intersection-Related,Traffic Signal,Reversing,Clear,Dark with Artificial Lighting,Dry,Minor Arterial,false,-79.37601156924552,43.64808112883063,1,Automobile or Station Wagon,,5,57,Fatal,,,,Other,Fatigue/Fell Asleep,,,,,,pedestrian,35,Toronto Centre (13),51 Division,Downtown Yonge East,false,false,false,false,false,false,true,false,false,false,"{""coordinates"": [[-79.37601156924552, 43.64808112883063]], ""type"": ""MultiPoint""}"
18932,2023:3002633234,2023-11-14T06:42:00,WELLINGTON ST E,SCOTT ST,,6,Fatal Injury,Intersection-Related,Traffic Signal,Reversing,Clear,Dark with Artificial Lighting,Dry,Minor Arterial,false,-79.37601156924552,43.64808112883063,1,,,3,30,None,,,,,,,,,,,passenger,,Toronto Centre (13),51 Division,Downtown Yonge East,false,false,false,false,false,false,true,false,false,false,"{""coordinates"": [[-79.37601156924552, 43.64808112883063]], ""type"": ""MultiPoint""}"
18933,2023:3002633234,2023-11-14T06:42:00,WELLINGTON ST E,SCOTT ST,,6,Fatal Injury,Intersection-Related,Traffic Signal,Reversing,Clear,Dark with Artificial Lighting,Dry,Minor Arterial,false,-79.37601156924552,43.64808112883063,1,,,6,32,None,,,,,,,,,,,passenger,,Toronto Centre (13),51 Division,Downtown Yonge East,false,false,false,false,false,false,true,false,false,false,"{""coordinates"": [[-79.37601156924552, 43.64808112883063]], ""type"": ""MultiPoint""}"
18934,2023:3002633234,2023-11-14T06:42:00,WELLINGTON ST E,SCOTT ST,,6,Fatal Injury,Intersection-Related,Traffic Signal,Reversing,Clear,Dark with Artificial Lighting,Dry,Minor Arterial,false,-79.37601156924552,43.64808112883063,1,,,1,45,None,,,,,,,,,,,passenger,,Toronto Centre (13),51 Division,Downtown Yonge East,false,false,false,false,false,false,true,false,false,false,"{""coordinates"": [[-79.37601156924552, 43.64808112883063]], ""type"": ""MultiPoint""}"
18935,2023:3002633234,2023-11-14T06:42:00,WELLINGTON ST E,SCOTT ST,,6,Fatal Injury,Intersection-Related,Traffic Signal,Reversing,Clear,Dark with Artificial Lighting,Dry,Minor Arterial,false,-79.37601156924552,43.64808112883063,1,Automobile or Station Wagon,North,2,63,None,,Other,,,,Going Ahead,,,,,driver,,Toronto Centre (13),51 Division,Downtown Yonge East,false,false,false,false,false,false,true,false,false,false,"{""coordinates"": [[-79.37601156924552, 43.64808112883063]], ""type"": ""MultiPoint""}"
18936,2023:3002633234,2023-11-14T06:42:00,WELLINGTON ST E,SCOTT ST,,6,Fatal Injury,Intersection-Related,Traffic Signal,Reversing,Clear,Dark with Artificial Lighting,Dry,Minor Arterial,false,-79.37601156924552,43.64808112883063,1,,,4,26,None,,,,,,,,,,,passenger,,Toronto Centre (13),51 Division,Downtown Yonge East,false,false,false,false,false,false,true,false,false,false,"{""coordinates"": [[-79.37601156924552, 43.64808112883063]], ""type"": ""MultiPoint""}"
18937,2023:3002657688,2023-11-17T07:02:00,DAVENPORT RD,DUPONT ST,1 m North of,2,Non-Fatal Injury,Intersection-Related,Traffic Signal,Turning Movement,Clear,Dark with Artificial Lighting,Dry,Major Arterial,false,-79.40256187053389,43.67581401000807,2,E-Scooter (Electric Kick-Style Scooter),North,2,31,Major,No Equipment Available,Other,Other Condition,,,Going Ahead,,,,,other_micromobility,,University-Rosedale (11),53 Division,Annex,true,false,false,false,true,false,false,true,false,false,"{""coordinates"": [[-79.40256187053389, 43.67581401000807]], ""type"": ""MultiPoint""}"
18938,2023:3002657688,2023-11-17T07:02:00,DAVENPORT RD,DUPONT ST,1 m North of,2,Non-Fatal Injury,Intersection-Related,Traffic Signal,Turning Movement,Clear,Dark with Artificial Lighting,Dry,Major Arterial,false,-79.40256187053389,43.67581401000807,1,Automobile or Station Wagon,East,1,39,None,Lap and Shoulder Belt,Disobeyed traffic control,Other Condition,,,Turning Right,,,,,driver,,University-Rosedale (11),53 Division,Annex,true,false,false,false,true,false,false,true,false,false,"{""coordinates"": [[-79.40256187053389, 43.67581401000807]], ""type"": ""MultiPoint""}"
18939,2023:3002668525,2023-11-18T15:10:00,DANFORTH AV,2265 DANFORTH AV,,2,Non-Fatal Injury,At/Near Private Drive,No Control,Turning Movement,Clear,Daylight,Dry,Major Arterial,true,-79.30817843821735,43.68673535353537,2,E-Bike (Power-Assisted Bicycle),East,2,65,Major,Helmet,Driving properly,Normal,,,Going Ahead,,,,,cyclist,,Beaches-East York (19),55 Division,East End-Danforth,true,true,true,false,false,true,false,false,false,false,"{""coordinates"": [[-79.30817843821735, 43.68673535353537]], ""type"": ""MultiPoint""}"
18940,2023:3002668525,2023-11-18T15:10:00,DANFORTH AV,2265 DANFORTH AV,,2,Non-Fatal Injury,At/Near Private Drive,No Control,Turning Movement,Clear,Daylight,Dry,Major Arterial,true,-79.30817843821735,43.68673535353537,1,Automobile or Station Wagon,East,1,0,None,Lap and Shoulder Belt,Failed to yield right-of-way,Inattentive,,,Turning Right,,,,,driver,,Beaches-East York (19),55 Division,East End-Danforth,true,true,true,false,false,true,false,false,false,false,"{""coordinates"": [[-79.30817843821735, 43.68673535353537]], ""type"": ""MultiPoint""}"
18941,2023:3002862083,2023-11-18T17:00:00,DIXON RD,KIPLING AV,,2,Non-Fatal Injury,Intersection-Related,Traffic Signal,Cyclist Collision,Clear,Daylight,Dry,Major Arterial,false,-79.5586137311001,43.694258269457535,1,Automobile or Station Wagon,North,1,0,None,Use Unknown,,Unknown,,,Turning Right,,,,,driver,,Etobicoke North (1),23 Division,Kingsview Village-The Westway,false,false,true,false,false,false,false,false,false,false,"{""coordinates"": [[-79.5586137311001, 43.694258269457535]], ""type"": ""MultiPoint""}"
18942,2023:3002862083,2023-11-18T17:00:00,DIXON RD,KIPLING AV,,2,Non-Fatal Injury,Intersection-Related,Traffic Signal,Cyclist Collision,Clear,Daylight,Dry,Major Arterial,false,-79.5586137311001,43.694258269457535,2,Bicycle,East,2,31,Major,Use Unknown,,,,,Going Ahead,,Driver turns right on red at signalized intersection and hits cyclist,Driving Properly,Normal,cyclist,,Etobicoke North (1),23 Division,Kingsview Village-The Westway,false,false,true,false,false,false,false,false,false,false,"{""coordinates"": [[-79.5586137311001, 43.694258269457535]], ""type"": ""MultiPoint""}"
18943,2023:3002671468,2023-11-18T22:30:00,DANFORTH AV,PHARMACY AV,2 m West of,2,Non-Fatal Injury,Intersection-Related,Traffic Signal,Rear End,Clear,Dusk with Artificial Lighting,Dry,Major Arterial,false,-79.28352781193941,43.69214074515043,1,Automobile or Station Wagon,East,1,47,None,Use Unknown,Improper passing,Normal,,,Going Ahead,,,,,driver,,Scarborough Southwest (20),41 Division,Oakridge,true,false,true,false,false,false,false,false,false,false,"{""coordinates"": [[-79.28352781193941, 43.69214074515043]], ""type"": ""MultiPoint""}"
18944,2023:3002671468,2023-11-18T22:30:00,DANFORTH AV,PHARMACY AV,2 m West of,2,Non-Fatal Injury,Intersection-Related,Traffic Signal,Rear End,Clear,Dusk with Artificial Lighting,Dry,Major Arterial,false,-79.28352781193941,43.69214074515043,2,E-Bike (Power-Assisted Bicycle),East,2,38,Major,Use Unknown,Driving properly,Normal,,,Stopped,,,,,cyclist,,Scarborough Southwest (20),41 Division,Oakridge,true,false,true,false,false,false,false,false,false,false,"{""coordinates"": [[-79.28352781193941, 43.69214074515043]], ""type"": ""MultiPoint""}"
18945,2023:3002675190,2023-11-19T12:46:00,ROTHERHAM AV,KEELE ST,3 m West of,3,Non-Fatal Injury,Intersection-Related,No Control,Turning Movement,Clear,Daylight,Dry,Major Arterial,false,-79.47317966181915,43.68583913053675,2,,South,3,83,Major,Lap and Shoulder Belt,,,,,,,,,,passenger,,York South-Weston (5),12 Division,Keelesdale-Eglinton West,true,false,false,false,false,true,false,false,false,false,"{""coordinates"": [[-79.47317966181915, 43.68583913053675]], ""type"": ""MultiPoint""}"
18946,2023:3002675190,2023-11-19T12:46:00,ROTHERHAM AV,KEELE ST,3 m West of,3,Non-Fatal Injury,Intersection-Related,No Control,Turning Movement,Clear,Daylight,Dry,Major Arterial,false,-79.47317966181915,43.68583913053675,1,Automobile or Station Wagon,North,1,32,None,Lap and Shoulder Belt,Failed to yield right-of-way,Normal,,,Turning Left,,,,,driver,,York South-Weston (5),12 Division,Keelesdale-Eglinton West,true,false,false,false,false,true,false,false,false,false,"{""coordinates"": [[-79.47317966181915, 43.68583913053675]], ""type"": ""MultiPoint""}"
18947,2022:2002282330,2022-11-23T03:04:00,STEELES AVE E,SEWELLS RD,,3,Fatal Injury,Non-Intersection,No Control,SMV Other,Clear,Dark,Dry,Minor Arterial,false,-79.21226901437527,43.84543810934312,,,,3,20,Minor,,,,,,,,,,,passenger,,Scarborough-Rouge Park (25),42 Division,Morningside Heights,false,false,false,false,false,false,false,false,true,false,"{""coordinates"": [[-79.21226901437527, 43.84543810934312]], ""type"": ""MultiPoint""}"
18948,2023:3002675190,2023-11-19T12:46:00,ROTHERHAM AV,KEELE ST,3 m West of,3,Non-Fatal Injury,Intersection-Related,No Control,Turning Movement,Clear,Daylight,Dry,Major Arterial,false,-79.47317966181915,43.68583913053675,2,Automobile or Station Wagon,South,2,90,None,Lap and Shoulder Belt,Driving properly,Normal,,,Going Ahead,,,,,driver,,York South-Weston (5),12 Division,Keelesdale-Eglinton West,true,false,false,false,false,true,false,false,false,false,"{""coordinates"": [[-79.47317966181915, 43.68583913053675]], ""type"": ""MultiPoint""}"
18949,2023:3002690239,2023-11-21T12:48:00,750 YORK MILLS RD,YORK MILLS RD,10 m South of,3,Non-Fatal Injury,At/Near Private Drive,No Control,Turning Movement,Rain,Daylight,Wet,Major Arterial,false,-79.36086703907165,43.75289371102234,2,Automobile or Station Wagon,West,2,21,None,Lap and Shoulder Belt,Driving properly,Normal,,,Going Ahead,,,,,driver,,Don Valley West (15),33 Division,Banbury-Don Mills,true,false,false,false,false,true,false,false,false,false,"{""coordinates"": [[-79.36086703907165, 43.75289371102234]], ""type"": ""MultiPoint""}"
18950,2023:3002690239,2023-11-21T12:48:00,750 YORK MILLS RD,YORK MILLS RD,10 m South of,3,Non-Fatal Injury,At/Near Private Drive,No Control,Turning Movement,Rain,Daylight,Wet,Major Arterial,false,-79.36086703907165,43.75289371102234,1,Automobile or Station Wagon,South,1,69,None,Lap and Shoulder Belt,Failed to yield right-of-way,Other Condition,,,Turning Left,,,,,driver,,Don Valley West (15),33 Division,Banbury-Don Mills,true,false,false,false,false,true,false,false,false,false,"{""coordinates"": [[-79.36086703907165, 43.75289371102234]], ""type"": ""MultiPoint""}"
18951,2023:3002690239,2023-11-21T12:48:00,750 YORK MILLS RD,YORK MILLS RD,10 m South of,3,Non-Fatal Injury,At/Near Private Drive,No Control,Turning Movement,Rain,Daylight,Wet,Major Arterial,false,-79.36086703907165,43.75289371102234,1,,South,3,56,Major,Other Safety Equipment Used,,,,,,,,,,passenger,,Don Valley West (15),33 Division,Banbury-Don Mills,true,false,false,false,false,true,false,false,false,false,"{""coordinates"": [[-79.36086703907165, 43.75289371102234]], ""type"": ""MultiPoint""}"
18952,2023:3002725067,2023-11-25T20:33:00,BLOOR ST W,DUNDAS ST W,90 m East of,2,Property Damage Only,Non-Intersection,No Control,Reversing,Clear,Dark with Artificial Lighting,Dry,Major Arterial,false,-79.45135960291995,43.656557494942376,1,,,2,47,Major,Use Unknown,,,Crossing without right-of-way (intersection),Unknown,,Driver hits pedestrian at midblock,,,,pedestrian,,Parkdale-High Park (4),11 Division,High Park North,false,false,false,false,false,false,true,false,false,false,"{""coordinates"": [[-79.45135960291995, 43.656557494942376]], ""type"": ""MultiPoint""}"
18953,2023:3002725067,2023-11-25T20:33:00,BLOOR ST W,DUNDAS ST W,90 m East of,2,Property Damage Only,Non-Intersection,No Control,Reversing,Clear,Dark with Artificial Lighting,Dry,Major Arterial,false,-79.45135960291995,43.656557494942376,1,Automobile or Station Wagon,West,1,38,None,Lap and Shoulder Belt,Driving properly,Normal,,,Going Ahead,,,,,driver,,Parkdale-High Park (4),11 Division,High Park North,false,false,false,false,false,false,true,false,false,false,"{""coordinates"": [[-79.45135960291995, 43.656557494942376]], ""type"": ""MultiPoint""}"
18954,2023:3002731107,2023-11-26T18:10:00,EGLINTON AV E,ROSEMOUNT DR,,2,Non-Fatal Injury,Intersection-Related,Traffic Signal,Reversing,Rain,Dark,Wet,Major Arterial,true,-79.27357138629517,43.73071876613862,1,Automobile or Station Wagon,South,1,15,None,Lap and Shoulder Belt,Failed to yield right-of-way,Other Condition,,,Turning Left,,,,,driver,,Scarborough Southwest (20),41 Division,Ionview,true,false,false,false,false,false,true,false,true,false,"{""coordinates"": [[-79.27357138629517, 43.73071876613862]], ""type"": ""MultiPoint""}"
18955,2023:3002731107,2023-11-26T18:10:00,EGLINTON AV E,ROSEMOUNT DR,,2,Non-Fatal Injury,Intersection-Related,Traffic Signal,Reversing,Rain,Dark,Wet,Major Arterial,true,-79.27357138629517,43.73071876613862,1,,North,2,24,Major,No Equipment Available,,,Crossing with right-of-way (intersection),Normal,,Driver turns left into pedestrian crossing with right-of-way (at intersection),,,,pedestrian,,Scarborough Southwest (20),41 Division,Ionview,true,false,false,false,false,false,true,false,true,false,"{""coordinates"": [[-79.27357138629517, 43.73071876613862]], ""type"": ""MultiPoint""}"
18956,2023:3002742062,2023-11-28T06:55:00,DON MILLS RD W,ESTERBROOKE AVE,11 m North of,2,Non-Fatal Injury,Intersection-Related,Traffic Signal,Reversing,Clear,Dark,Dry,Major Arterial,false,-79.34870573786645,43.77908922186134,1,Automobile or Station Wagon,East,2,63,None,Lap and Shoulder Belt,Improper turn,Normal,,,Turning Left,,,,,driver,,Don Valley North (17),33 Division,Don Valley Village,false,false,false,false,false,false,true,false,false,false,"{""coordinates"": [[-79.34870573786645, 43.77908922186134]], ""type"": ""MultiPoint""}"
18957,2023:3002742062,2023-11-28T06:55:00,DON MILLS RD W,ESTERBROOKE AVE,11 m North of,2,Non-Fatal Injury,Intersection-Related,Traffic Signal,Reversing,Clear,Dark,Dry,Major Arterial,false,-79.34870573786645,43.77908922186134,1,,West,1,20,Major,No Equipment Available,,,Crossing with right-of-way (intersection),Normal,,Driver turns left into pedestrian crossing with right-of-way (at intersection),,,,pedestrian,,Don Valley North (17),33 Division,Don Valley Village,false,false,false,false,false,false,true,false,false,false,"{""coordinates"": [[-79.34870573786645, 43.77908922186134]], ""type"": ""MultiPoint""}"
18958,2023:3002743496,2023-11-28T10:25:00,YONGE ST,HILLSDALE AVE E,1 m north,2,Fatal Injury,Intersection-Related,Stop Sign,Reversing,Clear,Daylight,Dry,Major Arterial,false,-79.39764848809719,43.7033255926921,,,North,1,75,Fatal,,,,Crossing with right-of-way (intersection),Normal,,Driver turns left into pedestrian crossing with right-of-way (at intersection),,,,pedestrian,37,Toronto-St. Paul's (12),53 Division,South Eglinton-Davisville,false,false,false,false,false,true,true,false,false,true,"{""coordinates"": [[-79.39764848809719, 43.7033255926921]], ""type"": ""MultiPoint""}"
18959,2023:3002743496,2023-11-28T10:25:00,YONGE ST,HILLSDALE AVE E,1 m north,2,Fatal Injury,Intersection-Related,Stop Sign,Reversing,Clear,Daylight,Dry,Major Arterial,false,-79.39764848809719,43.7033255926921,1,Truck - Closed,South,2,40,None,,Improper turn,Normal,,,Turning Left,,,,,driver,,Toronto-St. Paul's (12),53 Division,South Eglinton-Davisville,false,false,false,false,false,true,true,false,false,true,"{""coordinates"": [[-79.39764848809719, 43.7033255926921]], ""type"": ""MultiPoint""}"
18960,2023:3002755183,2023-11-29T19:24:00,113 TORYORK DR,ORMONT DRIVE,,2,Non-Fatal Injury,Non-Intersection,,Reversing,Clear,Dark with Artificial Lighting,Dry,Collector,false,-79.55144960786035,43.756601825456464,1,,,2,43,Major,Use Unknown,,,Crossing without right-of-way (intersection),Normal,,Driver hits pedestrian at midblock,,,,pedestrian,,Humber River-Black Creek (7),31 Division,Humber Summit,false,false,false,false,false,false,true,false,false,false,"{""coordinates"": [[-79.55144960786035, 43.756601825456464]], ""type"": ""MultiPoint""}"
18961,2023:3002755183,2023-11-29T19:24:00,113 TORYORK DR,ORMONT DRIVE,,2,Non-Fatal Injury,Non-Intersection,,Reversing,Clear,Dark with Artificial Lighting,Dry,Collector,false,-79.55144960786035,43.756601825456464,1,Automobile or Station Wagon,East,1,60,None,Lap and Shoulder Belt,Driving properly,Normal,,,Going Ahead,,,,,driver,,Humber River-Black Creek (7),31 Division,Humber Summit,false,false,false,false,false,false,true,false,false,false,"{""coordinates"": [[-79.55144960786035, 43.756601825456464]], ""type"": ""MultiPoint""}"
18962,2023:3002758869,2023-11-30T10:01:00,JANE ST,MAPLE LEAF DR,,2,Non-Fatal Injury,Intersection-Related,Traffic Signal,Reversing,Clear,Daylight,Dry,Major Arterial,false,-79.50552830841627,43.70925377468824,1,,East,2,76,Major,No Equipment Available,,,Crossing with right-of-way (intersection),Normal,,Driver turns left into pedestrian crossing with right-of-way (at intersection),,,,pedestrian,,York South-Weston (5),12 Division,Rustic,true,false,false,false,false,true,true,false,false,false,"{""coordinates"": [[-79.50552830841627, 43.70925377468824]], ""type"": ""MultiPoint""}"
18963,2023:3002758869,2023-11-30T10:01:00,JANE ST,MAPLE LEAF DR,,2,Non-Fatal Injury,Intersection-Related,Traffic Signal,Reversing,Clear,Daylight,Dry,Major Arterial,false,-79.50552830841627,43.70925377468824,1,Automobile or Station Wagon,East,1,49,None,Lap and Shoulder Belt,Failed to yield right-of-way,Normal,,,Turning Left,,,,,driver,,York South-Weston (5),12 Division,Rustic,true,false,false,false,false,true,true,false,false,false,"{""coordinates"": [[-79.50552830841627, 43.70925377468824]], ""type"": ""MultiPoint""}"
18964,2023:3002763481,2023-11-30T19:56:00,WESTON RD,RAY AVE,20 m East of,2,Non-Fatal Injury,Non-Intersection,,Reversing,Clear,Dark,Dry,Minor Arterial,false,-79.49417578940088,43.68866584925693,1,Automobile or Station Wagon,West,1,66,None,Lap and Shoulder Belt,Driving properly,Normal,,,Going Ahead,,,,,driver,,York South-Weston (5),12 Division,Mount Dennis,false,false,false,false,false,true,true,false,false,false,"{""coordinates"": [[-79.49417578940088, 43.68866584925693]], ""type"": ""MultiPoint""}"
18965,2023:3002763481,2023-11-30T19:56:00,WESTON RD,RAY AVE,20 m East of,2,Non-Fatal Injury,Non-Intersection,,Reversing,Clear,Dark,Dry,Minor Arterial,false,-79.49417578940088,43.68866584925693,1,,,2,46,Major,Use Unknown,,,Crossing without right-of-way (intersection),Had Been Drinking,,Driver hits pedestrian at midblock,,,,pedestrian,,York South-Weston (5),12 Division,Mount Dennis,false,false,false,false,false,true,true,false,false,false,"{""coordinates"": [[-79.49417578940088, 43.68866584925693]], ""type"": ""MultiPoint""}"
18966,2023:3002769085,2023-12-01T13:49:00,JONES AV,BOULTBEE AV,10 m South of,2,Non-Fatal Injury,Intersection-Related,Traffic Signal,Reversing,Rain,Daylight with Artificial Lighting,Wet,Minor Arterial,false,-79.33702525216945,43.67276978873493,1,,,2,71,Major,No Equipment Available,,,Crossing with right-of-way (intersection),Normal,,Driver turns left into pedestrian crossing with right-of-way (at intersection),,,,pedestrian,,Toronto-Danforth (14),55 Division,Blake-Jones,true,false,false,false,false,true,true,false,false,false,"{""coordinates"": [[-79.33702525216945, 43.67276978873493]], ""type"": ""MultiPoint""}"
18967,2023:3002769085,2023-12-01T13:49:00,JONES AV,BOULTBEE AV,10 m South of,2,Non-Fatal Injury,Intersection-Related,Traffic Signal,Reversing,Rain,Daylight with Artificial Lighting,Wet,Minor Arterial,false,-79.33702525216945,43.67276978873493,1,Automobile or Station Wagon,East,1,25,None,Lap and Shoulder Belt,Failed to yield right-of-way,Normal,,,Turning Left,,,,,driver,,Toronto-Danforth (14),55 Division,Blake-Jones,true,false,false,false,false,true,true,false,false,false,"{""coordinates"": [[-79.33702525216945, 43.67276978873493]], ""type"": ""MultiPoint""}"
18968,2023:3002774341,2023-12-02T03:28:00,176 CHERRY ST,,,2,Fatal Injury,Non-Intersection,No Control,SMV Other,Rain,Dark with Artificial Lighting,Wet,Collector,false,-79.3495527864838,43.64158466092211,1,Automobile or Station Wagon,,1,20,Minimal,,,,,,,,,,,passenger,,Toronto-Danforth (14),,South Riverdale,false,false,false,false,false,false,false,false,false,false,"{""coordinates"": [[-79.3495527864838, 43.64158466092211]], ""type"": ""MultiPoint""}"
18969,2023:3002774341,2023-12-02T03:28:00,176 CHERRY ST,,,2,Fatal Injury,Non-Intersection,No Control,SMV Other,Rain,Dark with Artificial Lighting,Wet,Collector,false,-79.3495527864838,43.64158466092211,1,Automobile or Station Wagon,South,2,20,Fatal,,Lost control,Other Condition,,,Other,,,,,driver,38,Toronto-Danforth (14),,South Riverdale,false,false,false,false,false,false,false,false,false,false,"{""coordinates"": [[-79.3495527864838, 43.64158466092211]], ""type"": ""MultiPoint""}"
18970,2023:3002778824,2023-12-02T17:35:00,EMMETT AVE,VERONA AVE,1 m East of,2,Non-Fatal Injury,Intersection-Related,Stop Sign,Reversing,Clear,Dark with Artificial Lighting,Wet,Collector,false,-79.50397194744508,43.68890237312808,1,,,2,47,Major,Use Unknown,,,Crossing with right-of-way (intersection),Normal,,Driver going straight hits pedestrian crossing with right-of-way (at intersection),,,,pedestrian,,York South-Weston (5),12 Division,Mount Dennis,true,false,false,false,false,false,true,false,false,false,"{""coordinates"": [[-79.50397194744508, 43.68890237312808]], ""type"": ""MultiPoint""}"
18971,2023:3002778824,2023-12-02T17:35:00,EMMETT AVE,VERONA AVE,1 m East of,2,Non-Fatal Injury,Intersection-Related,Stop Sign,Reversing,Clear,Dark with Artificial Lighting,Wet,Collector,false,-79.50397194744508,43.68890237312808,1,Automobile or Station Wagon,West,1,47,None,Lap and Shoulder Belt,Failed to yield right-of-way,,,,Going Ahead,,,,,driver,,York South-Weston (5),12 Division,Mount Dennis,true,false,false,false,false,false,true,false,false,false,"{""coordinates"": [[-79.50397194744508, 43.68890237312808]], ""type"": ""MultiPoint""}"
18972,2023:3002816709,2023-12-07T12:46:00,ST CLAIR AVE W,WINONA DR,,2,Fatal Injury,Intersection-Related,Traffic Signal,Reversing,Clear,Daylight,Dry,Major Arterial,false,-79.43246151685352,43.68020476766165,1,Truck - Dump,West,2,44,None,,Failed to yield right-of-way,Normal,,,Turning Right,,,,,driver,,Toronto-St. Paul's (12),13 Division,Wychwood,true,false,false,false,false,true,true,false,false,true,"{""coordinates"": [[-79.43246151685352, 43.68020476766165]], ""type"": ""MultiPoint""}"
18973,2023:3002816709,2023-12-07T12:46:00,ST CLAIR AVE W,WINONA DR,,2,Fatal Injury,Intersection-Related,Traffic Signal,Reversing,Clear,Daylight,Dry,Major Arterial,false,-79.43246151685352,43.68020476766165,,,West,1,73,Fatal,,,,Crossing with right-of-way (intersection),Normal,,Driver turns right into pedestrian crossing with right-of-way (at intersection),,,,pedestrian,40,Toronto-St. Paul's (12),13 Division,Wychwood,true,false,false,false,false,true,true,false,false,true,"{""coordinates"": [[-79.43246151685352, 43.68020476766165]], ""type"": ""MultiPoint""}"
18974,2023:3002818319,2023-12-07T16:12:00,FRONT ST W,SPADINA AVE,,2,Non-Fatal Injury,Intersection-Related,Traffic Signal,Reversing,Clear,Daylight,Dry,Minor Arterial,false,-79.39364314280802,43.64281687414261,1,,North,2,27,Major,Use Unknown,,,Crossing without right-of-way (intersection),Normal,,Driver going straight hits pedestrian crossing without right-of-way (at intersection),,,,pedestrian,,Spadina-Fort York (10),52 Division,Wellington Place,false,false,false,false,false,false,true,false,false,false,"{""coordinates"": [[-79.39364314280802, 43.64281687414261]], ""type"": ""MultiPoint""}"