_id,collision_id,accdate,stname1,stname2,stname3,per_inv,acclass,accloc,traffictl,impactype,visible,light,rdsfcond,road_class,failtorem,longitude,latitude,veh_no,vehtype,initdir,per_no,invage,injury,safequip,drivact,drivcond,pedact,pedcond,manoeuvre,pedtype,cyclistype,cycact,cyccond,road_user,fatal_no,wardname,division,neighbourhood,aggressive,distracted,cyclist,motorcyclist,other_micromobility,older_adult,pedestrian,red_light,school_child,heavy_truck,geometry
19882,2025:5001124655,2025-05-30T22:27:00,KEELE ST,LAWRENCE AVE W,82 m South of,3,Non-Fatal Injury,Non-Intersection,Traffic Signal,Turning Movement,Clear,Dark with Artificial Lighting,Dry,Major Arterial,false,-79.47785175958819,43.707741797096034,1,Motorcycle,North,1,33,Major,Helmet,Failed to yield right-of-way,Normal,,,Going Ahead,,,,,motorcyclist,,York South-Weston (5),12 Division,Brookhaven-Amesbury,true,false,false,true,false,false,false,false,false,false,"{""coordinates"": [[-79.47785175958819, 43.707741797096034]], ""type"": ""MultiPoint""}"
19883,2025:5001124655,2025-05-30T22:27:00,KEELE ST,LAWRENCE AVE W,82 m South of,3,Non-Fatal Injury,Non-Intersection,Traffic Signal,Turning Movement,Clear,Dark with Artificial Lighting,Dry,Major Arterial,false,-79.47785175958819,43.707741797096034,2,,,3,20,None,Lap and Shoulder Belt,,,,,,,,,,passenger,,York South-Weston (5),12 Division,Brookhaven-Amesbury,true,false,false,true,false,false,false,false,false,false,"{""coordinates"": [[-79.47785175958819, 43.707741797096034]], ""type"": ""MultiPoint""}"
19884,2025:5001124655,2025-05-30T22:27:00,KEELE ST,LAWRENCE AVE W,82 m South of,3,Non-Fatal Injury,Non-Intersection,Traffic Signal,Turning Movement,Clear,Dark with Artificial Lighting,Dry,Major Arterial,false,-79.47785175958819,43.707741797096034,2,Automobile or Station Wagon,South,2,51,None,Lap and Shoulder Belt,Driving properly,Normal,,,Turning Left,,,,,driver,,York South-Weston (5),12 Division,Brookhaven-Amesbury,true,false,false,true,false,false,false,false,false,false,"{""coordinates"": [[-79.47785175958819, 43.707741797096034]], ""type"": ""MultiPoint""}"
19885,2025:5001131644,2025-05-31T21:56:00,EGLINTON AVE E,TORRANCE RD,30 M W,2,Fatal Injury,Non-Intersection,No Control,SMV Other,Clear,Dark,Dry,Major Arterial,false,-79.23561049155738,43.73944397757181,1,Automobile or Station Wagon,East,2,41,None,,Driving properly,Normal,,,Going Ahead,,,,,driver,,Scarborough Southwest (20),43 Division,Eglinton East,false,false,false,false,false,true,true,false,false,false,"{""coordinates"": [[-79.23561049155738, 43.73944397757181]], ""type"": ""MultiPoint""}"
19886,2025:5001131644,2025-05-31T21:56:00,EGLINTON AVE E,TORRANCE RD,30 M W,2,Fatal Injury,Non-Intersection,No Control,SMV Other,Clear,Dark,Dry,Major Arterial,false,-79.23561049155738,43.73944397757181,,,,1,65,Fatal,,,,Crossing - no traffic control,Normal,,Driver hits pedestrian at midblock,,,,pedestrian,17,Scarborough Southwest (20),43 Division,Eglinton East,false,false,false,false,false,true,true,false,false,false,"{""coordinates"": [[-79.23561049155738, 43.73944397757181]], ""type"": ""MultiPoint""}"
19887,2025:5001132653,2025-06-01T01:47:00,WILLIAM R ALLEN RD,TRANSIT RD,,15,Non-Fatal Injury,Intersection-Related,Traffic Signal,Rear End,Clear,Dark with Artificial Lighting,Dry,Expressway,true,-79.4542556587192,43.74172785213065,2,,,12,24,None,Lap and Shoulder Belt,,,,,,,,,,passenger,,York Centre (6),32 Division,Clanton Park,false,false,false,false,false,false,false,false,true,false,"{""coordinates"": [[-79.4542556587192, 43.74172785213065]], ""type"": ""MultiPoint""}"
19888,2025:5001132653,2025-06-01T01:47:00,WILLIAM R ALLEN RD,TRANSIT RD,,15,Non-Fatal Injury,Intersection-Related,Traffic Signal,Rear End,Clear,Dark with Artificial Lighting,Dry,Expressway,true,-79.4542556587192,43.74172785213065,1,,,7,19,Minor,Equipment Not Used But Available,,,,,,,,,,passenger,,York Centre (6),32 Division,Clanton Park,false,false,false,false,false,false,false,false,true,false,"{""coordinates"": [[-79.4542556587192, 43.74172785213065]], ""type"": ""MultiPoint""}"
19889,2025:5001132653,2025-06-01T01:47:00,WILLIAM R ALLEN RD,TRANSIT RD,,15,Non-Fatal Injury,Intersection-Related,Traffic Signal,Rear End,Clear,Dark with Artificial Lighting,Dry,Expressway,true,-79.4542556587192,43.74172785213065,1,,,10,19,Minor,Equipment Not Used But Available,,,,,,,,,,passenger,,York Centre (6),32 Division,Clanton Park,false,false,false,false,false,false,false,false,true,false,"{""coordinates"": [[-79.4542556587192, 43.74172785213065]], ""type"": ""MultiPoint""}"
19890,2025:5001132653,2025-06-01T01:47:00,WILLIAM R ALLEN RD,TRANSIT RD,,15,Non-Fatal Injury,Intersection-Related,Traffic Signal,Rear End,Clear,Dark with Artificial Lighting,Dry,Expressway,true,-79.4542556587192,43.74172785213065,2,Automobile or Station Wagon,North,2,25,None,Lap and Shoulder Belt,Driving properly,Normal,,,Stopped,,,,,driver,,York Centre (6),32 Division,Clanton Park,false,false,false,false,false,false,false,false,true,false,"{""coordinates"": [[-79.4542556587192, 43.74172785213065]], ""type"": ""MultiPoint""}"
19891,2025:5001132653,2025-06-01T01:47:00,WILLIAM R ALLEN RD,TRANSIT RD,,15,Non-Fatal Injury,Intersection-Related,Traffic Signal,Rear End,Clear,Dark with Artificial Lighting,Dry,Expressway,true,-79.4542556587192,43.74172785213065,1,,,5,20,Minor,Lap and Shoulder Belt,,,,,,,,,,passenger,,York Centre (6),32 Division,Clanton Park,false,false,false,false,false,false,false,false,true,false,"{""coordinates"": [[-79.4542556587192, 43.74172785213065]], ""type"": ""MultiPoint""}"
19892,2025:5001132653,2025-06-01T01:47:00,WILLIAM R ALLEN RD,TRANSIT RD,,15,Non-Fatal Injury,Intersection-Related,Traffic Signal,Rear End,Clear,Dark with Artificial Lighting,Dry,Expressway,true,-79.4542556587192,43.74172785213065,1,Automobile or Station Wagon,North,1,23,Minor,Lap and Shoulder Belt,Lost control,Had Been Drinking,,,Going Ahead,,,,,driver,,York Centre (6),32 Division,Clanton Park,false,false,false,false,false,false,false,false,true,false,"{""coordinates"": [[-79.4542556587192, 43.74172785213065]], ""type"": ""MultiPoint""}"
19893,2025:5001132653,2025-06-01T01:47:00,WILLIAM R ALLEN RD,TRANSIT RD,,15,Non-Fatal Injury,Intersection-Related,Traffic Signal,Rear End,Clear,Dark with Artificial Lighting,Dry,Expressway,true,-79.4542556587192,43.74172785213065,4,Automobile or Station Wagon,North,4,24,Minor,Lap and Shoulder Belt,Driving properly,Normal,,,Stopped,,,,,driver,,York Centre (6),32 Division,Clanton Park,false,false,false,false,false,false,false,false,true,false,"{""coordinates"": [[-79.4542556587192, 43.74172785213065]], ""type"": ""MultiPoint""}"
19894,2025:5001132653,2025-06-01T01:47:00,WILLIAM R ALLEN RD,TRANSIT RD,,15,Non-Fatal Injury,Intersection-Related,Traffic Signal,Rear End,Clear,Dark with Artificial Lighting,Dry,Expressway,true,-79.4542556587192,43.74172785213065,2,,,14,26,None,Lap and Shoulder Belt,,,,,,,,,,passenger,,York Centre (6),32 Division,Clanton Park,false,false,false,false,false,false,false,false,true,false,"{""coordinates"": [[-79.4542556587192, 43.74172785213065]], ""type"": ""MultiPoint""}"
19895,2025:5001132653,2025-06-01T01:47:00,WILLIAM R ALLEN RD,TRANSIT RD,,15,Non-Fatal Injury,Intersection-Related,Traffic Signal,Rear End,Clear,Dark with Artificial Lighting,Dry,Expressway,true,-79.4542556587192,43.74172785213065,2,,,11,27,None,Lap and Shoulder Belt,,,,,,,,,,passenger,,York Centre (6),32 Division,Clanton Park,false,false,false,false,false,false,false,false,true,false,"{""coordinates"": [[-79.4542556587192, 43.74172785213065]], ""type"": ""MultiPoint""}"
19896,2025:5001132653,2025-06-01T01:47:00,WILLIAM R ALLEN RD,TRANSIT RD,,15,Non-Fatal Injury,Intersection-Related,Traffic Signal,Rear End,Clear,Dark with Artificial Lighting,Dry,Expressway,true,-79.4542556587192,43.74172785213065,2,,,13,30,None,Lap and Shoulder Belt,,,,,,,,,,passenger,,York Centre (6),32 Division,Clanton Park,false,false,false,false,false,false,false,false,true,false,"{""coordinates"": [[-79.4542556587192, 43.74172785213065]], ""type"": ""MultiPoint""}"
19897,2025:5001132653,2025-06-01T01:47:00,WILLIAM R ALLEN RD,TRANSIT RD,,15,Non-Fatal Injury,Intersection-Related,Traffic Signal,Rear End,Clear,Dark with Artificial Lighting,Dry,Expressway,true,-79.4542556587192,43.74172785213065,1,,,8,19,Major,Equipment Not Used But Available,,,,,,,,,,passenger,,York Centre (6),32 Division,Clanton Park,false,false,false,false,false,false,false,false,true,false,"{""coordinates"": [[-79.4542556587192, 43.74172785213065]], ""type"": ""MultiPoint""}"
19898,2025:5001132653,2025-06-01T01:47:00,WILLIAM R ALLEN RD,TRANSIT RD,,15,Non-Fatal Injury,Intersection-Related,Traffic Signal,Rear End,Clear,Dark with Artificial Lighting,Dry,Expressway,true,-79.4542556587192,43.74172785213065,1,,,6,20,Minor,Equipment Not Used But Available,,,,,,,,,,passenger,,York Centre (6),32 Division,Clanton Park,false,false,false,false,false,false,false,false,true,false,"{""coordinates"": [[-79.4542556587192, 43.74172785213065]], ""type"": ""MultiPoint""}"
19899,2025:5001132653,2025-06-01T01:47:00,WILLIAM R ALLEN RD,TRANSIT RD,,15,Non-Fatal Injury,Intersection-Related,Traffic Signal,Rear End,Clear,Dark with Artificial Lighting,Dry,Expressway,true,-79.4542556587192,43.74172785213065,4,,,15,23,None,Lap and Shoulder Belt,,,,,,,,,,passenger,,York Centre (6),32 Division,Clanton Park,false,false,false,false,false,false,false,false,true,false,"{""coordinates"": [[-79.4542556587192, 43.74172785213065]], ""type"": ""MultiPoint""}"
19900,2025:5001132653,2025-06-01T01:47:00,WILLIAM R ALLEN RD,TRANSIT RD,,15,Non-Fatal Injury,Intersection-Related,Traffic Signal,Rear End,Clear,Dark with Artificial Lighting,Dry,Expressway,true,-79.4542556587192,43.74172785213065,3,Passenger Van,North,3,25,Minor,Lap and Shoulder Belt,Driving properly,Normal,,,Stopped,,,,,driver,,York Centre (6),32 Division,Clanton Park,false,false,false,false,false,false,false,false,true,false,"{""coordinates"": [[-79.4542556587192, 43.74172785213065]], ""type"": ""MultiPoint""}"
19901,2025:5001132653,2025-06-01T01:47:00,WILLIAM R ALLEN RD,TRANSIT RD,,15,Non-Fatal Injury,Intersection-Related,Traffic Signal,Rear End,Clear,Dark with Artificial Lighting,Dry,Expressway,true,-79.4542556587192,43.74172785213065,1,,,9,20,Minor,Equipment Not Used But Available,,,,,,,,,,passenger,,York Centre (6),32 Division,Clanton Park,false,false,false,false,false,false,false,false,true,false,"{""coordinates"": [[-79.4542556587192, 43.74172785213065]], ""type"": ""MultiPoint""}"
19902,2025:5001143308,2025-06-02T14:34:00,BERNARD AVE,BEDFORD RD,,2,Non-Fatal Injury,Four-way,Stop Sign,SMV Other,Clear,Daylight,Dry,Minor Arterial,false,-79.39940107232084,43.67336220024825,1,Truck - Dump,South,1,68,None,Lap and Shoulder Belt,Disobeyed traffic control,Inattentive - Other,,,Going Ahead,,,,,driver,,University-Rosedale (11),53 Division,Annex,true,true,false,false,false,true,true,false,false,true,"{""coordinates"": [[-79.39940107232084, 43.67336220024825]], ""type"": ""MultiPoint""}"
19903,2025:5001143308,2025-06-02T14:34:00,BERNARD AVE,BEDFORD RD,,2,Non-Fatal Injury,Four-way,Stop Sign,SMV Other,Clear,Daylight,Dry,Minor Arterial,false,-79.39940107232084,43.67336220024825,1,,,2,70,Major,Use Unknown,,,Crossing with right-of-way (intersection),Normal,,Driver going straight hits pedestrian crossing with right-of-way (at intersection),,,,pedestrian,,University-Rosedale (11),53 Division,Annex,true,true,false,false,false,true,true,false,false,true,"{""coordinates"": [[-79.39940107232084, 43.67336220024825]], ""type"": ""MultiPoint""}"
19904,2025:5001167616,2025-06-05T14:39:00,WELLESLEY ST E,JARVIS ST,,2,Non-Fatal Injury,Four-way,Traffic Signal,SMV Other,Clear,Daylight,Dry,Major Arterial,false,-79.37835324318861,43.66628387167955,1,Off-Road Four Wheels,North,1,46,None,Lap and Shoulder Belt,Failed to yield right-of-way,Normal,,,Turning Left,,,,,driver,,Toronto Centre (13),51 Division,Church-Wellesley,true,false,false,false,false,false,true,false,false,false,"{""coordinates"": [[-79.37835324318861, 43.66628387167955]], ""type"": ""MultiPoint""}"
19905,2025:5001167616,2025-06-05T14:39:00,WELLESLEY ST E,JARVIS ST,,2,Non-Fatal Injury,Four-way,Traffic Signal,SMV Other,Clear,Daylight,Dry,Major Arterial,false,-79.37835324318861,43.66628387167955,1,,,2,64,Major,No Equipment Available,,,Crossing with right-of-way (intersection),Normal,,,,,,pedestrian,,Toronto Centre (13),51 Division,Church-Wellesley,true,false,false,false,false,false,true,false,false,false,"{""coordinates"": [[-79.37835324318861, 43.66628387167955]], ""type"": ""MultiPoint""}"
19906,2025:5001178804,2025-06-06T21:47:00,LAWRENCE AVE E,MARKHAM RD,18 m East of,2,Non-Fatal Injury,Intersection-Related,Traffic Signal,SMV Other,Clear,Daylight with Artificial Lighting,Dry,,false,-79.2252924577095,43.75982497015785,1,Pickup Truck,East,1,44,None,Lap and Shoulder Belt,Driving properly,Normal,,,Going Ahead,,,,,driver,,Scarborough-Guildwood (24),43 Division,Golfdale-Cedarbrae-Woburn,false,false,false,false,false,true,true,false,false,false,"{""coordinates"": [[-79.2252924577095, 43.75982497015785]], ""type"": ""MultiPoint""}"
19907,2025:5001178804,2025-06-06T21:47:00,LAWRENCE AVE E,MARKHAM RD,18 m East of,2,Non-Fatal Injury,Intersection-Related,Traffic Signal,SMV Other,Clear,Daylight with Artificial Lighting,Dry,,false,-79.2252924577095,43.75982497015785,1,,,2,72,Major,No Equipment Available,,,Crossing - no traffic control,Normal,,Driver hits pedestrian at midblock,,,,pedestrian,,Scarborough-Guildwood (24),43 Division,Golfdale-Cedarbrae-Woburn,false,false,false,false,false,true,true,false,false,false,"{""coordinates"": [[-79.2252924577095, 43.75982497015785]], ""type"": ""MultiPoint""}"
19908,2025:5001190079,2025-06-08T12:03:00,SHORNCLIFFE RD,DUNDAS ST W,200 m East of,1,Non-Fatal Injury,Non-Intersection,No Control,SMV Other,Clear,Daylight,Dry,Major Arterial,false,-79.54356929858467,43.630617619298974,1,Automobile or Station Wagon,North,1,26,Major,Lap and Shoulder Belt,Speed too fast for conditions,Normal,,,Going Ahead,,,,,driver,,Etobicoke-Lakeshore (3),22 Division,Etobicoke City Centre,true,false,false,false,false,false,false,false,false,false,"{""coordinates"": [[-79.54356929858467, 43.630617619298974]], ""type"": ""MultiPoint""}"
19909,2025:5001201571,2025-06-09T21:49:00,KINGSTON RD,MIDLAND AVE,,2,Non-Fatal Injury,Four-way,Traffic Signal,SMV Other,Clear,Dark with Artificial Lighting,Dry,Major Arterial,false,-79.24815754257064,43.71112598814135,1,,,2,38,Major,Use Unknown,,,Crossing - marked crosswalk without right-of-way,Other Condition,,Driver going straight hits pedestrian crossing without right-of-way (at intersection),,,,pedestrian,,Scarborough Southwest (20),41 Division,Cliffcrest,false,false,false,false,false,false,true,false,false,false,"{""coordinates"": [[-79.24815754257064, 43.71112598814135]], ""type"": ""MultiPoint""}"
19910,2025:5001201571,2025-06-09T21:49:00,KINGSTON RD,MIDLAND AVE,,2,Non-Fatal Injury,Four-way,Traffic Signal,SMV Other,Clear,Dark with Artificial Lighting,Dry,Major Arterial,false,-79.24815754257064,43.71112598814135,1,Automobile or Station Wagon,West,1,48,None,Lap and Shoulder Belt,Driving properly,Normal,,,Going Ahead,,,,,driver,,Scarborough Southwest (20),41 Division,Cliffcrest,false,false,false,false,false,false,true,false,false,false,"{""coordinates"": [[-79.24815754257064, 43.71112598814135]], ""type"": ""MultiPoint""}"
19911,2025:5001208315,2025-06-10T17:35:00,LESMILL RD,Duncan Mill RD,45m S,2,Non-Fatal Injury,Non-Intersection,No Control,Angle,Clear,Daylight,Dry,Collector,false,-79.3582640722485,43.76030392872975,1,Automobile or Station Wagon,South,1,42,None,Lap and Shoulder Belt,Driving properly,Normal,,,Going Ahead,,,,,driver,,Don Valley East (16),33 Division,St.Andrew-Windfields,false,false,true,false,false,false,false,false,true,false,"{""coordinates"": [[-79.3582640722485, 43.76030392872975]], ""type"": ""MultiPoint""}"
19912,2025:5001208315,2025-06-10T17:35:00,LESMILL RD,Duncan Mill RD,45m S,2,Non-Fatal Injury,Non-Intersection,No Control,Angle,Clear,Daylight,Dry,Collector,false,-79.3582640722485,43.76030392872975,2,Bicycle,West,2,12,Major,No Equipment Available,,,,,Going Ahead,,Cyclist rode off sidewalk into road at mid-block,Failed to Yield Right of Way,Normal,cyclist,,Don Valley East (16),33 Division,St.Andrew-Windfields,false,false,true,false,false,false,false,false,true,false,"{""coordinates"": [[-79.3582640722485, 43.76030392872975]], ""type"": ""MultiPoint""}"
19913,2025:5001208906,2025-06-10T19:06:00,KIPLING AVE,STEELES AVE W,25 M S,3,Fatal Injury,Non-Intersection,No Control,Same Direction,Clear,Daylight,Dry,Major Arterial,false,-79.58953572163128,43.75909750170796,2,Municipal Transit Bus (TTC),North,2,57,None,,Driving properly,Normal,,,Stopped,,,,,driver,,Etobicoke North (1),23 Division,Mount Olive-Silverstone-Jamestown,false,false,false,true,false,false,false,false,false,true,"{""coordinates"": [[-79.58953572163128, 43.75909750170796]], ""type"": ""MultiPoint""}"
19914,2025:5001208906,2025-06-10T19:06:00,KIPLING AVE,STEELES AVE W,25 M S,3,Fatal Injury,Non-Intersection,No Control,Same Direction,Clear,Daylight,Dry,Major Arterial,false,-79.58953572163128,43.75909750170796,1,Motorcycle,North,1,29,Fatal,,Lost control,Normal,,,Going Ahead,,,,,motorcyclist,18,Etobicoke North (1),23 Division,Mount Olive-Silverstone-Jamestown,false,false,false,true,false,false,false,false,false,true,"{""coordinates"": [[-79.58953572163128, 43.75909750170796]], ""type"": ""MultiPoint""}"
19915,2025:5001208906,2025-06-10T19:06:00,KIPLING AVE,STEELES AVE W,25 M S,3,Fatal Injury,Non-Intersection,No Control,Same Direction,Clear,Daylight,Dry,Major Arterial,false,-79.58953572163128,43.75909750170796,3,Automobile or Station Wagon,North,3,35,None,,Driving properly,Normal,,,Stopped,,,,,driver,,Etobicoke North (1),23 Division,Mount Olive-Silverstone-Jamestown,false,false,false,true,false,false,false,false,false,true,"{""coordinates"": [[-79.58953572163128, 43.75909750170796]], ""type"": ""MultiPoint""}"
19916,2025:5001209793,2025-06-10T21:58:00,CLONMORE DR,FALLINGBROOK RD,,2,Non-Fatal Injury,Y Intersection,No Control,Turning Movement,Clear,Dark with Artificial Lighting,Dry,Collector,false,-79.28037303283998,43.68468763045463,2,Bicycle,North,2,16,Major,No Equipment Available,,,,,Going Ahead,,"Driver without right-of-way drives into path of cyclist (at intersection, laneway, or driveway)",Driving Properly,Normal,cyclist,,Scarborough Southwest (20),41 Division,Birchcliffe-Cliffside,true,false,true,false,false,false,false,false,true,false,"{""coordinates"": [[-79.28037303283998, 43.68468763045463]], ""type"": ""MultiPoint""}"
19917,2025:5001209793,2025-06-10T21:58:00,CLONMORE DR,FALLINGBROOK RD,,2,Non-Fatal Injury,Y Intersection,No Control,Turning Movement,Clear,Dark with Artificial Lighting,Dry,Collector,false,-79.28037303283998,43.68468763045463,1,Automobile or Station Wagon,South,1,63,None,Lap and Shoulder Belt,Failed to yield right-of-way,Unknown,,,Turning Left,,,,,driver,,Scarborough Southwest (20),41 Division,Birchcliffe-Cliffside,true,false,true,false,false,false,false,false,true,false,"{""coordinates"": [[-79.28037303283998, 43.68468763045463]], ""type"": ""MultiPoint""}"
19918,2025:5001243358,2025-06-15T10:24:00,EASTERN AVE,MORSE ST,,2,Non-Fatal Injury,Four-way,Pedestrian Crossover,Turning Movement,Clear,Daylight,Dry,Major Arterial,false,-79.34018618171557,43.65812631753785,1,Automobile or Station Wagon,West,1,58,None,Lap and Shoulder Belt,Failed to yield right-of-way,Normal,,,Turning Right,,,,,driver,,Toronto-Danforth (14),55 Division,South Riverdale,true,false,true,false,false,false,false,false,false,false,"{""coordinates"": [[-79.34018618171557, 43.65812631753785]], ""type"": ""MultiPoint""}"
19919,2025:5001243358,2025-06-15T10:24:00,EASTERN AVE,MORSE ST,,2,Non-Fatal Injury,Four-way,Pedestrian Crossover,Turning Movement,Clear,Daylight,Dry,Major Arterial,false,-79.34018618171557,43.65812631753785,2,Bicycle,West,2,47,Major,Helmet,,,,,Going Ahead,,"Driver turns right at non-signalized intersection (e.g. stop, yield, no control, driveway) and hits cyclist",Driving Properly,Normal,cyclist,,Toronto-Danforth (14),55 Division,South Riverdale,true,false,true,false,false,false,false,false,false,false,"{""coordinates"": [[-79.34018618171557, 43.65812631753785]], ""type"": ""MultiPoint""}"
19920,2025:5001245759,2025-06-15T17:10:00,BLOOR ST W,CLINTON ST,,2,Non-Fatal Injury,Offset,Stop Sign,SMV Other,Clear,Daylight,Dry,Major Arterial,false,-79.4171770212639,43.66391132847765,1,Motorcycle,West,1,0,None,Helmet,Failed to yield right-of-way,Normal,,,Turning Right,,,,,motorcyclist,,University-Rosedale (11),14 Division,Annex,true,false,false,true,false,false,true,false,false,false,"{""coordinates"": [[-79.4171770212639, 43.66391132847765]], ""type"": ""MultiPoint""}"
19921,2025:5001245759,2025-06-15T17:10:00,BLOOR ST W,CLINTON ST,,2,Non-Fatal Injury,Offset,Stop Sign,SMV Other,Clear,Daylight,Dry,Major Arterial,false,-79.4171770212639,43.66391132847765,1,,,2,25,Major,Use Unknown,,,Crossing with right-of-way (intersection),Normal,,Driver turns right into pedestrian crossing with right-of-way (at intersection),,,,pedestrian,,University-Rosedale (11),14 Division,Annex,true,false,false,true,false,false,true,false,false,false,"{""coordinates"": [[-79.4171770212639, 43.66391132847765]], ""type"": ""MultiPoint""}"
19922,2025:5001286160,2025-06-20T19:41:00,GARDINER EXPY E,ISLINGTON AVE,,3,Fatal Injury,Non-Intersection,No Control,Rear End,Clear,Daylight,Dry,Expressway,false,-79.51251417664211,43.620454385762955,1,Motorcycle,East,1,24,Fatal,,Exceeding speed limit,Normal,,,Going Ahead,,,,,motorcyclist,19,Etobicoke-Lakeshore (3),22 Division,Mimico-Queensway,true,false,false,true,false,false,false,false,false,false,"{""coordinates"": [[-79.51251417664211, 43.620454385762955]], ""type"": ""MultiPoint""}"
19923,2025:5001286160,2025-06-20T19:41:00,GARDINER EXPY E,ISLINGTON AVE,,3,Fatal Injury,Non-Intersection,No Control,Rear End,Clear,Daylight,Dry,Expressway,false,-79.51251417664211,43.620454385762955,2,Pickup Truck,East,2,52,None,,Driving properly,Normal,,,Going Ahead,,,,,driver,,Etobicoke-Lakeshore (3),22 Division,Mimico-Queensway,true,false,false,true,false,false,false,false,false,false,"{""coordinates"": [[-79.51251417664211, 43.620454385762955]], ""type"": ""MultiPoint""}"
19924,2025:5001286160,2025-06-20T19:41:00,GARDINER EXPY E,ISLINGTON AVE,,3,Fatal Injury,Non-Intersection,No Control,Rear End,Clear,Daylight,Dry,Expressway,false,-79.51251417664211,43.620454385762955,2,Pickup Truck,,3,20,None,,,,,,,,,,,passenger,,Etobicoke-Lakeshore (3),22 Division,Mimico-Queensway,true,false,false,true,false,false,false,false,false,false,"{""coordinates"": [[-79.51251417664211, 43.620454385762955]], ""type"": ""MultiPoint""}"
19925,2025:5001289226,2025-06-21T08:20:00,SHEPPARD AVE W,SENTINEL RD,,2,Non-Fatal Injury,T Intersection,Traffic Signal,Turning Movement,Clear,Daylight,Dry,Major Arterial,false,-79.49180271949008,43.74359419890116,2,Truck - Dump,East,2,63,None,Lap and Shoulder Belt,Driving properly,Normal,,,Turning Left,,,,,driver,,York Centre (6),31 Division,Downsview,true,false,false,false,false,false,false,true,false,true,"{""coordinates"": [[-79.49180271949008, 43.74359419890116]], ""type"": ""MultiPoint""}"
19926,2025:5001289226,2025-06-21T08:20:00,SHEPPARD AVE W,SENTINEL RD,,2,Non-Fatal Injury,T Intersection,Traffic Signal,Turning Movement,Clear,Daylight,Dry,Major Arterial,false,-79.49180271949008,43.74359419890116,1,Automobile or Station Wagon,West,1,35,Major,Equipment Not Used But Available,Disobeyed traffic control,Normal,,,Going Ahead,,,,,driver,,York Centre (6),31 Division,Downsview,true,false,false,false,false,false,false,true,false,true,"{""coordinates"": [[-79.49180271949008, 43.74359419890116]], ""type"": ""MultiPoint""}"
19927,2025:5001299240,2025-06-22T15:47:00,KINGSTON RD,LAWRENCE AVE E,2 m West of,1,Non-Fatal Injury,Four-way,Traffic Signal,SMV Other,Clear,Daylight,Dry,Major Arterial,false,-79.18965150261445,43.76772243593907,1,Automobile or Station Wagon,West,1,74,Major,Use Unknown,Lost control,Medical or Physical Disability - Sudden Incapacitation,,,Going Ahead,,,,,driver,,Scarborough-Guildwood (24),43 Division,West Hill,false,false,false,false,false,true,false,false,false,false,"{""coordinates"": [[-79.18965150261445, 43.76772243593907]], ""type"": ""MultiPoint""}"
19928,2025:5001300691,2025-06-22T19:30:00,VAUGHAN RD,BATHURST ST,3 m North of,3,Non-Fatal Injury,Y Intersection,Stop Sign,SMV Other,Clear,Daylight,Dry,Major Arterial,false,-79.41764929411205,43.68123842393129,1,Automobile or Station Wagon,South,1,33,None,Lap and Shoulder Belt,Failed to yield right-of-way,Normal,,,Going Ahead,,,,,driver,,Toronto-St. Paul's (12),13 Division,Wychwood,true,false,false,false,false,false,true,false,false,false,"{""coordinates"": [[-79.41764929411205, 43.68123842393129]], ""type"": ""MultiPoint""}"
19929,2025:5001300691,2025-06-22T19:30:00,VAUGHAN RD,BATHURST ST,3 m North of,3,Non-Fatal Injury,Y Intersection,Stop Sign,SMV Other,Clear,Daylight,Dry,Major Arterial,false,-79.41764929411205,43.68123842393129,1,,,3,51,Major,Use Unknown,,,Crossing with right-of-way (intersection),Normal,,Driver going straight hits pedestrian crossing with right-of-way (at intersection),,,,pedestrian,,Toronto-St. Paul's (12),13 Division,Wychwood,true,false,false,false,false,false,true,false,false,false,"{""coordinates"": [[-79.41764929411205, 43.68123842393129]], ""type"": ""MultiPoint""}"
19930,2025:5001300691,2025-06-22T19:30:00,VAUGHAN RD,BATHURST ST,3 m North of,3,Non-Fatal Injury,Y Intersection,Stop Sign,SMV Other,Clear,Daylight,Dry,Major Arterial,false,-79.41764929411205,43.68123842393129,2,Automobile or Station Wagon,South,2,26,None,Lap and Shoulder Belt,Driving properly,Normal,,,Stopped,,,,,driver,,Toronto-St. Paul's (12),13 Division,Wychwood,true,false,false,false,false,false,true,false,false,false,"{""coordinates"": [[-79.41764929411205, 43.68123842393129]], ""type"": ""MultiPoint""}"
19931,2025:5001300919,2025-06-22T20:06:00,HUMBERLINE DR,ALBION RD,10 m North of,2,Non-Fatal Injury,T Intersection,Traffic Signal,Turning Movement,Clear,Dusk with Artificial Lighting,Dry,Major Arterial,false,-79.62191538034547,43.746835742909155,2,Motorcycle,East,2,36,Major,No Equipment Available,Driving properly,Normal,,,Going Ahead,,,,,motorcyclist,,Etobicoke North (1),23 Division,West Humber-Clairville,false,false,false,true,false,false,false,false,false,false,"{""coordinates"": [[-79.62191538034547, 43.746835742909155]], ""type"": ""MultiPoint""}"
19932,2025:5001300919,2025-06-22T20:06:00,HUMBERLINE DR,ALBION RD,10 m North of,2,Non-Fatal Injury,T Intersection,Traffic Signal,Turning Movement,Clear,Dusk with Artificial Lighting,Dry,Major Arterial,false,-79.62191538034547,43.746835742909155,1,Automobile or Station Wagon,West,1,21,None,Lap and Shoulder Belt,Improper turn,Normal,,,Turning Left,,,,,driver,,Etobicoke North (1),23 Division,West Humber-Clairville,false,false,false,true,false,false,false,false,false,false,"{""coordinates"": [[-79.62191538034547, 43.746835742909155]], ""type"": ""MultiPoint""}"
19933,2025:5001315029,2025-06-24T13:02:00,VICTORIA PARK AVE,SUNRISE AVE,1 m West of,4,Non-Fatal Injury,Intersection-Related,Traffic Signal,SMV Other,Clear,Daylight,Dry,Major Arterial,false,-79.30056462468126,43.71978605771512,1,,,3,0,None,Lap and Shoulder Belt,,,,,,,,,,passenger,,Scarborough Southwest (20),41 Division,Clairlea-Birchmount,false,false,false,false,false,true,true,false,false,false,"{""coordinates"": [[-79.30056462468126, 43.71978605771512]], ""type"": ""MultiPoint""}"