_id,collision_id,accdate,stname1,stname2,stname3,per_inv,acclass,accloc,traffictl,impactype,visible,light,rdsfcond,road_class,failtorem,longitude,latitude,veh_no,vehtype,initdir,per_no,invage,injury,safequip,drivact,drivcond,pedact,pedcond,manoeuvre,pedtype,cyclistype,cycact,cyccond,road_user,fatal_no,wardname,division,neighbourhood,aggressive,distracted,cyclist,motorcyclist,other_micromobility,older_adult,pedestrian,red_light,school_child,heavy_truck,geometry
20036,2025:5001623993,2025-08-03T22:50:00,MCCOWAN RD,MCNICOLL AVE,,2,Non-Fatal Injury,Four-way,Traffic Signal,SMV Other,Clear,Dark with Artificial Lighting,Dry,Major Arterial,false,-79.27214037996447,43.81793732964921,1,,,2,29,Major,No Equipment Available,,,Crossing with right-of-way (intersection),Normal,,Driver turns left into pedestrian crossing with right-of-way (at intersection),,,,pedestrian,,Scarborough North (23),42 Division,Milliken,true,false,false,false,false,false,true,false,false,false,"{""coordinates"": [[-79.27214037996447, 43.81793732964921]], ""type"": ""MultiPoint""}"
20037,2025:5001632443,2025-08-05T07:15:00,BATHURST ST,DUNDAS ST W,100 m South of,2,Non-Fatal Injury,Non-Intersection,No Control,Approaching Head On,Clear,Daylight,Dry,Major Arterial,false,-79.40561371901885,43.65134621515167,2,Streetcar,North,2,53,Minimal,Lap and Shoulder Belt,Driving properly,Normal,,,Going Ahead,,,,,driver,,Spadina-Fort York (10),14 Division,Kensington-Chinatown,false,false,false,false,false,false,false,false,false,true,"{""coordinates"": [[-79.40561371901885, 43.65134621515167]], ""type"": ""MultiPoint""}"
20038,2025:5001632443,2025-08-05T07:15:00,BATHURST ST,DUNDAS ST W,100 m South of,2,Non-Fatal Injury,Non-Intersection,No Control,Approaching Head On,Clear,Daylight,Dry,Major Arterial,false,-79.40561371901885,43.65134621515167,1,Automobile or Station Wagon,South,1,25,Major,Lap and Shoulder Belt,Lost control,Normal,,,Going Ahead,,,,,driver,,Spadina-Fort York (10),14 Division,Kensington-Chinatown,false,false,false,false,false,false,false,false,false,true,"{""coordinates"": [[-79.40561371901885, 43.65134621515167]], ""type"": ""MultiPoint""}"
20039,2025:5001654956,2025-08-07T23:13:00,700 ARROW RD,ARROW RD,2 m South of,4,Non-Fatal Injury,Non-Intersection,No Control,Approaching Head On,Clear,Dark with Artificial Lighting,Dry,Minor Arterial,false,-79.52949686666119,43.74565634101389,1,,,3,25,Major,Lap and Shoulder Belt,,,,,,,,,,passenger,,Humber River-Black Creek (7),31 Division,Humbermede,true,false,false,false,false,false,false,false,true,false,"{""coordinates"": [[-79.52949686666119, 43.74565634101389]], ""type"": ""MultiPoint""}"
20040,2025:5001654956,2025-08-07T23:13:00,700 ARROW RD,ARROW RD,2 m South of,4,Non-Fatal Injury,Non-Intersection,No Control,Approaching Head On,Clear,Dark with Artificial Lighting,Dry,Minor Arterial,false,-79.52949686666119,43.74565634101389,1,Automobile or Station Wagon,South,1,19,Minor,Lap and Shoulder Belt,Exceeding speed limit,Normal,,,Changing Lanes,,,,,driver,,Humber River-Black Creek (7),31 Division,Humbermede,true,false,false,false,false,false,false,false,true,false,"{""coordinates"": [[-79.52949686666119, 43.74565634101389]], ""type"": ""MultiPoint""}"
20041,2025:5001654956,2025-08-07T23:13:00,700 ARROW RD,ARROW RD,2 m South of,4,Non-Fatal Injury,Non-Intersection,No Control,Approaching Head On,Clear,Dark with Artificial Lighting,Dry,Minor Arterial,false,-79.52949686666119,43.74565634101389,2,,,4,28,Minor,Lap and Shoulder Belt,,,,,,,,,,passenger,,Humber River-Black Creek (7),31 Division,Humbermede,true,false,false,false,false,false,false,false,true,false,"{""coordinates"": [[-79.52949686666119, 43.74565634101389]], ""type"": ""MultiPoint""}"
20042,2025:5001654956,2025-08-07T23:13:00,700 ARROW RD,ARROW RD,2 m South of,4,Non-Fatal Injury,Non-Intersection,No Control,Approaching Head On,Clear,Dark with Artificial Lighting,Dry,Minor Arterial,false,-79.52949686666119,43.74565634101389,2,Passenger Van,North,2,28,Minor,Lap and Shoulder Belt,Driving properly,Normal,,,Going Ahead,,,,,driver,,Humber River-Black Creek (7),31 Division,Humbermede,true,false,false,false,false,false,false,false,true,false,"{""coordinates"": [[-79.52949686666119, 43.74565634101389]], ""type"": ""MultiPoint""}"
20043,2025:5001664371,2025-08-09T05:40:00,BROWNS Line,EVANS AVE,,2,Non-Fatal Injury,Four-way,Traffic Signal,SMV Other,Clear,Daylight,Dry,Expressway Ramp,false,-79.54887924275259,43.6106704369049,1,,,2,66,Major,Use Unknown,,,Crossing without right-of-way (intersection),Normal,,Driver going straight hits pedestrian crossing without right-of-way (at intersection),,,,pedestrian,,Etobicoke-Lakeshore (3),22 Division,Alderwood,false,false,false,false,false,true,true,false,false,false,"{""coordinates"": [[-79.54887924275259, 43.6106704369049]], ""type"": ""MultiPoint""}"
20044,2025:5001664371,2025-08-09T05:40:00,BROWNS Line,EVANS AVE,,2,Non-Fatal Injury,Four-way,Traffic Signal,SMV Other,Clear,Daylight,Dry,Expressway Ramp,false,-79.54887924275259,43.6106704369049,1,Automobile or Station Wagon,North,1,40,None,Lap and Shoulder Belt,Driving properly,Normal,,,Going Ahead,,,,,driver,,Etobicoke-Lakeshore (3),22 Division,Alderwood,false,false,false,false,false,true,true,false,false,false,"{""coordinates"": [[-79.54887924275259, 43.6106704369049]], ""type"": ""MultiPoint""}"
20045,2025:5001666262,2025-08-09T12:55:00,EGLINTON AVE E,EGLINTON SQ,90 m East of,2,Non-Fatal Injury,Non-Intersection,No Control,SMV Other,Clear,Daylight,Dry,Major Arterial,false,-79.29944261562039,43.725226056086136,1,Light Rail Transit (LRT),West,1,68,None,Lap and Shoulder Belt,Driving properly,Normal,,,Going Ahead,,,,,driver,,Scarborough Centre (21),41 Division,Wexford/Maryvale,false,false,false,false,false,true,true,false,false,true,"{""coordinates"": [[-79.29944261562039, 43.725226056086136]], ""type"": ""MultiPoint""}"
20046,2025:5001666262,2025-08-09T12:55:00,EGLINTON AVE E,EGLINTON SQ,90 m East of,2,Non-Fatal Injury,Non-Intersection,No Control,SMV Other,Clear,Daylight,Dry,Major Arterial,false,-79.29944261562039,43.725226056086136,1,,,2,64,Major,Use Unknown,,,Crossing without right-of-way (intersection),Normal,,Transit vehicle driver hits pedestrian anywhere along roadway,,,,pedestrian,,Scarborough Centre (21),41 Division,Wexford/Maryvale,false,false,false,false,false,true,true,false,false,true,"{""coordinates"": [[-79.29944261562039, 43.725226056086136]], ""type"": ""MultiPoint""}"
20047,2025:5001679470,2025-08-11T09:25:00,GARDINER XWY E,PARKSIDE DR,7 m South of,2,Non-Fatal Injury,Non-Intersection,,SMV Other,Clear,Daylight,Dry,Expressway,false,-79.47189007782265,43.6346883203244,1,Automobile or Station Wagon,West,1,48,Major,Use Unknown,Lost control,Normal,,,Going Ahead,,,,,driver,,Parkdale-High Park (4),11 Division,South Parkdale,false,false,false,false,false,false,false,false,false,false,"{""coordinates"": [[-79.47189007782265, 43.6346883203244]], ""type"": ""MultiPoint""}"
20048,2025:5001679470,2025-08-11T09:25:00,GARDINER XWY E,PARKSIDE DR,7 m South of,2,Non-Fatal Injury,Non-Intersection,,SMV Other,Clear,Daylight,Dry,Expressway,false,-79.47189007782265,43.6346883203244,2,Automobile or Station Wagon,West,2,51,None,Lap and Shoulder Belt,Driving properly,Normal,,,Going Ahead,,,,,driver,,Parkdale-High Park (4),11 Division,South Parkdale,false,false,false,false,false,false,false,false,false,false,"{""coordinates"": [[-79.47189007782265, 43.6346883203244]], ""type"": ""MultiPoint""}"
20049,2025:5001684826,2025-08-11T21:37:00,GERRARD ST E,GLENSIDE AVE,5 m South of,2,Non-Fatal Injury,T Intersection,No Control,SMV Other,Clear,Dark with Artificial Lighting,Dry,Minor Arterial,false,-79.32590873588138,43.67140409546482,1,Streetcar,East,1,43,None,Lap and Shoulder Belt,Driving properly,Normal,,,Going Ahead,,,,,driver,,Toronto-Danforth (14),55 Division,Greenwood-Coxwell,false,false,false,false,false,false,true,false,false,true,"{""coordinates"": [[-79.32590873588138, 43.67140409546482]], ""type"": ""MultiPoint""}"
20050,2025:5001684826,2025-08-11T21:37:00,GERRARD ST E,GLENSIDE AVE,5 m South of,2,Non-Fatal Injury,T Intersection,No Control,SMV Other,Clear,Dark with Artificial Lighting,Dry,Minor Arterial,false,-79.32590873588138,43.67140409546482,1,,,2,27,Major,Use Unknown,,,Running onto roadway,Ability Impaired - Other Drugs,,Transit vehicle driver hits pedestrian anywhere along roadway,,,,pedestrian,,Toronto-Danforth (14),55 Division,Greenwood-Coxwell,false,false,false,false,false,false,true,false,false,true,"{""coordinates"": [[-79.32590873588138, 43.67140409546482]], ""type"": ""MultiPoint""}"
20051,2025:5001721789,2025-08-16T17:24:00,BAY ST,FRONT ST W,50 m South of,2,Non-Fatal Injury,Non-Intersection,No Control,Same Direction,Clear,Dark with Artificial Lighting,Dry,Major Arterial,true,-79.37898717473645,43.64626267684066,2,Bicycle,South,2,33,Major,No Equipment Available,,,,,Going Ahead,,,Driving Properly,Normal,cyclist,,Toronto Centre (13),52 Division,Yonge-Bay Corridor,false,false,true,false,false,false,false,false,false,false,"{""coordinates"": [[-79.37898717473645, 43.64626267684066]], ""type"": ""MultiPoint""}"
20052,2025:5001726169,2025-08-17T10:11:00,3511 LAKE SHORE BLVD W,THIRTY THIRD ST,42 m East of,2,Non-Fatal Injury,At/Near Private Drive,No Control,Turning Movement,Clear,Daylight,Dry,Major Arterial,false,-79.53162824940107,43.594816423413945,1,Automobile or Station Wagon,East,1,34,None,Lap and Shoulder Belt,Failed to yield right-of-way,Normal,,,Turning Right,,,,,driver,,Etobicoke-Lakeshore (3),22 Division,Long Branch,true,false,true,false,false,true,false,false,false,false,"{""coordinates"": [[-79.53162824940107, 43.594816423413945]], ""type"": ""MultiPoint""}"
20053,2025:5001726169,2025-08-17T10:11:00,3511 LAKE SHORE BLVD W,THIRTY THIRD ST,42 m East of,2,Non-Fatal Injury,At/Near Private Drive,No Control,Turning Movement,Clear,Daylight,Dry,Major Arterial,false,-79.53162824940107,43.594816423413945,2,E-Bike (Power-Assisted Bicycle),East,2,67,Major,Equipment Not Used But Available,Driving properly,Normal,,,Going Ahead,,,,,cyclist,,Etobicoke-Lakeshore (3),22 Division,Long Branch,true,false,true,false,false,true,false,false,false,false,"{""coordinates"": [[-79.53162824940107, 43.594816423413945]], ""type"": ""MultiPoint""}"
20054,2025:5001744730,2025-08-19T22:52:00,WARDEN AVE,DANFORTH RD,,2,Non-Fatal Injury,Four-way,Traffic Signal,Turning Movement,Rain,Dark with Artificial Lighting,Wet,Minor Arterial,false,-79.2748606069904,43.69730762310579,2,E-Bike (Power-Assisted Bicycle),West,2,40,Major,No Equipment Available,,,,,Going Ahead,,Driver turns left into path of cyclist,Driving Properly,Normal,cyclist,,Scarborough Southwest (20),41 Division,Oakridge,false,false,true,false,false,false,false,false,false,false,"{""coordinates"": [[-79.2748606069904, 43.69730762310579]], ""type"": ""MultiPoint""}"
20055,2025:5001744730,2025-08-19T22:52:00,WARDEN AVE,DANFORTH RD,,2,Non-Fatal Injury,Four-way,Traffic Signal,Turning Movement,Rain,Dark with Artificial Lighting,Wet,Minor Arterial,false,-79.2748606069904,43.69730762310579,1,Automobile or Station Wagon,East,1,24,None,Lap and Shoulder Belt,Lost control,Normal,,,Turning Left,,,,,driver,,Scarborough Southwest (20),41 Division,Oakridge,false,false,true,false,false,false,false,false,false,false,"{""coordinates"": [[-79.2748606069904, 43.69730762310579]], ""type"": ""MultiPoint""}"
20056,2025:5001763354,2025-08-22T12:48:00,PHARMACY AV,SURREY AV,1 m West of,3,Non-Fatal Injury,Intersection-Related,Traffic Signal,Turning Movement,Clear,Daylight,Dry,Minor Arterial,false,-79.3022506045867,43.73742105934718,2,,,3,14,Minimal,Helmet,,,,,,,,,,cyclist,,Scarborough Centre (21),41 Division,Wexford/Maryvale,true,true,true,false,false,false,false,false,true,false,"{""coordinates"": [[-79.3022506045867, 43.73742105934718]], ""type"": ""MultiPoint""}"
20057,2025:5001763354,2025-08-22T12:48:00,PHARMACY AV,SURREY AV,1 m West of,3,Non-Fatal Injury,Intersection-Related,Traffic Signal,Turning Movement,Clear,Daylight,Dry,Minor Arterial,false,-79.3022506045867,43.73742105934718,1,Automobile or Station Wagon,North,1,17,None,Lap and Shoulder Belt,Failed to yield right-of-way,Inattentive - Other,,,Turning Left,,,,,driver,,Scarborough Centre (21),41 Division,Wexford/Maryvale,true,true,true,false,false,false,false,false,true,false,"{""coordinates"": [[-79.3022506045867, 43.73742105934718]], ""type"": ""MultiPoint""}"
20058,2025:5001763354,2025-08-22T12:48:00,PHARMACY AV,SURREY AV,1 m West of,3,Non-Fatal Injury,Intersection-Related,Traffic Signal,Turning Movement,Clear,Daylight,Dry,Minor Arterial,false,-79.3022506045867,43.73742105934718,2,E-Bike (Power-Assisted Bicycle),South,2,64,Major,Helmet,,,,,Going Ahead,,Driver turns left into path of cyclist,Driving Properly,Normal,cyclist,,Scarborough Centre (21),41 Division,Wexford/Maryvale,true,true,true,false,false,false,false,false,true,false,"{""coordinates"": [[-79.3022506045867, 43.73742105934718]], ""type"": ""MultiPoint""}"
20059,2025:5001763899,2025-08-22T14:08:00,BELLAMY RD N,LAWRENCE AV E,,2,Fatal Injury,Intersection-Related,Traffic Signal,SMV Other,Clear,Daylight,Dry,Major Arterial,false,-79.23519767318909,43.757648079800326,,,,2,66,Fatal,No Equipment Available,,,Crossing with right-of-way (intersection),Normal,,,,,,pedestrian,26,Scarborough-Guildwood (24),43 Division,Golfdale-Cedarbrae-Woburn,false,false,false,false,false,true,true,false,false,false,"{""coordinates"": [[-79.23519767318909, 43.757648079800326]], ""type"": ""MultiPoint""}"
20060,2025:5001763899,2025-08-22T14:08:00,BELLAMY RD N,LAWRENCE AV E,,2,Fatal Injury,Intersection-Related,Traffic Signal,SMV Other,Clear,Daylight,Dry,Major Arterial,false,-79.23519767318909,43.757648079800326,1,Automobile or Station Wagon,,1,61,None,Lap and Shoulder Belt,Improper turn,Normal,,,,Driver turns left into pedestrian crossing with right-of-way (at intersection),,,,driver,,Scarborough-Guildwood (24),43 Division,Golfdale-Cedarbrae-Woburn,false,false,false,false,false,true,true,false,false,false,"{""coordinates"": [[-79.23519767318909, 43.757648079800326]], ""type"": ""MultiPoint""}"
20061,2025:5001814971,2025-08-29T13:40:00,27 HWY N,REXDALE BLVD,50 m South of,6,Non-Fatal Injury,Intersection-Related,Traffic Signal,Angle,Clear,Daylight,Dry,Major Arterial,false,-79.59543310378491,43.71683743170374,3,,,5,20,None,Lap and Shoulder Belt,,,,,,,,,,passenger,,Etobicoke North (1),23 Division,West Humber-Clairville,true,false,false,false,false,true,false,true,false,true,"{""coordinates"": [[-79.59543310378491, 43.71683743170374]], ""type"": ""MultiPoint""}"
20062,2025:5001814971,2025-08-29T13:40:00,27 HWY N,REXDALE BLVD,50 m South of,6,Non-Fatal Injury,Intersection-Related,Traffic Signal,Angle,Clear,Daylight,Dry,Major Arterial,false,-79.59543310378491,43.71683743170374,1,Automobile or Station Wagon,West,1,68,Minor,Lap and Shoulder Belt,Disobeyed traffic control,Normal,,,Going Ahead,,,,,driver,,Etobicoke North (1),23 Division,West Humber-Clairville,true,false,false,false,false,true,false,true,false,true,"{""coordinates"": [[-79.59543310378491, 43.71683743170374]], ""type"": ""MultiPoint""}"
20063,2025:5001814971,2025-08-29T13:40:00,27 HWY N,REXDALE BLVD,50 m South of,6,Non-Fatal Injury,Intersection-Related,Traffic Signal,Angle,Clear,Daylight,Dry,Major Arterial,false,-79.59543310378491,43.71683743170374,3,Automobile or Station Wagon,East,3,23,None,Lap and Shoulder Belt,Driving properly,Normal,,,Stopped,,,,,driver,,Etobicoke North (1),23 Division,West Humber-Clairville,true,false,false,false,false,true,false,true,false,true,"{""coordinates"": [[-79.59543310378491, 43.71683743170374]], ""type"": ""MultiPoint""}"
20064,2025:5001814971,2025-08-29T13:40:00,27 HWY N,REXDALE BLVD,50 m South of,6,Non-Fatal Injury,Intersection-Related,Traffic Signal,Angle,Clear,Daylight,Dry,Major Arterial,false,-79.59543310378491,43.71683743170374,2,Truck - Open (Flatbed),North,2,58,Minor,Lap and Shoulder Belt,Driving properly,Normal,,,Going Ahead,,,,,driver,,Etobicoke North (1),23 Division,West Humber-Clairville,true,false,false,false,false,true,false,true,false,true,"{""coordinates"": [[-79.59543310378491, 43.71683743170374]], ""type"": ""MultiPoint""}"
20065,2025:5001814971,2025-08-29T13:40:00,27 HWY N,REXDALE BLVD,50 m South of,6,Non-Fatal Injury,Intersection-Related,Traffic Signal,Angle,Clear,Daylight,Dry,Major Arterial,false,-79.59543310378491,43.71683743170374,3,,,6,21,None,Lap and Shoulder Belt,,,,,,,,,,passenger,,Etobicoke North (1),23 Division,West Humber-Clairville,true,false,false,false,false,true,false,true,false,true,"{""coordinates"": [[-79.59543310378491, 43.71683743170374]], ""type"": ""MultiPoint""}"
20066,2025:5001814971,2025-08-29T13:40:00,27 HWY N,REXDALE BLVD,50 m South of,6,Non-Fatal Injury,Intersection-Related,Traffic Signal,Angle,Clear,Daylight,Dry,Major Arterial,false,-79.59543310378491,43.71683743170374,1,,,4,68,Major,Lap and Shoulder Belt,,,,,,,,,,passenger,,Etobicoke North (1),23 Division,West Humber-Clairville,true,false,false,false,false,true,false,true,false,true,"{""coordinates"": [[-79.59543310378491, 43.71683743170374]], ""type"": ""MultiPoint""}"
20067,2025:5001816682,2025-08-29T17:26:00,YONGE ST,ST MARY ST,2 m North of,4,Non-Fatal Injury,Non-Intersection,,Turning Movement,Clear,Daylight,Dry,Major Arterial,false,-79.38584425469067,43.66812378208152,2,,,4,25,None,Use Unknown,,,,,,,,,,passenger,,Toronto Centre (13),51 Division,Church-Wellesley,false,false,false,false,false,false,false,false,false,false,"{""coordinates"": [[-79.38584425469067, 43.66812378208152]], ""type"": ""MultiPoint""}"
20068,2025:5001816682,2025-08-29T17:26:00,YONGE ST,ST MARY ST,2 m North of,4,Non-Fatal Injury,Non-Intersection,,Turning Movement,Clear,Daylight,Dry,Major Arterial,false,-79.38584425469067,43.66812378208152,1,Automobile or Station Wagon,South,1,42,Major,Use Unknown,Lost control,Normal,,,Going Ahead,,,,,driver,,Toronto Centre (13),51 Division,Church-Wellesley,false,false,false,false,false,false,false,false,false,false,"{""coordinates"": [[-79.38584425469067, 43.66812378208152]], ""type"": ""MultiPoint""}"
20069,2025:5001816682,2025-08-29T17:26:00,YONGE ST,ST MARY ST,2 m North of,4,Non-Fatal Injury,Non-Intersection,,Turning Movement,Clear,Daylight,Dry,Major Arterial,false,-79.38584425469067,43.66812378208152,1,,,3,1,None,Child Safety Seat Used Correctly,,,,,,,,,,passenger,,Toronto Centre (13),51 Division,Church-Wellesley,false,false,false,false,false,false,false,false,false,false,"{""coordinates"": [[-79.38584425469067, 43.66812378208152]], ""type"": ""MultiPoint""}"
20070,2025:5001816682,2025-08-29T17:26:00,YONGE ST,ST MARY ST,2 m North of,4,Non-Fatal Injury,Non-Intersection,,Turning Movement,Clear,Daylight,Dry,Major Arterial,false,-79.38584425469067,43.66812378208152,2,Automobile or Station Wagon,East,2,25,None,Use Unknown,Driving properly,Normal,,,Turning Left,,,,,driver,,Toronto Centre (13),51 Division,Church-Wellesley,false,false,false,false,false,false,false,false,false,false,"{""coordinates"": [[-79.38584425469067, 43.66812378208152]], ""type"": ""MultiPoint""}"
20071,2025:5001818159,2025-08-29T21:16:00,DUNDAS ST W,HUMBER HILL AVE,,2,Non-Fatal Injury,Intersection-Related,Traffic Signal,SMV Other,Clear,Dusk with Artificial Lighting,Dry,Major Arterial,false,-79.50162768049658,43.66487425006753,1,,,2,67,Major,Use Unknown,,,Crossing with right-of-way (intersection),Medical or Physical Disability - Restricted Motion,,Driver turns left into pedestrian crossing with right-of-way (at intersection),,,,pedestrian,,Parkdale-High Park (4),11 Division,Lambton Baby Point,true,false,false,false,false,true,true,false,false,false,"{""coordinates"": [[-79.50162768049658, 43.66487425006753]], ""type"": ""MultiPoint""}"
20072,2025:5001818159,2025-08-29T21:16:00,DUNDAS ST W,HUMBER HILL AVE,,2,Non-Fatal Injury,Intersection-Related,Traffic Signal,SMV Other,Clear,Dusk with Artificial Lighting,Dry,Major Arterial,false,-79.50162768049658,43.66487425006753,1,Automobile or Station Wagon,North,1,20,None,Lap and Shoulder Belt,Failed to yield right-of-way,Normal,,,Turning Left,,,,,driver,,Parkdale-High Park (4),11 Division,Lambton Baby Point,true,false,false,false,false,true,true,false,false,false,"{""coordinates"": [[-79.50162768049658, 43.66487425006753]], ""type"": ""MultiPoint""}"
20073,2025:5001831262,2025-08-31T19:28:00,WALSH AV,MATHEWS GATE,,3,Non-Fatal Injury,Intersection-Related,Traffic Signal,Turning Movement,Clear,Daylight,Dry,Major Arterial,false,-79.53319782671143,43.71582686100654,2,Automobile or Station Wagon,South,2,21,Major,Use Unknown,Driving properly,Normal,,,Turning Left,,,,,driver,,Humber River-Black Creek (7),31 Division,Pelmo Park-Humberlea,true,false,false,false,false,true,false,true,false,false,"{""coordinates"": [[-79.53319782671143, 43.71582686100654]], ""type"": ""MultiPoint""}"
20074,2025:5001831262,2025-08-31T19:28:00,WALSH AV,MATHEWS GATE,,3,Non-Fatal Injury,Intersection-Related,Traffic Signal,Turning Movement,Clear,Daylight,Dry,Major Arterial,false,-79.53319782671143,43.71582686100654,1,Automobile or Station Wagon,West,1,59,None,Use Unknown,Disobeyed traffic control,Normal,,,Going Ahead,,,,,driver,,Humber River-Black Creek (7),31 Division,Pelmo Park-Humberlea,true,false,false,false,false,true,false,true,false,false,"{""coordinates"": [[-79.53319782671143, 43.71582686100654]], ""type"": ""MultiPoint""}"
20075,2025:5001831262,2025-08-31T19:28:00,WALSH AV,MATHEWS GATE,,3,Non-Fatal Injury,Intersection-Related,Traffic Signal,Turning Movement,Clear,Daylight,Dry,Major Arterial,false,-79.53319782671143,43.71582686100654,2,,,3,65,None,Use Unknown,,,,,,,,,,passenger,,Humber River-Black Creek (7),31 Division,Pelmo Park-Humberlea,true,false,false,false,false,true,false,true,false,false,"{""coordinates"": [[-79.53319782671143, 43.71582686100654]], ""type"": ""MultiPoint""}"
20076,2025:5001854357,2025-09-03T21:09:00,ALBION RD,HWY27 HY,,4,Non-Fatal Injury,Intersection-Related,Traffic Signal,Turning Movement,Clear,Daylight with Artificial Lighting,Dry,Expressway,false,-79.60762506721765,43.744307428624964,1,Automobile or Station Wagon,East,1,23,Minimal,Lap and Shoulder Belt,Improper turn,Normal,,,Turning Left,,,,,driver,,Etobicoke North (1),23 Division,West Humber-Clairville,false,false,false,false,false,false,false,false,false,false,"{""coordinates"": [[-79.60762506721765, 43.744307428624964]], ""type"": ""MultiPoint""}"
20077,2025:5001854357,2025-09-03T21:09:00,ALBION RD,HWY27 HY,,4,Non-Fatal Injury,Intersection-Related,Traffic Signal,Turning Movement,Clear,Daylight with Artificial Lighting,Dry,Expressway,false,-79.60762506721765,43.744307428624964,2,Automobile or Station Wagon,West,2,47,Major,Lap and Shoulder Belt,Driving properly,Normal,,,Going Ahead,,,,,driver,,Etobicoke North (1),23 Division,West Humber-Clairville,false,false,false,false,false,false,false,false,false,false,"{""coordinates"": [[-79.60762506721765, 43.744307428624964]], ""type"": ""MultiPoint""}"
20078,2025:5001854357,2025-09-03T21:09:00,ALBION RD,HWY27 HY,,4,Non-Fatal Injury,Intersection-Related,Traffic Signal,Turning Movement,Clear,Daylight with Artificial Lighting,Dry,Expressway,false,-79.60762506721765,43.744307428624964,3,,,4,62,Minimal,Lap and Shoulder Belt,,,,,,,,,,passenger,,Etobicoke North (1),23 Division,West Humber-Clairville,false,false,false,false,false,false,false,false,false,false,"{""coordinates"": [[-79.60762506721765, 43.744307428624964]], ""type"": ""MultiPoint""}"
20079,2025:5001854357,2025-09-03T21:09:00,ALBION RD,HWY27 HY,,4,Non-Fatal Injury,Intersection-Related,Traffic Signal,Turning Movement,Clear,Daylight with Artificial Lighting,Dry,Expressway,false,-79.60762506721765,43.744307428624964,3,Automobile or Station Wagon,South,3,58,Minimal,Lap and Shoulder Belt,Driving properly,Normal,,,Stopped,,,,,driver,,Etobicoke North (1),23 Division,West Humber-Clairville,false,false,false,false,false,false,false,false,false,false,"{""coordinates"": [[-79.60762506721765, 43.744307428624964]], ""type"": ""MultiPoint""}"
20080,2025:5001867995,2025-09-05T17:02:00,MIDLAND AVE,STEELES AVE,,2,Fatal Injury,Four-way,Traffic Signal,SMV Other,Clear,Daylight,Dry,Major Arterial,false,-79.29727161216537,43.82579895885606,,,,1,24,Fatal,,,,Crossing with right-of-way (intersection),Normal,,Driver turns left into pedestrian crossing with right-of-way (at intersection),,,,pedestrian,25,Scarborough-Agincourt (22),42 Division,Milliken,false,false,false,false,false,false,true,false,false,false,"{""coordinates"": [[-79.29727161216537, 43.82579895885606]], ""type"": ""MultiPoint""}"
20081,2025:5001880835,2025-09-07T13:25:00,AVENUE RD,CHAPLIN CRES,90 m South of,5,Non-Fatal Injury,Non-Intersection,Traffic Signal,SMV Other,Clear,Daylight,Dry,Major Arterial,false,-79.4057728453618,43.697945302604786,1,Automobile or Station Wagon,North,1,21,None,Use Unknown,Disobeyed traffic control,Normal,,,Slowing or Stopping,,,,,driver,,Toronto-St. Paul's (12),53 Division,Yonge-St.Clair,true,false,false,false,false,false,true,true,true,false,"{""coordinates"": [[-79.4057728453618, 43.697945302604786]], ""type"": ""MultiPoint""}"
20082,2025:5001880835,2025-09-07T13:25:00,AVENUE RD,CHAPLIN CRES,90 m South of,5,Non-Fatal Injury,Non-Intersection,Traffic Signal,SMV Other,Clear,Daylight,Dry,Major Arterial,false,-79.4057728453618,43.697945302604786,1,,,3,10,None,Use Unknown,,,,,,,,,,passenger,,Toronto-St. Paul's (12),53 Division,Yonge-St.Clair,true,false,false,false,false,false,true,true,true,false,"{""coordinates"": [[-79.4057728453618, 43.697945302604786]], ""type"": ""MultiPoint""}"
20083,2025:5001880835,2025-09-07T13:25:00,AVENUE RD,CHAPLIN CRES,90 m South of,5,Non-Fatal Injury,Non-Intersection,Traffic Signal,SMV Other,Clear,Daylight,Dry,Major Arterial,false,-79.4057728453618,43.697945302604786,1,,,4,20,None,Use Unknown,,,,,,,,,,passenger,,Toronto-St. Paul's (12),53 Division,Yonge-St.Clair,true,false,false,false,false,false,true,true,true,false,"{""coordinates"": [[-79.4057728453618, 43.697945302604786]], ""type"": ""MultiPoint""}"
20084,2025:5001880835,2025-09-07T13:25:00,AVENUE RD,CHAPLIN CRES,90 m South of,5,Non-Fatal Injury,Non-Intersection,Traffic Signal,SMV Other,Clear,Daylight,Dry,Major Arterial,false,-79.4057728453618,43.697945302604786,1,,,2,49,None,Use Unknown,,,,,,,,,,passenger,,Toronto-St. Paul's (12),53 Division,Yonge-St.Clair,true,false,false,false,false,false,true,true,true,false,"{""coordinates"": [[-79.4057728453618, 43.697945302604786]], ""type"": ""MultiPoint""}"
20085,2025:5001880835,2025-09-07T13:25:00,AVENUE RD,CHAPLIN CRES,90 m South of,5,Non-Fatal Injury,Non-Intersection,Traffic Signal,SMV Other,Clear,Daylight,Dry,Major Arterial,false,-79.4057728453618,43.697945302604786,1,,,5,57,Major,Use Unknown,,,Crossing with right-of-way (intersection),Normal,,Driver hits pedestrian at PXO/pedestrian midblock signal,,,,pedestrian,,Toronto-St. Paul's (12),53 Division,Yonge-St.Clair,true,false,false,false,false,false,true,true,true,false,"{""coordinates"": [[-79.4057728453618, 43.697945302604786]], ""type"": ""MultiPoint""}"