_id,collision_id,accdate,stname1,stname2,stname3,per_inv,acclass,accloc,traffictl,impactype,visible,light,rdsfcond,road_class,failtorem,longitude,latitude,veh_no,vehtype,initdir,per_no,invage,injury,safequip,drivact,drivcond,pedact,pedcond,manoeuvre,pedtype,cyclistype,cycact,cyccond,road_user,fatal_no,wardname,division,neighbourhood,aggressive,distracted,cyclist,motorcyclist,other_micromobility,older_adult,pedestrian,red_light,school_child,heavy_truck,geometry
20237,2025:5002597785,2025-12-13T04:05:00,GARDINER XY E,JAMESON AVE,100 m East of,1,Non-Fatal Injury,Non-Intersection,No Control,SMV Other,Clear,Dark with Artificial Lighting,Dry,,false,-79.43321700393088,43.63267326229874,1,Automobile or Station Wagon,West,1,32,Major,Equipment Not Used But Available,Lost control,Other Condition,,,Going Ahead,,,,,driver,,Parkdale-High Park (4),14 Division,South Parkdale,false,false,false,false,false,false,false,false,false,false,"{""coordinates"": [[-79.43321700393088, 43.63267326229874]], ""type"": ""MultiPoint""}"
20238,2025:5002638533,2025-12-18T17:02:00,CARLAW AVE,DUNDAS ST E,,2,Non-Fatal Injury,Four-way,Traffic Signal,Turning Movement,Clear,Daylight with Artificial Lighting,Dry,Minor Arterial,false,-79.34157107495336,43.664801018729904,1,Automobile or Station Wagon,South,1,47,None,Lap and Shoulder Belt,Driving properly,Normal,,,Turning Left,,,,,driver,,Toronto-Danforth (14),55 Division,South Riverdale,true,false,false,true,false,false,false,true,false,false,"{""coordinates"": [[-79.34157107495336, 43.664801018729904]], ""type"": ""MultiPoint""}"
20239,2025:5002638533,2025-12-18T17:02:00,CARLAW AVE,DUNDAS ST E,,2,Non-Fatal Injury,Four-way,Traffic Signal,Turning Movement,Clear,Daylight with Artificial Lighting,Dry,Minor Arterial,false,-79.34157107495336,43.664801018729904,2,Motorcycle,North,2,51,Major,Helmet,Disobeyed traffic control,Normal,,,Going Ahead,,,,,motorcyclist,,Toronto-Danforth (14),55 Division,South Riverdale,true,false,false,true,false,false,false,true,false,false,"{""coordinates"": [[-79.34157107495336, 43.664801018729904]], ""type"": ""MultiPoint""}"
20240,2025:5002642155,2025-12-19T01:54:00,AVENUE RD,YORVILLE AVE,9 m South of,2,Non-Fatal Injury,Intersection-Related,Traffic Signal,SMV Other,Rain,Dark,Wet,Major Arterial,false,-79.39469706823158,43.67027019429884,1,,,2,51,Major,Use Unknown,,,Crossing - no traffic control,Normal,,Driver hits pedestrian at midblock,,,,pedestrian,,University-Rosedale (11),53 Division,Annex,false,false,false,false,false,false,true,false,false,false,"{""coordinates"": [[-79.39469706823158, 43.67027019429884]], ""type"": ""MultiPoint""}"
20241,2025:5002642155,2025-12-19T01:54:00,AVENUE RD,YORVILLE AVE,9 m South of,2,Non-Fatal Injury,Intersection-Related,Traffic Signal,SMV Other,Rain,Dark,Wet,Major Arterial,false,-79.39469706823158,43.67027019429884,1,Automobile or Station Wagon,North,1,53,None,Lap and Shoulder Belt,Driving properly,Normal,,,Going Ahead,,,,,driver,,University-Rosedale (11),53 Division,Annex,false,false,false,false,false,false,true,false,false,false,"{""coordinates"": [[-79.39469706823158, 43.67027019429884]], ""type"": ""MultiPoint""}"
20242,2025:5002642725,2025-12-19T05:45:00,SHERWAY GT,EVANS AVE,,2,Non-Fatal Injury,Four-way,Traffic Signal,SMV Other,Rain,Dark,Wet,Major Arterial,false,-79.55637465570545,43.60903754733544,1,Intercity Coach Bus,South,1,59,None,Lap and Shoulder Belt,Failed to yield right-of-way,Normal,,,Turning Left,,,,,driver,,Etobicoke-Lakeshore (3),22 Division,Etobicoke City Centre,true,false,false,false,false,false,true,false,false,true,"{""coordinates"": [[-79.55637465570545, 43.60903754733544]], ""type"": ""MultiPoint""}"
20243,2025:5002642725,2025-12-19T05:45:00,SHERWAY GT,EVANS AVE,,2,Non-Fatal Injury,Four-way,Traffic Signal,SMV Other,Rain,Dark,Wet,Major Arterial,false,-79.55637465570545,43.60903754733544,1,,,2,32,Major,Use Unknown,,,Crossing with right-of-way (intersection),Normal,,Driver turns left into pedestrian crossing with right-of-way (at intersection),,,,pedestrian,,Etobicoke-Lakeshore (3),22 Division,Etobicoke City Centre,true,false,false,false,false,false,true,false,false,true,"{""coordinates"": [[-79.55637465570545, 43.60903754733544]], ""type"": ""MultiPoint""}"
20244,2025:5002662289,2025-12-21T22:06:00,GARDINER Expy,WICKMAN RD,10 m West of,2,Non-Fatal Injury,Non-Intersection,,SMV Other,Clear,Dark with Artificial Lighting,Dry,Major Arterial,false,-79.53034720668136,43.6169154100716,1,Automobile or Station Wagon,East,1,56,Major,Lap and Shoulder Belt,Lost control,Other Condition,,,Going Ahead,,,,,driver,,Etobicoke-Lakeshore (3),22 Division,Alderwood,false,false,false,false,false,false,false,false,false,true,"{""coordinates"": [[-79.53034720668136, 43.6169154100716]], ""type"": ""MultiPoint""}"
20245,2025:5002662289,2025-12-21T22:06:00,GARDINER Expy,WICKMAN RD,10 m West of,2,Non-Fatal Injury,Non-Intersection,,SMV Other,Clear,Dark with Artificial Lighting,Dry,Major Arterial,false,-79.53034720668136,43.6169154100716,2,Truck - Long Combination Vehicle,East,2,51,None,Lap and Shoulder Belt,Driving properly,Normal,,,Going Ahead,,,,,driver,,Etobicoke-Lakeshore (3),22 Division,Alderwood,false,false,false,false,false,false,false,false,false,true,"{""coordinates"": [[-79.53034720668136, 43.6169154100716]], ""type"": ""MultiPoint""}"
20246,2025:5002670359,2025-12-22T23:53:00,LAKE SHORE Blvd W,BURLINGTON ST,,2,Non-Fatal Injury,T Intersection,Traffic Signal,SMV Other,Snow,Dark with Artificial Lighting,Loose Snow,Major Arterial,false,-79.4873251400895,43.6172893518261,1,Automobile or Station Wagon,West,1,64,Major,Lap and Shoulder Belt,Disobeyed traffic control,Normal,,,Going Ahead,,,,,driver,,Etobicoke-Lakeshore (3),22 Division,Humber Bay Shores,true,false,false,false,false,false,true,true,false,false,"{""coordinates"": [[-79.4873251400895, 43.6172893518261]], ""type"": ""MultiPoint""}"
20247,2025:5002670359,2025-12-22T23:53:00,LAKE SHORE Blvd W,BURLINGTON ST,,2,Non-Fatal Injury,T Intersection,Traffic Signal,SMV Other,Snow,Dark with Artificial Lighting,Loose Snow,Major Arterial,false,-79.4873251400895,43.6172893518261,1,,,2,35,Major,Use Unknown,,,Crossing with right-of-way (intersection),Normal,,Driver going straight hits pedestrian crossing with right-of-way (at intersection),,,,pedestrian,,Etobicoke-Lakeshore (3),22 Division,Humber Bay Shores,true,false,false,false,false,false,true,true,false,false,"{""coordinates"": [[-79.4873251400895, 43.6172893518261]], ""type"": ""MultiPoint""}"
20248,2025:5002701483,2025-12-28T03:34:00,MEADOWVALE RD,401 C E MEADOWVALE RD RAMP,3 m South of,1,Non-Fatal Injury,Intersection-Related,Traffic Signal,SMV Other,Snow,Dark with Artificial Lighting,Wet,Minor Arterial,false,-79.16572674988983,43.79811822012765,1,Automobile or Station Wagon,North,1,27,Major,Lap and Shoulder Belt,Lost control,Fatigue/Fell Asleep,,,Going Ahead,,,,,driver,,Scarborough-Rouge Park (25),43 Division,Highland Creek,false,false,false,false,false,false,false,false,false,false,"{""coordinates"": [[-79.16572674988983, 43.79811822012765]], ""type"": ""MultiPoint""}"
20249,2025:5002723792,2025-12-31T07:17:00,EGLINTON AVE E,LILLIAN ST,4 M W,2,Fatal Injury,Non-Intersection,No Control,SMV Other,Clear,Dark with Artificial Lighting,Packed Snow,Major Arterial,false,-79.3941308090723,43.70759918425677,1,Automobile or Station Wagon,West,2,48,None,,Exceeding speed limit,Unknown,,,Going Ahead,,,,,driver,,Toronto-St. Paul's (12),53 Division,South Eglinton-Davisville,true,false,false,false,false,true,true,false,false,false,"{""coordinates"": [[-79.3941308090723, 43.70759918425677]], ""type"": ""MultiPoint""}"
20250,2025:5002723792,2025-12-31T07:17:00,EGLINTON AVE E,LILLIAN ST,4 M W,2,Fatal Injury,Non-Intersection,No Control,SMV Other,Clear,Dark with Artificial Lighting,Packed Snow,Major Arterial,false,-79.3941308090723,43.70759918425677,,,,1,70,Fatal,,,,Crossing - no traffic control,Normal,,Driver hits pedestrian at midblock,,,,pedestrian,39,Toronto-St. Paul's (12),53 Division,South Eglinton-Davisville,true,false,false,false,false,true,true,false,false,false,"{""coordinates"": [[-79.3941308090723, 43.70759918425677]], ""type"": ""MultiPoint""}"
20251,2025:5002729071,2025-12-31T22:51:00,DANFORTH AVE,VICTORIA PARK AVE,60 m East of,2,Non-Fatal Injury,Intersection-Related,Traffic Signal,Approaching Head On,Clear,Dark with Artificial Lighting,Dry,Major Arterial,false,-79.2876334378678,43.69138134063438,1,Automobile or Station Wagon,West,1,55,Major,Other Safety Equipment Used,Lost control,Medical or Physical Disability - Sudden Incapacitation,,,Going Ahead,,,,,driver,,Scarborough Southwest (20),41 Division,Oakridge,false,false,false,false,false,false,false,false,false,false,"{""coordinates"": [[-79.2876334378678, 43.69138134063438]], ""type"": ""MultiPoint""}"
20252,2025:5002729071,2025-12-31T22:51:00,DANFORTH AVE,VICTORIA PARK AVE,60 m East of,2,Non-Fatal Injury,Intersection-Related,Traffic Signal,Approaching Head On,Clear,Dark with Artificial Lighting,Dry,Major Arterial,false,-79.2876334378678,43.69138134063438,2,Automobile or Station Wagon,East,2,29,None,Lap and Shoulder Belt,Driving properly,Normal,,,Slowing or Stopping,,,,,driver,,Scarborough Southwest (20),41 Division,Oakridge,false,false,false,false,false,false,false,false,false,false,"{""coordinates"": [[-79.2876334378678, 43.69138134063438]], ""type"": ""MultiPoint""}"
20253,2023:3001526118,2023-07-01T21:32:00,FREDERICK G. GARDINER EXPY,KIPLING AVE,70 m West of,1,Non-Fatal Injury,Non-Intersection,No Control,SMV Other,Clear,Dark with Artificial Lighting,Dry,Expressway,false,-79.52482809698701,43.61822160242225,1,Motorcycle,East,1,43,Major,Helmet,Lost control,Normal,,,Going Ahead,,,,,motorcyclist,,Etobicoke-Lakeshore (3),22 Division,Etobicoke City Centre,false,false,false,true,false,false,false,false,false,false,"{""coordinates"": [[-79.52482809698701, 43.61822160242225]], ""type"": ""MultiPoint""}"
20254,2023:3002086195,2023-09-06T20:08:00,QUEENS QUAY W,BAY ST,90 m West of,2,Non-Fatal Injury,Non-Intersection,No Control,SMV Other,Clear,Daylight,Dry,Minor Arterial,false,-79.37751487992605,43.64091317576128,1,,,2,31,Major,No Equipment Available,,,Crossing - no traffic control,Normal,,Driver hits pedestrian at midblock,,,,pedestrian,,Spadina-Fort York (10),52 Division,St Lawrence-East Bayfront-The Islands,false,false,false,false,false,false,true,false,false,false,"{""coordinates"": [[-79.37751487992605, 43.64091317576128]], ""type"": ""MultiPoint""}"
20255,2024:4000371349,2024-02-18T21:00:00,ALBION RD,Byng AVE,20 m North of,4,Non-Fatal Injury,Non-Intersection,No Control,Reversing,Clear,Dark with Artificial Lighting,Dry,Major Arterial,false,-79.55167854277698,43.726320774066096,1,,,4,26,Major,Use Unknown,,,Crossing with right-of-way (intersection),Normal,,Driver hits pedestrian on sidewalk or shoulder,,,,pedestrian,,Etobicoke North (1),23 Division,Elms-Old Rexdale,false,false,false,false,false,true,true,false,false,false,"{""coordinates"": [[-79.55167854277698, 43.726320774066096]], ""type"": ""MultiPoint""}"
20256,2024:4000371349,2024-02-18T21:00:00,ALBION RD,Byng AVE,20 m North of,4,Non-Fatal Injury,Non-Intersection,No Control,Reversing,Clear,Dark with Artificial Lighting,Dry,Major Arterial,false,-79.55167854277698,43.726320774066096,1,Automobile or Station Wagon,North,1,73,Minimal,Lap and Shoulder Belt,Lost control,Normal,,,Pulling Onto Shoulder or Toward Curb,,,,,driver,,Etobicoke North (1),23 Division,Elms-Old Rexdale,false,false,false,false,false,true,true,false,false,false,"{""coordinates"": [[-79.55167854277698, 43.726320774066096]], ""type"": ""MultiPoint""}"
20257,2024:4002767157,2024-12-23T16:44:00,BAYVIEW MEWS LN,BAYVIEW AVE,117m east,2,Non-Fatal Injury,T Intersection,Yield Sign,SMV Other,Snow,Dark with Artificial Lighting,Packed Snow,Major Arterial,true,-79.38684180984184,43.76981036331397,1,,,2,83,Major,Use Unknown,,,Crossing with right-of-way (intersection),Normal,,Driver going straight hits pedestrian crossing with right-of-way (at intersection),,,,pedestrian,,Don Valley North (17),33 Division,Bayview Village,false,false,false,false,false,true,true,false,false,false,"{""coordinates"": [[-79.38684180984184, 43.76981036331397]], ""type"": ""MultiPoint""}"
20258,2026:6000228472,2026-01-31T18:35:00,MIDLAND AVE,ELLESMERE RD,20 m West of,4,Non-Fatal Injury,Non-Intersection,Traffic Signal,Rear End,Clear,Dawn,Dry,Major Arterial,false,-79.27107652044238,43.767927022194854,1,Automobile or Station Wagon,East,1,67,Major,Equipment Not Used But Available,Lost control,Normal,,,Going Ahead,,,,,driver,,Scarborough Centre (21),41 Division,Bendale-Glen Andrew,false,false,false,false,false,true,false,false,false,false,"{""coordinates"": [[-79.27107652044238, 43.767927022194854]], ""type"": ""MultiPoint""}"
20259,2026:6000228472,2026-01-31T18:35:00,MIDLAND AVE,ELLESMERE RD,20 m West of,4,Non-Fatal Injury,Non-Intersection,Traffic Signal,Rear End,Clear,Dawn,Dry,Major Arterial,false,-79.27107652044238,43.767927022194854,4,Automobile or Station Wagon,East,4,42,None,Lap and Shoulder Belt,Driving properly,Normal,,,Going Ahead,,,,,driver,,Scarborough Centre (21),41 Division,Bendale-Glen Andrew,false,false,false,false,false,true,false,false,false,false,"{""coordinates"": [[-79.27107652044238, 43.767927022194854]], ""type"": ""MultiPoint""}"
20260,2026:6000021617,2026-01-04T03:27:00,F G Gardiner EXPY W,BATHURST ST,80 m West of,9,Non-Fatal Injury,Non-Intersection,No Control,Rear End,Clear,Dusk with Artificial Lighting,Dry,Expressway,false,-79.4015071321004,43.63795701261668,2,Automobile or Station Wagon,West,2,21,None,Lap and Shoulder Belt,Driving properly,Normal,,,Changing Lanes,,,,,driver,,Spadina-Fort York (10),14 Division,Fort York-Liberty Village,true,false,false,false,false,false,false,false,false,false,"{""coordinates"": [[-79.4015071321004, 43.63795701261668]], ""type"": ""MultiPoint""}"
20261,2016:6000963645,2016-06-03T14:30:00,LAWRENCE AVE W,MARLEE AVE,,8,Non-Fatal Injury,At Intersection,Traffic Signal,Rear End,Clear,Daylight,Dry,Major Arterial,false,-79.44650688980957,43.715604251935005,1,Tow Truck,East,1,24,Minimal,Lap and Shoulder Belt,Following too closely,Inattentive,,,Going Ahead,,,,,driver,,Eglinton-Lawrence (8),13 Division,Yorkdale-Glen Park,true,true,false,false,false,true,false,false,false,true,"{""coordinates"": [[-79.44650688980957, 43.715604251935005]], ""type"": ""MultiPoint""}"
20262,2017:7000670017,2017-04-16T16:59:00,MARTIN GROVE RD,TOLLINGTON RD,2 m North of,2,Non-Fatal Injury,At Intersection,No Control,Rear End,Clear,Daylight,Dry,Major Arterial,false,-79.56859212654773,43.686536418377536,1,Tow Truck,South,1,26,None,Lap and Shoulder Belt,Failed to yield right-of-way,Normal,,,Slowing or Stopping,,,,,driver,,Etobicoke Centre (2),23 Division,Willowridge-Martingrove-Richview,true,false,false,false,false,false,false,false,false,true,"{""coordinates"": [[-79.56859212654773, 43.686536418377536]], ""type"": ""MultiPoint""}"
20263,2021:1001358898,2021-07-19T19:15:00,RIDELLE AVE,TIMES RD,5 m East of,2,Non-Fatal Injury,At Intersection,Stop Sign,Pedestrian Collision(internal code),Clear,Daylight,Dry,Local,false,-79.44672084364473,43.702730566776175,1,Tow Truck,East,1,45,None,Lap and Shoulder Belt,Failed to yield right-of-way,Normal,,,Going Ahead,,,,,driver,,Eglinton-Lawrence (8),13 Division,Briar Hill-Belgravia,true,false,false,false,false,true,true,false,false,true,"{""coordinates"": [[-79.44672084364473, 43.702730566776175]], ""type"": ""MultiPoint""}"
20264,2024:4001325295,2024-06-18T13:00:00,YORKWOODS GT,JANE ST,,2,Non-Fatal Injury,Four-way,Traffic Signal,SMV Other,Clear,Daylight,Dry,Major Arterial,false,-79.51604144092688,43.750644223665866,1,Tow Truck,West,1,58,None,Lap and Shoulder Belt,Failed to yield right-of-way,Inattentive - Other,,,Turning Left,,,,,driver,,Humber River-Black Creek (7),31 Division,Glenfield-Jane Heights,true,true,false,false,false,true,true,false,false,true,"{""coordinates"": [[-79.51604144092688, 43.750644223665866]], ""type"": ""MultiPoint""}"
20265,2024:4002297784,2024-10-20T21:15:00,PARLIAMENT ST,WELLESLEY ST E,64 m South of,2,Non-Fatal Injury,Non-Intersection,No Control,SMV Other,Clear,Dark with Artificial Lighting,Dry,,false,-79.36921632388925,43.66751185824797,1,Tow Truck,North,1,53,None,Equipment Not Used But Available,,Normal,,,Stopped,,,,,driver,,Toronto Centre (13),51 Division,Cabbagetown-South St.James Town,false,false,true,false,false,false,false,false,false,true,"{""coordinates"": [[-79.36921632388925, 43.66751185824797]], ""type"": ""MultiPoint""}"
20266,2025:5000415151,2025-02-25T16:55:00,JANE ST,FINCH AVE W,80 m South of,2,Non-Fatal Injury,Non-Intersection,No Control,SMV Other,Clear,Daylight,Wet,Major Arterial,false,-79.51741463537029,43.756319823598304,1,,,2,75,Major,Use Unknown,,,Crossing without right-of-way (intersection),Normal,,Driver hits pedestrian at midblock,,,,pedestrian,,Humber River-Black Creek (7),31 Division,Glenfield-Jane Heights,false,false,false,false,false,true,true,false,false,false,"{""coordinates"": [[-79.51741463537029, 43.756319823598304]], ""type"": ""MultiPoint""}"
20267,2025:5001152408,2025-06-03T16:40:00,BICKNELL AVE,AVON DR,,3,Non-Fatal Injury,Four-way,No Control,Turning Movement,Clear,Daylight,Dry,Collector,false,-79.47621609255272,43.68753440374252,2,,,3,28,None,Lap and Shoulder Belt,,,,,,,,,,passenger,,York South-Weston (5),12 Division,Keelesdale-Eglinton West,true,false,false,true,false,false,false,false,true,false,"{""coordinates"": [[-79.47621609255272, 43.68753440374252]], ""type"": ""MultiPoint""}"
20268,2025:5001152408,2025-06-03T16:40:00,BICKNELL AVE,AVON DR,,3,Non-Fatal Injury,Four-way,No Control,Turning Movement,Clear,Daylight,Dry,Collector,false,-79.47621609255272,43.68753440374252,2,Automobile or Station Wagon,South,2,42,None,Lap and Shoulder Belt,Driving properly,Normal,,,Turning Left,,,,,driver,,York South-Weston (5),12 Division,Keelesdale-Eglinton West,true,false,false,true,false,false,false,false,true,false,"{""coordinates"": [[-79.47621609255272, 43.68753440374252]], ""type"": ""MultiPoint""}"
20269,2025:5001780286,2025-08-24T20:08:00,KIPLING AVE,2116 KIPLING AVE,1 m East of,2,Non-Fatal Injury,At/Near Private Drive,No Control,Angle,Clear,Dusk,Dry,,false,-79.56974506893569,43.718043401606884,2,Motorcycle,South,2,32,Major,Helmet,Driving properly,Normal,,,Going Ahead,,,,,motorcyclist,,Etobicoke North (1),23 Division,Rexdale-Kipling,true,false,false,true,false,false,false,false,false,false,"{""coordinates"": [[-79.56974506893569, 43.718043401606884]], ""type"": ""MultiPoint""}"
20270,2025:5001793500,2025-08-26T15:49:00,BLOOR ST W,2526 BLOOR ST W,2 m West of,2,Non-Fatal Injury,At/Near Private Drive,No Control,Turning Movement,Clear,Daylight,Dry,Major Arterial,false,-79.48969708959257,43.6478103411968,1,Automobile or Station Wagon,East,1,23,None,Lap and Shoulder Belt,Failed to yield right-of-way,Inattentive - Other,,,Turning Left,,,,,driver,,Parkdale-High Park (4),11 Division,High Park-Swansea,true,true,false,false,true,false,false,false,false,false,"{""coordinates"": [[-79.48969708959257, 43.6478103411968]], ""type"": ""MultiPoint""}"
20271,2025:5001866794,2025-09-05T14:05:00,BELFIELD RD,IRON ST,5 m East of,2,Non-Fatal Injury,Intersection-Related,Traffic Signal,Approaching Head On,Clear,Daylight,Dry,Minor Arterial,false,-79.580898915703,43.70069942456673,2,Automobile or Station Wagon,West,2,45,Minor,Lap and Shoulder Belt,Driving properly,Normal,,,Going Ahead,,,,,driver,,Etobicoke North (1),23 Division,West Humber-Clairville,false,false,false,false,false,true,false,false,false,false,"{""coordinates"": [[-79.580898915703, 43.70069942456673]], ""type"": ""MultiPoint""}"
20272,2025:5002513285,2025-12-01T19:14:00,QUEENS QUAY E,YONGE ST,,2,Non-Fatal Injury,T Intersection,Traffic Signal,SMV Other,Clear,Dark with Artificial Lighting,Wet,Minor Arterial,false,-79.3745617724773,43.64197767110633,1,,,2,42,Major,Use Unknown,,,Crossing with right-of-way (intersection),Normal,,Driver going straight hits pedestrian crossing with right-of-way (at intersection),,,,pedestrian,,Spadina-Fort York (10),51 Division,St Lawrence-East Bayfront-The Islands,true,true,false,false,false,false,true,false,false,false,"{""coordinates"": [[-79.3745617724773, 43.64197767110633]], ""type"": ""MultiPoint""}"
20273,2026:6000021617,2026-01-04T03:27:00,F G Gardiner EXPY W,BATHURST ST,80 m West of,9,Non-Fatal Injury,Non-Intersection,No Control,Rear End,Clear,Dusk with Artificial Lighting,Dry,Expressway,false,-79.4015071321004,43.63795701261668,2,,,4,23,None,Lap and Shoulder Belt,,,,,,,,,,passenger,,Spadina-Fort York (10),14 Division,Fort York-Liberty Village,true,false,false,false,false,false,false,false,false,false,"{""coordinates"": [[-79.4015071321004, 43.63795701261668]], ""type"": ""MultiPoint""}"
20274,2026:6000021617,2026-01-04T03:27:00,F G Gardiner EXPY W,BATHURST ST,80 m West of,9,Non-Fatal Injury,Non-Intersection,No Control,Rear End,Clear,Dusk with Artificial Lighting,Dry,Expressway,false,-79.4015071321004,43.63795701261668,1,Automobile or Station Wagon,West,1,27,Minor,Equipment Not Used But Available,Speed too fast for conditions,Ability Impaired - Alcohol Over .08,,,Going Ahead,,,,,driver,,Spadina-Fort York (10),14 Division,Fort York-Liberty Village,true,false,false,false,false,false,false,false,false,false,"{""coordinates"": [[-79.4015071321004, 43.63795701261668]], ""type"": ""MultiPoint""}"
20275,2026:6000021617,2026-01-04T03:27:00,F G Gardiner EXPY W,BATHURST ST,80 m West of,9,Non-Fatal Injury,Non-Intersection,No Control,Rear End,Clear,Dusk with Artificial Lighting,Dry,Expressway,false,-79.4015071321004,43.63795701261668,2,,,8,25,None,Lap and Shoulder Belt,,,,,,,,,,passenger,,Spadina-Fort York (10),14 Division,Fort York-Liberty Village,true,false,false,false,false,false,false,false,false,false,"{""coordinates"": [[-79.4015071321004, 43.63795701261668]], ""type"": ""MultiPoint""}"
20276,2026:6000025654,2026-01-04T17:54:00,REXDALE BLVD,HIGHWAY 27,,4,Non-Fatal Injury,Four-way,Traffic Signal,SMV Other,Clear,Dark with Artificial Lighting,Dry,Major Arterial,false,-79.5958787035954,43.71723713197145,1,,,4,28,Major,Use Unknown,,,Crossing without right-of-way (intersection),Normal,,Driver going straight hits pedestrian crossing without right-of-way (at intersection),,,,pedestrian,,Etobicoke North (1),23 Division,West Humber-Clairville,false,false,false,false,false,true,true,false,false,false,"{""coordinates"": [[-79.5958787035954, 43.71723713197145]], ""type"": ""MultiPoint""}"
20277,2026:6000025654,2026-01-04T17:54:00,REXDALE BLVD,HIGHWAY 27,,4,Non-Fatal Injury,Four-way,Traffic Signal,SMV Other,Clear,Dark with Artificial Lighting,Dry,Major Arterial,false,-79.5958787035954,43.71723713197145,1,Automobile or Station Wagon,East,1,82,None,Lap and Shoulder Belt,Driving properly,Normal,,,Going Ahead,,,,,driver,,Etobicoke North (1),23 Division,West Humber-Clairville,false,false,false,false,false,true,true,false,false,false,"{""coordinates"": [[-79.5958787035954, 43.71723713197145]], ""type"": ""MultiPoint""}"
20278,2026:6000026490,2026-01-04T20:41:00,QUEEN'S PARK CRES E,ST JOSEPH ST,128 m North of,2,Non-Fatal Injury,Non-Intersection,Traffic Signal,SMV Other,Clear,Dark with Artificial Lighting,Dry,Major Arterial,false,-79.39188006958985,43.66593799130397,1,,,2,68,Major,No Equipment Available,,,Crossing without right-of-way (intersection),Normal,,Driver hits pedestrian at PXO/pedestrian midblock signal,,,,pedestrian,,University-Rosedale (11),52 Division,Bay-Cloverhill,true,false,false,false,false,true,true,false,false,false,"{""coordinates"": [[-79.39188006958985, 43.66593799130397]], ""type"": ""MultiPoint""}"
20279,2026:6000039556,2026-01-06T15:24:00,RICHMOND ST E,JARVIS ST,,2,Non-Fatal Injury,Four-way,Traffic Signal,SMV Other,Rain,Daylight,Wet,Major Arterial,false,-79.37274135296875,43.65259496627656,1,School Bus,West,1,59,None,Lap and Shoulder Belt,Failed to yield right-of-way,Normal,,,Turning Left,,,,,driver,,Toronto Centre (13),51 Division,Moss Park,true,false,false,false,false,false,true,false,false,true,"{""coordinates"": [[-79.37274135296875, 43.65259496627656]], ""type"": ""MultiPoint""}"
20280,2026:6000051257,2026-01-08T05:44:00,FIRGROVE CRES,JANE ST,,2,Non-Fatal Injury,Four-way,Traffic Signal,SMV Other,Clear,Dark with Artificial Lighting,Dry,Major Arterial,false,-79.51704093677205,43.75486232359443,1,,,2,49,Major,No Equipment Available,,,Crossing with right-of-way (intersection),Normal,,Driver turns right into pedestrian crossing with right-of-way (at intersection),,,,pedestrian,,Humber River-Black Creek (7),31 Division,Glenfield-Jane Heights,false,true,false,false,false,false,true,false,false,false,"{""coordinates"": [[-79.51704093677205, 43.75486232359443]], ""type"": ""MultiPoint""}"
20281,2026:6000072479,2026-01-10T20:37:00,JONES AVE,GERRARD ST E,2 m South of,2,Non-Fatal Injury,Four-way,Traffic Signal,SMV Other,Clear,Dark with Artificial Lighting,Dry,Minor Arterial,false,-79.33562555734696,43.66924470962622,1,,,2,56,Major,No Equipment Available,,,Crossing with right-of-way (intersection),Normal,,Driver turns right into pedestrian crossing with right-of-way (at intersection),,,,pedestrian,,Toronto-Danforth (14),55 Division,South Riverdale,true,false,false,false,false,false,true,true,false,false,"{""coordinates"": [[-79.33562555734696, 43.66924470962622]], ""type"": ""MultiPoint""}"
20282,2026:6000133807,2026-01-19T10:50:00,MARTIN GROVE RD,DIXON RD,15 m East of,2,Non-Fatal Injury,Four-way,Traffic Signal,SMV Other,Clear,Daylight,Wet,Major Arterial,false,-79.5708051198823,43.691603418067274,1,,,2,51,Major,No Equipment Available,,,Crossing with right-of-way (intersection),Normal,,Driver turns right into pedestrian crossing with right-of-way (at intersection),,,,pedestrian,,Etobicoke North (1),23 Division,West Humber-Clairville,true,false,false,false,false,false,true,false,false,true,"{""coordinates"": [[-79.5708051198823, 43.691603418067274]], ""type"": ""MultiPoint""}"
20283,2026:6000141410,2026-01-20T10:37:00,THE WESTWAY,KIPLING AVE,,4,Non-Fatal Injury,Four-way,Traffic Signal,Rear End,Clear,Daylight,Dry,Major Arterial,false,-79.55480091002715,43.6859043024524,3,Delivery Van,West,3,46,None,Lap and Shoulder Belt,Driving properly,Normal,,,Turning Left,,,,,driver,,Etobicoke Centre (2),23 Division,Kingsview Village-The Westway,true,false,false,false,false,false,false,false,false,true,"{""coordinates"": [[-79.55480091002715, 43.6859043024524]], ""type"": ""MultiPoint""}"
20284,2026:6000141410,2026-01-20T10:37:00,THE WESTWAY,KIPLING AVE,,4,Non-Fatal Injury,Four-way,Traffic Signal,Rear End,Clear,Daylight,Dry,Major Arterial,false,-79.55480091002715,43.6859043024524,2,Automobile or Station Wagon,East,2,27,None,Lap and Shoulder Belt,Driving properly,Normal,,,Going Ahead,,,,,driver,,Etobicoke Centre (2),23 Division,Kingsview Village-The Westway,true,false,false,false,false,false,false,false,false,true,"{""coordinates"": [[-79.55480091002715, 43.6859043024524]], ""type"": ""MultiPoint""}"