_id,collision_id,accdate,stname1,stname2,stname3,per_inv,acclass,accloc,traffictl,impactype,visible,light,rdsfcond,road_class,failtorem,longitude,latitude,veh_no,vehtype,initdir,per_no,invage,injury,safequip,drivact,drivcond,pedact,pedcond,manoeuvre,pedtype,cyclistype,cycact,cyccond,road_user,fatal_no,wardname,division,neighbourhood,aggressive,distracted,cyclist,motorcyclist,other_micromobility,older_adult,pedestrian,red_light,school_child,heavy_truck,geometry
20336,2026:6000481059,2026-03-06T20:19:00,EGLINTON AVE E,BRIMLEY RD,,2,Non-Fatal Injury,At Intersection,Traffic Signal,SMV Other,Rain,Dark,Wet,Major Arterial,false,-79.24805851270602,43.73670399039213,1,,,2,54,Major,Use Unknown,,,Crossing with right-of-way (intersection),Normal,,Driver turns left into pedestrian crossing with right-of-way (at intersection),,,,pedestrian,,Scarborough Centre (21),43 Division,Eglinton East,true,false,false,false,false,false,true,false,false,true,"{""coordinates"": [[-79.24805851270602, 43.73670399039213]], ""type"": ""MultiPoint""}"
20337,2026:6000526230,2026-03-12T19:46:00,Lake Shore Blvd W,LONG BRANCH LOOP,,3,Non-Fatal Injury,Non-Intersection,Traffic Signal,SMV Other,Clear,Dark with Artificial Lighting,Dry,Major Arterial,false,-79.54391907183772,43.591539141034836,1,Automobile or Station Wagon,East,1,39,None,Lap and Shoulder Belt,Driving properly,Normal,,,Going Ahead,,,,,driver,,Etobicoke-Lakeshore (3),22 Division,Long Branch,false,false,false,false,false,false,true,false,false,false,"{""coordinates"": [[-79.54391907183772, 43.591539141034836]], ""type"": ""MultiPoint""}"
20338,2008:1040898,2008-05-30T11:38:00,331 TRUDELLE St,,,3,Non-Fatal Injury,,No Control,Pedestrian Collision(internal code),Rain,Daylight,Wet,Collector,false,-79.23449048759123,43.741543976656025,3,,,3,11,Major,Other Safety Equipment Used,,,On sidewalk or shoulder,Normal,,Driver hits pedestrian on sidewalk or shoulder,,,,pedestrian,,Scarborough Centre (21),43 Division,Eglinton East,false,false,false,false,false,false,true,false,true,false,"{""coordinates"": [[-79.23449048759123, 43.741543976656025]], ""type"": ""MultiPoint""}"
20339,2020:0001064375,2020-06-09T22:01:00,DANFORTH AVE,BARRINGTON AVE,27 m West of,4,Non-Fatal Injury,Non-Intersection,No Control,Rear End,Clear,Dark,Dry,Major Arterial,false,-79.30100679211769,43.68825359296948,1,Motorcycle,West,1,38,Major,Helmet,Lost control,Inattentive,,,Going Ahead,,,,,motorcyclist,,Beaches-East York (19),55 Division,East End-Danforth,false,true,false,true,false,false,false,false,false,false,"{""coordinates"": [[-79.30100679211769, 43.68825359296948]], ""type"": ""MultiPoint""}"
20340,2020:0001064375,2020-06-09T22:01:00,DANFORTH AVE,BARRINGTON AVE,27 m West of,4,Non-Fatal Injury,Non-Intersection,No Control,Rear End,Clear,Dark,Dry,Major Arterial,false,-79.30100679211769,43.68825359296948,0,,,4,32,Minimal,Lap and Shoulder Belt,,,,,,,,,,passenger,,Beaches-East York (19),55 Division,East End-Danforth,false,true,false,true,false,false,false,false,false,false,"{""coordinates"": [[-79.30100679211769, 43.68825359296948]], ""type"": ""MultiPoint""}"
20341,2017:7003025582,2017-11-19T01:45:00,MARKHAM RD,HIGHWAY 401 C E,,5,Non-Fatal Injury,At Intersection,Traffic Signal,Turning Movement,Rain,Dark with Artificial Lighting,Wet,Major Arterial,false,-79.23468345215268,43.78384898398926,0,,,4,7,Minor,Lap and Shoulder Belt,,,,,,,,,,passenger,,Scarborough-Guildwood (24),43 Division,Woburn North,true,false,false,false,false,false,false,true,true,false,"{""coordinates"": [[-79.23468345215268, 43.78384898398926]], ""type"": ""MultiPoint""}"
20342,2012:1323727,2012-11-03T02:22:00,ST CLAIR AVE W,OLD WESTON RD,,7,Non-Fatal Injury,,Traffic Signal,SMV Other,Clear,Dark with Artificial Lighting,Dry,Major Arterial,false,-79.4629909923842,43.67354429098915,2,Automobile or Station Wagon,West,2,23,Major,Use Unknown,Exceeding speed limit,Had Been Drinking,,,Going Ahead,,,,,driver,,Davenport (9),11 Division,Weston-Pelham Park,true,false,false,false,false,false,false,false,false,false,"{""coordinates"": [[-79.4629909923842, 43.67354429098915]], ""type"": ""MultiPoint""}"
20343,2012:1323727,2012-11-03T02:22:00,ST CLAIR AVE W,OLD WESTON RD,,7,Non-Fatal Injury,,Traffic Signal,SMV Other,Clear,Dark with Artificial Lighting,Dry,Major Arterial,false,-79.4629909923842,43.67354429098915,2,,,7,33,Minor,Lap Belt Only,,,,,,,,,,passenger,,Davenport (9),11 Division,Weston-Pelham Park,true,false,false,false,false,false,false,false,false,false,"{""coordinates"": [[-79.4629909923842, 43.67354429098915]], ""type"": ""MultiPoint""}"
20344,2012:1323727,2012-11-03T02:22:00,ST CLAIR AVE W,OLD WESTON RD,,7,Non-Fatal Injury,,Traffic Signal,SMV Other,Clear,Dark with Artificial Lighting,Dry,Major Arterial,false,-79.4629909923842,43.67354429098915,1,,,4,,,Other Safety Equipment Used,,,,,,,,,,owner,,Davenport (9),11 Division,Weston-Pelham Park,true,false,false,false,false,false,false,false,false,false,"{""coordinates"": [[-79.4629909923842, 43.67354429098915]], ""type"": ""MultiPoint""}"
20345,2012:1323727,2012-11-03T02:22:00,ST CLAIR AVE W,OLD WESTON RD,,7,Non-Fatal Injury,,Traffic Signal,SMV Other,Clear,Dark with Artificial Lighting,Dry,Major Arterial,false,-79.4629909923842,43.67354429098915,2,,,1,23,Minor,Lap Belt Only,,,,,,,,,,passenger,,Davenport (9),11 Division,Weston-Pelham Park,true,false,false,false,false,false,false,false,false,false,"{""coordinates"": [[-79.4629909923842, 43.67354429098915]], ""type"": ""MultiPoint""}"
20346,2012:1323727,2012-11-03T02:22:00,ST CLAIR AVE W,OLD WESTON RD,,7,Non-Fatal Injury,,Traffic Signal,SMV Other,Clear,Dark with Artificial Lighting,Dry,Major Arterial,false,-79.4629909923842,43.67354429098915,3,,,3,,,Other Safety Equipment Used,,,,,,,,,,owner,,Davenport (9),11 Division,Weston-Pelham Park,true,false,false,false,false,false,false,false,false,false,"{""coordinates"": [[-79.4629909923842, 43.67354429098915]], ""type"": ""MultiPoint""}"
20347,2012:1323727,2012-11-03T02:22:00,ST CLAIR AVE W,OLD WESTON RD,,7,Non-Fatal Injury,,Traffic Signal,SMV Other,Clear,Dark with Artificial Lighting,Dry,Major Arterial,false,-79.4629909923842,43.67354429098915,1,Police Vehicle,West,6,29,Minimal,Lap and Shoulder Belt,Driving properly,Normal,,,Going Ahead,,,,,other,,Davenport (9),11 Division,Weston-Pelham Park,true,false,false,false,false,false,false,false,false,false,"{""coordinates"": [[-79.4629909923842, 43.67354429098915]], ""type"": ""MultiPoint""}"
20348,2012:1323727,2012-11-03T02:22:00,ST CLAIR AVE W,OLD WESTON RD,,7,Non-Fatal Injury,,Traffic Signal,SMV Other,Clear,Dark with Artificial Lighting,Dry,Major Arterial,false,-79.4629909923842,43.67354429098915,1,,,5,36,Minor,Lap and Shoulder Belt,,,,,,,,,,passenger,,Davenport (9),11 Division,Weston-Pelham Park,true,false,false,false,false,false,false,false,false,false,"{""coordinates"": [[-79.4629909923842, 43.67354429098915]], ""type"": ""MultiPoint""}"
20349,2025:5000209670,2025-01-29T09:14:00,FAYWOOD BLVD,WILSON AVE,,2,Fatal Injury,Non-Intersection,Stop Sign,SMV Other,Clear,Daylight,Dry,Major Arterial,false,-79.44645315712086,43.73481184477858,,,,1,77,Fatal,,,,Crossing without right-of-way (intersection),Other Condition,,Driver turns left into pedestrian crossing without right-of-way (at intersection),,,,pedestrian,2,York Centre (6),32 Division,Clanton Park,true,false,false,false,false,true,true,false,false,false,"{""coordinates"": [[-79.44645315712086, 43.73481184477858]], ""type"": ""MultiPoint""}"
20350,2025:5000684826,2025-04-02T16:05:00,WOOD ST,CHURCH ST,,5,Non-Fatal Injury,Intersection-Related,Traffic Signal,Approaching Head On,Rain,Daylight,Loose Snow,Minor Arterial,false,-79.37979755124833,43.66279227451293,2,,,4,35,None,Lap and Shoulder Belt,,,,,,,,,,passenger,,Toronto Centre (13),51 Division,Church-Wellesley,true,false,false,false,false,true,false,false,true,false,"{""coordinates"": [[-79.37979755124833, 43.66279227451293]], ""type"": ""MultiPoint""}"
20351,2025:5000684826,2025-04-02T16:05:00,WOOD ST,CHURCH ST,,5,Non-Fatal Injury,Intersection-Related,Traffic Signal,Approaching Head On,Rain,Daylight,Loose Snow,Minor Arterial,false,-79.37979755124833,43.66279227451293,1,Automobile or Station Wagon,East,1,54,None,Lap and Shoulder Belt,Failed to yield right-of-way,Normal,,,Going Ahead,,,,,driver,,Toronto Centre (13),51 Division,Church-Wellesley,true,false,false,false,false,true,false,false,true,false,"{""coordinates"": [[-79.37979755124833, 43.66279227451293]], ""type"": ""MultiPoint""}"
20352,2025:5000684826,2025-04-02T16:05:00,WOOD ST,CHURCH ST,,5,Non-Fatal Injury,Intersection-Related,Traffic Signal,Approaching Head On,Rain,Daylight,Loose Snow,Minor Arterial,false,-79.37979755124833,43.66279227451293,2,,,6,4,None,Lap and Shoulder Belt,,,,,,,,,,passenger,,Toronto Centre (13),51 Division,Church-Wellesley,true,false,false,false,false,true,false,false,true,false,"{""coordinates"": [[-79.37979755124833, 43.66279227451293]], ""type"": ""MultiPoint""}"
20353,2025:5000684826,2025-04-02T16:05:00,WOOD ST,CHURCH ST,,5,Non-Fatal Injury,Intersection-Related,Traffic Signal,Approaching Head On,Rain,Daylight,Loose Snow,Minor Arterial,false,-79.37979755124833,43.66279227451293,2,,,5,29,None,Lap and Shoulder Belt,,,,,,,,,,passenger,,Toronto Centre (13),51 Division,Church-Wellesley,true,false,false,false,false,true,false,false,true,false,"{""coordinates"": [[-79.37979755124833, 43.66279227451293]], ""type"": ""MultiPoint""}"
20354,2025:5000684826,2025-04-02T16:05:00,WOOD ST,CHURCH ST,,5,Non-Fatal Injury,Intersection-Related,Traffic Signal,Approaching Head On,Rain,Daylight,Loose Snow,Minor Arterial,false,-79.37979755124833,43.66279227451293,2,Automobile or Station Wagon,West,2,67,Major,Lap and Shoulder Belt,Driving properly,Normal,,,Going Ahead,,,,,driver,,Toronto Centre (13),51 Division,Church-Wellesley,true,false,false,false,false,true,false,false,true,false,"{""coordinates"": [[-79.37979755124833, 43.66279227451293]], ""type"": ""MultiPoint""}"
20355,2025:5000209670,2025-01-29T09:14:00,FAYWOOD BLVD,WILSON AVE,,2,Fatal Injury,Non-Intersection,Stop Sign,SMV Other,Clear,Daylight,Dry,Major Arterial,false,-79.44645315712086,43.73481184477858,1,Passenger Van,,2,48,None,,Disobeyed traffic control,Other Condition,,,Turning Left,Driver turns left into pedestrian crossing without right-of-way (at intersection),,,,driver,,York Centre (6),32 Division,Clanton Park,true,false,false,false,false,true,true,false,false,false,"{""coordinates"": [[-79.44645315712086, 43.73481184477858]], ""type"": ""MultiPoint""}"
20356,2025:5002507368,2025-12-01T01:21:00,MCCOWAN RD,NUGGET AVE,,1,Non-Fatal Injury,Four-way,Traffic Signal,SMV Unattended Vehicle,Snow,Dark with Artificial Lighting,Loose Snow,Major Arterial,false,-79.25979968197522,43.79205541190228,1,Automobile or Station Wagon,South,1,77,Major,Lap and Shoulder Belt,Driving properly,Normal,,,Turning Left,,,,,driver,,Scarborough North (23),42 Division,Agincourt South-Malvern West,false,false,false,false,false,true,false,false,false,false,"{""coordinates"": [[-79.25979968197522, 43.79205541190228]], ""type"": ""MultiPoint""}"
20357,2025:5002668794,2025-12-22T20:54:00,YONGE ST,SHELDRAKE BLVD,2 m South of,2,Non-Fatal Injury,T Intersection,No Control,SMV Other,Clear,Daylight,Dry,Major Arterial,true,-79.4000776082026,43.714965090353374,1,,,1,61,Major,No Equipment Available,,,Crossing - no traffic control,Other Condition,,Driver hits pedestrian at midblock,,,,pedestrian,,Don Valley West (15),53 Division,Mount Pleasant East,false,false,false,false,false,false,true,false,false,false,"{""coordinates"": [[-79.4000776082026, 43.714965090353374]], ""type"": ""MultiPoint""}"
20358,2026:6000022030,2026-01-04T06:28:00,93 TRETHEWEY DR,93 TRETHEWEY DR,20 m East of,2,Non-Fatal Injury,Non-Intersection,No Control,SMV Unattended Vehicle,Clear,Dark with Artificial Lighting,Wet,Minor Arterial,false,-79.48077098968079,43.693861307259034,1,Automobile or Station Wagon,West,1,34,Minor,Air Bag Deployed,Lost control,Ability Impaired - Alcohol Over .08,,,Going Ahead,,,,,driver,,York South-Weston (5),12 Division,Beechborough-Greenbrook,false,false,false,false,false,false,false,false,false,false,"{""coordinates"": [[-79.48077098968079, 43.693861307259034]], ""type"": ""MultiPoint""}"
20359,2026:6000234080,2026-02-01T14:58:00,KEELE ST,FLAMBOROUGH DR,11 m S,2,Fatal Injury,Non-Intersection,No Control,Turning Movement,Clear,Daylight with Artificial Lighting,Dry,Major Arterial,false,-79.47672066666851,43.70261539782267,1,Automobile or Station Wagon,East,2,50,None,,Improper turn,Normal,,,Turning Left,,,,,driver,,York South-Weston (5),12 Division,Brookhaven-Amesbury,false,false,false,false,false,true,true,false,false,false,"{""coordinates"": [[-79.47672066666851, 43.70261539782267]], ""type"": ""MultiPoint""}"
20360,2026:6000251229,2026-02-03T19:19:00,DUNDAS ST W,ACORN AVE,,2,Fatal Injury,At Intersection,Traffic Signal,SMV Other,Clear,Dark with Artificial Lighting,Dry,Major Arterial,false,-79.53912118047064,43.63721941019487,,,,1,28,Fatal,,,,Crossing with right-of-way (intersection),Other Condition,,Driver going straight hits pedestrian crossing with right-of-way (at intersection),,,,pedestrian,5,Etobicoke-Lakeshore (3),22 Division,Etobicoke City Centre,true,false,false,false,false,false,true,false,false,false,"{""coordinates"": [[-79.53912118047064, 43.63721941019487]], ""type"": ""MultiPoint""}"
20361,2024:4002116508,2024-09-27T01:56:00,51 REDGRAVE DR,ZEALAND RD,10 m West of,1,Non-Fatal Injury,Intersection-Related,Stop Sign,SMV Other,Clear,Dark,Dry,Local,false,-79.57128033818111,43.682175124068124,1,Automobile or Station Wagon,West,1,52,Major,Air Bag Deployed,Lost control,Unknown,,,Going Ahead,,,,,driver,,Etobicoke North (1),23 Division,Willowridge-Martingrove-Richview,false,false,false,false,false,false,false,false,false,false,"{""coordinates"": [[-79.57128033818111, 43.682175124068124]], ""type"": ""MultiPoint""}"
20362,2024:4001888169,2024-08-28T20:09:00,60 CLEARVIEW HTS,,1 m South of,1,Non-Fatal Injury,Non-Intersection,No Control,SMV Unattended Vehicle,Clear,Dark,Dry,Local,false,-79.48118889276925,43.69256530841863,1,Automobile or Station Wagon,West,1,61,Major,Lap and Shoulder Belt,Lost control,Medical or Physical Disability - Sudden Incapacitation,,,Going Ahead,,,,,driver,,York South-Weston (5),12 Division,Beechborough-Greenbrook,false,false,false,false,false,false,false,false,false,false,"{""coordinates"": [[-79.48118889276925, 43.69256530841863]], ""type"": ""MultiPoint""}"
20363,2024:4001624331,2024-07-25T19:20:00,SHEPPARD AVE E,ATRIUM LN,40 metres S of,3,Fatal Injury,At/Near Private Drive,No Control,Turning Movement,Clear,Daylight,Dry,Minor Arterial,false,-79.15009722767259,43.80060600579092,,,,3,14,,,,,,,,,,,,passenger,,Scarborough-Rouge Park (25),42 Division,West Rouge,true,false,false,true,false,false,false,false,true,false,"{""coordinates"": [[-79.15009722767259, 43.80060600579092]], ""type"": ""MultiPoint""}"
20364,2024:4001624331,2024-07-25T19:20:00,SHEPPARD AVE E,ATRIUM LN,40 metres S of,3,Fatal Injury,At/Near Private Drive,No Control,Turning Movement,Clear,Daylight,Dry,Minor Arterial,false,-79.15009722767259,43.80060600579092,,Automobile or Station Wagon,North,2,58,None,,Failed to yield right-of-way,Normal,,,Turning Left,,,,,driver,,Scarborough-Rouge Park (25),42 Division,West Rouge,true,false,false,true,false,false,false,false,true,false,"{""coordinates"": [[-79.15009722767259, 43.80060600579092]], ""type"": ""MultiPoint""}"
20365,2024:4001619827,2024-07-25T08:50:00,144 BLOOR ST W,,,2,Fatal Injury,Non-Intersection,No Control,Same Direction,Clear,Daylight,Dry,Major Arterial,false,-79.39322666755137,43.66890839252216,,Bicycle,West,1,24,Fatal,,,,,,Merging,,Sideswipe with cyclist and driver travelling in same direction,Other,Other Condition,cyclist,27,University-Rosedale (11),52 Division,Annex,false,false,true,false,false,false,false,false,false,true,"{""coordinates"": [[-79.39322666755137, 43.66890839252216]], ""type"": ""MultiPoint""}"
20366,2025:5000721646,2025-04-07T15:03:00,LAKE SHORE BLVD W,FIFTH ST,5 m East of,10,Non-Fatal Injury,Intersection-Related,Traffic Signal,Rear End,Clear,Daylight with Artificial Lighting,Dry,Major Arterial,false,-79.50300319948559,43.60126338333229,3,Automobile or Station Wagon,West,3,74,Minimal,Lap and Shoulder Belt,Driving properly,Normal,,,Going Ahead,,,,,driver,,Etobicoke-Lakeshore (3),22 Division,New Toronto,true,false,false,false,false,true,false,false,false,false,"{""coordinates"": [[-79.50300319948559, 43.60126338333229]], ""type"": ""MultiPoint""}"
20367,2025:5000721646,2025-04-07T15:03:00,LAKE SHORE BLVD W,FIFTH ST,5 m East of,10,Non-Fatal Injury,Intersection-Related,Traffic Signal,Rear End,Clear,Daylight with Artificial Lighting,Dry,Major Arterial,false,-79.50300319948559,43.60126338333229,11,Automobile or Station Wagon,West,10,42,Minimal,Lap and Shoulder Belt,Driving properly,Normal,,,Going Ahead,,,,,driver,,Etobicoke-Lakeshore (3),22 Division,New Toronto,true,false,false,false,false,true,false,false,false,false,"{""coordinates"": [[-79.50300319948559, 43.60126338333229]], ""type"": ""MultiPoint""}"
20368,2025:5000721646,2025-04-07T15:03:00,LAKE SHORE BLVD W,FIFTH ST,5 m East of,10,Non-Fatal Injury,Intersection-Related,Traffic Signal,Rear End,Clear,Daylight with Artificial Lighting,Dry,Major Arterial,false,-79.50300319948559,43.60126338333229,1,Automobile or Station Wagon,East,1,31,Major,Lap and Shoulder Belt,Exceeding speed limit,Ability Impaired - Other Drugs,,,Going Ahead,,,,,driver,,Etobicoke-Lakeshore (3),22 Division,New Toronto,true,false,false,false,false,true,false,false,false,false,"{""coordinates"": [[-79.50300319948559, 43.60126338333229]], ""type"": ""MultiPoint""}"
20369,2025:5000721646,2025-04-07T15:03:00,LAKE SHORE BLVD W,FIFTH ST,5 m East of,10,Non-Fatal Injury,Intersection-Related,Traffic Signal,Rear End,Clear,Daylight with Artificial Lighting,Dry,Major Arterial,false,-79.50300319948559,43.60126338333229,4,Automobile or Station Wagon,East,4,68,Minor,Lap and Shoulder Belt,Driving properly,Normal,,,Going Ahead,,,,,driver,,Etobicoke-Lakeshore (3),22 Division,New Toronto,true,false,false,false,false,true,false,false,false,false,"{""coordinates"": [[-79.50300319948559, 43.60126338333229]], ""type"": ""MultiPoint""}"
20370,2025:5001222112,2025-06-12T13:20:00,HUMBER COLLEGE Blvd,WINDWOOD Dr,54 m West of,1,Non-Fatal Injury,At/Near Private Drive,No Control,SMV Unattended Vehicle,Clear,Daylight,Dry,Private Property,false,-79.60687709215058,43.730646436252016,1,Automobile or Station Wagon,South,1,24,Major,Equipment Not Used But Available,Other,Other Condition,,,Going Ahead,,,,,driver,,Etobicoke North (1),23 Division,West Humber-Clairville,false,false,false,false,false,false,false,false,false,false,"{""coordinates"": [[-79.60687709215058, 43.730646436252016]], ""type"": ""MultiPoint""}"
20371,2025:5001386641,2025-07-03T18:25:00,MILL ST,Rolling Mills Rd,6 m South of,1,Non-Fatal Injury,Four-way,Stop Sign,Turning Movement,Clear,Daylight,Dry,Local,false,-79.35476381914809,43.65175513986517,1,Automobile or Station Wagon,West,1,31,None,Lap and Shoulder Belt,Improper turn,Normal,,,Turning Left,,,,,driver,,Spadina-Fort York (10),51 Division,St Lawrence-East Bayfront-The Islands,false,false,true,false,false,false,false,false,false,false,"{""coordinates"": [[-79.35476381914809, 43.65175513986517]], ""type"": ""MultiPoint""}"
20372,2025:5001386641,2025-07-03T18:25:00,MILL ST,Rolling Mills Rd,6 m South of,1,Non-Fatal Injury,Four-way,Stop Sign,Turning Movement,Clear,Daylight,Dry,Local,false,-79.35476381914809,43.65175513986517,3,,,4,23,None,Lap and Shoulder Belt,,,,,,,,,,passenger,,Spadina-Fort York (10),51 Division,St Lawrence-East Bayfront-The Islands,false,false,true,false,false,false,false,false,false,false,"{""coordinates"": [[-79.35476381914809, 43.65175513986517]], ""type"": ""MultiPoint""}"
20373,2025:5002100740,2025-10-06T12:42:00,WESTON RD,WRIGHT AVE,90 m North of,2,Non-Fatal Injury,Non-Intersection,No Control,Turning Movement,Clear,Daylight,Dry,Minor Arterial,false,-79.51231803181774,43.69871734577128,1,Automobile or Station Wagon,South,1,32,None,Lap and Shoulder Belt,Improper turn,Normal,,,Making U-Turn,,,,,driver,,York South-Weston (5),12 Division,Weston,false,false,false,true,false,false,false,false,false,false,"{""coordinates"": [[-79.51231803181774, 43.69871734577128]], ""type"": ""MultiPoint""}"
20374,2026:6000022030,2026-01-04T06:28:00,93 TRETHEWEY DR,93 TRETHEWEY DR,20 m East of,2,Non-Fatal Injury,Non-Intersection,No Control,SMV Unattended Vehicle,Clear,Dark with Artificial Lighting,Wet,Minor Arterial,false,-79.48077098968079,43.693861307259034,1,,,2,32,Major,Air Bag Deployed,,,,,,,,,,passenger,,York South-Weston (5),12 Division,Beechborough-Greenbrook,false,false,false,false,false,false,false,false,false,false,"{""coordinates"": [[-79.48077098968079, 43.693861307259034]], ""type"": ""MultiPoint""}"
20375,2026:6000234080,2026-02-01T14:58:00,KEELE ST,FLAMBOROUGH DR,11 m S,2,Fatal Injury,Non-Intersection,No Control,Turning Movement,Clear,Daylight with Artificial Lighting,Dry,Major Arterial,false,-79.47672066666851,43.70261539782267,0,,East,1,79,Fatal,,,,Crossing - no traffic control,Normal,,Driver hits pedestrian at midblock,,,,pedestrian,3,York South-Weston (5),12 Division,Brookhaven-Amesbury,false,false,false,false,false,true,true,false,false,false,"{""coordinates"": [[-79.47672066666851, 43.70261539782267]], ""type"": ""MultiPoint""}"
20376,2026:6000251229,2026-02-03T19:19:00,DUNDAS ST W,ACORN AVE,,2,Fatal Injury,At Intersection,Traffic Signal,SMV Other,Clear,Dark with Artificial Lighting,Dry,Major Arterial,false,-79.53912118047064,43.63721941019487,1,Automobile or Station Wagon,East,2,25,None,,Exceeding speed limit,Unknown,,,Going Ahead,,,,,driver,,Etobicoke-Lakeshore (3),22 Division,Etobicoke City Centre,true,false,false,false,false,false,true,false,false,false,"{""coordinates"": [[-79.53912118047064, 43.63721941019487]], ""type"": ""MultiPoint""}"
20377,2024:4002513613,2024-11-18T18:39:00,650 LAWRENCE AVE W,,,6,Fatal Injury,Non-Intersection,No Control,Same Direction,Clear,Dark with Artificial Lighting,Dry,Major Arterial,false,-79.44198088020184,43.716526945584896,3,Automobile or Station Wagon,East,6,22,None,Lap and Shoulder Belt,,,,,,,,,,passenger,,Eglinton-Lawrence (8),13 Division,Englemount-Lawrence,false,false,false,false,false,true,false,false,false,false,"{""coordinates"": [[-79.44198088020184, 43.716526945584896]], ""type"": ""MultiPoint""}"
20378,2024:4002513613,2024-11-18T18:39:00,650 LAWRENCE AVE W,,,6,Fatal Injury,Non-Intersection,No Control,Same Direction,Clear,Dark with Artificial Lighting,Dry,Major Arterial,false,-79.44198088020184,43.716526945584896,3,Automobile or Station Wagon,East,3,67,None,Lap and Shoulder Belt,,,,,,,,,,driver,,Eglinton-Lawrence (8),13 Division,Englemount-Lawrence,false,false,false,false,false,true,false,false,false,false,"{""coordinates"": [[-79.44198088020184, 43.716526945584896]], ""type"": ""MultiPoint""}"
20379,2024:4002513613,2024-11-18T18:39:00,650 LAWRENCE AVE W,,,6,Fatal Injury,Non-Intersection,No Control,Same Direction,Clear,Dark with Artificial Lighting,Dry,Major Arterial,false,-79.44198088020184,43.716526945584896,2,Automobile or Station Wagon,East,2,33,None,Lap and Shoulder Belt,Improper lane change,Normal,,,Changing Lanes,,,,,driver,,Eglinton-Lawrence (8),13 Division,Englemount-Lawrence,false,false,false,false,false,true,false,false,false,false,"{""coordinates"": [[-79.44198088020184, 43.716526945584896]], ""type"": ""MultiPoint""}"
20380,2024:4002513613,2024-11-18T18:39:00,650 LAWRENCE AVE W,,,6,Fatal Injury,Non-Intersection,No Control,Same Direction,Clear,Dark with Artificial Lighting,Dry,Major Arterial,false,-79.44198088020184,43.716526945584896,3,Automobile or Station Wagon,East,5,61,None,Lap and Shoulder Belt,,,,,,,,,,passenger,,Eglinton-Lawrence (8),13 Division,Englemount-Lawrence,false,false,false,false,false,true,false,false,false,false,"{""coordinates"": [[-79.44198088020184, 43.716526945584896]], ""type"": ""MultiPoint""}"
20381,2024:4002513456,2024-11-18T18:18:00,2255 VICTORIA PARK AVE,YORK MILLS RD,60 m South of,2,Non-Fatal Injury,Non-Intersection,No Control,SMV Other,Clear,Dark with Artificial Lighting,Dry,Major Arterial,true,-79.31723910183487,43.76246377825675,1,,,1,63,Major,Use Unknown,,,,Unknown,,,,,,pedestrian,,Scarborough Centre (21),41 Division,Wexford/Maryvale,false,false,false,false,false,false,true,false,false,false,"{""coordinates"": [[-79.31723910183487, 43.76246377825675]], ""type"": ""MultiPoint""}"
20382,2024:4002313383,2024-10-22T19:49:00,STEELES AVE E,MORNINGSIDE AVE,253 m East of,2,Non-Fatal Injury,Non-Intersection,No Control,SMV Other,Clear,Dark with Artificial Lighting,Dry,Major Arterial,false,-79.24056641665847,43.83908699927709,1,Pickup Truck,West,1,79,None,Lap and Shoulder Belt,Following too closely,Normal,,,Going Ahead,,,,,driver,,,42 Division,,true,false,false,false,false,true,true,false,false,false,"{""coordinates"": [[-79.24056641665847, 43.83908699927709]], ""type"": ""MultiPoint""}"
20383,2023:3002177373,2023-09-17T19:38:00,690 GLENCAIRN AVE,,,3,Fatal Injury,Non-Intersection,No Control,Rear End,Clear,Dark,Dry,Minor Arterial,true,-79.4372985116777,43.710310354828415,,Automobile or Station Wagon,West,1,93,Fatal,,Driving properly,Normal,,,Going Ahead,,,,,driver,27,Eglinton-Lawrence (8),13 Division,Englemount-Lawrence,false,false,false,false,false,true,false,false,false,true,"{""coordinates"": [[-79.4372985116777, 43.710310354828415]], ""type"": ""MultiPoint""}"
20384,2023:3002177373,2023-09-17T19:38:00,690 GLENCAIRN AVE,,,3,Fatal Injury,Non-Intersection,No Control,Rear End,Clear,Dark,Dry,Minor Arterial,true,-79.4372985116777,43.710310354828415,,Tow Truck,West,3,,None,,,,,,Going Ahead,,,,,owner,,Eglinton-Lawrence (8),13 Division,Englemount-Lawrence,false,false,false,false,false,true,false,false,false,true,"{""coordinates"": [[-79.4372985116777, 43.710310354828415]], ""type"": ""MultiPoint""}"
20385,2023:3002177373,2023-09-17T19:38:00,690 GLENCAIRN AVE,,,3,Fatal Injury,Non-Intersection,No Control,Rear End,Clear,Dark,Dry,Minor Arterial,true,-79.4372985116777,43.710310354828415,,,West,2,,None,,,Unknown,,,Going Ahead,,,,,driver,,Eglinton-Lawrence (8),13 Division,Englemount-Lawrence,false,false,false,false,false,true,false,false,false,true,"{""coordinates"": [[-79.4372985116777, 43.710310354828415]], ""type"": ""MultiPoint""}"
20386,2024:4001586268,2024-07-20T21:53:00,NUGGET AVE,MARKHAM RD,354m West of,1,Fatal Injury,Non-Intersection,No Control,SMV Other,Clear,Dusk with Artificial Lighting,Dry,Major Arterial,false,-79.2455137556789,43.797780596932085,1,Motorcycle,West,1,27,Fatal,,Lost control,Normal,,,Going Ahead,,,,,motorcyclist,26,Scarborough North (23),42 Division,Agincourt South-Malvern West,false,false,false,true,false,false,false,false,false,false,"{""coordinates"": [[-79.2455137556789, 43.797780596932085]], ""type"": ""MultiPoint""}"
20387,2024:4001619827,2024-07-25T08:50:00,144 BLOOR ST W,,,2,Fatal Injury,Non-Intersection,No Control,Same Direction,Clear,Daylight,Dry,Major Arterial,false,-79.39322666755137,43.66890839252216,,Truck - Open (Flatbed),West,2,39,,,Driving properly,Normal,,,Going Ahead,,,,,driver,,University-Rosedale (11),52 Division,Annex,false,false,true,false,false,false,false,false,false,true,"{""coordinates"": [[-79.39322666755137, 43.66890839252216]], ""type"": ""MultiPoint""}"